2.02055400045356, 11.706,2.16055319932639, 4.614,1,11.706,9,,
2.03609530032554, 16.4662,2.16512459944352, 5.3727,2,14.0861,8,,
2.05110660019272, 16.1477,2.17053859922453, 4.5135,3,14.7733,7,,
2.0678162999684, 15.6365,2.17504339906736, 5.9737,4,14.9891,6,,
2.08596249988477, 19.0394,2.18104239887907, 4.5776,5,15.79916,6,,
2.10238049989857, 16.2703,2.18561909868731, 5.8845,6,15.87768,5,,
2.11755979966256, 15.3033,2.19152449871763, 5.5348,7,15.79563,5,,
2.13460969940934, 16.7645,2.19702819883241, 5.321,8,15.91674,4,,
2.15388009927119, 19.3378,2.20245349881588, 7.2569,9,16.29686,3,,
2.17504339906736, 22.8102,2.20965269868611, 4.7181,10,16.94819,3,,
2.18561909868731, 9.5996,2.21436089891358, 5.843,6,16.28014,2,,
2.20245349881588, 18.8796,2.22023149914457, 5.9096,5,16.49676,2,,
2.21436089891358, 13.7976,2.22612889911397, 5.6757,3,16.28913,1,,
2.23493839934235, 15.2498,2.23634089931147, 9.1864,2,16.21489,0,,
2.25185159913963, 17.9061,2.25287899916293, 16.6038,1,16.32764,0,,
2.26937709920458, 16.7032,2.26975999920978, 17.5796,1,16.35111,0,,
2.28553829919838, 16.1057,2.28576159919612, 16.3409,1,16.33668,0,,
2.3014383991831, 16.6211,2.30241759918863, 15.5318,1,16.35248,0,,
2.31997779928497, 17.8639,2.32035739929415, 19.2176,1,16.43203,0,,
2.32626889948733, 16.5283,2.3353477998171, 16.4513,1,16.43684,0,,
2.35537749972718, 20.1411,2.35685869971348, 18.9564,1,16.61323,0,,
2.36978269983956, 12.9938,2.37014039982751, 14.1061,1,16.44871,0,,
2.38477409975894, 15.9521,2.38592839970079, 14.8857,1,16.42712,0,,
2.40100309965783, 15.6585,2.40267319968552, 16.6514,1,16.3951,0,,
2.4184149994544, 18.0215,2.41946829944209, 16.7198,1,16.46015,0,,
2.43684439943172, 17.4956,2.43714369944064, 18.6076,1,16.49998,0,,
2.45154049931443, 15.5389,2.45263889929629, 14.6579,1,16.46438,0,,
2.46859989913355, 17.5762,2.47006429910834, 18.3034,1,16.50409,0,,
2.48552929906873, 16.3311,2.4864105990855, 15.68,1,16.49812,0,,
2.50150919900625, 16.5695,2.50293239901657, 17.1292,1,16.5005,0,,
2.51819309896382, 16.4027,2.51937299898418, 15.6467,1,16.49735,0,,
2.53567389873206, 16.3754,2.53613109872094, 17.549,1,16.49354,0,,
2.55193129865802, 17.5241,2.55325749862823, 17.2734,1,16.52477,0,,
2.56823639859795, 15.9992,2.56938999865088, 15.1142,1,16.50931,0,,
2.58547229852411, 16.2759,2.58579279851983, 17.5736,1,16.50264,0,,
2.60179599828552, 17.5585,2.60310609824955, 16.099,1,16.53197,0,,
2.61950869832071, 16.4578,2.6206967982871, 17.699,1,16.52996,0,,
2.63625279840198, 16.896,2.63645599840675, 16.7783,1,16.5396,0,,
2.65218789826031, 16.8755,2.6534830982273, 15.942,1,16.54821,0,,
2.66842829839152, 15.1319,2.66952479835891, 16.0335,1,16.5128,0,,
2.68506779802556, 17.8913,2.68635289803206, 17.6639,1,16.54642,0,,
2.70148189809697, 16.2727,2.702752698111, 15.5314,1,16.53991,0,,
2.71801499785215, 17.0647,2.7196978978609, 18.6155,1,16.55211,0,,
2.73475889761175, 16.3821,2.73604199760302, 14.9103,1,16.54825,0,,
2.75226629752433, 17.8048,2.75387069751741, 18.709,1,16.57617,0,,
2.76905389747117, 16.2209,2.77011189749464, 15.2368,1,16.56845,0,,
2.78504169723601, 16.4221,2.78661749724415, 17.3339,1,16.56533,0,,
2.80267129724962, 16.2047,2.80287109724304, 15.3319,1,16.55782,0,,
2.8198298970965, 17.2155,2.82002969708992, 17.8159,1,16.57124,0,,
2.83480079671426, 16.1497,2.83608349670249, 16.4147,1,16.56281,0,,
2.85147379680711, 17.1423,2.85325469686359, 16.2659,1,16.57417,0,,
2.86964919703314, 16.484,2.86993589703343, 17.6733,1,16.57244,0,,
2.88528219703585, 16.6882,2.88641809707042, 15.4222,1,16.57462,0,,
2.90204949695908, 15.7686,2.90236579695193, 16.8556,1,16.5597,0,,
2.91977949716966, 17.6204,2.91977949716966, 17.2377,1,16.57898,0,,
2.9347179972101, 16.1856,2.93599559715949, 15.6556,1,16.57196,0,,
2.95265369731351, 16.831,2.95287289730913, 17.2221,1,16.5765,0,,
2.96843639732106, 16.6021,2.96951779728988, 15.9493,1,16.57694,0,,
2.98608389706351, 16.717,2.98633469705237, 17.7373,1,16.57932,0,,
3.00186579707952, 16.9589,3.0031079971086, 15.9196,1,16.58565,0,,
3.01943129688152, 16.375,3.01971589689492, 17.3511,1,16.58219,0,,
3.03620459693775, 17.8786,3.03735519696784, 16.9193,1,16.6031,0,,
3.05304579705989, 15.7512,3.05334399706044, 16.7694,1,16.58958,0,,
3.06908429678879, 17.0453,3.0701742968231, 16.0107,1,16.5967,0,,
3.08626539669058, 16.1727,3.08646579668857, 17.0589,1,16.59018,0,,
3.10333339637145, 17.1699,3.10357919638045, 17.4113,1,16.59896,0,,
3.11856449645711, 15.8889,3.1193864964298, 14.8636,1,16.58836,0,,
3.13584609648387, 16.5376,3.1360471964872, 16.5587,1,16.58762,0,,
3.15344989630103, 17.8355,3.15373629629903, 18.3416,1,16.6057,0,,
3.16892879626539, 16.0922,3.16985049624054, 15.4823,1,16.59837,0,,
3.18667609637487, 16.8592,3.18697139638243, 17.1504,1,16.60204,0,,
3.20316259637184, 16.5664,3.20336269636755, 16.9831,1,16.60154,0,,
3.21864489653672, 16.4048,3.21967969649995, 15.6898,1,16.59885,0,,
3.23562089655024, 17.14,3.2368028965866, 17.2111,1,16.60616,0,,
3.25191029645794, 15.2761,3.25210949646134, 15.9668,1,16.58843,0,,
3.26973479648586, 17.6825,3.26993429649156, 17.0996,1,16.60282,0,,
3.28626689637895, 16.6839,3.2864664963854, 17.125,1,16.60388,0,,
3.30199709633598, 16.3451,3.30282809631899, 15.6683,1,16.60056,0,,
3.31950879600481, 17.9231,3.32071519599413, 17.9412,1,16.6173,0,,
3.33688239623734, 16.2903,3.3371203962306, 17.0194,1,16.61321,0,,
3.35304479600745, 16.9211,3.35394159602583, 16.1636,1,16.61701,0,,
3.36872759601101, 16.2626,3.3701888959622, 16.3978,1,16.61269,0,,
3.38551669607114, 15.4528,3.38573239606922, 16.1056,1,16.59872,0,,
3.4021906961425, 17.6871,3.4033383961505, 17.0126,1,16.61167,0,,
3.41874209613889, 16.4665,3.4197888961935, 16.4207,1,16.60996,0,,
3.43537579594704, 15.6961,3.43557639594655, 16.3601,1,16.59934,0,,
3.45202839588455, 17.5457,3.45305669591471, 16.8953,1,16.61022,0,,
3.46890449561761, 17.0483,3.4700850956433, 16.976,1,16.61519,0,,
3.48612309552846, 16.215,3.48637539552874, 16.9913,1,16.6107,0,,
3.50274139543762, 17.1882,3.5035980954417, 16.5032,1,16.61712,0,,
3.51989709542249, 16.443,3.52009659542819, 16.6354,1,16.6152,0,,
3.53536589520809, 15.5773,3.53555489520659, 16.0591,1,16.60392,0,,
3.55293059506221, 17.4502,3.55313039505563, 16.9069,1,16.61302,0,,
3.56865339503565, 16.8213,3.56977889499103, 17.2796,1,16.61524,0,,
3.58528299485624, 15.822,3.58559339486237, 15.7896,1,16.60689,0,,
3.60286459489726, 18.3152,3.60393409489188, 17.625,1,16.62468,0,,
3.61873339476006, 15.6188,3.61953389474365, 15.6585,1,16.61431,0,,
3.63640739463153, 17.0391,3.63664889463689, 17.8424,1,16.61864,0,,
3.65340999465843, 17.0446,3.65456779462693, 17.2345,1,16.62295,0,,
3.66873709458741, 15.9966,3.66961609458667, 15.1414,1,16.61669,0,,
3.68630799464881, 16.7336,3.68658979464089, 17.5919,1,16.61784,0,,
3.70385419452214, 17.5278,3.70405719452538, 17.5789,1,16.62676,0,,
3.71878079432645, 15.8402,3.71973469431396, 14.7579,1,16.61913,0,,
3.73616809413943, 17.0775,3.73687549411261, 17.1615,1,16.62353,0,,
3.75328729384637, 16.7396,3.75353359385917, 17.2792,1,16.62464,0,,
3.76991229355917, 16.4029,3.7701120935526, 16.0269,1,16.62255,0,,
3.78543779326719, 16.5801,3.78651399331284, 16.2936,1,16.62215,0,,
3.80239769309992, 15.987,3.80266219310579, 16.9372,1,16.61627,0,,
3.81889569300984, 17.2079,3.81972929301264, 16.4042,1,16.6217,0,,
3.83547559265571, 16.7363,3.83644529264711, 16.785,1,16.62274,0,,
3.8523939926672, 16.1625,3.85266409265751, 16.7144,1,16.61859,0,,
3.86972749269626, 17.9754,3.87069219270779, 17.3422,1,16.63071,0,,
3.8865268927475, 15.9991,3.88672679274168, 16.0871,1,16.62512,0,,
3.90241439251986, 16.0278,3.90261439251481, 16.5183,1,16.61988,0,,
3.91890479261929, 17.121,3.91974449261033, 16.5403,1,16.62424,0,,
3.93667909243959, 17.0099,3.93692269244639, 17.2086,1,16.62756,0,,
3.95274859255005, 16.1102,3.95294849254424, 16.5624,1,16.62314,0,,
3.96938849258004, 17.2964,3.97016849258216, 16.6516,1,16.62884,0,,
3.98597949257237, 16.9717,3.98711839262978, 16.9975,1,16.63173,0,,
4.00257129267266, 15.6189,4.00277139266836, 16.2043,1,16.62329,0,,
4.02018079270783, 17.4625,4.0203809927043, 16.9476,1,16.63022,0,,
4.03709899293608, 17.8554,4.03810299289762, 17.7239,1,16.64026,0,,
4.0528540929954, 14.9223,4.05311609298224, 15.6833,1,16.6263,0,,
4.0689787928568, 17.0633,4.07003269284905, 16.2862,1,16.62982,0,,
4.08607679288252, 16.9787,4.08701999290497, 16.9921,1,16.63261,0,,
4.10298849268293, 16.0531,4.10324699267221, 16.8385,1,16.62801,0,,
4.11929929260805, 16.961,4.12005449259595, 16.158,1,16.63063,0,,
4.13652489232481, 16.5485,4.13672469231824, 16.7199,1,16.62999,0,,
4.1528566921188, 16.3548,4.15312459212146, 17.0074,1,16.62786,0,,
4.17247039213544, 20.1506,4.17320119211217, 19.4597,1,16.65496,0,,
4.18611529223563, 14.1025,4.18719619220064, 14.1406,1,16.63547,0,,
4.20287189241208, 15.7619,4.20309699240897, 16.3252,1,16.62885,0,,
4.22187479230342, 19.6926,4.22266599227441, 18.946,1,16.65189,0,,
4.23610669199843, 14.42,4.23706439201487, 14.3579,1,16.63523,0,,
4.2524338917865, 15.6286,4.25281259178882, 16.4749,1,16.62778,0,,
4.26938389171846, 17.7646,4.27044989168644, 16.9114,1,16.63614,0,,
4.28628639163799, 16.9119,4.28737029162585, 16.9644,1,16.63815,0,,
4.30257439159323, 15.2849,4.30278639159224, 16.0446,1,16.62834,0,,
4.31913599152176, 16.5112,4.3200949915481, 16.8218,1,16.6275,0,,
4.33828899161017, 20.3001,4.33947109164728, 19.3581,1,16.65373,0,,
4.35455849151185, 15.2189,4.35485859149776, 15.8943,1,16.64356,0,,
4.3692891914834, 14.7087,4.36948919147835, 14.8224,1,16.62993,0,,
4.38571929142927, 17.5996,4.38699529148289, 16.6355,1,16.63671,0,,
4.40301849179377, 16.7969,4.40379439176468, 16.7941,1,16.63783,0,,
4.42020289182256, 16.44,4.42041659181996, 17.4068,1,16.63646,0,,
4.4367914917384, 16.643,4.43699159173411, 16.7646,1,16.63651,0,,
4.45283439157356, 16.6312,4.45363369154802, 15.7951,1,16.63647,0,,
4.46982899126306, 17.2584,4.47076119125995, 17.1693,1,16.64067,0,,
4.4879505912395, 17.3899,4.48817339123343, 17.9592,1,16.6457,0,,
4.50329199126281, 15.7713,4.50403909124725, 15.2005,1,16.63987,0,,
4.51963959103159, 16.6628,4.52058819103695, 16.5853,1,16.64002,0,,
4.53691639112367, 16.4731,4.53710419112758, 17.3863,1,16.63893,0,,
4.55303659111087, 17.1907,4.55420579116617, 16.3739,1,16.64253,0,,
4.57157969106629, 17.3832,4.57178119107266, 17.5302,1,16.64734,0,,
4.58619359106524, 14.7572,4.58641939106747, 15.358,1,16.63515,0,,
4.60301419094321, 17.8454,4.60425399095402, 17.2119,1,16.6429,0,,
4.62115239095874, 16.9677,4.6213916909619, 17.3084,1,16.64497,0,,
4.63715249105007, 16.0321,4.63735249104502, 16.3257,1,16.64109,0,,
4.6531599911832, 16.6825,4.65393919117923, 15.9587,1,16.64135,0,,
4.67109999104287, 17.2086,4.6713588910352, 17.3191,1,16.6449,0,,
4.68658139117179, 15.5894,4.68682359116792, 16.3308,1,16.63834,0,,
4.70305829129939, 17.1618,4.70389969130338, 16.294,1,16.64157,0,,
4.72011039109202, 17.3467,4.72119959112024, 17.3394,1,16.6459,0,,
4.73650649095362, 15.505,4.7368508909567, 16.5081,1,16.63894,0,,
4.76604189090722, 30.1824,4.76691739087983, 29.3233,1,16.72103,0,,
4.77169289080484, 7.2158,4.77444989084324, 8.648,1,16.66376,0,,
4.78673719098151, 12.6228,4.78698599098425, 12.0642,1,16.63957,0,,
4.80303559100139, 17.1414,4.8039066909987, 16.2506,1,16.64256,0,,
4.82010229110892, 17.5835,4.82149659113202, 17.4017,1,16.64812,0,,
4.83647639115225, 15.059,4.83668699115515, 15.8549,1,16.63877,0,,
4.85435429115023, 17.8588,4.85455759115575, 17.1811,1,16.64591,0,,
4.86999619104608, 16.9474,4.87132279101934, 16.7874,1,16.64766,0,,
4.88672629115172, 15.4949,4.886946891158, 16.3884,1,16.641,0,,
4.90321019102703, 17.2952,4.90412089103484, 16.4812,1,16.64476,0,,
4.91994989091472, 17.2358,4.92135399089602, 17.2342,1,16.64814,0,,
4.93657499081746, 15.4093,4.93677529081469, 16.0862,1,16.6411,0,,
4.95359209086746, 17.9858,4.95478529087268, 17.2994,1,16.64869,0,,
4.96988859109115, 16.2331,4.97097639110871, 16.1461,1,16.64636,0,,
4.98729969117267, 16.6732,4.98763709118066, 17.5739,1,16.64651,0,,
5.0036900909181, 16.9334,5.00462339092337, 16.1235,1,16.6481,0,,
5.0208721911913, 16.3294,5.02106619118422, 16.7074,1,16.64634,0,,
5.03740099105926, 16.5997,5.03757309106004, 17.0842,1,16.64609,0,,
5.05375719098083, 17.176,5.05469889099186, 16.3812,1,16.64898,0,,
5.07222369077499, 17.5666,5.07244489077129, 17.5423,1,16.65397,0,,
5.08647249081696, 14.2736,5.08668179080996, 15.0275,1,16.6411,0,,
5.10328739060787, 17.9146,5.1044849906466, 17.0875,1,16.64795,0,,
5.12018259042816, 17.1293,5.12160089040117, 17.1,1,16.65052,0,,
5.13659019027546, 15.1024,5.13679179028259, 15.8506,1,16.64229,0,,
5.15518019009323, 18.524,5.15538849009317, 18.0774,1,16.65224,0,,
5.17051168985199, 16.5604,5.17177788983099, 16.3165,1,16.65176,0,,
5.18723328996566, 15.56,5.18743808996805, 16.2083,1,16.64605,0,,
5.20355848986947, 17.0733,5.20443268989038, 16.5003,1,16.64827,0,,
5.22008458994969, 16.7953,5.22121378993324, 16.7366,1,16.64903,0,,
5.2365564902575, 15.5587,5.23677929025143, 16.2734,1,16.64341,0,,
5.25375289047952, 18.242,5.25507689043297, 17.5706,1,16.65161,0,,
5.27029609045712, 16.5247,5.27153489046032, 16.5468,1,16.65096,0,,
5.28763739056012, 16.1643,5.28790479055897, 16.9465,1,16.64849,0,,
5.30482939053036, 17.9187,5.30562729055237, 17.0554,1,16.65491,0,,
5.32147889085172, 15.8894,5.32167869084515, 15.9312,1,16.65106,0,,
5.33844669102109, 16.9933,5.33870889100945, 17.6929,1,16.65277,0,,
5.35611179099942, 17.7175,5.3563177909964, 17.6233,1,16.65807,0,,
5.37021439101954, 14.8524,5.37119289101975, 14.2298,1,16.64913,0,,
5.38697129116917, 16.6689,5.38774679119524, 16.5473,1,16.64923,0,,
5.40433279113495, 16.7664,5.40453269112913, 17.324,1,16.6498,0,,
5.42026229124167, 15.948,5.42045279123704, 16.2377,1,16.64638,0,,
5.43778389108775, 17.3548,5.43798389108269, 16.7775,1,16.64982,0,,
5.45534199097892, 18.3444,5.45615029096371, 18.0289,1,16.658,0,,
5.47060979090747, 14.6653,5.47086049089557, 15.3657,1,16.64842,0,,
5.48733499083028, 17.2885,5.48814659084019, 16.648,1,16.65149,0,,
5.50402059053886, 16.8645,5.50498999052797, 16.9656,1,16.6525,0,,
5.52161039017665, 16.7711,5.52186959017126, 17.2705,1,16.65306,0,,
5.53698659001384, 15.4093,5.53718659000879, 15.4021,1,16.6472,0,,
5.5540395899734, 17.881,5.55505349001032, 17.3066,1,16.65299,0,,
5.57035888977407, 16.4018,5.57146808972175, 16.6292,1,16.65181,0,,
5.58788568954333, 16.6331,5.58808538955054, 17.0284,1,16.65173,0,,
5.60370938958658, 15.8054,5.60390938958153, 15.9495,1,16.64781,0,,
5.62142448943632, 17.5816,5.62162388944125, 16.9075,1,16.65211,0,,
5.64006588944176, 18.6773,5.64037388942961, 19.4319,1,16.6614,0,,
5.65425778960343, 14.4015,5.65458408961422, 14.3781,1,16.65108,0,,
5.67033988962066, 16.6181,5.67116858964437, 15.7295,1,16.65093,0,,
5.68693438955233, 16.637,5.68778448956436, 16.6522,1,16.65087,0,,
5.70364268989943, 16.0122,5.70384518989886, 16.608,1,16.64799,0,,
5.72081788971263, 17.8303,5.72161968970613, 17.4237,1,16.6533,0,,
5.73754018951149, 17.0442,5.73866748948058, 16.8901,1,16.65504,0,,
5.77350798930274, 35.4555,5.77425638929708, 36.0722,1,16.7386,0,,
5.77425638929708, 1.4232,5.77925698942272, 4.4656,1,16.67083,1,,
5.78806618944509, 12.5758,5.78829878944089, 10.3499,1,16.65279,0,,
5.80394278962922, 15.8864,5.80417298963584, 15.1815,1,16.64943,0,,
5.82046288966376, 17.4932,5.82150928971532, 16.7197,1,16.65311,0,,
5.83704308947199, 16.3414,5.83785178945982, 16.3459,1,16.65176,0,,
5.85477308928967, 17.0396,5.85497268929612, 17.6649,1,16.65344,0,,
5.87271798915754, 17.8766,5.87291828915477, 18.3035,1,16.65871,0,,
5.88726298896654, 15.1754,5.88796128898684, 14.1787,1,16.65234,0,,
5.90384218907275, 16.8856,5.90481898906, 16.7547,1,16.65334,0,,
5.92191098920011, 17.2523,5.92211098919506, 17.9156,1,16.65589,0,,
5.93731088910135, 16.0217,5.93812348911888, 15.5692,1,16.6532,0,,
5.95410368882585, 17.025,5.95512508880347, 16.9649,1,16.65477,0,,
5.9707259885181, 15.6291,5.97093478852184, 16.2896,1,16.65046,0,,
5.98758238836308, 17.6832,5.9884570883878, 16.9067,1,16.65478,0,,
6.00438828849292, 16.9835,6.00541898854135, 17.0196,1,16.65615,0,,
6.02059308857133, 15.3399,6.02079298856552, 16.0169,1,16.65069,0,,
6.03811168838001, 18.1654,6.03894598838815, 17.5651,1,16.65695,0,,
6.05436438857578, 16.4845,6.05541338853072, 16.3572,1,16.65624,0,,
6.07115628824977, 15.9127,6.07135628824471, 16.6268,1,16.65319,0,,
6.08781968794938, 17.3232,6.08867068796826, 16.7142,1,16.65593,0,,
6.10541078777169, 16.7893,6.10569008777384, 16.9988,1,16.65647,0,,
6.12058988766512, 15.3028,6.12078258766269, 15.5847,1,16.65099,0,,
6.13734778750222, 17.5327,6.13828398752958, 16.9471,1,16.65454,0,,
6.15551018739643, 17.2808,6.15571678739798, 17.4921,1,16.65706,0,,
6.17089228730765, 15.4443,6.17109238730336, 15.9405,1,16.65221,0,,
6.18840608723985, 18.2653,6.1892902872205, 17.6298,1,16.65863,0,,
6.20543828708469, 16.2477,6.20563828707964, 16.3311,1,16.657,0,,
6.2208957868279, 15.3933,6.22109598682437, 16.1506,1,16.65201,0,,
6.23798248692765, 17.8202,6.23875628694077, 17.2339,1,16.65661,0,,
6.25536428664054, 16.6557,6.25559238664573, 16.6982,1,16.6566,0,,
6.27113318633928, 15.8505,6.27133298633271, 16.2016,1,16.65346,0,,
6.28775588632561, 17.2727,6.28851628635311, 16.585,1,16.65586,0,,
6.30524178649648, 16.7687,6.3055190864834, 17.6696,1,16.6563,0,,
6.32109688645869, 15.8506,6.32132288646244, 15.7749,1,16.65319,0,,
6.3381331864075, 17.8109,6.33895338642469, 17.0116,1,16.65764,0,,
6.35719778628845, 19.3135,6.35823668628291, 19.3062,1,16.66782,0,,
6.37236388622841, 14.1907,6.37256348623487, 15.0562,1,16.65837,0,,
6.38763918618497, 16.007,6.38843298617576, 15.2308,1,16.65589,0,,
6.4055213862448, 17.1408,6.40572128623899, 17.1409,1,16.65773,0,,
6.42107318621129, 15.4993,6.42127308620547, 16.1676,1,16.65335,0,,
6.43766488626716, 17.4925,6.43856748627149, 16.697,1,16.65651,0,,
6.45518788621121, 16.6283,6.45545398620015, 16.9108,1,16.6564,0,,
6.47117088614323, 16.0793,6.4714098861441, 16.5601,1,16.65425,0,,
6.48901668615872, 18.5057,6.48991648614174, 17.9286,1,16.66113,0,,
6.50561608595308, 15.8866,6.50581578596029, 15.8818,1,16.65826,0,,
6.52108018595027, 15.5773,6.52136628594599, 16.3045,1,16.65428,0,,
6.53765808609023, 17.1917,6.53846638607502, 16.3766,1,16.65625,0,,
6.55551848608593, 17.1072,6.55587478609232, 17.4632,1,16.6579,0,,
6.57114138625911, 15.611,6.57137768625398, 15.9754,1,16.65408,0,,
6.58800288621569, 17.7089,6.58889608620666, 16.9022,1,16.65792,0,,
6.60477498611726, 17.0244,6.60589798617002, 17.0139,1,16.65925,0,,
6.62193818601372, 16.1797,6.62218018600834, 16.8661,1,16.65751,0,,
6.63894048583461, 17.0028,6.63916768583294, 16.9444,1,16.65876,0,,
6.65610858605942, 18.0827,6.65718108607689, 17.5847,1,16.66386,0,,
6.67192468589928, 14.8003,6.67212448589271, 14.8946,1,16.65721,0,,
6.68779278601869, 16.0255,6.68802868602506, 16.6674,1,16.65496,0,,
6.70483858612715, 17.8267,6.70583468614495, 16.9819,1,16.65911,0,,
6.72436658575316, 18.5607,6.72436658575316, 18.5101,1,16.66583,0,,
6.73878888585023, 14.5246,6.73900828584738, 15.2027,1,16.65829,0,,
6.75567588557897, 16.8407,6.75670048558095, 17.128,1,16.65893,0,,
6.77225698536495, 17.5038,6.77323998539941, 16.4608,1,16.66189,0,,
6.78880048531573, 15.5966,6.78905198530992, 16.8296,1,16.65817,0,,
6.80442828504601, 15.6662,6.80463118504849, 15.283,1,16.65473,0,,
6.82123198488262, 17.6715,6.82217018486699, 16.942,1,16.65825,0,,
6.83996628460591, 17.8317,6.84016598461312, 18.1829,1,16.66229,0,,
6.85498788465338, 15.1712,6.855180984654, 15.396,1,16.65717,0,,
6.87179988474236, 17.4127,6.87260878473171, 16.721,1,16.65976,0,,
6.88844438470551, 16.8108,6.8894655846816, 16.9577,1,16.66027,0,,
6.9046062843845, 15.298,6.90482628438622, 16.0103,1,16.65564,0,,
6.92218498401053, 18.391,6.92308328398212, 17.6647,1,16.66152,0,,
6.93935818405589, 16.2775,6.93960708405939, 16.4489,1,16.66022,0,,
6.95526158405119, 16.1189,6.95550058405206, 16.6367,1,16.6584,0,,
6.97194738415419, 17.1094,6.97272818416241, 16.5748,1,16.65992,0,,
6.98816248419462, 16.7861,6.98938678420382, 16.758,1,16.66034,0,,
7.00570158420305, 16.4141,7.00590138419648, 16.8979,1,16.65952,0,,
7.02142508424004, 15.6554,7.02164398423338, 15.7958,1,16.65618,0,,
7.03838728403207, 17.9862,7.03948538401164, 17.2023,1,16.66059,0,,
7.055268484095, 16.5832,7.05602538409585, 16.6051,1,16.66033,0,,
7.07292898379092, 17.7194,7.07378508379043, 17.7241,1,16.66381,0,,
7.08835818388616, 14.779,7.0885581838811, 15.7804,1,16.65763,0,,
7.10468988385401, 16.849,7.1054202838277, 15.801,1,16.65826,0,,
7.12255018365977, 17.1865,7.12279468365887, 17.4004,1,16.65998,0,,
7.13908618378628, 16.5552,7.1393202837935, 17.1146,1,16.65964,0,,
7.15526298382611, 16.2248,7.15546288382029, 16.2378,1,16.65823,0,,
7.17130158373038, 16.721,7.17207198371761, 15.9063,1,16.65843,0,,
7.18955998342426, 17.5609,7.18975988341845, 17.8954,1,16.66134,0,,
7.20543168322183, 15.8482,7.20563198321906, 16.4936,1,16.65873,0,,
7.22146188325132, 16.7548,7.2222383832268, 15.8196,1,16.65904,0,,
7.24137268320192, 20.0092,7.24232218321413, 20.1182,1,16.66971,0,,
7.25571088303695, 13.661,7.25591078303114, 14.1525,1,16.66015,0,,
7.2718507831014, 16.5834,7.27260158311401, 16.1026,1,16.65991,0,,
7.28829898306867, 16.7865,7.28937328309985, 16.7589,1,16.66031,0,,
7.30562818310864, 16.5125,7.30588508311484, 17.1794,1,16.65985,0,,
7.32173758331919, 16.1935,7.32196278331685, 16.3007,1,16.65838,0,,
7.33926848319243, 18.4139,7.34043268320966, 17.7669,1,16.66387,0,,
7.35549778334098, 15.9076,7.35629618336679, 15.6686,1,16.66151,0,,
7.37348438326444, 17.3019,7.37368528326624, 18.0832,1,16.6635,0,,
7.3884305832762, 14.9833,7.38863688327547, 15.1116,1,16.6583,0,,
7.40566208311066, 17.9101,7.40650908309908, 16.9907,1,16.66216,0,,
7.42340528295608, 17.6732,7.42415808298392, 17.6942,1,16.66528,0,,
7.4394175830239, 15.4192,7.43965788302012, 16.2286,1,16.66145,0,,
7.45536388305482, 16.5207,7.45622608304257, 15.8187,1,16.66102,0,,
7.47196168315713, 16.7803,7.47297438318492, 16.8447,1,16.66139,0,,
7.48993358282314, 17.2121,7.49017738281691, 17.7809,1,16.66306,0,,
7.50505418256216, 16.1704,7.50637318259396, 15.6268,1,16.66157,0,,
7.52273248277197, 16.5114,7.52293238276616, 16.4791,1,16.66111,0,,
7.53899508262111, 16.4092,7.53919578262139, 16.767,1,16.66035,0,,
7.55653408278886, 18.3512,7.55759918274998, 18.0621,1,16.66543,0,,
7.57250368276436, 16.3245,7.57385938272637, 16.1355,1,16.66441,0,,
7.58962498269102, 15.9476,7.5900692826981, 17.3524,1,16.66227,0,,
7.60550028247235, 16.5473,7.60641088247939, 15.2344,1,16.66193,0,,
7.62223608231579, 16.8888,7.62335958237236, 17.0991,1,16.6626,0,,
7.64001878256386, 16.9482,7.64033938256034, 17.5778,1,16.66345,0,,
7.65582408258342, 15.6506,7.65611378257745, 15.9288,1,16.66046,0,,
7.67196038231486, 17.2345,7.6730942823342, 16.0413,1,16.66215,0,,
7.68984918236674, 16.9178,7.69004908236093, 16.9843,1,16.6629,0,,
7.70566518230771, 15.949,7.70604098231706, 17.0233,1,16.66081,0,,
7.72251098234847, 17.5364,7.72349708240654, 16.3731,1,16.66336,0,,
7.73958008247428, 16.1735,7.73979338246863, 16.3981,1,16.66194,0,,
7.75697828237026, 17.3757,7.75715828237298, 18.1775,1,16.66401,0,,
7.77215878224524, 15.2332,7.77335198225046, 15.4988,1,16.65987,0,,
7.78884408228623, 17.5633,7.78980448226503, 16.3901,1,16.66248,0,,
7.80662178216153, 16.8319,7.80691028217552, 17.8005,1,16.66296,0,,
7.82185318233678, 15.5484,7.82225148234284, 15.6196,1,16.65977,0,,
7.83880108223821, 17.8145,7.84003778222541, 16.7017,1,16.66307,0,,
7.85643818239623, 16.4988,7.85663818239118, 16.601,1,16.6626,0,,
7.87292488248204, 16.4538,7.8733042824897, 17.3894,1,16.66201,0,,
7.88879508248647, 16.68,7.88967468249029, 15.6255,1,16.66206,0,,
7.90536238221102, 16.8795,7.90650538218324, 16.8458,1,16.66267,0,,
7.92511558202386, 18.6585,7.92531578202033, 19.7439,1,16.6683,0,,
7.93870238219097, 14.8523,7.94008348222997, 13.9325,1,16.66319,0,,
7.95557778191869, 17.0656,7.9570646819484, 17.8561,1,16.66432,0,,
7.97267618190381, 15.6561,7.97355248188251, 15.6204,1,16.6615,0,,
7.9887396817212, 17.1407,7.98990248172777, 16.531,1,16.66284,0,,
8.00671948182571, 16.8455,8.00695438182447, 17.5773,1,16.66335,0,,
8.02235868186108, 15.7493,8.02276548187365, 15.9043,1,16.66082,0,,
8.03927368175937, 17.859,8.04037728178082, 16.6314,1,16.66413,0,,
8.05677358186222, 16.446,8.05697338185564, 16.6703,1,16.66352,0,,
8.07242118194699, 15.7488,8.07262118194194, 16.2468,1,16.66101,0,,
8.08857318207447, 16.1557,8.08977048211091, 16.779,1,16.65963,0,,
8.10584298244794, 19.1886,8.10618878246169, 17.9723,1,16.66654,0,,
8.12259828259994, 15.5402,8.12341878261941, 15.3789,1,16.66347,0,,
8.13963958242675, 16.4039,8.14009708241792, 17.4335,1,16.66276,0,,
8.15613908258092, 16.3925,8.15723868257191, 16.423,1,16.66203,0,,
8.17203768242325, 16.6048,8.17284088242741, 15.8398,1,16.66187,0,,
8.18994738238689, 17.296,8.19017738239199, 17.9283,1,16.66359,0,,
8.2061879823741, 16.1566,8.20639828237472, 16.2839,1,16.66222,0,,
8.22211768251145, 16.7127,8.22304578253534, 15.9826,1,16.66236,0,,
8.24044958241575, 17.492,8.24068368242297, 17.6411,1,16.66458,0,,
8.2567061821901, 16.3166,8.2570577821898, 16.8607,1,16.66365,0,,
8.27280248215538, 16.7553,8.27360148212756, 15.8603,1,16.66389,0,,
8.28899268219538, 16.4154,8.28999318224669, 16.217,1,16.66323,0,,
8.30684048209514, 16.9048,8.30709448210837, 17.8997,1,16.66387,0,,
8.32237168184656, 15.5824,8.32257628184743, 15.4156,1,16.66102,0,,
8.33931608172134, 18.071,8.34054128173739, 17.3054,1,16.66473,0,,
8.35609198156453, 16.3119,8.35685388154525, 16.2806,1,16.6638,0,,
8.37332528120896, 16.5031,8.37358418120129, 16.842,1,16.66338,0,,
8.38891468090878, 15.6923,8.389131580916, 16.4302,1,16.66085,0,,
8.40594028061605, 17.5658,8.40663338059676, 16.4962,1,16.6632,0,,
8.42304018065624, 16.4454,8.42328058065323, 16.6173,1,16.66264,0,,
8.43990028066037, 16.8667,8.44011928065447, 17.5574,1,16.66317,0,,
8.45593228090729, 16.749,8.45671628088166, 15.966,1,16.66339,0,,
8.47254908077593, 16.8316,8.47350928075321, 16.7428,1,16.66382,0,,
8.49069818069984, 17.3683,8.49089888070012, 18.0896,1,16.66563,0,,
8.50617248049821, 15.4286,8.50637268049468, 15.4335,1,16.66246,0,,
8.52257328033738, 17.3233,8.52367018030782, 16.7749,1,16.66415,0,,
8.5391993803787, 16.269,8.5398971803952, 16.201,1,16.66314,0,,
8.55674988022656, 16.8836,8.55696898022143, 17.0022,1,16.6637,0,,
8.57255668022844, 15.8543,8.57285748021968, 16.817,1,16.66165,0,,
8.59057327991468, 17.9598,8.5907730799081, 16.9683,1,16.66493,0,,
8.60659648003639, 16.0513,8.60679598004208, 16.0954,1,16.66339,0,,
8.62372087985568, 17.1522,8.62401157985732, 17.8312,1,16.66462,0,,
8.64045487971453, 17.4491,8.64136957969458, 16.6053,1,16.66659,0,,
8.65639937960077, 16.1131,8.65736367960926, 16.0774,1,16.6652,0,,
8.67335367965279, 16.0921,8.67355347964622, 16.8273,1,16.66377,0,,
8.68945237949083, 16.1348,8.6896525794873, 16.0732,1,16.66245,0,,
8.70583227927273, 17.3179,8.70694787926914, 16.5987,1,16.66408,0,,
8.72281907919387, 16.74,8.7236489791685, 16.7027,1,16.66427,0,,
8.740029379318, 16.4175,8.74025767932471, 16.7341,1,16.66366,0,,
8.75700547911401, 16.9777,8.75720577911125, 17.7898,1,16.66443,0,,
8.7729864790017, 16.7557,8.77381747898471, 15.7588,1,16.66466,0,,
8.78934227886202, 16.3757,8.79016337888606, 16.3153,1,16.66395,0,,
8.80679887873703, 16.7472,8.80700377874018, 17.3734,1,16.66415,0,,
8.82251717887993, 15.6877,8.82329257890524, 15.8677,1,16.66176,0,,
8.83967187878443, 17.7527,8.84044547879603, 17.0459,1,16.66442,0,,
8.85703047882998, 16.7305,8.85723007883644, 17.3897,1,16.66459,0,,
8.87444507876353, 17.5613,8.8746474787622, 17.4784,1,16.66676,0,,
8.88957547840255, 15.7688,8.8904482784128, 15.1467,1,16.66459,0,,
8.90817117808911, 17.7805,8.90837087809632, 17.9375,1,16.66728,0,,
8.92332967810216, 15.2545,8.92355827809661, 15.7041,1,16.66388,0,,
8.9394756781403, 16.1059,8.93968877813313, 16.1541,1,16.66254,0,,
8.95637997789891, 17.8084,8.95741797788651, 17.0988,1,16.66529,0,,
8.97368387768802, 16.3442,8.97388337769371, 16.625,1,16.66452,0,,
8.98995547746017, 16.9913,8.99074707743421, 17.408,1,16.6653,0,,
9.00628707728174, 15.7594,9.00648667728819, 15.9649,1,16.66314,0,,
9.0232429769967, 17.5112,9.02399397701083, 16.6682,1,16.66516,0,,
9.03988457685045, 16.6762,9.04064807684335, 16.6156,1,16.66518,0,,
9.05707217707823, 16.7345,9.05743357706524, 17.4918,1,16.66534,0,,
9.0739087768161, 16.5451,9.07410877681104, 15.94,1,16.66506,0,,
9.08997607702622, 17.0828,9.09101117699174, 16.8854,1,16.66604,0,,
9.10661687688844, 15.6762,9.10681667688186, 16.4413,1,16.66372,0,,
9.12426607664383, 17.6004,9.12446667664335, 17.0856,1,16.66591,0,,
9.13955067643838, 16.275,9.14056267646083, 15.9877,1,16.665,0,,
9.15670287635294, 16.3796,9.15693697636016, 17.022,1,16.66434,0,,
9.17338437655417, 17.3977,9.17436127654219, 16.8165,1,16.66604,0,,
9.1900850765669, 16.5951,9.19093377656827, 16.6535,1,16.66588,0,,
9.2069942766102, 16.1013,9.20724697661353, 17.0072,1,16.66457,0,,
9.2255405766773, 18.5315,9.22574017668376, 17.7311,1,16.66888,0,,
9.24050287652062, 15.6456,9.24129507649923, 15.6714,1,16.66652,0,,
9.25650507623504, 15.348,9.25670527623151, 16.0204,1,16.66349,0,,
9.27334547623468, 17.6296,9.27435437623353, 16.9387,1,16.66571,0,,
9.28997787630942, 16.6027,9.29079967628059, 16.4447,1,16.66556,0,,
9.30838097647938, 17.6224,9.30863147646596, 18.4906,1,16.66775,0,,
9.3232509764639, 14.9254,9.32353327645978, 15.2231,1,16.66378,0,,
9.34135467646411, 18.0328,9.34155437647132, 17.1419,1,16.66689,0,,
9.3597521763586, 18.4083,9.3599883763527, 19.1383,1,16.67084,0,,
9.37312167613709, 13.3975,9.37330377614126, 13.1983,1,16.66343,0,,
9.39021847576078, 17.9488,9.39115277577366, 17.18,1,16.66633,0,,
9.40761907571869, 16.5204,9.4078187757259, 16.6105,1,16.66601,0,,
9.42365877583507, 16.163,9.42386167583754, 16.7068,1,16.66488,0,,
9.44000757565664, 16.9429,9.44077667563397, 16.2007,1,16.6655,0,,
9.45686417575052, 17.128,9.45788527572586, 17.1951,1,16.66653,0,,
9.47459327566321, 16.8039,9.47479337565892, 17.6662,1,16.66684,0,,
9.49187587571214, 17.9274,9.49265877573634, 17.1678,1,16.66965,0,,
9.50764337560395, 16.0063,9.50872157554841, 16.0105,1,16.66817,0,,
9.52432737559138, 15.7376,9.52459287560487, 16.4947,1,16.66611,0,,
9.5398074753175, 15.5653,9.54002237532404, 15.42,1,16.66368,0,,
9.55631247548445, 17.8037,9.55782057544275, 17.2841,1,16.66619,0,,
9.57365697540808, 16.5597,9.57438207539963, 16.4067,1,16.66596,0,,
9.59194027552439, 17.6885,9.59224757553602, 17.9196,1,16.66821,0,,
9.60705037562002, 15.1341,9.60726037561835, 16.1178,1,16.66484,0,,
9.62350517540472, 17.3077,9.62441897537792, 16.1895,1,16.66625,0,,
9.64139947535296, 17.0081,9.64159907535941, 17.1217,1,16.66699,0,,
9.65716317517217, 17.4031,9.65881877520587, 18.0887,1,16.6686,0,,
9.67401027525193, 15.2692,9.67419217525457, 15.2795,1,16.66555,0,,
9.6901633751113, 16.8903,9.69101037509972, 15.9256,1,16.66604,0,,
9.70666777479346, 16.6816,9.70766417481354, 16.6029,1,16.66608,0,,
9.72615697461879, 18.5952,9.7263570746145, 19.3786,1,16.67024,0,,
9.74345157432253, 18.0551,9.74431317430572, 17.307,1,16.67323,0,,
9.75751377444249, 14.1952,9.75851277448237, 14.2697,1,16.6679,0,,
9.77466657434707, 16.2384,9.77493097435217, 17.1308,1,16.66698,0,,
9.79035217419732, 15.7965,9.79055297419836, 15.7381,1,16.66511,0,,
9.80663297403953, 17.151,9.80774497400853, 16.295,1,16.66615,0,,
9.82345027415431, 16.7821,9.82449617420207, 16.8856,1,16.6664,0,,
9.8412367739802, 16.7722,9.84143687397591, 16.8137,1,16.66662,0,,
9.85760397405829, 16.464,9.85779857405578, 17.2066,1,16.66619,0,,
9.87358147386112, 16.5859,9.87434817387839, 15.6666,1,16.66602,0,,
9.89024357395829, 16.6122,9.8910062739451, 16.7004,1,16.66591,0,,
9.90744557394646, 17.5629,9.90853347396478, 18.0872,1,16.6678,0,,
9.92348347387451, 15.0427,9.92372137388156, 15.3473,1,16.66438,0,,
9.94012567396567, 17.5276,9.94107457397331, 16.6324,1,16.66619,0,,
9.95700097394001, 16.9541,9.95800597390917, 16.9832,1,16.6668,0,,
9.97412027380778, 16.1273,9.97433067380916, 17.0701,1,16.66567,0,,
9.99051377359137, 17.1725,9.99131987361761, 16.1168,1,16.66673,0,,
10.0077998735942, 16.5423,10.0080005735945, 16.9669,1,16.66647,0,,
10.0239736736257, 16.1543,10.0242153736326, 16.5918,1,16.6654,0,,
10.04085217377, 17.7331,10.041758173742, 16.8932,1,16.66762,0,,
10.0622393735684, 20.5319,10.0624390735757, 20.7656,1,16.67562,0,,
10.0743206737534, 12.2383,10.0745206737483, 12.6856,1,16.66645,0,,
10.0929952736187, 19.2003,10.0937471736397, 18.6635,1,16.67167,0,,
10.1071729735413, 14.4507,10.1081608734967, 14.3244,1,16.6671,0,,
10.1242551737087, 16.2701,10.1244551737036, 16.9697,1,16.66629,0,,
10.1404675734811, 16.2091,10.1406675734761, 16.1879,1,16.66535,0,,
10.1574401733669, 17.7709,10.1585407733655, 17.2346,1,16.66761,0,,
10.1745273733395, 16.1455,10.174726973346, 16.1912,1,16.66655,0,,
10.1921263732074, 17.5979,10.1923267732054, 18.2767,1,16.66845,0,,
10.2100914732, 18.1348,10.2103019732021, 18.2375,1,16.67143,0,,
10.2239042733563, 14.3312,10.2246375733521, 13.4402,1,16.66668,0,,
10.2409575732163, 17.2739,10.241884473231, 17.2585,1,16.66791,0,,
10.2580316732492, 16.2022,10.2582871732448, 17.0984,1,16.66697,0,,
10.2737656730751, 16.3544,10.2744882730476, 15.3876,1,16.66634,0,,
10.2903858728969, 17.0801,10.291532672898, 17.031,1,16.66717,0,,
10.3078946731839, 16.5094,10.3081317731849, 17.4163,1,16.66685,0,,
10.3240112730564, 16.1255,10.3242112730513, 15.9526,1,16.66577,0,,
10.3414579729724, 18.3415,10.342526672961, 17.66,1,16.66912,0,,
10.3585658728407, 16.0775,10.3587879728439, 16.3286,1,16.66794,0,,
10.3745510727458, 16.216,10.3748199727561, 16.7139,1,16.66704,0,,
10.3905126727768, 15.7586,10.3907409727835, 16.2567,1,16.66523,0,,
10.4072872727847, 17.4721,10.4080489727639, 16.4216,1,16.66683,0,,
10.425095273109, 17.1347,10.4252950731025, 17.0893,1,16.66776,0,,
10.4414545733453, 16.3486,10.441654673341, 16.8924,1,16.66713,0,,
10.4572686732863, 16.4933,10.4580461732694, 15.7831,1,16.66679,0,,
10.4738380733033, 17.0131,10.4750131732872, 16.9923,1,16.66747,0,,
10.4918265733722, 17.6342,10.4926849733893, 18.3934,1,16.66937,0,,
10.5089821731235, 16.3483,10.5091819731169, 16.476,1,16.66874,0,,
10.5239294730854, 16.1754,10.525190173139, 15.3723,1,16.66777,0,,
10.5407054733369, 16.3048,10.5414808733622, 16.3629,1,16.66706,0,,
10.5580377734877, 16.7003,10.5582703734835, 17.4576,1,16.66713,0,,
10.5744156735745, 17.312,10.5755439735512, 16.5198,1,16.66838,0,,
10.5906189736997, 15.9736,10.5914670736965, 15.8579,1,16.66703,0,,
10.6084160737373, 17.0687,10.608626773741, 18.0203,1,16.66781,0,,
10.627433873422, 18.9258,10.6282312734402, 18.8718,1,16.67218,0,,
10.6437044733175, 16.2718,10.6439040733239, 15.5962,1,16.67141,0,,
10.6587680735392, 15.0706,10.6590119735338, 15.7164,1,16.66832,0,,
10.6743995735305, 15.6276,10.6746202735376, 15.7431,1,16.66632,0,,
10.6911875733349, 17.6031,10.6920640733151, 16.8034,1,16.66812,0,,
10.7084355732659, 16.4215,10.7086998732702, 16.6725,1,16.66765,0,,
10.7240442730981, 15.7171,10.7242442730931, 16.0165,1,16.66583,0,,
10.7416737729945, 18.2326,10.7424249730102, 17.497,1,16.66882,0,,
10.7596038727497, 18.1776,10.7605819727469, 18.2493,1,16.67169,0,,
10.7755181725952, 15.0321,10.7757179725886, 15.7553,1,16.66858,0,,
10.7927104725095, 17.8989,10.7935346724989, 17.2352,1,16.67091,0,,
10.8092262721184, 15.7215,10.8094263721141, 15.8367,1,16.66911,0,,
10.8240549720649, 14.8594,10.824311072065, 15.6706,1,16.66569,0,,
10.8416669718863, 18.2529,10.8424621718877, 17.5563,1,16.66869,0,,
10.8578011720092, 16.4144,10.8588520719786, 16.2033,1,16.66821,0,,
10.8747421718872, 16.0606,10.8749468718888, 16.6926,1,16.66706,0,,
10.891146671609, 17.1194,10.8919591716258, 16.4316,1,16.66791,0,,
10.9081398714188, 17.2291,10.9092797713674, 17.2883,1,16.66896,0,,
10.9285086711316, 19.4037,10.9287797711295, 20.1586,1,16.67408,0,,
10.9409351711947, 13.2373,10.9418254712218, 12.3986,1,16.66766,0,,
10.9586067714699, 17.806,10.9597347714443, 17.9133,1,16.66978,0,,
10.9750259714492, 15.5157,10.9752256714564, 16.1618,1,16.66764,0,,
10.9911102713522, 16.0395,10.9913103713479, 16.2677,1,16.66647,0,,
11.0090565715072, 18.8261,11.0100183714967, 17.8684,1,16.67047,0,,
11.0247251712572, 15.4123,11.0254926712805, 15.4883,1,16.66815,0,,
11.0424777713924, 17.1452,11.0426779713889, 17.7223,1,16.66903,0,,
11.0578656712169, 15.4243,11.0580657712126, 15.6286,1,16.66673,0,,
11.0744202710339, 17.2105,11.0751970710116, 16.2956,1,16.66773,0,,
11.0920391710388, 16.8965,11.0922561710322, 17.7374,1,16.66815,0,,
11.1085146712721, 16.5489,11.1087501712755, 16.7821,1,16.66794,0,,
11.1246153712127, 16.7541,11.1254130712332, 15.771,1,16.66809,0,,
11.1411434712645, 16.4718,11.1418560712773, 16.3727,1,16.66773,0,,
11.1584906711796, 16.7864,11.1588020711933, 17.604,1,16.66795,0,,
11.1766551708861, 18.65,11.1774262708786, 17.9555,1,16.67155,0,,
11.192768170702, 15.4954,11.1929684706993, 15.6131,1,16.66942,0,,
11.2086419707193, 15.965,11.2089640707272, 16.8389,1,16.66814,0,,
11.2260684704961, 17.3412,11.2262683704903, 16.9813,1,16.66936,0,,
11.241712270159, 16.6564,11.2428004701796, 15.9172,1,16.66934,0,,
11.2576788701263, 15.8948,11.2586576701287, 15.8256,1,16.66794,0,,
11.2755253698415, 16.901,11.2757693698368, 17.2269,1,16.66836,0,,
11.2913977699354, 15.8997,11.2915979699319, 16.6263,1,16.66698,0,,
11.3083248698094, 17.7066,11.3091891698132, 16.7203,1,16.66884,0,,
11.3243934695056, 16.057,11.3253074694803, 16.0978,1,16.66775,0,,
11.3423912696453, 17.361,11.3425911696395, 17.9645,1,16.66899,0,,
11.3584171694238, 16.6509,11.3592694694526, 16.1229,1,16.66896,0,,
11.374688769356, 16.4513,11.3756820693525, 16.3708,1,16.66857,0,,
11.3919442694896, 16.3022,11.3921988694783, 17.0995,1,16.66792,0,,
11.4078676695208, 15.92,11.4080257695168, 15.9058,1,16.66659,0,,
11.4250397693104, 18.12,11.4260645693139, 17.3614,1,16.66916,0,,
11.4414718691114, 16.1614,11.4422737691057, 16.17,1,16.66827,0,,
11.4588189691713, 16.6632,11.4591143691796, 16.8305,1,16.66826,0,,
11.4748265690432, 16.2475,11.4751066690515, 16.8147,1,16.66752,0,,
11.4920493689715, 17.8463,11.493047269003, 17.2332,1,16.66959,0,,
11.5087482687522, 16.5535,11.5094902687561, 16.3481,1,16.66939,0,,
11.5255776686245, 16.317,11.5258694686345, 17.0206,1,16.66877,0,,
11.5437759682682, 18.6443,11.5444962682814, 17.9683,1,16.67222,0,,
11.5582635684113, 14.921,11.5593827684352, 14.9978,1,16.66916,0,,
11.5755052682507, 16.1655,11.5757516682643, 16.9893,1,16.66829,0,,
11.5918407682184, 16.3764,11.5920404682256, 16.1824,1,16.66778,0,,
11.608111868074, 17.2064,11.6091662680701, 16.5147,1,16.66871,0,,
11.6260112678428, 16.9134,11.6262106678478, 17.0125,1,16.66914,0,,
11.6427550679509, 16.7506,11.6430119679571, 16.9581,1,16.66928,0,,
11.6584580678755, 15.826,11.6586599678703, 16.4645,1,16.66782,0,,
11.6756310678029, 17.7752,11.6764246677922, 16.7523,1,16.66973,0,,
11.6925235675153, 16.8308,11.6933052675304, 16.9776,1,16.67001,0,,
11.7094907674618, 16.2991,11.7097413674492, 17.0846,1,16.66937,0,,
11.7252083674539, 15.86,11.725430467457, 15.7377,1,16.66799,0,,
11.7421344671457, 17.674,11.7430749671475, 16.8462,1,16.66971,0,,
11.7592089668033, 17.1237,11.7602595667704, 17.224,1,16.67048,0,,
11.7894046665897, 29.7435,11.7905103666271, 31.065,1,16.69279,0,,
11.8021608667186, 13.2851,11.8032497667446, 12.0612,1,16.68699,0,,
11.807861366935, 6.7497,11.8099897668435, 6.7544,1,16.67009,0,,
11.8253104668693, 16.0924,11.8260456668795, 15.9616,1,16.66911,0,,
11.8422144666692, 16.215,11.8424146666657, 16.994,1,16.66834,0,,
11.8582470664405, 15.9976,11.8593435664079, 16.4036,1,16.6672,0,,
11.8750686661806, 17.5529,11.8758149661589, 16.3588,1,16.6687,0,,
11.8928101659985, 17.0795,11.8930098660057, 17.9899,1,16.66939,0,,
11.9088252657093, 15.9582,11.9090516657161, 15.8126,1,16.66819,0,,
11.9248871655873, 16.8344,11.9257076656068, 16.0614,1,16.66847,0,,
11.9415292658232, 17.0232,11.9427122658672, 17.0824,1,16.66907,0,,
11.9597099657258, 17.0933,11.9599886657234, 17.9925,1,16.66978,0,,
11.9753523654654, 15.6298,11.9761322654667, 15.337,1,16.66804,0,,
11.9927949655103, 17.3919,11.9929947655037, 16.8998,1,16.66925,0,,
12.0094112654333, 16.749,12.0096166654403, 17.3068,1,16.66938,0,,
12.0257115655113, 16.2348,12.0259106655139, 16.4469,1,16.66866,0,,
12.0423812653753, 17.4558,12.0432527653757, 16.5001,1,16.66997,0,,
12.0590586655453, 16.5554,12.0598149655416, 16.5644,1,16.66978,0,,
12.0753961654991, 15.8003,12.075620665506, 16.4501,1,16.66834,0,,
12.0919262653479, 17.1423,12.0927803653321, 16.6274,1,16.66912,0,,
12.1098184653092, 17.1195,12.1100183653034, 17.1701,1,16.66986,0,,
12.125472065396, 15.669,12.1256722653925, 17.1761,1,16.66821,0,,
12.1423050653684, 17.5783,12.1431406653865, 15.8245,1,16.66971,0,,
12.1589813654573, 16.9442,12.1600700654817, 16.926,1,16.67016,0,,
12.1753133656166, 15.289,12.1755134656123, 16.0886,1,16.6679,0,,
12.192299165763, 17.7415,12.193123965757, 16.9735,1,16.66965,0,,
12.2101623657654, 17.0667,12.2104208657547, 17.3279,1,16.6703,0,,
12.2254000654793, 15.4305,12.2256159654789, 15.9431,1,16.66828,0,,
12.2422557657264, 17.4344,12.2430555657047, 16.6683,1,16.66953,0,,
12.2596521659143, 16.6264,12.2599495659088, 16.9574,1,16.66946,0,,
12.2756650656956, 16.0434,12.2758660656982, 16.6939,1,16.66844,0,,
12.292015865547, 17.2829,12.292977865538, 16.2721,1,16.66944,0,,
12.3098309653142, 16.8661,12.3100887653272, 17.0576,1,16.66976,0,,
12.3256463653088, 15.8881,12.3258904653048, 16.5882,1,16.66849,0,,
12.3429553651222, 17.9621,12.3437422651186, 17.1915,1,16.67058,0,,
12.3593314652389, 16.5443,12.3603271652537, 16.6535,1,16.67038,0,,
12.3766190654424, 16.4295,12.3768939654401, 17.087,1,16.66999,0,,
12.392166465288, 16.1212,12.3929290652741, 15.435,1,16.66911,0,,
12.4090673654864, 17.2966,12.4101013654436, 17.3161,1,16.67011,0,,
12.4262569656421, 16.2479,12.4264618656453, 16.8502,1,16.66944,0,,
12.4421915656421, 15.9184,12.4423915656371, 16.0898,1,16.66824,0,,
12.4588273654808, 17.6737,12.4599556654575, 16.7265,1,16.66984,0,,
12.4761350653425, 16.2077,12.4763822653331, 16.4562,1,16.66911,0,,
12.4940798653261, 18.1195,12.4942799653218, 18.5391,1,16.67141,0,,
12.5092838651326, 15.0624,12.510076565115, 15.1559,1,16.66886,0,,
12.5258616651263, 17.2921,12.526706865101, 16.6058,1,16.66985,0,,
12.5421679650462, 16.4798,12.5431434650236, 17.0527,1,16.66954,0,,
12.5592853649578, 16.234,12.5594897649571, 16.5487,1,16.66886,0,,
12.577495564954, 19.0208,12.5783777649776, 18.026,1,16.67257,0,,
12.5934377652447, 15.1079,12.5936949652532, 15.3588,1,16.6701,0,,
12.6093747651466, 16.1498,12.6096187651419, 16.6245,1,16.66928,0,,
12.625865365233, 16.9732,12.6266018652532, 16.3315,1,16.66976,0,,
12.6438239651907, 17.2658,12.6440717651858, 17.3968,1,16.67069,0,,
12.6592999650311, 15.7118,12.6595526650344, 16.1295,1,16.6692,0,,
12.6760264648037, 17.276,12.6768367648037, 16.6676,1,16.67014,0,,
12.6925951647572, 16.6697,12.6935932647903, 16.8135,1,16.67014,0,,
12.7097196645773, 16.2523,12.7099371645745, 17.0039,1,16.66949,0,,
12.7259932646848, 16.4604,12.7262722646847, 16.2125,1,16.66917,0,,
12.7428307646624, 17.5831,12.7438458647084, 16.9288,1,16.67059,0,,
12.760075464801, 17.1583,12.7609623648023, 17.2155,1,16.67134,0,,
12.7914519646583, 30.5956,12.7916595646529, 31.2094,1,16.6929,0,,
12.8036265644187, 12.1071,12.8038268644159, 12.4931,1,16.68581,0,,
12.8092624643614, 7.6098,12.8113226644491, 6.5748,1,16.6718,0,,
12.8256610645039, 15.1271,12.8263953645073, 15.0456,1,16.66942,0,,
12.84270546466, 17.3068,12.8437503647001, 18.0414,1,16.6704,0,,
12.8592060646479, 15.5531,12.8594062646443, 15.787,1,16.66869,0,,
12.8759911647503, 17.6774,12.8769587647257, 16.7838,1,16.67023,0,,
12.8938153644121, 17.5847,12.8946060644375, 17.6574,1,16.67163,0,,
12.909780064525, 15.3943,12.909980864526, 15.9024,1,16.66968,0,,
12.9258714645257, 16.0444,12.9260744645289, 16.4649,1,16.66873,0,,
12.9430315644568, 17.0917,12.9432315644517, 16.2509,1,16.66937,0,,
12.9600818643812, 17.0838,12.9602817643754, 17.0549,1,16.67,0,,
12.9770685641706, 17.0534,12.9772688641679, 17.5525,1,16.67058,0,,
12.9923818639363, 15.4123,12.9926012639335, 15.3925,1,16.66867,0,,
13.0097485636652, 17.9353,13.0105412636476, 17.4073,1,16.67059,0,,
13.0273039637104, 16.8165,13.0275037637039, 16.8817,1,16.67081,0,,
13.0430993635237, 15.947,13.0433427635289, 16.4164,1,16.66972,0,,
13.0594480635191, 16.3328,13.0596481635148, 16.2277,1,16.66921,0,,
13.0759298635967, 17.2228,13.0768588635692, 16.6528,1,16.67005,0,,
13.0936826633697, 16.9263,13.0938825633639, 17.6577,1,16.67043,0,,
13.1091881630709, 15.4727,13.1093880630651, 15.7142,1,16.66863,0,,
13.1264344630472, 18.2134,13.1275100630883, 17.5072,1,16.67095,0,,
13.1463648631179, 18.9012,13.1465886631195, 18.8541,1,16.67429,0,,
13.1600350629888, 13.6926,13.1603003630007, 13.7525,1,16.66983,0,,
13.1760310629033, 16.0063,13.1762180629012, 16.6512,1,16.66884,0,,
13.1936094629491, 18.2247,13.1943117629417, 17.2894,1,16.67116,0,,
13.2106664629391, 16.3806,13.2109149629396, 16.6128,1,16.67073,0,,
13.2264032629464, 15.7874,13.2266035629436, 16.4101,1,16.66941,0,,
13.2428736627917, 16.6044,13.2430737627874, 16.4253,1,16.66932,0,,
13.2592809627822, 17.2805,13.2603498627723, 16.6536,1,16.67022,0,,
13.2760945628979, 16.5041,13.2768878628849, 16.5205,1,16.66998,0,,
13.2926529628312, 15.8529,13.2928531628277, 16.577,1,16.66877,0,,
13.3091634625598, 17.5589,13.3103038625122, 16.7631,1,16.67008,0,,
13.326025862305, 16.681,13.3269515623106, 16.7556,1,16.6701,0,,
13.3438799619762, 16.966,13.3441083619691, 17.1627,1,16.67054,0,,
13.3599426618166, 16.1342,13.3601544618141, 17.1218,1,16.66975,0,,
13.376618461727, 17.2874,13.3773710617534, 16.1769,1,16.67065,0,,
13.3927855617076, 16.1828,13.3935135617212, 16.1755,1,16.66994,0,,
13.4104223616887, 16.9574,13.4106900616898, 17.6656,1,16.67036,0,,
13.4261113616667, 15.7672,13.4262953616708, 15.6373,1,16.66904,0,,
13.4428422613128, 17.3632,13.4437414612912, 16.7912,1,16.67005,0,,
13.4596927615203, 17.0158,13.4607119614811, 16.9209,1,16.67056,0,,
13.4771505613608, 16.5956,13.477350261368, 17.3463,1,16.67045,0,,
13.4934716612333, 16.312,13.493671161239, 16.3487,1,16.66993,0,,
13.5102697610128, 17.6498,13.511217561012, 16.9964,1,16.67135,0,,
13.5264955608, 16.0181,13.5272731607838, 16.0019,1,16.6704,0,,
13.544119260594, 16.9629,13.5443640605954, 17.6987,1,16.67082,0,,
13.5600793604681, 16.0546,13.5602860604704, 16.169,1,16.66994,0,,
13.5774879602977, 18.0831,13.5783175602701, 17.1689,1,16.67197,0,,
13.5930475602945, 15.4755,13.5937658602925, 15.3998,1,16.67025,0,,
13.609306059996, 15.6971,13.6095252599916, 16.3797,1,16.66885,0,,
13.6264791599679, 17.7739,13.6272718599503, 17.1348,1,16.67044,0,,
13.6437402597367, 17.5607,13.6447968597495, 17.6778,1,16.67171,0,,
13.6606108596316, 16.0194,13.6608798596426, 16.7281,1,16.67078,0,,
13.676439059418, 16.497,13.6773117594275, 15.6661,1,16.67053,0,,
13.6938048593875, 17.5912,13.6949107594264, 17.6124,1,16.67184,0,,
13.7112798596208, 16.4035,13.7115373596316, 17.0926,1,16.67146,0,,
13.7275211596716, 16.2684,13.7277882596682, 16.548,1,16.67089,0,,
13.7433400597074, 16.8085,13.7444304597448, 15.7531,1,16.67108,0,,
13.7603931594203, 16.9982,13.7613888594351, 16.961,1,16.67155,0,,
13.777781959594, 16.4274,13.7780293595861, 17.3995,1,16.6712,0,,
13.793191959252, 15.443,13.7933824592474, 15.6308,1,16.66946,0,,
13.8099387592083, 17.6069,13.8108869592106, 16.6138,1,16.67079,0,,
13.8304064591794, 19.5484,13.8307467591803, 19.8399,1,16.67485,0,,
13.8438548593986, 13.6242,13.8440551593958, 13.8324,1,16.67055,0,,
13.8599699594197, 16.6236,13.8606804594165, 15.9966,1,16.67048,0,,
13.8781253596389, 17.5062,13.8783306596451, 17.6783,1,16.67166,0,,
13.8937143594958, 15.6555,13.8939160594891, 16.4491,1,16.67023,0,,
13.9101645596093, 17.0019,13.9109311596258, 16.1302,1,16.6707,0,,
13.9278645594459, 17.051,13.9280772594502, 17.1776,1,16.67123,0,,
13.9434658593091, 15.7007,13.943665859304, 16.281,1,16.66987,0,,
13.9607922594732, 17.2477,13.9609918594797, 16.7586,1,16.67068,0,,
13.9779361593683, 17.1194,13.9781763593637, 17.0728,1,16.67131,0,,
13.9934243591852, 15.5842,13.9936242591793, 16.0713,1,16.66979,0,,
14.0102006592788, 17.3484,14.0109808592824, 16.6926,1,16.67074,0,,
14.0276216593775, 16.7639,14.0278428593738, 16.8613,1,16.67087,0,,
14.0437869591406, 16.3265,14.0439874591393, 16.7503,1,16.67039,0,,
14.0611133589409, 17.1581,14.0611133589409, 16.4719,1,16.67106,0,,
14.0776395588036, 16.5237,14.0778844588058, 16.8498,1,16.67086,0,,
14.0937183587957, 16.0866,14.0939194587991, 16.7555,1,16.67005,0,,
14.1110903587105, 18.1179,14.1119561587257, 17.4386,1,16.67205,0,,
14.1299672587338, 18.1288,14.1303255587263, 18.4022,1,16.67405,0,,
14.1444605587603, 14.7287,14.1447663587605, 14.9411,1,16.67138,0,,
14.1602449587808, 16.2156,14.1609778587735, 15.553,1,16.67075,0,,
14.1786101585021, 17.714,14.1788097585086, 17.8215,1,16.67218,0,,
14.194609858474, 16.0307,14.1948741584783, 16.7386,1,16.67131,0,,
14.2103694583784, 15.7105,14.211071758371, 15.4916,1,16.66999,0,,
14.2280790585646, 18.7885,14.2293059585936, 18.374,1,16.67288,0,,
14.2438021588314, 15.4418,14.2447292588477, 15.4713,1,16.67121,0,,
14.2609509587928, 16.4806,14.2612951587944, 17.6846,1,16.67095,0,,
14.2772955585388, 16.3561,14.27762955855, 16.3746,1,16.67052,0,,
14.2941968589002, 17.8312,14.2954620588716, 16.6453,1,16.67209,0,,
14.3112321588123, 15.985,14.3114853588195, 15.8927,1,16.67116,0,,
14.3284609588154, 17.3316,14.3287579588068, 19.0316,1,16.67206,0,,
14.3443349587906, 15.7788,14.3446291587898, 15.0977,1,16.67085,0,,
14.3607332587126, 17.4131,14.3618273586617, 16.4013,1,16.67185,0,,
14.3776538585371, 15.8945,14.377867758536, 15.9898,1,16.6708,0,,
14.3946117586893, 16.9652,14.394925658693, 17.281,1,16.6712,0,,
14.4105718584178, 16.0436,14.4107719584135, 16.702,1,16.67036,0,,
14.4269347584195, 17.0042,14.4277523584169, 15.9644,1,16.6708,0,,
14.4444082582195, 16.7412,14.4446078582259, 16.6755,1,16.6709,0,,
14.4610742583754, 16.6991,14.4612738583819, 17.2944,1,16.67094,0,,
14.4770121583133, 15.9603,14.4773083583277, 16.5044,1,16.66999,0,,
14.4946018580376, 18.5142,14.4956309580739, 17.329,1,16.67245,0,,
14.5119931581576, 16.415,14.5122516581469, 16.5327,1,16.67211,0,,
14.527532158012, 15.7165,14.5278308580164, 16.5239,1,16.67083,0,,
14.5438766578154, 16.2708,14.5448151578021, 16.1675,1,16.6703,0,,
14.5602613574883, 17.4787,14.561506657541, 16.8405,1,16.67138,0,,
14.5777391576412, 17.4241,14.5789430576115, 17.2423,1,16.67237,0,,
14.5947985576204, 16.0283,14.5951088576257, 17.3894,1,16.67152,0,,
14.6111041576514, 16.4605,14.6127865576564, 16.3952,1,16.67124,0,,
14.6275107574329, 17.1362,14.6286839574022, 15.9156,1,16.67186,0,,
14.6440144576336, 16.7841,14.6453547575948, 16.7502,1,16.672,0,,
14.6608802576229, 15.6287,14.6610855576291, 16.2743,1,16.67063,0,,
14.6770116576226, 16.8846,14.6778551576426, 16.2267,1,16.67091,0,,
14.6943187576398, 17.5858,14.6955442576582, 17.7922,1,16.67211,0,,
14.7108542577917, 15.7096,14.7111854577815, 16.3404,1,16.67085,0,,
14.7272095576336, 16.2665,14.7281271576358, 16.0469,1,16.67032,0,,
14.7442782577273, 18.0812,14.7455978577636, 17.4923,1,16.67217,0,,
14.7622417576349, 16.8563,14.7625053576339, 17.4773,1,16.67241,0,,
14.7778948578343, 15.6707,14.7782112578279, 15.8296,1,16.6711,0,,
14.8156133575685, 38.7617,14.8167723575461, 38.3742,1,16.6999,0,,
14.8167723575461, 1.1501,14.8218408576067, 4.5162,1,16.67965,1,,
14.8264319575246, 11.058,14.8297673575435, 9.1467,1,16.67234,0,,
14.8442925578129, 15.4497,14.8444926578086, 14.3058,1,16.67076,0,,
14.8603105575603, 16.7253,14.8611712575366, 15.9864,1,16.67083,0,,
14.8771713575406, 17.3825,14.8785809575638, 17.4042,1,16.67175,0,,
14.8938526578422, 15.3599,14.8940524578356, 16.0735,1,16.67005,0,,
14.9104465576966, 16.6512,14.9115881576581, 16.8041,1,16.67003,0,,
14.9269994575588, 17.7804,14.9283182575891, 16.7725,1,16.67146,0,,
14.944490957525, 16.2249,14.9446908575192, 16.2989,1,16.67088,0,,
14.960708957602, 16.3215,14.9609623576107, 16.8001,1,16.67043,0,,
14.9774499575724, 16.5854,14.9784172575455, 16.9295,1,16.67032,0,,
14.9944387576979, 17.7724,14.9952294577233, 16.8505,1,16.67174,0,,
15.0114360575099, 16.2398,15.0116719575162, 17.2263,1,16.67118,0,,
15.0276030575333, 16.3127,15.0278029575275, 16.1918,1,16.67073,0,,
15.0449109577021, 17.7908,15.0457016577275, 17.0578,1,16.67216,0,,
15.061614357779, 16.7036,15.062345057755, 16.6298,1,16.6722,0,,
15.0782435578585, 16.0858,15.078443757855, 16.7766,1,16.67145,0,,
15.094283757935, 16.6448,15.0950250579335, 16.0376,1,16.67142,0,,
15.1108551577345, 16.8118,15.1118174577277, 16.6544,1,16.67159,0,,
15.1279141575797, 16.1457,15.1281140575738, 17.0547,1,16.67093,0,,
15.1447872575663, 17.6946,15.1456828575756, 16.9333,1,16.67223,0,,
15.1622960575332, 16.645,15.1625453575398, 16.7326,1,16.67219,0,,
15.1775641576387, 15.4541,15.1777643576352, 15.8038,1,16.67065,0,,
15.1958363575977, 18.1014,15.1960361575912, 17.6965,1,16.67246,0,,
15.2113568575296, 16.249,15.2121002575441, 16.1091,1,16.67192,0,,
15.2289883573249, 16.9264,15.2292095573212, 17.6522,1,16.67225,0,,
15.2446402572095, 15.6243,15.2456862572581, 15.7924,1,16.67093,0,,
15.2615274572454, 16.8974,15.2617279572441, 16.1941,1,16.67121,0,,
15.2781482573919, 16.7477,15.2784510573983, 17.3612,1,16.67131,0,,
15.2942977574858, 16.254,15.2945519574714, 16.275,1,16.67078,0,,
15.3107405573101, 17.2057,15.3117539573432, 16.2533,1,16.67145,0,,
15.3283099575201, 16.5794,15.3285096575273, 16.8184,1,16.67134,0,,
15.3456294575881, 17.4371,15.3458069575863, 17.9071,1,16.67229,0,,
15.3611965573655, 16.1261,15.361927857346, 15.6053,1,16.67161,0,,
15.3775278570829, 16.9409,15.3788458571071, 16.8366,1,16.67195,0,,
15.3947977569478, 15.9535,15.3949978569435, 16.6365,1,16.67105,0,,
15.4110248567886, 17.2014,15.4121108567924, 16.6665,1,16.67171,0,,
15.4286188565602, 16.6872,15.4288190565567, 16.6561,1,16.67173,0,,
15.4446612564643, 15.985,15.4448715564649, 16.6553,1,16.67088,0,,
15.4613274561416, 17.7362,15.4624541561061, 17.1037,1,16.6722,0,,
15.4780303559382, 16.648,15.4791415559012, 16.5615,1,16.67217,0,,
15.4953484559082, 16.3895,15.495548555904, 16.9954,1,16.67182,0,,
15.5144328556635, 19.6497,15.5152053556667, 19.214,1,16.6755,0,,
15.5279999558261, 13.8849,15.5290766558755, 13.7067,1,16.67206,0,,
15.544704855798, 15.914,15.5449543558061, 16.4834,1,16.67112,0,,
15.5611663559976, 16.9487,15.5619689559971, 16.4805,1,16.67146,0,,
15.5788851560064, 17.0804,15.5790845560114, 17.0252,1,16.67197,0,,
15.5954687561607, 16.6091,15.5956684561679, 17.1633,1,16.67189,0,,
15.6120607560879, 16.7466,15.6122780560836, 16.7471,1,16.67198,0,,
15.6276773557765, 16.4022,15.6287275557406, 15.8912,1,16.67165,0,,
15.6451593559177, 17.2852,15.6459727559413, 17.2093,1,16.6724,0,,
15.6616215559188, 16.402,15.662408155913, 16.4125,1,16.67207,0,,
15.6782946559833, 16.0193,15.6785183559841, 16.8617,1,16.67127,0,,
15.6946981560322, 17.1325,15.6955436560092, 16.2613,1,16.67184,0,,
15.7121647557506, 16.6722,15.7123653557501, 16.8033,1,16.67184,0,,
15.7292350555799, 17.1118,15.7294566555793, 17.6635,1,16.67237,0,,
15.7447295554157, 15.5455,15.7455325554183, 15.4115,1,16.671,0,,
15.7618619551795, 17.8675,15.762726355184, 17.1598,1,16.67245,0,,
15.7792099548387, 16.5175,15.7794538548333, 17.3774,1,16.67227,0,,
15.7946832545131, 15.5152,15.7948833545088, 15.571,1,16.67087,0,,
15.8114300543966, 17.6783,15.8124848543957, 17.0775,1,16.67208,0,,
15.8279298544367, 16.7133,15.8291678544338, 16.5016,1,16.67213,0,,
15.8452694545122, 16.9107,15.8460558545048, 16.9018,1,16.67242,0,,
15.8617380545766, 15.9267,15.8620157545665, 16.5316,1,16.67152,0,,
15.8779672546661, 16.106,15.8790966546512, 16.4756,1,16.67085,0,,
15.8955907545605, 17.5088,15.8958305545675, 16.7394,1,16.67185,0,,
15.9122593546635, 16.6973,15.9125267546624, 17.4281,1,16.67188,0,,
15.9281377545994, 15.928,15.9283371546044, 16.0333,1,16.67099,0,,
15.9450164545706, 17.5286,15.9457724545646, 16.5153,1,16.67202,0,,
15.9620770545152, 16.339,15.9623186545214, 16.6013,1,16.67162,0,,
15.9790446542465, 17.139,15.9793198542466, 17.4959,1,16.67218,0,,
15.9951389539638, 16.6827,15.9959519539843, 16.0397,1,16.67219,0,,
16.0121940540266, 17.4415,16.0134453540086, 17.5186,1,16.67311,0,,
16.0288423537713, 15.6551,16.0290419537778, 16.1,1,16.67189,0,,
16.0455799538904, 16.5828,16.0458626538893, 17.2029,1,16.67179,0,,
16.0618529539788, 17.062,16.0626723539899, 15.8159,1,16.67225,0,,
16.0785743539454, 16.7499,16.0794488539686, 16.9686,1,16.67234,0,,
16.0956059540331, 16.2714,16.0958305540262, 17.0068,1,16.67187,0,,
16.1117736536835, 16.678,16.1124766536814, 15.9438,1,16.67188,0,,
16.1292383536638, 16.9131,16.129437653668, 16.8869,1,16.67216,0,,
16.1450718533742, 16.7004,16.1459793533577, 17.2504,1,16.67219,0,,
16.1618576533947, 15.926,16.1620894533989, 16.5198,1,16.67131,0,,
16.178280953347, 17.294,16.1792066533526, 15.96,1,16.67205,0,,
16.1955970534473, 17.0534,16.1963097534608, 17.22,1,16.6725,0,,
16.2128649534425, 16.795,16.2130647534359, 17.2665,1,16.67264,0,,
16.2282831533666, 15.3488,16.229143853343, 15.4851,1,16.67109,0,,
16.2450433532213, 17.5771,16.2459642532485, 16.7873,1,16.67215,0,,
16.26207055329, 17.019,16.2630238532729, 17.6517,1,16.67255,0,,
16.2784053531359, 15.4531,16.2786625531444, 15.8136,1,16.67113,0,,
16.2948934532033, 17.6348,16.2960978531773, 17.0047,1,16.67225,0,,
16.312417553243, 16.3707,16.3126516532502, 16.2636,1,16.6719,0,,
16.3289046535501, 16.6821,16.3292028535507, 17.1354,1,16.67191,0,,
16.3454296534619, 16.3593,16.3464497534296, 16.6696,1,16.67155,0,,
16.361921353091, 17.1902,16.3626725531067, 16.2631,1,16.67215,0,,
16.3791873532318, 16.5565,16.3794301532325, 16.7274,1,16.67202,0,,
16.3949716530915, 15.849,16.3951713530987, 16.5873,1,16.67106,0,,
16.4121008532675, 17.8384,16.4129357532802, 16.8624,1,16.67242,0,,
16.4285402531241, 16.4041,16.4293753531383, 16.5591,1,16.67211,0,,
16.4458978529583, 16.7507,16.4462327529473, 17.7681,1,16.6722,0,,
16.4619765528332, 16.6197,16.462728552855, 15.4299,1,16.67214,0,,
16.4784955529321, 16.9411,16.4796303529583, 16.9403,1,16.67245,0,,
16.4981262529327, 18.5624,16.4984301529184, 19.468,1,16.67462,0,,
16.5123154527828, 14.2148,16.5130499527877, 13.9404,1,16.67179,0,,
16.5285236529162, 17.1449,16.5296450529568, 16.6494,1,16.67234,0,,
16.5462084529572, 16.8086,16.5464439529605, 17.3738,1,16.67249,0,,
16.5626762530155, 16.9848,16.5634677529888, 16.4584,1,16.67285,0,,
16.5787285529077, 16.4652,16.579812252894, 16.5554,1,16.67261,0,,
16.5961891526676, 16.5286,16.5964470526815, 17.1085,1,16.67245,0,,
16.6117764527589, 15.5388,16.6125483527576, 15.4597,1,16.67116,0,,
16.6288200523995, 18.0325,16.6300293524109, 17.4749,1,16.67271,0,,
16.6464585522772, 16.6136,16.6467372522748, 17.3276,1,16.67264,0,,
16.6630551520939, 17.2468,16.6638096520765, 16.3645,1,16.67329,0,,
16.6799166519195, 16.1776,16.6801161519252, 16.3224,1,16.67273,0,,
16.6963666521042, 16.5884,16.6965661521099, 17.0251,1,16.67263,0,,
16.712375251911, 16.632,16.7132098519214, 16.0565,1,16.67259,0,,
16.7286961520003, 16.5065,16.7296752520051, 16.7317,1,16.6724,0,,
16.7478944519535, 18.2534,16.748132751949, 18.9497,1,16.67419,0,,
16.7631110520451, 15.8493,16.7638177520712, 14.94,1,16.67326,0,,
16.7791810520139, 16.4408,16.7802208520152, 16.3916,1,16.67299,0,,
16.7994743518502, 19.3156,16.7997912518476, 20.3014,1,16.67597,0,,
16.8119957520248, 12.5192,16.8129049520212, 12.4191,1,16.67129,0,,
16.8295462520036, 17.5221,16.8297466520016, 16.8922,1,16.67225,0,,
16.8480771517497, 18.6665,16.8483444517478, 19.1832,1,16.67449,0,,
16.862859451765, 15.3514,16.8636287517438, 14.613,1,16.673,0,,
16.8788421516219, 16.4027,16.8799962516787, 16.4692,1,16.6727,0,,
16.8965300517157, 16.5827,16.8967813517083, 17.4261,1,16.6726,0,,
16.9121034517593, 15.7154,16.9123189517559, 15.4233,1,16.67153,0,,
16.9287979514338, 17.613,16.92991615145, 16.9042,1,16.67258,0,,
16.9459672514349, 16.1705,16.9462175514491, 16.9515,1,16.67202,0,,
16.962053551586, 16.1337,16.9622534515802, 16.0394,1,16.67142,0,,
16.9788123517792, 17.6982,16.9799373517308, 17.0849,1,16.67257,0,,
16.9963015514222, 16.4236,16.9965012514294, 16.5142,1,16.67229,0,,
17.0124668512581, 16.2197,17.0127064512635, 16.8079,1,16.67179,0,,
17.0288239514048, 16.3549,17.030024951353, 16.9302,1,16.67143,0,,
17.04595055143, 17.829,17.0467353514105, 16.574,1,16.67272,0,,
17.0631858514244, 16.5492,17.0633858514193, 17.2106,1,16.67258,0,,
17.0788816512359, 15.7895,17.0791177512292, 16.0962,1,16.6716,0,,
17.095779651223, 17.3691,17.0965805512096, 16.5428,1,16.67237,0,,
17.1125429510284, 16.8216,17.1133519510186, 16.7983,1,16.67254,0,,
17.1296823510929, 16.4879,17.1299342510902, 17.1332,1,16.67233,0,,
17.1459103511152, 16.9372,17.1467085511395, 16.1763,1,16.67263,0,,
17.1623892508796, 16.7374,17.1634342509205, 16.6913,1,16.6727,0,,
17.1792804510624, 16.0067,17.1794800510688, 16.6117,1,16.67197,0,,
17.1968964510015, 17.4855,17.1970962509949, 17.1053,1,16.67286,0,,
17.2163869507349, 20.4746,17.2173916507018, 20.2482,1,16.67703,0,,
17.2294725504325, 12.2639,17.2296725504275, 12.9677,1,16.67219,0,,
17.2455499502394, 15.9017,17.2463095502608, 16.0044,1,16.67135,0,,
17.2633077505016, 17.7455,17.2635505505023, 17.2262,1,16.67253,0,,
17.2800676501793, 16.7942,17.2803213501902, 17.3727,1,16.67266,0,,
17.2956758500222, 15.6101,17.2958760500187, 15.6112,1,16.6715,0,,
17.3129355498531, 18.2122,17.3139643498871, 17.3508,1,16.67318,0,,
17.330276849767, 16.3828,17.3304768497619, 16.5634,1,16.67286,0,,
17.3477878500998, 17.5669,17.3479875501071, 18.0692,1,16.67383,0,,
17.3632315501891, 15.399,17.3633987501962, 15.7961,1,16.67245,0,,
17.3793961503252, 16.8539,17.3801433503104, 15.8926,1,16.67265,0,,
17.3960639502475, 16.6527,17.3968529502599, 16.7249,1,16.67262,0,,
17.4133358504769, 16.7937,17.4136106504739, 17.2952,1,16.67275,0,,
17.4294381501677, 16.5893,17.4302012501576, 15.9883,1,16.67266,0,,
17.4461164500244, 16.8166,17.4470653500321, 16.8278,1,16.67282,0,,
17.4634222500317, 16.5434,17.4636222500267, 17.0398,1,16.67268,0,,
17.4803052499628, 16.9152,17.4805926499685, 17.0651,1,16.67294,0,,
17.496697750059, 17.2073,17.4976844500052, 16.4966,1,16.67352,0,,
17.5140773499297, 16.4607,17.5142770499369, 16.7984,1,16.67329,0,,
17.5303967497312, 16.3309,17.5306532497343, 16.321,1,16.67292,0,,
17.5460291497293, 15.6516,17.5462288497365, 16.0951,1,16.67183,0,,
17.5636338495533, 17.5697,17.5638336495467, 17.0069,1,16.67279,0,,
17.5796366496361, 17.0676,17.5807206496247, 16.7886,1,16.67321,0,,
17.5956646493432, 15.0234,17.5958650493412, 15.7726,1,16.67145,0,,
17.6130529491638, 18.0697,17.6138473491592, 17.3203,1,16.67294,0,,
17.629592949088, 16.7244,17.6305385490705, 16.694,1,16.67299,0,,
17.6467402490525, 16.2394,17.6469867490669, 17.0529,1,16.67253,0,,
17.6628265489417, 16.198,17.6630266489374, 16.1717,1,16.67203,0,,
17.67972004888, 17.8147,17.6807975489355, 17.17,1,16.67324,0,,
17.6966611487005, 15.9084,17.6969366487028, 16.7955,1,16.67243,0,,
17.7128434485785, 16.1481,17.7130468485848, 15.9579,1,16.67187,0,,
17.7313444487809, 19.5709,17.7324445487757, 18.8876,1,16.67495,0,,
17.7470047487877, 15.3161,17.7477344488143, 15.1901,1,16.67351,0,,
17.7642838487955, 16.7468,17.7644835488027, 17.4076,1,16.67359,0,,
17.7799335485906, 15.6373,17.7802092485945, 15.9671,1,16.67249,0,,
17.79621494819, 16.9664,17.7970894482132, 16.039,1,16.6728,0,,
17.8137898478599, 16.7357,17.8140120478638, 17.9022,1,16.67287,0,,
17.829481147739, 15.8598,17.8296926477342, 15.4268,1,16.67201,0,,
17.8461089475459, 17.214,17.8470017475338, 16.6189,1,16.67258,0,,
17.862790747793, 16.8359,17.8637707478047, 16.7188,1,16.67275,0,,
17.8794047475967, 15.7581,17.8796108475944, 16.3501,1,16.67179,0,,
17.8956925474922, 17.1449,17.8966263475013, 16.45,1,16.67229,0,,
17.9144183474709, 17.7928,17.9146459474723, 18.0392,1,16.67346,0,,
17.930185847159, 15.7939,17.9303863471578, 16.3767,1,16.67254,0,,
17.9463256469317, 16.1889,17.9470999469486, 16.1094,1,16.67204,0,,
17.9630819471349, 17.6272,17.964040647159, 16.9976,1,16.67303,0,,
17.9804941471375, 16.6197,17.9806941471325, 17.3011,1,16.67298,0,,
17.9966058470309, 16.1276,17.9968053470366, 16.1299,1,16.67241,0,,
18.0138970470871, 18.1677,18.0149666470825, 17.4547,1,16.67397,0,,
18.0303786469885, 15.4418,18.0306139469903, 15.6203,1,16.67269,0,,
18.0469072469423, 16.5777,18.047126846941, 17.1702,1,16.67259,0,,
18.0651061468525, 19.2082,18.0662094468717, 18.418,1,16.67522,0,,
18.0800257468654, 14.6371,18.080817946844, 14.5783,1,16.67311,0,,
18.0979032467585, 17.1686,18.0981029467657, 18.1902,1,16.67362,0,,
18.1133482466394, 15.6075,18.1136200466426, 15.3574,1,16.67251,0,,
18.1297355469142, 17.233,18.1308491468953, 16.6016,1,16.67309,0,,
18.1467145470524, 16.8347,18.1477179470094, 16.881,1,16.67326,0,,
18.1635285468656, 15.8824,18.163728746862, 16.6116,1,16.67245,0,,
18.1799370465887, 17.0788,18.1807112466049, 16.298,1,16.67286,0,,
18.1977822465124, 17.1758,18.1980591465253, 17.3902,1,16.67338,0,,
18.2133181460958, 15.6461,18.2135183460923, 15.9983,1,16.67233,0,,
18.229986345832, 17.4265,18.2308902458462, 16.8214,1,16.6731,0,,
18.2474491458415, 16.5874,18.2476494458388, 16.7239,1,16.67301,0,,
18.2638448457001, 16.3985,18.264133745688, 17.1595,1,16.67273,0,,
18.2811108455207, 17.276,18.2813108455157, 16.4306,1,16.67335,0,,
18.2976598453242, 16.5519,18.2979089453293, 16.9929,1,16.67322,0,,
18.3134578454337, 15.8817,18.3136579454294, 16.0213,1,16.67241,0,,
18.3303913453419, 17.6679,18.331254245335, 16.9362,1,16.67343,0,,
18.3481071454298, 16.8886,18.3483264454262, 17.1132,1,16.67365,0,,
18.3635980455583, 15.5159,18.3637517455645, 16.042,1,16.67247,0,,
18.3801307453396, 17.3239,18.3809841453185, 16.5746,1,16.67313,0,,
18.396653145217, 16.7073,18.3976677452592, 16.7422,1,16.67317,0,,
18.4141896450747, 16.6281,18.414460145068, 17.3055,1,16.67312,0,,
18.4301886450558, 16.641,18.431065145036, 16.1833,1,16.67309,0,,
18.4466962447768, 16.7467,18.4476902447786, 16.7069,1,16.67316,0,,
18.4639155451005, 16.2577,18.4641466450994, 16.8861,1,16.67274,0,,
18.4801908451918, 16.4038,18.4803919451952, 16.2796,1,16.67247,0,,
18.513755244785, 33.4398,18.5145192447817, 33.441,1,16.68943,0,,
18.5303778448433, 17.3965,18.5311859448266, 16.7022,1,16.69014,0,,
18.5481345446169, 16.9777,18.5483825446136, 17.7979,1,16.69043,0,,
18.5634225443355, 15.389,18.563634344333, 15.2767,1,16.68912,0,,
18.5805147442879, 17.7666,18.5813370442629, 17.0144,1,16.6902,0,,
18.5977458440902, 16.4602,18.5979453440959, 16.8165,1,16.68997,0,,
18.6136307436827, 15.9446,18.6138633436785, 16.4821,1,16.68922,0,,
18.6303713437082, 17.486,18.6311980437167, 16.6031,1,16.69002,0,,
18.6483666434797, 17.1895,18.6485661434854, 17.3732,1,16.69052,0,,
18.6637162435945, 15.4816,18.6639161435887, 16.0013,1,16.68931,0,,
18.680443143312, 17.3188,18.6812401433272, 16.6603,1,16.68994,0,,
18.6967217432102, 16.5004,18.697700843215, 16.4567,1,16.68975,0,,
18.7144914431556, 16.8379,18.7147392431507, 17.7222,1,16.6899,0,,
18.7302759433951, 15.8133,18.7304760433908, 15.6742,1,16.68903,0,,
18.7471267435321, 17.8722,18.7482653435873, 17.3768,1,16.69021,0,,
18.764029043552, 16.7101,18.7649363435339, 16.5856,1,16.69023,0,,
18.7821832435002, 17.3388,18.7823840435012, 17.4014,1,16.69087,0,,
18.7971170434321, 14.9982,18.7973219434352, 15.7593,1,16.68919,0,,
18.8136880433449, 17.1635,18.8144739433337, 16.3118,1,16.68966,0,,
18.8306535431038, 17.1376,18.8315733431227, 17.0072,1,16.6901,0,,
18.8481886430236, 16.6461,18.8485659430153, 17.7856,1,16.69006,0,,
18.863516542915, 15.3891,18.8637166429107, 15.0416,1,16.68877,0,,
18.8799320428807, 17.1191,18.8807656428835, 16.4806,1,16.6892,0,,
18.8972607427859, 17.6571,18.898399742844, 17.8505,1,16.69015,0,,
18.9153234426194, 16.9945,18.915608342606, 17.577,1,16.69045,0,,
18.9306722427282, 15.3025,18.9308383427269, 15.1767,1,16.68909,0,,
18.9478602426971, 18.33,18.9490526426962, 17.56,1,16.6907,0,,
18.9639359424473, 15.6009,18.9646961424733, 15.682,1,16.68963,0,,
18.9804600425559, 15.8848,18.9807202425582, 16.0286,1,16.68884,0,,
18.9971715423162, 16.7211,18.9973717423127, 17.247,1,16.68887,0,,
19.0136618422548, 17.1742,19.0144113422575, 16.4736,1,16.68935,0,,
19.0319575421163, 17.6295,19.0321572421235, 17.764,1,16.69027,0,,
19.047401441785, 15.6748,19.047690341773, 16.4167,1,16.68927,0,,
19.0641153416364, 16.5243,19.0649694416206, 16.3637,1,16.68911,0,,
19.0812361414428, 17.0456,19.08143584145, 16.4395,1,16.68946,0,,
19.0976718414749, 16.4427,19.097922541463, 17.1825,1,16.68922,0,,
19.1179020411655, 20.2927,19.1187036411575, 20.0881,1,16.69274,0,,
19.1304271410627, 13.5207,19.1315202411206, 12.8303,1,16.68964,0,,
19.1484818410099, 17.0762,19.1487312410172, 17.8637,1,16.69002,0,,
19.1643210408656, 15.7783,19.1650482408731, 15.6533,1,16.68913,0,,
19.18062564102, 17.5391,19.1819114410318, 16.9269,1,16.68996,0,,
19.198873640853, 17.0213,19.199140540848, 17.8111,1,16.69028,0,,
19.2139093409642, 15.2275,19.2141663409711, 15.0258,1,16.68886,0,,
19.2307960407052, 17.7222,19.2318967407045, 17.094,1,16.68986,0,,
19.2475625405932, 16.5449,19.2484316405753, 16.583,1,16.68972,0,,
19.2638527402451, 16.4058,19.2648802402691, 16.5309,1,16.68945,0,,
19.281020640221, 16.2177,19.2812225402158, 17.2558,1,16.68899,0,,
19.2973874403251, 17.0907,19.2981851403456, 15.8954,1,16.68938,0,,
19.3140535403654, 16.8092,19.3149553403637, 16.958,1,16.6895,0,,
19.3305957403645, 16.6152,19.3315684403788, 16.4344,1,16.68942,0,,
19.3483273400634, 16.8319,19.3485586400639, 17.5554,1,16.68956,0,,
19.3646627398994, 16.3607,19.3648629398958, 16.2961,1,16.68925,0,,
19.3816889399168, 16.9458,19.381888839911, 16.4697,1,16.68949,0,,
19.3974042396294, 16.4186,19.3981232396327, 16.2883,1,16.68923,0,,
19.4148061397718, 16.7934,19.415023039779, 17.6492,1,16.68933,0,,
19.4311064396024, 16.2258,19.4313115396071, 16.3039,1,16.68889,0,,
19.4475697393646, 17.1409,19.448300239339, 16.2336,1,16.68932,0,,
19.4645432393008, 16.2617,19.4647989392979, 16.4269,1,16.68891,0,,
19.4822348390444, 17.8328,19.4824504390417, 18.2998,1,16.69,0,,
19.4980807391403, 16.5255,19.4990337391209, 15.9758,1,16.68985,0,,
19.514133438759, 16.2408,19.5151492388104, 16.1012,1,16.68942,0,,
19.5314090387983, 16.408,19.5316289387993, 17.087,1,16.68915,0,,
19.5477750388964, 16.3736,19.5480586389021, 16.6072,1,16.68885,0,,
19.564263938737, 17.4903,19.5654390387208, 16.6919,1,16.68961,0,,
19.5804536387877, 15.9008,19.5813237387774, 15.7462,1,16.68886,0,,
19.5976077386149, 16.4788,19.5978853386041, 17.2351,1,16.68866,0,,
19.6144566386793, 16.6855,19.6154619386507, 16.9212,1,16.68866,0,,
19.630692038525, 16.9615,19.6314448385529, 15.9618,1,16.68892,0,,
19.6494849382434, 18.0887,19.6497061382397, 18.9345,1,16.69024,0,,
19.6647304383368, 15.2427,19.6649310383364, 15.554,1,16.68888,0,,
19.6811508384417, 17.1113,19.6819956384134, 16.1514,1,16.68928,0,,
19.698343738477, 16.5306,19.69855053848, 16.7037,1,16.68913,0,,
19.7144063386804, 16.1628,19.7145940386836, 16.4972,1,16.68863,0,,
19.7307277387299, 16.9592,19.731647038745, 16.3795,1,16.68888,0,,
19.7488920389005, 17.371,19.7490928389016, 17.4599,1,16.68953,0,,
19.7647397387773, 15.9829,19.7649396387715, 16.3588,1,16.68886,0,,
19.7813845386117, 17.3685,19.7822821386362, 16.7735,1,16.6895,0,,
19.8024905383209, 20.2447,19.8027579383197, 20.5467,1,16.69283,0,,
19.8147272385104, 12.424,19.8149434385123, 12.7976,1,16.68883,0,,
19.8311806383717, 16.9891,19.8320614383847, 16.5962,1,16.68912,0,,
19.8474272384774, 16.5206,19.8484479384497, 16.4724,1,16.68896,0,,
19.8646635386249, 16.2592,19.8649319386313, 16.9762,1,16.68855,0,,
19.8807125385065, 16.0863,19.880912738503, 15.977,1,16.68799,0,,
19.8974737382086, 17.6835,19.8984925381665, 16.9367,1,16.68892,0,,
19.9148670382274, 16.4128,19.9150911382312, 16.5728,1,16.68866,0,,
19.9315714380064, 16.8021,19.9317851380038, 17.2188,1,16.68877,0,,
19.9480014377768, 16.4196,19.9490418377827, 16.7034,1,16.68852,0,,
19.9640833377052, 16.6933,19.9648865377094, 15.8588,1,16.68852,0,,
19.9817428375682, 17.0974,19.9819427375623, 17.6186,1,16.6889,0,,
19.9977102376288, 15.9964,19.9979102376237, 16.3726,1,16.68826,0,,
20.0152503377467, 17.3821,20.0154501377401, 16.6391,1,16.6889,0,,
20.0322664375271, 17.0098,20.0325146375253, 17.0109,1,16.6892,0,,
20.0490767375013, 17.0157,20.0493559375027, 17.4609,1,16.6895,0,,
20.064978037437, 16.3227,20.0657450374565, 15.7422,1,16.68917,0,,
20.0813905376417, 16.7152,20.0823407376593, 16.5863,1,16.68919,0,,
20.0987896378065, 16.5559,20.0989892378129, 17.2558,1,16.68907,0,,
20.1144461377116, 15.7627,20.1146593377052, 15.7584,1,16.68821,0,,
20.131353237477, 17.6964,20.1323926374753, 17.0442,1,16.68914,0,,
20.1481530374731, 16.5548,20.1489092374686, 16.662,1,16.68902,0,,
20.1663039373525, 17.4298,20.1665514373453, 17.567,1,16.6897,0,,
20.1815390372649, 15.3806,20.1817894372507, 16.039,1,16.6885,0,,
20.1984349370614, 17.7282,20.1994659371121, 16.8098,1,16.68945,0,,
20.2158452371223, 16.4257,20.2160949371319, 16.6342,1,16.68921,0,,
20.2320248369506, 16.3969,20.2323020369367, 16.8084,1,16.68894,0,,
20.2478705368121, 15.7627,20.2487936367979, 15.8479,1,16.68809,0,,
20.2650337369123, 17.8557,20.2658923369308, 17.0837,1,16.68916,0,,
20.2824473368964, 16.5911,20.2826925369009, 17.4211,1,16.68907,0,,
20.2979707366903, 15.5407,20.2982635366789, 15.7329,1,16.68802,0,,
20.3148733368289, 17.6048,20.3156638368528, 16.6406,1,16.68886,0,,
20.3317896369263, 17.097,20.3328125369153, 17.4602,1,16.68923,0,,
20.3485333365534, 16.5082,20.349280336537, 16.2323,1,16.68907,0,,
20.3670142363117, 17.8851,20.3672147363104, 18.474,1,16.69015,0,,
20.3819095363724, 15.6451,20.3828854363528, 15.093,1,16.6892,0,,
20.3983203363314, 16.3949,20.3991577363049, 16.2883,1,16.68894,0,,
20.4156836364127, 16.5615,20.4159378363984, 16.8129,1,16.68882,0,,
20.4310892365465, 15.5855,20.4313043365401, 16.1658,1,16.68782,0,,
20.4479314362979, 17.5796,20.4488799363025, 16.7007,1,16.68863,0,,
20.4644284360547, 16.4129,20.4653013360657, 16.674,1,16.68838,0,,
20.4828643361252, 17.5953,20.4831192361162, 18.321,1,16.6892,0,,
20.4987227361416, 15.8469,20.498907236135, 15.6365,1,16.68844,0,,
20.5149121359864, 16.9914,20.5157688359905, 16.3022,1,16.68871,0,,
20.5314535358775, 16.7278,20.5324558358261, 16.5755,1,16.68875,0,,
20.5488912358269, 16.5801,20.5490912358218, 17.2638,1,16.68865,0,,
20.5652412359486, 16.3408,20.5654645359464, 16.4608,1,16.68834,0,,
20.5814351358567, 16.9848,20.5824010358774, 16.3026,1,16.6886,0,,
20.599100135878, 16.7692,20.5992999358714, 16.8808,1,16.68867,0,,
20.6154672354896, 16.4251,20.6156671354838, 16.5367,1,16.68844,0,,
20.6315636355575, 16.0336,20.6317270355503, 16.8901,1,16.68785,0,,
20.6486275353382, 17.9036,20.6495356353262, 16.7917,1,16.68894,0,,
20.6659808352269, 16.5042,20.666212735232, 16.7637,1,16.68877,0,,
20.68175183532, 16.7438,20.6827833353746, 17.2047,1,16.68882,0,,
20.6986268350738, 16.0172,20.6988360350806, 16.0463,1,16.68822,0,,
20.7149099348026, 16.8039,20.7156913348153, 16.1521,1,16.68833,0,,
20.7325928346836, 17.0867,20.732792634677, 17.0955,1,16.68868,0,,
20.7487424346909, 16.9036,20.749548934662, 16.7638,1,16.68887,0,,
20.7675356344407, 18.0967,20.7678217344364, 19.0637,1,16.69013,0,,
20.7830333342863, 15.4584,20.784078434328, 15.4838,1,16.68903,0,,
20.7988834343851, 16.5767,20.7996865343885, 15.5681,1,16.68893,0,,
20.8289865342813, 29.4635,20.8291867342778, 30.2746,1,16.70027,0,,
20.8291867342778, 3.2948,20.8344280342571, 5.5559,1,16.68838,1,,
20.8483851341734, 16.7556,20.8492169341625, 13.7014,1,16.68844,0,,
20.8650376342266, 16.6347,20.8658347342425, 16.6464,1,16.68839,0,,
20.8823782339023, 16.6573,20.8826188339008, 17.4269,1,16.68837,0,,
20.8982240340265, 16.4317,20.8989672340394, 15.8359,1,16.68814,0,,
20.9146588341246, 17.0635,20.915989534129, 17.1065,1,16.68847,0,,
20.9323198337806, 16.3652,20.9325744337693, 16.3521,1,16.68819,0,,
20.9487969337642, 16.4693,20.9490953337663, 17.1476,1,16.68799,0,,
20.9650121339364, 17.1828,20.9660415339749, 16.2975,1,16.68843,0,,
20.9818803337839, 17.0454,20.9830430337897, 17.0686,1,16.68874,0,,
20.9994836337282, 16.5133,20.9997583337245, 17.289,1,16.68859,0,,
21.0151840339531, 15.7714,21.0153841339488, 15.9202,1,16.68778,0,,
21.0323116341024, 17.7314,21.0330828340957, 16.7498,1,16.6887,0,,
21.0498674341216, 16.8699,21.0500674341165, 17.1322,1,16.68886,0,,
21.066451334249, 16.6196,21.0667307342519, 17.3335,1,16.6888,0,,
21.0820283341018, 16.2915,21.082848934122, 15.349,1,16.68845,0,,
21.0993141341169, 16.5429,21.0995140341111, 16.676,1,16.68832,0,,
21.1154187339998, 16.1722,21.1156187339948, 16.7675,1,16.68787,0,,
21.1317342341354, 17.073,21.1326496341208, 16.3941,1,16.68821,0,,
21.1519755337358, 20.2667,21.1530159337417, 20.3249,1,16.69133,0,,
21.1659598336701, 13.1785,21.1661600336665, 13.8184,1,16.68827,0,,
21.182227233614, 17.0807,21.1831985336175, 16.3718,1,16.68861,0,,
21.201270033489, 18.9905,21.2022544335341, 19.5103,1,16.69061,0,,
21.2164009334374, 14.2968,21.2166532334377, 14.5723,1,16.68853,0,,
21.2322440332646, 15.8843,21.2324512332707, 15.7748,1,16.68783,0,,
21.248759933369, 17.3969,21.249745633424, 16.6693,1,16.68845,0,,
21.2662330333696, 16.5695,21.2664328333631, 16.7108,1,16.68834,0,,
21.2824303333036, 16.177,21.282629533307, 16.8859,1,16.6879,0,,
21.2988947330596, 16.457,21.2998612330848, 16.5421,1,16.6877,0,,
21.3156329329067, 17.4437,21.3163758329174, 16.5975,1,16.68836,0,,
21.3329442330869, 16.6113,21.3332117330865, 17.5438,1,16.68829,0,,
21.3494664330938, 16.6064,21.3496665330895, 16.6984,1,16.68822,0,,
21.3660632329556, 17.159,21.3668512329605, 16.1671,1,16.68862,0,,
21.3828278327128, 16.1465,21.3830278327077, 16.1749,1,16.68816,0,,
21.3992696325295, 16.6196,21.3995554325229, 17.269,1,16.6881,0,,
21.415602332374, 16.9092,21.4164439323795, 16.169,1,16.68829,0,,
21.4333272319782, 16.9102,21.4335789319739, 17.1713,1,16.68848,0,,
21.4494030320202, 16.1649,21.4496032320167, 16.5433,1,16.68803,0,,
21.4657565319503, 16.3455,21.4666622319783, 16.383,1,16.68774,0,,
21.4817298318667, 17.0908,21.4829371318629, 16.3475,1,16.68808,0,,
21.5002087317262, 17.3252,21.5004779317387, 18.1997,1,16.68863,0,,
21.5158444318076, 15.623,21.5160449318064, 15.5003,1,16.68772,0,,
21.5326154316135, 17.6504,21.5336632315593, 17.0071,1,16.68854,0,,
21.5495320314512, 15.9996,21.5495320314512, 15.8529,1,16.68795,0,,
21.5664550313377, 16.9507,21.5667170313245, 17.2622,1,16.68817,0,,
21.5826487312297, 16.2782,21.5828490312269, 16.7663,1,16.68782,0,,
21.5990422311006, 17.1468,21.5999279310927, 16.4506,1,16.68822,0,,
21.6166486309085, 16.8033,21.6168485309026, 16.8658,1,16.68831,0,,
21.6322038308717, 15.5853,21.6324039308674, 16.241,1,16.68737,0,,
21.6496888306574, 17.5432,21.6499119306536, 17.4639,1,16.6881,0,,
21.6659627305635, 17.2052,21.667050130578, 16.4482,1,16.68854,0,,
21.6830176303774, 16.0554,21.6832179303747, 16.8524,1,16.688,0,,
21.6993281304312, 16.2616,21.6995505304367, 16.5864,1,16.68764,0,,
21.7159577302082, 17.2943,21.7166768302122, 16.2507,1,16.68816,0,,
21.7340332302701, 17.4462,21.7342332302651, 17.5657,1,16.6888,0,,
21.7501617302623, 16.189,21.750426730272, 16.7698,1,16.68838,0,,
21.7662958303117, 16.081,21.7664843303064, 16.0985,1,16.68786,0,,
21.7830480304692, 17.4176,21.7838125304697, 16.6916,1,16.68848,0,,
21.8002056302066, 16.4306,21.8004441302037, 16.6424,1,16.68826,0,,
21.8337534303137, 33.5482,21.8339540303132, 34.5623,1,16.70247,0,,
21.8339540303132, 1.8284,21.8394976301497, 4.4678,1,16.68994,1,,
21.8492824302084, 14.6759,21.8503956301865, 10.9947,1,16.68825,0,,
21.8666173300589, 16.3817,21.8668526300607, 17.0216,1,16.68799,0,,
21.8827940300835, 16.1598,21.8829939300776, 16.3413,1,16.68755,0,,
21.8993754297553, 17.6248,21.9004416297248, 16.6158,1,16.68834,0,,
21.91747912961, 17.0633,21.9176789296034, 17.2471,1,16.68865,0,,
21.9333913294686, 15.9485,21.9335910294758, 15.8434,1,16.68803,0,,
21.9493830292777, 15.9383,21.9498685292783, 16.905,1,16.6874,0,,
21.9659874292411, 17.3725,21.9667542292591, 16.3243,1,16.68798,0,,
21.9836397289764, 16.9486,21.9838395289698, 17.0778,1,16.68819,0,,
21.9992092288885, 15.5458,21.9994452288956, 16.163,1,16.68724,0,,
22.0155624289764, 16.3556,22.016390328994, 16.3553,1,16.68696,0,,
22.0334634286992, 17.8787,22.0336634286941, 17.3372,1,16.68796,0,,
22.0506539287162, 17.2056,22.0508537287096, 17.1433,1,16.68839,0,,
22.0667943285371, 16.2419,22.0670383285324, 16.7782,1,16.68802,0,,
22.0824877282721, 15.7514,22.0827100282768, 15.9944,1,16.68724,0,,
22.1002852282545, 17.6041,22.1004849282617, 16.8575,1,16.688,0,,
22.1165831279068, 16.2884,22.1165831279068, 16.1478,1,16.68767,0,,
22.1333649277076, 16.9659,22.1335648277018, 17.4901,1,16.6879,0,,
22.1495920277375, 16.1669,22.1504362277628, 16.2627,1,16.68747,0,,
22.1669091276417, 17.9355,22.1676551276178, 17.2521,1,16.6885,0,,
22.1831505278242, 16.4361,22.1841251278529, 17.1094,1,16.68829,0,,
22.1998640279635, 15.9581,22.2001223279512, 16.1009,1,16.68769,0,,
22.2163293277554, 17.0311,22.2172146277444, 16.3563,1,16.68797,0,,
22.2329932278371, 16.855,22.2339362278581, 16.6848,1,16.68811,0,,
22.2505751276767, 16.7644,22.2507750276709, 17.4279,1,16.68817,0,,
22.2660341277515, 15.481,22.2662292277528, 15.4975,1,16.68718,0,,
22.2830974274839, 18.0564,22.284233927523, 17.4364,1,16.6883,0,,
22.2997017274465, 16.2681,22.3005057274568, 16.202,1,16.68796,0,,
22.316847527225, 16.3869,22.3171390272328, 16.7146,1,16.68771,0,,
22.3328527272824, 16.068,22.3330529272789, 16.8095,1,16.6872,0,,
22.3501399272645, 17.88,22.350874627271, 16.9536,1,16.68818,0,,
22.3664022274752, 16.3227,22.3671598274814, 16.2475,1,16.68788,0,,
22.3828573273349, 16.6461,22.3838578273862, 17.3681,1,16.68785,0,,
22.3994109273626, 15.7436,22.3996309273643, 15.8602,1,16.68707,0,,
22.4163468274783, 17.603,22.4173183274834, 16.8986,1,16.68782,0,,
22.4328968273476, 16.7322,22.433998327353, 16.6855,1,16.68786,0,,
22.450596827257, 16.7138,22.450596827257, 16.6476,1,16.68788,0,,
22.466802427065, 16.3701,22.4670024270599, 16.9911,1,16.68762,0,,
22.4829621271201, 16.0651,22.4831620271143, 16.4181,1,16.68711,0,,
22.5009111272229, 17.9108,22.5011109272164, 17.0509,1,16.68811,0,,
22.5172997271584, 16.3558,22.5172997271584, 16.2748,1,16.68784,0,,
22.5338297269482, 16.7204,22.5340296269424, 17.2906,1,16.68787,0,,
22.5498622268788, 16.4993,22.5505612269044, 15.8623,1,16.68771,0,,
22.5667785269616, 17.1903,22.5678103270184, 17.2946,1,16.68812,0,,
22.5839407270541, 16.3929,22.584170427057, 16.9611,1,16.68788,0,,
22.5994135270739, 16.1947,22.6003399270849, 15.5748,1,16.68748,0,,
22.6159505269607, 16.9206,22.6172254270059, 16.9122,1,16.68767,0,,
22.6338188270602, 16.7134,22.6340568270534, 17.4729,1,16.68769,0,,
22.6503565269377, 16.5387,22.6505611269386, 16.7493,1,16.68757,0,,
22.6668478268111, 17.2518,22.6677460268402, 16.331,1,16.68803,0,,
22.6835405268939, 16.4488,22.6842578268843, 16.4606,1,16.68783,0,,
22.7002171270142, 16.2175,22.7005063270044, 16.7958,1,16.68745,0,,
22.7163171269203, 16.7646,22.7171547268954, 16.1031,1,16.68752,0,,
22.7331621268095, 17.3564,22.7345236268156, 17.3216,1,16.68806,0,,
22.7506669268041, 16.259,22.7508670267998, 16.8968,1,16.68771,0,,
22.7667586268362, 16.159,22.7669587268319, 16.2045,1,16.68728,0,,
22.7850940264761, 18.187,22.7852938264696, 17.7363,1,16.68849,0,,
22.800909026686, 15.7987,22.8011640266777, 15.8491,1,16.68778,0,,
22.8168748266471, 16.0011,22.8170751266443, 16.5733,1,16.68723,0,,
22.8480485266482, 32.5928,22.8494782265916, 32.3615,1,16.69997,0,,
22.8494782265916, 1.3527,22.8547059264674, 4.5933,1,16.68768,1,,
22.8675293261476, 16.7066,22.8677900261537, 13.1423,1,16.6877,0,,
22.8836553259898, 16.1902,22.8838554259855, 16.6371,1,16.6873,0,,
22.9001486261404, 17.195,22.9009651261294, 16.4962,1,16.6877,0,,
22.9177558260126, 16.8052,22.9177558260126, 16.7708,1,16.6878,0,,
22.9338396261301, 16.2936,22.9340496261284, 17.0076,1,16.68748,0,,
22.950302025929, 16.4007,22.9510807259212, 16.284,1,16.68726,0,,
22.9664633257053, 17.0112,22.9674644257611, 16.3808,1,16.68751,0,,
22.9835530256532, 16.1299,22.9837922256556, 16.9492,1,16.68707,0,,
22.9998076254706, 16.2606,23.0000077254663, 16.466,1,16.68673,0,,
23.016580625379, 17.567,23.0174358253716, 16.5863,1,16.68743,0,,
23.034080925514, 16.7105,23.0342808255082, 16.867,1,16.68745,0,,
23.0514125257032, 17.4274,23.0516282257013, 17.9976,1,16.68804,0,,
23.0672754256957, 15.798,23.0681085256947, 15.8019,1,16.68733,0,,
23.0832104255824, 16.8279,23.0841790255654, 16.114,1,16.68744,0,,
23.1008912255929, 16.739,23.1011451256054, 17.5494,1,16.68748,0,,
23.1166162254667, 15.7995,23.1168291254726, 15.6947,1,16.68678,0,,
23.1331314255367, 17.2837,23.1340535255149, 16.6068,1,16.68725,0,,
23.150017525797, 16.9916,23.1510081257729, 16.892,1,16.68749,0,,
23.1675058257242, 16.6059,23.1677057257184, 17.4156,1,16.68743,0,,
23.1849610256177, 17.3733,23.1851612256141, 17.4599,1,16.68797,0,,
23.2009113252134, 16.9042,23.2019235252374, 16.1062,1,16.68814,0,,
23.2170401248877, 15.8767,23.2178572248813, 15.9239,1,16.6875,0,,
23.2344921248441, 16.7646,23.2347346248425, 16.8546,1,16.68756,0,,
23.2505905248399, 16.1492,23.2507906248356, 17.3261,1,16.68714,0,,
23.266993324607, 16.4268,23.2678050246177, 15.7404,1,16.68693,0,,
23.2838491243892, 17.6243,23.2847329243668, 16.9808,1,16.68767,0,,
23.3014152242686, 16.7804,23.3016152242635, 20.1892,1,16.68774,0,,
23.3095151242305, 15.6916,23.3196336245601, 17.8963,1,16.68696,0,,
23.3335664242331, 16.4714,23.3338071242324, 12.8552,1,16.68679,0,,
23.3511126240774, 18.4651,23.3521733241214, 18.5894,1,16.68818,0,,
23.3671580241353, 15.8937,23.3680232241459, 15.6521,1,16.68756,0,,
23.3832247241808, 16.0359,23.384170424164, 16.6383,1,16.68705,0,,
23.4003198240243, 16.2997,23.4005195240316, 17.7934,1,16.68675,0,,
23.4178044237051, 17.539,23.4186028237309, 15.9331,1,16.68742,0,,
23.4339969236171, 16.8012,23.4347896235995, 16.4331,1,16.6875,0,,
23.4507271233306, 16.9721,23.4517315232952, 17.1513,1,16.68773,0,,
23.4669727233122, 15.3473,23.4671901233087, 17.9537,1,16.68668,0,,
23.4834300236253, 17.2129,23.4842820236518, 14.0584,1,16.68709,0,,
23.5013414235, 18.3029,23.5025430234527, 19.0295,1,16.68835,0,,
23.517530823694, 15.714,23.5183067236649, 15.2769,1,16.68759,0,,
23.5336983236484, 15.5934,23.5338986236457, 16.1462,1,16.68674,0,,
23.5508228237013, 17.0674,23.5516149236792, 17.2642,1,16.68704,0,,
23.5670655237336, 17.134,23.5680595237354, 16.2616,1,16.68738,0,,
23.5843629239534, 16.3336,23.5846203239635, 16.4204,1,16.68711,0,,
23.6016917239904, 17.5074,23.6018916239846, 17.3125,1,16.68774,0,,
23.6175974238722, 15.855,23.6186853238905, 17.0089,1,16.6871,0,,
23.63520032409, 18.119,23.635971224081, 16.6795,1,16.68821,0,,
23.6519131241221, 16.0596,23.6521593241341, 17.0595,1,16.68772,0,,
23.6680939240177, 16.236,23.6683699240239, 16.5651,1,16.68737,0,,
23.6842581239034, 16.1718,23.6844583238999, 16.026,1,16.68698,0,,
23.7006410239555, 17.0406,23.7013825239555, 16.0711,1,16.68725,0,,
23.718325923779, 16.9927,23.7185255237855, 17.193,1,16.68748,0,,
23.7343561235612, 16.0849,23.7345564235584, 16.5493,1,16.68702,0,,
23.7507238235703, 16.357,23.7515006235481, 16.3141,1,16.68677,0,,
23.7688016231841, 18.0023,23.7688016231841, 17.0342,1,16.68778,0,,
23.7845695231517, 15.7654,23.7847881231573, 17.2308,1,16.68707,0,,
23.8007253230171, 16.2956,23.8015517230233, 16.0412,1,16.68677,0,,
23.8172717230627, 17.2703,23.8181572230533, 16.6384,1,16.68722,0,,
23.8338517229713, 16.6859,23.8348355230119, 15.0503,1,16.68722,0,,
23.8512718228594, 16.4735,23.8515203228599, 16.4653,1,16.68705,0,,
23.8675918225927, 16.3596,23.8677920225891, 16.9049,1,16.6868,0,,
23.8841202225012, 17.3894,23.885085222515, 17.6688,1,16.68734,0,,
23.9012270222011, 16.8501,23.9019887221802, 17.5453,1,16.68746,0,,
23.917951022202, 16.0867,23.9182325221918, 16.2425,1,16.687,0,,
23.9336581222742, 15.8878,23.9339027222741, 16.4926,1,16.6864,0,,
23.9512470219488, 17.5727,23.9514987219445, 17.1751,1,16.68707,0,,
23.9676989220752, 17.0291,23.9684988220542, 16.5652,1,16.68733,0,,
23.9840905221208, 16.6505,23.9851241220749, 16.702,1,16.6873,0,,
24.0016127217968, 16.5431,24.0018727217976, 16.6501,1,16.68719,0,,
24.0174655217852, 15.9201,24.0176657217817, 16.4595,1,16.68661,0,,
24.0361696217878, 19.5778,24.0372049217549, 18.8774,1,16.6888,0,,
24.0556370215054, 19.2717,24.0564365214814, 19.3853,1,16.69076,0,,
24.0688276217988, 12.4307,24.0690855218127, 12.3025,1,16.68753,0,,
24.0851588219521, 16.4687,24.0854258219479, 17.1446,1,16.68737,0,,
24.1012653219223, 15.9637,24.1014655219187, 15.8527,1,16.68682,0,,
24.1169539221446, 16.6392,24.1179377221852, 16.2441,1,16.68679,0,,
24.1348472220416, 17.9804,24.1359256219876, 17.4353,1,16.68776,0,,
24.1514594220644, 15.5732,24.1517077220633, 16.1152,1,16.68692,0,,
24.1680095218617, 16.6332,24.1682100218604, 17.1656,1,16.68688,0,,
24.1842498215847, 17.1541,24.1852907215944, 16.5188,1,16.68723,0,,
24.2017713215173, 17.308,24.2026764215407, 16.7715,1,16.6877,0,,
24.217805121385, 15.9913,24.2186348213581, 16.2972,1,16.68718,0,,
24.2347077213053, 16.3039,24.2348854213051, 16.8563,1,16.68689,0,,
24.2510203212732, 16.8148,24.2517360212514, 17.1362,1,16.68698,0,,
24.2673893209576, 16.5523,24.2682489209838, 15.7349,1,16.68688,0,,
24.2854677207943, 17.2824,24.285668220793, 17.7609,1,16.68733,0,,
24.300873420696, 15.4159,24.301073420691, 15.6301,1,16.68638,0,,
24.3180283205875, 17.7535,24.3188232205866, 16.5734,1,16.68718,0,,
24.3345117203426, 16.7898,24.3354929203633, 17.1921,1,16.68725,0,,
24.3521559204964, 16.697,24.3523968204972, 17.5326,1,16.68726,0,,
24.367898420227, 15.8374,24.36809052022, 16.0532,1,16.68663,0,,
24.3845915201236, 17.313,24.3853559201234, 16.4355,1,16.68709,0,,
24.4016734201141, 16.3462,24.4019243201037, 16.543,1,16.68684,0,,
24.4181810203154, 16.5633,24.4183811203111, 16.7525,1,16.68675,0,,
24.4353064201714, 17.2121,24.4355064201663, 17.4003,1,16.68714,0,,
24.4533558200492, 19.0496,24.4545125200093, 18.3555,1,16.68889,0,,
24.4686787199316, 14.2006,24.4689070199383, 14.2239,1,16.68704,0,,
24.4845175198425, 15.9146,24.4847242198448, 16.5248,1,16.68647,0,,
24.5020911199099, 18.2671,24.5029328199162, 17.465,1,16.68764,0,,
24.5178304199653, 16.2072,24.5190876199922, 16.4241,1,16.68729,0,,
24.5344166199502, 16.1238,24.5352201199566, 16.1723,1,16.68687,0,,
24.5517053197254, 16.6225,24.5519921197265, 17.3264,1,16.68682,0,,
24.5678334195545, 16.1512,24.5680145195511, 16.3244,1,16.68643,0,,
24.5848065196478, 17.5507,24.5855650196609, 16.7582,1,16.68707,0,,
24.6044465198211, 18.9042,24.6044465198211, 18.3349,1,16.6887,0,,
24.6192534199945, 14.9719,24.619454019994, 16.1035,1,16.68744,0,,
24.6348215200996, 15.4587,24.6350618200959, 15.5806,1,16.68653,0,,
24.6530423200456, 19.3523,24.6542765200138, 18.5292,1,16.6885,0,,
24.6682404199528, 14.8373,24.6690785199316, 15.1552,1,16.68713,0,,
24.6855714197591, 16.5318,24.6857982197544, 16.5698,1,16.68702,0,,
24.7018083196745, 16.2951,24.702012619673, 16.7688,1,16.68673,0,,
24.718099719772, 16.9077,24.7188497197785, 16.0342,1,16.68689,0,,
24.7347132196883, 16.9039,24.7357124197297, 16.4587,1,16.68705,0,,
24.7521275196923, 16.4487,24.7523768196988, 17.0881,1,16.68688,0,,
24.7688692195225, 16.735,24.7690571195271, 17.0975,1,16.68691,0,,
24.7847897192987, 16.5509,24.7857821192883, 16.9647,1,16.68681,0,,
24.8017451192718, 17.2903,24.8028628192842, 16.4599,1,16.68725,0,,
24.8183013189991, 16.3147,24.8190505189996, 15.7191,1,16.68698,0,,
24.8349706190638, 16.7079,24.8358587190742, 15.9527,1,16.687,0,,
24.8532110189408, 17.4813,24.8541238189646, 19.1984,1,16.68758,0,,
24.8682820191898, 15.1134,24.8684698191937, 14.3216,1,16.68643,0,,
24.8849925193354, 16.7519,24.8851774193317, 18.0035,1,16.68648,0,,
24.9016522192687, 17.5846,24.9027285193151, 17.6099,1,16.68713,0,,
24.919086719281, 16.4308,24.919341619272, 16.7687,1,16.68694,0,,
24.9355571193737, 16.4745,24.935767119372, 16.7271,1,16.68679,0,,
24.9526620192337, 17.263,24.9529625192226, 17.4956,1,16.68721,0,,
24.9680197190901, 15.3613,24.9682261190901, 15.4,1,16.68624,0,,
24.9848836193123, 17.673,24.9859332192718, 17.0183,1,16.68696,0,,
25.0026515194186, 16.7584,25.0029139194085, 17.002,1,16.68701,0,,
25.0197120194789, 17.1154,25.0199761194817, 17.0021,1,16.68732,0,,
25.0352273192111, 15.4936,25.0354506192089, 16.2396,1,16.68646,0,,
25.0519974195049, 16.9979,25.052253519505, 17.7616,1,16.68668,0,,
25.06840411952, 17.234,25.0695109195658, 15.4822,1,16.68708,0,,
25.0856443193625, 16.158,25.0858857193671, 16.5109,1,16.6867,0,,
25.102347219552, 16.9081,25.1026193195576, 17.0498,1,16.68686,0,,
25.1181496195641, 15.8639,25.1184460195509, 16.3192,1,16.68626,0,,
25.1349332198442, 16.7598,25.1359288198582, 16.6146,1,16.68632,0,,
25.1532650198205, 18.1417,25.1534775198234, 17.654,1,16.68736,0,,
25.1689926199178, 16.9006,25.1702002199163, 16.5878,1,16.68752,0,,
25.1859559201548, 15.916,25.1862591201643, 16.324,1,16.68696,0,,
25.2021572201629, 16.1489,25.2023877201573, 16.1609,1,16.68658,0,,
25.2183554202493, 17.2311,25.2195298202278, 17.5576,1,16.68697,0,,
25.2355622204195, 17.0011,25.236520320439, 17.4813,1,16.68719,0,,
25.2528389205982, 16.3959,25.2530387205916, 15.964,1,16.68698,0,,
25.2692790208675, 16.495,25.2695942208811, 18.0587,1,16.68685,0,,
25.2852317207871, 15.9333,25.2854391207802, 14.3876,1,16.68631,0,,
25.3018913208216, 17.444,25.3028260208375, 16.7566,1,16.68685,0,,
25.3189596210286, 17.3262,25.3202942210628, 20.5205,1,16.68731,0,,
25.3354586215719, 16.1318,25.3363716215972, 14.2976,1,16.68691,0,,
25.3521961217775, 16.7529,25.3530027217494, 15.0503,1,16.68696,0,,
25.3696504217514, 16.8228,25.3699496217596, 17.7246,1,16.68705,0,,
25.3851092219702, 15.312,25.3853147219634, 15.3626,1,16.68607,0,,
25.4024043221725, 18.073,25.4032468221849, 17.1073,1,16.68706,0,,
25.4188354223588, 16.7863,25.4200126223586, 17.1126,1,16.68713,0,,
25.4361976223881, 16.2323,25.4364447223779, 16.5046,1,16.68681,0,,
25.4528098221199, 16.761,25.4530788221309, 17.1265,1,16.68686,0,,
25.4685229219031, 15.7257,25.469032721885, 15.5982,1,16.68618,0,,
25.4851987219299, 16.622,25.4860434219008, 16.6564,1,16.68613,0,,
25.5031018221198, 17.7965,25.5033019221155, 17.2585,1,16.68692,0,,
25.5204684219207, 17.39,25.5207324219227, 18.1161,1,16.68742,0,,
25.5354839220672, 15.053,25.535656422071, 14.97,1,16.68626,0,,
25.5520380223461, 17.3681,25.5529235223366, 16.6765,1,16.68674,0,,
25.5689655222377, 17.0029,25.5699464222562, 16.9731,1,16.68697,0,,
25.5861675224151, 16.2852,25.5864213224268, 17.2908,1,16.68668,0,,
25.6020978224406, 15.9232,25.6023014224338, 14.97,1,16.68614,0,,
25.6192365223687, 17.1071,25.6194363223622, 16.1996,1,16.68644,0,,
25.6363069223589, 17.0656,25.6365071223554, 16.8282,1,16.68671,0,,
25.6531338221685, 16.9208,25.6533335221757, 17.2013,1,16.68687,0,,
25.6695552222227, 17.0308,25.6703162221966, 16.534,1,16.68712,0,,
25.6856537220156, 16.3601,25.6866389220668, 16.5889,1,16.68689,0,,
25.7026635221118, 16.1654,25.7028858221165, 16.5969,1,16.68652,0,,
25.7192197221593, 16.4285,25.7194362221635, 17.0665,1,16.68634,0,,
25.7359702220274, 17.8367,25.7370664219925, 16.7069,1,16.68715,0,,
25.7524878217955, 16.1004,25.7532514217892, 16.2183,1,16.68673,0,,
25.7703800217278, 17.2439,25.7706317217235, 18.1182,1,16.68712,0,,
25.7858151219698, 15.4326,25.7860149219632, 15.6261,1,16.68624,0,,
25.8019496220804, 16.9142,25.8027576220629, 15.8056,1,16.6864,0,,
25.8188613217935, 16.9419,25.8197054218181, 16.8696,1,16.68658,0,,
25.8361669216247, 16.5055,25.8363665216311, 16.8445,1,16.68646,0,,
25.8633634215075, 27.2598,25.8635635215032, 26.0763,1,16.69386,0,,
25.8687782215129, 7.1301,25.8715725214861, 7.4005,1,16.68717,0,,
25.8868573215732, 16.2916,25.8870571215666, 15.5889,1,16.68689,0,,
25.9034709215339, 16.6299,25.9037068215403, 18.8146,1,16.68685,0,,
25.9194045213953, 16.0216,25.9195906214009, 15.6236,1,16.68639,0,,
25.9359862214478, 17.3344,25.9369143214717, 16.7305,1,16.68684,0,,
25.9536212213716, 17.4814,25.9543640213815, 17.6865,1,16.68739,0,,
25.9703337212995, 16.0426,25.970533521293, 15.9239,1,16.68694,0,,
25.98644812149, 16.219,25.9866844214848, 17.1903,1,16.68662,0,,
26.0023337211751, 15.8156,26.00253372117, 15.644,1,16.68601,0,,
26.0187756210653, 17.0197,26.0195859210653, 15.9457,1,16.68624,0,,
26.0357032208121, 17.285,26.0367371207685, 17.6243,1,16.68666,0,,
26.0536772208434, 17.0021,26.0538768208498, 16.9754,1,16.68688,0,,
26.0691656206036, 15.6517,26.069430320611, 16.3039,1,16.68616,0,,
26.0853379205073, 15.9465,26.0864507204824, 16.2908,1,16.68565,0,,
26.1023695202603, 17.8045,26.1031420202635, 16.8123,1,16.68642,0,,
26.1197815201303, 16.6761,26.1200219201273, 17.7076,1,16.68642,0,,
26.1356690200046, 16.0018,26.1359357199981, 15.6025,1,16.68594,0,,
26.153374019952, 17.5753,26.153574019947, 17.1344,1,16.68656,0,,
26.1700403201248, 16.7002,26.170240220119, 16.7163,1,16.68657,0,,
26.1862322197412, 16.2779,26.186470819739, 16.3362,1,16.68629,0,,
26.2030931194604, 16.9737,26.2041075195011, 17.2937,1,16.68648,0,,
26.2196438195824, 17.2307,26.2206973195716, 16.682,1,16.68686,0,,
26.235705519488, 15.9533,26.2365283194667, 16.0237,1,16.68635,0,,
26.2533161194442, 16.9237,26.2535158194514, 17.4622,1,16.68652,0,,
26.2696880195726, 16.4148,26.2698878195661, 17.7043,1,16.68633,0,,
26.285988719188, 16.147,26.286700819197, 15.3567,1,16.68596,0,,
26.302643419127, 17.3719,26.3033946191426, 16.1119,1,16.68643,0,,
26.3200677190325, 16.7451,26.3202675190259, 17.285,1,16.68647,0,,
26.3358743192512, 15.7838,26.3360882192501, 16.3679,1,16.68585,0,,
26.353096019142, 17.2277,26.3541686191602, 16.9304,1,16.68622,0,,
26.3695992192806, 17.2523,26.3704177192849, 16.3949,1,16.68661,0,,
26.3857016193506, 16.7534,26.3871632193041, 16.5156,1,16.68666,0,,
26.4038072193944, 16.6896,26.4040429193992, 17.1903,1,16.68666,0,,
26.4193478192319, 15.5818,26.4195591192256, 16.5156,1,16.6859,0,,
26.435945019155, 16.7087,26.4361865191604, 16.4134,1,16.68592,0,,
26.4538754190871, 18.6553,26.4548260191077, 18.0096,1,16.68726,0,,
26.4691342190636, 15.3868,26.4701808191166, 15.2551,1,16.68637,0,,
26.4860542192182, 16.9029,26.4871198191831, 16.9962,1,16.68652,0,,
26.5043183193047, 17.3539,26.5046096193109, 18.3254,1,16.68698,0,,
26.5193980192998, 15.2256,26.5196681192901, 14.9085,1,16.68598,0,,
26.5360054194171, 17.1497,26.5368491194386, 16.3564,1,16.6863,0,,
26.553794919455, 17.0125,26.553995319453, 17.2262,1,16.68652,0,,
26.5692817194504, 16.2167,26.5700318194577, 15.995,1,16.6862,0,,
26.5867824193265, 16.8897,26.5870559193136, 17.8893,1,16.68634,0,,
26.6028120194242, 15.9931,26.6030237194209, 16.2377,1,16.68587,0,,
26.6191456195811, 16.3902,26.6193320195744, 15.7934,1,16.68567,0,,
26.636721219329, 17.4244,26.6369208193355, 16.9379,1,16.68617,0,,
26.6542895193561, 17.6177,26.654489519351, 17.7659,1,16.6868,0,,
26.6705905195267, 16.3842,26.6708058195218, 16.1465,1,16.68659,0,,
26.6859740193759, 15.4213,26.6861743193731, 15.8552,1,16.68574,0,,
26.7026337194111, 17.5053,26.7037775193894, 16.6416,1,16.68629,0,,
26.7193894192023, 16.5193,26.7201776192087, 17.0048,1,16.68618,0,,
,,1,,0,,
