Time,Status
35504388010, 0
35504433789, 0
35504585552, 0
35504753270, 0
35504906613, 0
35505069349, 0
35505249231, 0
35505401304, 0
35505578811, 0
35505736709, 0
35505911550, 0
35506013205, 1
35506321598, 0
35506344462, 0
35506402304, 0
35506520776, 1
35506567079, 0
35506653877, 1
35506754466, 0
35506774200, 1
35506901873, 1
35506903170, 0
35507019238, 1
35507073495, 0
35507137483, 1
35507234021, 0
35507265350, 1
35507385680, 1
35507412472, 0
35507515367, 1
35507563376, 0
35507650813, 1
35507732856, 0
35507773448, 1
35507902264, 0
35507906430, 1
35508021236, 1
35508070607, 0
35508168928, 1
35508236985, 0
35508342431, 1
35508404425, 0
35508500462, 1
35508564479, 0
35508667265, 1
35508731816, 0
35508840226, 1
35508898275, 0
35509009543, 1
35509064838, 0
35509173207, 1
35509233862, 0
35509344886, 1
35509413879, 0
35509504770, 1
35509575251, 0
35509675939, 1
35509748266, 0
35509839724, 1
35509908471, 0
35510006139, 1
35510066523, 0
35510174736, 1
35510236430, 0
35510338288, 1
35510403356, 0
35510507089, 1
35510568828, 0
35510675200, 1
35510737947, 0
35510834900, 1
35510906120, 0
35511005377, 1
35511074338, 0
35511172304, 1
35511252156, 0
35511337920, 1
35511407917, 0
35511506135, 1
35511571784, 0
35511675009, 1
35511738397, 0
35511843930, 1
35511904693, 0
35512006125, 1
35512069102, 0
35512170008, 1
35512235785, 0
35512340225, 1
35512431872, 0
35512503476, 1
35512595701, 0
35512670007, 1
35512794423, 0
35512836105, 1
35512918114, 0
35513005248, 1
35513075111, 0
35513180862, 1
35513239940, 0
35513410211, 0
35513612188, 1
35513644711, 0
35513734745, 1
35513772387, 0
35513857704, 1
35513963787, 1
35514081591, 1
35514195381, 1
35514265975, 0
35514338598, 1
35514405095, 0
35514506739, 1
35514575595, 0
35514672175, 1
35514747861, 0
35514838263, 1
35514925224, 0
35515013004, 1
35515085367, 0
35515252556, 0
35515342896, 1
35515431563, 0
35515504877, 1
35515601757, 0
35515672243, 1
35515756373, 0
35515838946, 1
35515910426, 0
35516005712, 1
35516085285, 0
35516173151, 1
35516242345, 0
35516338912, 1
35516423498, 0
35516506154, 1
35516580284, 0
35516673410, 1
35516747300, 0
35516840118, 1
35516909794, 0
35517006592, 1
35517093479, 0
35517174275, 1
35517270502, 0
35517340630, 1
35517412995, 0
35517506901, 1
35517577853, 0
35517674124, 1
35517742955, 0
35517840431, 1
35517920004, 0
35518007638, 1
35518151445, 0
35518174058, 1
35518245491, 0
35518340506, 1
35518411002, 0
35518508211, 1
35518588865, 0
35518674622, 1
35518771704, 0
35518841781, 1
35518987997, 0
35519007200, 1
35519087255, 0
35519175158, 1
35519252671, 0
35519342232, 1
35519416329, 0
35519508395, 1
35519588896, 0
35519675717, 1
35519759126, 0
35519842554, 1
35519908042, 0
35520009312, 1
35520084790, 0
35520177942, 1
35520243075, 0
35520342492, 1
35520422088, 0
35520509093, 1
35520576063, 0
35520676109, 1
35520747258, 0
35520843209, 1
35520915555, 0
35521009763, 1
35521091275, 0
35521176465, 1
35521258706, 0
35521343222, 1
35521428320, 0
35521510263, 1
35521596254, 0
35521676619, 1
35521755539, 0
35521843579, 1
35521924526, 0
35522091986, 0
35522177972, 1
35522258495, 0
35522344199, 1
35522430872, 0
35522510753, 1
35522594782, 0
35522677517, 1
35522762856, 0
35522844685, 1
35522920886, 0
35523010723, 1
35523090848, 0
35523177762, 1
35523259821, 0
35523345174, 1
35523421171, 0
35523510525, 1
35523578380, 0
35523678749, 1
35523755713, 0
35523845032, 1
35523917759, 0
35524012267, 1
35524090098, 0
35524178398, 1
35524318429, 0
35524345814, 1
35524410486, 0
35524511659, 1
35524579921, 0
35524678837, 1
35524759677, 0
35524845617, 1
35524909552, 0
35525012297, 1
35525085536, 0
35525180057, 1
35525256448, 0
35525347135, 1
35525411483, 0
35525517513, 1
35525581120, 0
35525681483, 1
35525749942, 0
35525850309, 1
35525923487, 0
35526017562, 1
35526087951, 0
35526180515, 1
35526252066, 0
35526347743, 1
35526426408, 0
35526513095, 1
35526592594, 0
35526680099, 1
35526745907, 0
35526847393, 1
35526913285, 0
35527016338, 1
35527086342, 0
35527183418, 1
35527263246, 0
35527351606, 1
35527415130, 0
35527518030, 1
35527582704, 0
35527686722, 1
35527759428, 0
35527851766, 1
35527953226, 0
35528015155, 1
35528091181, 0
35528181096, 1
35528253570, 0
35528352291, 1
35528490915, 0
35528514737, 1
35528590505, 0
35528682391, 1
35528770863, 0
35528849587, 1
35528928120, 0
35529019627, 1
35529157190, 0
35529183207, 1
35529331026, 0
35529349630, 1
35529449343, 0
35529517620, 1
35529581992, 0
35529685090, 1
35529752055, 0
35529853184, 1
35529915451, 0
35530020289, 1
35530092194, 0
35530183270, 1
35530264003, 0
35530353412, 1
35530414482, 0
35530518360, 1
35530583907, 0
35530684203, 1
35530765117, 0
35530853771, 1
35530915972, 0
35531018332, 1
35531084431, 0
35531187672, 1
35531252040, 0
35531354249, 1
35531418672, 0
35531517695, 1
35531598730, 0
35531684084, 1
35531772086, 0
35531850739, 1
35531923596, 0
35532017515, 1
35532090946, 0
35532185139, 1
35532253986, 0
35532352250, 1
35532430267, 0
35532518412, 1
35532602308, 0
35532685182, 1
35532756467, 0
35532920903, 0
35533018818, 1
35533098367, 0
35533185265, 1
35533276690, 0
35533352805, 1
35533428058, 0
35533519718, 1
35533593304, 0
35533686200, 1
35533755357, 0
35533852849, 1
35533946488, 0
35534019970, 1
35534170798, 0
35534186157, 1
35534251239, 0
35534353228, 1
35534423234, 0
35534519949, 1
35534591472, 0
35534686841, 1
35534771051, 0
35534852917, 1
35534941062, 0
35535020628, 1
35535167532, 0
35535187456, 1
35535260405, 0
35535354146, 1
35535428734, 0
35535520463, 1
35535589243, 0
35535687463, 1
35535772535, 0
35535854374, 1
35535950093, 0
35536020786, 1
35536097666, 0
35536188566, 1
35536262086, 0
35536354719, 1
35536421960, 0
35536522257, 1
35536588251, 0
35536688259, 1
35536756455, 0
35536855111, 1
35536924435, 0
35537021518, 1
35537086583, 0
35537188700, 1
35537257748, 0
35537355132, 1
35537435961, 0
35537521829, 1
35537685577, 0
35537689345, 1
35537755280, 0
35537856558, 1
35537923277, 0
35538024080, 1
35538093450, 0
35538189134, 1
35538256353, 0
35538356142, 1
35538443295, 0
35538522947, 1
35538608841, 0
35538689732, 1
35538776893, 0
35538856955, 1
35538935592, 0
35539023901, 1
35539097222, 0
35539190651, 1
35539267734, 0
35539357356, 1
35539433157, 0
35539524264, 1
35539653122, 0
35539691121, 1
35539773494, 0
35539858240, 1
35539938388, 0
35540024712, 1
35540119292, 0
35540190859, 1
35540266606, 0
35540358287, 1
35540435196, 0
35540525020, 1
35540604137, 0
35540691795, 1
35540761786, 0
35540858654, 1
35540937216, 0
35541025376, 1
35541101080, 0
35541192072, 1
35541268677, 0
35541362196, 1
35541441858, 0
35541525834, 1
35541606229, 0
35541692597, 1
35541760069, 0
35541863370, 1
35541922885, 0
35542029696, 1
35542092890, 0
35542196078, 1
35542277950, 0
35542362701, 1
35542440411, 0
35542529435, 1
35542608057, 0
35542696416, 1
35542770042, 0
35542863247, 1
35542934841, 0
35543027484, 1
35543099868, 0
35543193714, 1
35543261062, 0
35543360829, 1
35543424192, 0
35543526214, 1
35543596717, 0
35543697975, 1
35543775657, 0
35543859720, 1
35543948115, 0
35544028418, 1
35544109416, 0
35544194512, 1
35544271551, 0
35544364456, 1
35544436833, 0
35544528259, 1
35544604746, 0
35544695098, 1
35544767231, 0
35544861099, 1
35544933214, 0
35545028723, 1
35545110092, 0
35545198879, 1
35545273403, 0
35545365161, 1
35545448058, 0
35545532226, 1
35545603628, 0
35545698202, 1
35545779336, 0
35545865515, 1
35545940741, 0
35546033021, 1
35546111419, 0
35546195600, 1
35546275682, 0
35546366968, 1
35546444241, 0
35546533700, 1
35546609032, 0
35546699335, 1
35546777495, 0
35546863037, 1
35546944985, 0
35547034629, 1
35547107773, 0
35547196470, 1
35547283589, 0
35547363544, 1
35547446982, 0
35547529971, 1
35547630093, 0
35547696668, 1
35547767685, 0
35547864037, 1
35547934524, 0
35548029909, 1
35548100366, 0
35548197514, 1
35548283351, 0
35548363918, 1
35548451715, 0
35548530689, 1
35548620061, 0
35548697618, 1
35548781259, 0
35548864721, 1
35548948988, 0
35549031953, 1
35549114155, 0
35549197197, 1
35549277068, 0
35549455591, 0
35549530835, 1
35549602900, 0
35549698136, 1
35549783632, 0
35549864692, 1
35549938159, 0
35550031351, 1
35550106576, 0
35550198792, 1
35550274676, 0
35550366488, 1
35550434740, 0
35550532070, 1
35550601729, 0
35550699077, 1
35550766059, 0
35550865841, 1
35550932798, 0
35551032216, 1
35551098161, 0
35551199854, 1
35551268930, 0
35551366215, 1
35551436167, 0
35551532703, 1
35551598038, 0
35551699814, 1
35551766313, 0
35551866605, 1
35551932870, 0
35552033817, 1
35552107435, 0
35552200187, 1
35552266691, 0
35552367033, 1
35552454284, 0
35552533869, 1
35552602668, 0
35552701315, 1
35552775454, 0
35552867775, 1
35552938169, 0
35553033606, 1
35553116480, 0
35553201007, 1
35553269475, 0
35553368129, 1
35553436078, 0
35553534473, 1
35553602527, 0
35553700910, 1
35553788116, 0
35553868011, 1
35553960827, 0
35554034502, 1
35554117596, 0
35554201121, 1
35554270267, 0
35554369201, 1
35554443154, 0
35554536037, 1
35554696155, 0
35554702971, 1
35554765895, 0
35554870711, 1
35554936720, 0
35555036388, 1
35555115056, 0
35555203020, 1
35555285001, 0
35555369143, 1
35555435022, 0
35555535056, 1
35555604015, 0
35555703764, 1
35555767743, 0
35555869964, 1
35555936273, 0
35556036781, 1
35556115699, 0
35556202827, 1
35556267278, 0
35556370209, 1
35556435622, 0
35556535920, 1
35556605929, 0
35556703903, 1
35556769639, 0
35556870746, 1
35556935375, 0
35557036360, 1
35557118123, 0
35557204535, 1
35557348999, 0
35557370278, 1
35557442816, 0
35557537874, 1
35557620086, 0
35557704975, 1
35557780867, 0
35557875045, 1
35557941080, 0
35558038743, 1
35558115074, 0
35558205192, 1
35558300561, 0
35558374369, 1
35558450284, 0
35558538449, 1
35558616364, 0
35558706340, 1
35558776021, 0
35558875654, 1
35558954739, 0
35559038591, 1
35559122301, 0
35559209298, 1
35559285334, 0
35559375529, 1
35559444946, 0
35559539054, 1
35559609142, 0
35559706854, 1
35559783631, 0
35559876376, 1
35559969935, 0
35560038946, 1
35560109348, 0
35560206982, 1
35560271672, 0
35560373980, 1
35560449220, 0
35560543190, 1
35560622794, 0
35560706607, 1
35560782077, 0
35560873666, 1
35560946984, 0
35561040119, 1
35561107891, 0
35561210499, 1
35561288668, 0
35561376381, 1
35561452992, 0
35561541305, 1
35561623069, 0
35561707655, 1
35561781761, 0
35561877653, 1
35561945364, 0
35562041688, 1
35562198157, 0
35562207397, 1
35562352583, 0
35562374827, 1
35562466404, 0
35562541260, 1
35562614761, 0
35562711991, 1
35562782011, 0
35562874415, 1
35562959948, 0
35563045085, 1
35563116517, 0
35563209069, 1
35563277633, 0
35563377994, 1
35563449000, 0
35563545454, 1
35563613763, 0
35563712575, 1
35563786508, 0
35563875218, 1
35563978120, 0
35564042576, 1
35564119444, 0
35564209318, 1
35564288654, 0
35564376083, 1
35564456614, 0
35564543125, 1
35564625247, 0
35564708897, 1
35564794509, 0
35564876643, 1
35564943484, 0
35565043445, 1
35565111155, 0
35565210157, 1
35565279216, 0
35565376485, 1
35565467972, 0
35565543918, 1
35565642068, 0
35565710669, 1
35565812530, 0
35565877279, 1
35565952369, 0
35566044144, 1
35566115960, 0
35566210806, 1
35566279533, 0
35566377164, 1
35566465453, 0
35566544400, 1
35566650699, 0
35566711234, 1
35566791016, 0
35566877932, 1
35566959539, 0
35567045191, 1
35567117370, 0
35567211684, 1
35567293129, 0
35567378261, 1
35567479821, 0
35567545434, 1
35567615637, 0
35567711457, 1
35567789059, 0
35567878526, 1
35567951842, 0
35568045735, 1
35568126169, 0
35568212732, 1
35568362224, 0
35568378791, 1
35568454433, 0
35568545806, 1
35568622225, 0
35568712944, 1
35568783230, 0
35568880258, 1
35568969272, 0
35569045907, 1
35569145573, 0
35569213148, 1
35569284619, 0
35569379457, 1
35569460642, 0
35569547562, 1
35569630601, 0
35569713524, 1
35569795276, 0
35569880630, 1
35569969294, 0
35570047288, 1
35570132589, 0
35570213966, 1
35570285734, 0
35570380710, 1
35570461110, 0
35570547604, 1
35570621833, 0
35570714126, 1
35570785074, 0
35570880704, 1
35570965495, 0
35571047416, 1
35571130862, 0
35571215392, 1
35571292131, 0
35571381705, 1
35571449558, 0
35571548683, 1
35571617170, 0
35571715795, 1
35571785955, 0
35571881291, 1
35571954006, 0
35572049261, 1
35572120346, 0
35572215914, 1
35572285834, 0
35572382682, 1
35572452693, 0
35572549253, 1
35572623036, 0
35572716446, 1
35572790858, 0
35572883174, 1
35572953581, 0
35573051421, 1
35573121916, 0
35573219081, 1
35573292666, 0
35573383539, 1
35573454662, 0
35573550377, 1
35573624677, 0
35573717119, 1
35573786098, 0
35573887001, 1
35573962953, 0
35574121192, 0
35574218218, 1
35574283951, 0
35574383597, 1
35574454399, 0
35574554138, 1
35574617792, 0
35574721807, 1
35574786318, 0
35574884837, 1
35574951137, 0
35575052031, 1
35575120015, 0
35575218097, 1
35575290440, 0
35575386160, 1
35575455134, 0
35575551865, 1
35575619471, 0
35575719003, 1
35575787635, 0
35575886270, 1
35575953905, 0
35576055128, 1
35576119841, 0
35576218406, 1
35576283478, 0
35576388709, 1
35576451713, 0
35576553187, 1
35576625610, 0
35576722992, 1
35576799384, 0
35576885378, 1
35576957366, 0
35577051564, 1
35577126512, 0
35577222955, 1
35577291972, 0
35577386202, 1
35577454940, 0
35577554775, 1
35577621256, 0
35577719261, 1
35577786379, 0
35577887235, 1
35577954784, 0
35578058415, 1
35578121746, 0
35578219967, 1
35578284973, 0
35578387211, 1
35578456038, 0
35578554149, 1
35578627539, 0
35578721863, 1
35578788209, 0
35578887075, 1
35578957946, 0
35579054633, 1
35579122608, 0
35579220845, 1
35579292934, 0
35579392390, 1
35579454276, 0
35579558338, 1
35579623284, 0
35579720335, 1
35579792586, 0
35579886877, 1
35579961831, 0
35580054037, 1
35580139993, 0
35580221895, 1
35580296273, 0
35580387890, 1
35580461405, 0
35580554836, 1
35580637590, 0
35580722013, 1
35580798494, 0
35580888948, 1
35580964397, 0
35581055667, 1
35581143091, 0
35581222253, 1
35581297434, 0
35581390275, 1
35581465468, 0
35581556049, 1
35581631968, 0
35581721885, 1
35581864898, 0
35581889676, 1
35581986351, 0
35582056374, 1
35582134264, 0
35582223152, 1
35582313947, 0
35582389799, 1
35582470130, 0
35582556822, 1
35582643979, 0
35582723971, 1
35582805060, 0
35582890399, 1
35582966600, 0
35583057192, 1
35583194056, 0
35583223534, 1
35583295808, 0
35583390030, 1
35583464698, 0
35583556658, 1
35583643160, 0
35583723759, 1
35583807368, 0
35583891337, 1
35584045995, 0
35584057985, 1
35584141035, 0
35584223514, 1
35584313765, 0
35584390970, 1
35584479184, 0
35584558468, 1
35584706871, 0
35584725533, 1
35584800786, 0
35584892267, 1
35584976977, 0
35585058047, 1
35585147595, 0
35585225575, 1
35585316656, 0
35585392470, 1
35585473352, 0
35585558225, 1
35585634863, 0
35585725403, 1
35585811347, 0
35585892715, 1
35585964946, 0
35586059716, 1
35586135208, 0
35586226244, 1
35586298274, 0
35586392266, 1
35586473614, 0
35586559835, 1
35586640339, 0
35586725858, 1
35586804334, 0
35586893462, 1
35586991260, 0
35587060292, 1
35587160274, 0
35587227133, 1
35587306222, 0
35587394466, 1
35587469107, 0
35587560952, 1
35587705713, 0
35587727130, 1
35587806595, 0
35587895190, 1
35587990749, 0
35588061392, 1
35588133479, 0
35588228066, 1
35588324864, 0
35588395146, 1
35588493476, 0
35588560840, 1
35588641458, 0
35588727469, 1
35588806366, 0
35588894095, 1
35588980980, 0
35589061380, 1
35589135893, 0
35589228492, 1
35589303513, 0
35589394427, 1
35589534006, 0
35589561630, 1
35589634774, 0
35589732822, 1
35589798617, 0
35589895963, 1
35589976488, 0
35590065992, 1
35590146292, 0
35590232619, 1
35590302701, 0
35590395829, 1
35590475723, 0
35590562634, 1
35590651603, 0
35590733701, 1
35590822270, 0
35590897125, 1
35590993517, 0
35591066693, 1
35591137921, 0
35591230656, 1
35591309183, 0
35591400512, 1
35591475530, 0
35591563790, 1
35591647084, 0
35591734344, 1
35591808692, 0
35591896781, 1
35591976810, 0
35592067428, 1
35592146373, 0
35592234913, 1
35592310239, 0
35592398344, 1
35592466349, 0
35592564583, 1
35592650698, 0
35592734512, 1
35592816798, 0
35592897575, 1
35592965753, 0
35593065344, 1
35593134319, 0
35593235100, 1
35593313579, 0
35593398877, 1
35593496942, 0
35593565903, 1
35593639697, 0
35593735213, 1
35593809471, 0
35593898554, 1
35594047513, 0
35594069447, 1
35594154544, 0
35594241168, 1
35594315550, 0
35594405318, 1
35594532143, 0
35594570183, 1
35594636019, 0
35594740723, 1
35594801639, 0
35594900856, 1
35594980570, 0
35595072586, 1
35595149814, 0
35595236630, 1
35595302052, 0
35595402982, 1
35595467857, 0
35595570070, 1
35595647214, 0
35595733593, 1
35595829591, 0
35595900892, 1
35595974024, 0
35596067398, 1
35596139243, 0
35596233581, 1
35596303105, 0
35596400233, 1
35596476457, 0
35596567914, 1
35596670961, 0
35596734112, 1
35596808211, 0
35596901083, 1
35596973229, 0
35597067388, 1
35597141709, 0
35597234400, 1
35597308249, 0
35597401664, 1
35597487024, 0
35597567226, 1
35597725311, 0
35597733925, 1
35597808840, 0
35597901571, 1
35597972087, 0
35598068853, 1
35598146221, 0
35598234887, 1
35598309334, 0
35598402335, 1
35598485480, 0
35598568168, 1
35598661948, 0
35598735470, 1
35598821325, 0
35598902825, 1
35599056157, 0
35599069387, 1
35599138718, 0
35599235763, 1
35599322113, 0
35599402278, 1
35599556000, 0
35599569575, 1
35599648652, 0
35599736152, 1
35599821703, 0
35599903981, 1
35600059930, 0
35600070739, 1
35600157196, 0
35600237386, 1
35600325206, 0
35600403171, 1
35600497019, 0
35600570735, 1
35600645887, 0
35600736737, 1
35600813440, 0
35600904283, 1
35600991322, 0
35601069798, 1
35601164910, 0
35601237437, 1
35601316217, 0
35601404576, 1
35601478914, 0
35601571438, 1
35601643885, 0
35601738244, 1
35601824667, 0
35601905159, 1
35601980858, 0
35602071139, 1
35602158379, 0
35602237991, 1
35602315703, 0
35602404070, 1
35602499320, 0
35602572303, 1
35602653802, 0
35602739406, 1
35602826823, 0
35602905149, 1
35602994543, 0
35603072333, 1
35603176433, 0
35603239688, 1
35603318152, 0
35603406578, 1
35603486539, 0
35603573295, 1
35603660643, 0
35603738904, 1
35603896231, 0
35603906398, 1
35603988521, 0
35604073636, 1
35604151148, 0
35604239433, 1
35604332298, 0
35604406747, 1
35604507320, 0
35604573039, 1
35604647768, 0
35604739277, 1
35604816785, 0
35604907301, 1
35605007084, 0
35605073787, 1
35605146819, 0
35605241381, 1
35605308131, 0
35605407520, 1
35605487212, 0
35605575418, 1
35605672207, 0
35605740575, 1
35605825400, 0
35605911586, 1
35605986655, 0
35606075463, 1
35606156168, 0
35606244951, 1
35606325276, 0
35606409178, 1
35606479578, 0
35606578214, 1
35606647308, 0
35606743270, 1
35606816934, 0
35606909377, 1
35606978931, 0
35607075336, 1
35607156067, 0
35607245866, 1
35607341565, 0
35607413019, 1
35607479057, 0
35607576190, 1
35607679260, 0
35607746186, 1
35607821557, 0
35607910891, 1
35608004121, 0
35608080026, 1
35608155757, 0
35608316088, 0
35608413426, 1
35608504177, 0
35608577520, 1
35608649870, 0
35608743829, 1
35608817017, 0
35608915104, 1
35608988936, 0
35609080357, 1
35609171589, 0
35609244524, 1
35609315128, 0
35609410918, 1
35609488815, 0
35609577525, 1
35609653646, 0
35609747570, 1
35609829130, 0
35609910942, 1
35609996318, 0
35610078568, 1
35610150853, 0
35610244625, 1
35610320607, 0
35610414915, 1
35610485072, 0
35610578944, 1
35610654702, 0
35610744777, 1
35610837380, 0
35610912386, 1
35610977796, 0
35611079404, 1
35611158520, 0
35611244881, 1
35611316072, 0
35611411183, 1
35611501721, 0
35611578979, 1
35611675596, 0
35611745888, 1
35611819735, 0
35611911994, 1
35611992238, 0
35612078844, 1
35612154682, 0
35612245474, 1
35612331177, 0
35612413115, 1
35612500793, 0
35612580003, 1
35612654203, 0
35612745329, 1
35612827914, 0
35612913064, 1
35612989094, 0
35613079770, 1
35613160602, 0
35613246104, 1
35613329705, 0
35613413817, 1
35613503916, 0
35613579505, 1
35613666366, 0
35613747656, 1
35613833629, 0
35613914423, 1
35613996386, 0
35614081138, 1
35614161767, 0
35614247802, 1
35614326060, 0
35614414615, 1
35614505742, 0
35614581748, 1
35614654868, 0
35614747795, 1
35614822821, 0
35614914288, 1
35614986812, 0
35615081195, 1
35615160663, 0
35615247838, 1
35615325373, 0
35615415445, 1
35615489635, 0
35615582379, 1
35615668532, 0
35615749080, 1
35615835428, 0
35615915744, 1
35616000971, 0
35616083166, 1
35616157659, 0
35616249068, 1
35616324537, 0
35616414932, 1
35616491744, 0
35616582920, 1
35616661514, 0
35616749865, 1
35616836783, 0
35616916549, 1
35616999800, 0
35617082217, 1
35617174912, 0
35617250039, 1
35617337542, 0
35617416878, 1
35617491257, 0
35617583635, 1
35617660363, 0
35617750447, 1
35617848275, 0
35617916331, 1
35617995940, 0
35618082734, 1
35618161122, 0
35618250887, 1
35618323448, 0
35618417070, 1
35618486864, 0
35618584938, 1
35618658718, 0
35618751029, 1
35618822822, 0
35618917567, 1
35618994758, 0
35619088129, 1
35619169457, 0
35619250929, 1
35619323803, 0
35619419147, 1
35619500032, 0
35619585036, 1
35619665449, 0
35619751570, 1
35619824077, 0
35619919139, 1
35619993725, 0
35620084778, 1
35620157244, 0
35620252728, 1
35620324498, 0
35620419530, 1
35620504095, 0
35620586420, 1
35620669625, 0
35620751925, 1
35620835955, 0
35620919410, 1
35621003721, 0
35621086842, 1
35621164777, 0
35621253035, 1
35621325567, 0
35621420838, 1
35621490132, 0
35621589711, 1
35621659748, 0
35621757486, 1
35621827914, 0
35621920188, 1
35621992508, 0
35622087188, 1
35622156770, 0
35622253614, 1
35622333305, 0
35622420248, 1
35622504399, 0
35622587548, 1
35622669515, 0
35622754546, 1
35622830223, 0
35622920891, 1
35622992944, 0
35623091484, 1
35623158277, 0
35623255850, 1
35623324760, 0
35623421272, 1
35623505690, 0
35623587698, 1
35623669320, 0
35623755181, 1
35623839304, 0
35623922140, 1
35624006668, 0
35624089089, 1
35624169957, 0
35624258812, 1
35624325504, 0
35624421699, 1
35624494123, 0
35624591512, 1
35624659222, 0
35624755675, 1
35624823725, 0
35624922035, 1
35624987269, 0
35625090914, 1
35625154232, 0
35625255900, 1
35625317276, 0
35625422473, 1
35625492301, 0
35625593581, 1
35625658941, 0
35625759662, 1
35625825289, 0
35625923756, 1
35625991165, 0
35626093316, 1
35626158016, 0
35626260490, 1
35626328541, 0
35626424600, 1
35626504713, 0
35626589951, 1
35626684641, 0
35626757934, 1
35626830480, 0
35626929281, 1
35627006262, 0
35627091803, 1
35627172274, 0
35627257170, 1
35627345705, 0
35627424401, 1
35627515657, 0
35627590969, 1
35627676564, 0
35627757536, 1
35627924588, 1
35627936806, 0
35627999075, 0
35628093042, 1
35628165214, 0
35628257831, 1
35628344143, 0
35628424515, 1
35628513335, 0
35628592163, 1
35628663719, 0
35628758505, 1
35628840718, 0
35628925371, 1
35629021973, 0
35629092551, 1
35629163480, 0
35629259417, 1
35629330311, 0
35629425238, 1
35629515075, 0
35629592868, 1
35629688445, 0
35629760415, 1
35629847964, 0
35629927585, 1
35630001597, 0
35630092143, 1
35630164849, 0
35630260105, 1
35630346863, 0
35630426949, 1
35630510858, 0
35630593815, 1
35630660272, 0
35630759620, 1
35630836833, 0
35630927538, 1
35631003836, 0
35631094136, 1
35631184472, 0
35631260886, 1
35631336854, 0
35631427935, 1
35631498867, 0
35631593778, 1
35631677246, 0
35631761210, 1
35631860742, 0
35631928011, 1
35632000428, 0
35632094524, 1
35632169300, 0
35632261031, 1
35632338228, 0
35632427905, 1
35632519254, 0
35632593936, 1
35632694284, 0
35632762050, 1
35632917361, 0
35632928159, 1
35633009474, 0
35633095692, 1
35633172127, 0
35633262632, 1
35633363536, 0
35633430134, 1
35633536372, 0
35633595988, 1
35633674967, 0
35633761351, 1
35633841135, 0
35633929473, 1
35634029602, 0
35634096025, 1
35634182380, 0
35634263318, 1
35634350359, 0
35634429487, 1
35634504106, 0
35634597016, 1
35634686386, 0
35634762655, 1
35634864750, 0
35634930786, 1
35635009848, 0
35635096217, 1
35635170678, 0
35635264252, 1
35635348621, 0
35635429784, 1
35635532097, 0
35635597093, 1
35635690453, 0
35635763958, 1
35635852624, 0
35635931658, 1
35636010459, 0
35636098505, 1
35636173892, 0
35636265230, 1
35636338735, 0
35636430894, 1
35636506684, 0
35636597923, 1
35636696119, 0
35636765463, 1
35636847473, 0
35636931098, 1
35637014440, 0
35637097896, 1
35637171668, 0
35637264871, 1
35637334689, 0
35637431726, 1
35637512476, 0
35637599320, 1
35637695950, 0
35637765300, 1
35637835881, 0
35637932351, 1
35638008078, 0
35638102854, 1
35638171730, 0
35638265837, 1
35638342912, 0
35638432923, 1
35638516138, 0
35638603368, 1
35638669808, 0
35638766658, 1
35638838236, 0
35638936532, 1
35639022177, 0
35639100328, 1
35639250139, 0
35639266736, 1
35639340394, 0
35639433690, 1
35639503981, 0
35639601532, 1
35639674293, 0
35639770917, 1
35639836420, 0
35639933990, 1
35640017683, 0
35640100520, 1
35640188028, 0
35640268385, 1
35640336665, 0
35640433963, 1
35640509348, 0
35640604639, 1
35640672937, 0
35640768241, 1
35640844822, 0
35640934916, 1
35641023703, 0
35641104717, 1
35641170677, 0
35641268615, 1
35641352300, 0
35641434781, 1
35641502838, 0
35641602678, 1
35641676037, 0
35641772744, 1
35641849773, 0
35641935196, 1
35642012440, 0
35642104563, 1
35642176034, 0
35642269523, 1
35642334673, 0
35642436238, 1
35642503617, 0
35642605869, 1
35642677428, 0
35642771107, 1
35642846196, 0
35642936202, 1
35643010941, 0
35643102347, 1
35643170817, 0
35643271044, 1
35643337856, 0
35643436765, 1
35643512011, 0
35643603647, 1
35643675609, 0
35643770591, 1
35643841701, 0
35643937376, 1
35644017666, 0
35644104056, 1
35644178032, 0
35644270586, 1
35644341750, 0
35644436761, 1
35644506391, 0
35644604561, 1
35644679551, 0
35644770753, 1
35644854162, 0
35644937168, 1
35645012360, 0
35645104868, 1
35645182903, 0
35645271965, 1
35645349465, 0
35645438492, 1
35645513006, 0
35645605251, 1
35645670534, 0
35645772182, 1
35645856278, 0
35645938838, 1
35646008836, 0
35646106600, 1
35646178912, 0
35646272532, 1
35646347955, 0
35646439319, 1
35646511123, 0
35646606387, 1
35646673992, 0
35646772746, 1
35646849657, 0
35646939163, 1
35647013562, 0
35647106427, 1
35647181203, 0
35647273312, 1
35647351599, 0
35647440045, 1
35647515886, 0
35647606021, 1
35647681161, 0
35647773627, 1
35647857738, 0
35647940265, 1
35648014319, 0
35648107126, 1
35648179739, 0
35648273978, 1
35648345941, 0
35648440744, 1
35648518611, 0
35648607933, 1
35648689124, 0
35648773731, 1
35648862865, 0
35648941751, 1
35649019844, 0
35649108593, 1
35649181826, 0
35649274769, 1
35649351682, 0
35649441512, 1
35649514448, 0
35649608419, 1
35649677356, 0
35649775094, 1
35649847147, 0
35649941979, 1
35650014019, 0
35650108440, 1
35650183795, 0
35650275506, 1
35650351060, 0
35650441659, 1
35650516348, 0
35650608596, 1
35650683959, 0
35650775446, 1
35650853996, 0
35650942710, 1
35651019062, 0
35651108178, 1
35651185719, 0
35651275833, 1
35651348740, 0
35651443455, 1
35651515244, 0
35651609905, 1
35651690682, 0
35651776534, 1
35651851315, 0
35651942419, 1
35652009333, 0
35652109592, 1
35652189786, 0
35652277709, 1
35652352377, 0
35652444105, 1
35652522559, 0
35652610283, 1
35652698095, 0
35652777807, 1
35652886945, 0
35652943580, 1
35653037062, 0
35653110452, 1
35653214823, 0
35653278095, 1
35653356339, 0
35653444649, 1
35653518662, 0
35653610384, 1
35653681731, 0
35653778744, 1
35653850285, 0
35653944742, 1
35654031732, 0
35654111008, 1
35654186127, 0
35654355670, 0
35654448750, 1
35654522106, 0
35654615678, 1
35654701748, 0
35654779239, 1
35654854700, 0
35654948923, 1
35655097355, 0
35655112525, 1
35655182508, 0
35655281690, 1
35655349977, 0
35655449576, 1
35655515095, 0
35655616049, 1
35655682432, 0
35655779724, 1
35655846381, 0
35655945775, 1
35656025216, 0
35656111585, 1
35656182367, 0
35656285040, 1
35656348062, 0
35656449654, 1
35656517659, 0
35656617823, 1
35656681414, 0
35656783737, 1
35656851803, 0
35656947544, 1
35657014090, 0
35657117179, 1
35657183304, 0
35657284457, 1
35657441060, 0
35657446655, 1
35657520977, 0
35657613878, 1
35657686160, 0
35657783447, 1
35657847999, 0
35657948395, 1
35658015995, 0
35658115424, 1
35658187344, 0
35658281009, 1
35658358745, 0
35658452599, 1
35658521543, 0
35658615238, 1
35658681094, 0
35658783190, 1
35658851199, 0
35658952204, 1
35659027880, 0
35659119208, 1
35659187043, 0
35659285013, 1
35659351160, 0
35659452155, 1
35659518392, 0
35659616225, 1
35659690492, 0
35659783010, 1
35659871218, 0
35659949714, 1
35660020575, 0
35660116443, 1
35660185804, 0
35660284093, 1
35660355240, 0
35660449668, 1
35660520537, 0
35660617415, 1
35660686825, 0
35660783361, 1
35660852857, 0
35660950635, 1
35661018287, 0
35661117288, 1
35661186190, 0
35661283892, 1
35661353081, 0
35661450409, 1
35661524743, 0
35661617628, 1
35661691983, 0
35661783597, 1
35661856124, 0
35661951169, 1
35662025063, 0
35662118414, 1
35662196016, 0
35662284968, 1
35662363371, 0
35662451506, 1
35662531319, 0
35662617661, 1
35662696475, 0
35662784375, 1
35662865971, 0
35662951917, 1
35663028257, 0
35663118191, 1
35663191704, 0
35663285601, 1
35663365029, 0
35663452314, 1
35663549999, 0
35663618574, 1
35663701643, 0
35663785517, 1
35663863756, 0
35663952598, 1
35664028006, 0
35664118966, 1
35664201171, 0
35664286427, 1
35664373782, 0
35664453207, 1
35664525263, 0
35664619517, 1
35664697326, 0
35664785763, 1
35664887961, 0
35664953376, 1
35665028790, 0
35665118873, 1
35665192514, 0
35665285948, 1
35665369887, 0
35665452630, 1
35665555953, 0
35665619687, 1
35665717795, 0
35665787275, 1
35665865773, 0
35665953349, 1
35666037405, 0
35666120525, 1
35666199672, 0
35666286787, 1
35666374414, 0
35666453704, 1
35666540957, 0
35666621872, 1
35666693721, 0
35666789393, 1
35666865697, 0
35666954015, 1
35667026444, 0
35667122763, 1
35667194634, 0
35667289020, 1
35667369215, 0
35667455718, 1
35667532425, 0
35667621575, 1
35667766036, 0
35667788914, 1
35667862240, 0
35667955773, 1
35668032153, 0
35668122167, 1
35668206821, 0
35668289767, 1
35668387871, 0
35668456407, 1
35668531218, 0
35668622529, 1
35668691847, 0
35668790035, 1
35668859299, 0
35668957025, 1
35669034657, 0
35669123408, 1
35669200902, 0
35669290333, 1
35669366139, 0
35669456074, 1
35669533429, 0
35669623500, 1
35669710208, 0
35669791161, 1
35669876674, 0
35669961837, 1
35670033136, 0
35670126108, 1
35670268387, 0
35670290837, 1
35670389261, 0
35670458388, 1
35670539215, 0
35670624586, 1
35670693961, 0
35670795925, 1
35670860928, 0
35670958003, 1
35671033052, 0
35671124745, 1
35671194949, 0
35671291671, 1
35671363674, 0
35671458303, 1
35671530891, 0
35671625157, 1
35671721950, 0
35671793432, 1
35671888055, 0
35671959295, 1
35672051508, 0
35672125981, 1
35672211413, 0
35672292840, 1
35672369006, 0
35672462493, 1
35672539618, 0
35672630021, 1
35672704362, 0
35672792505, 1
35672874854, 0
35672959966, 1
35673037510, 0
35673130555, 1
35673219142, 0
35673291994, 1
35673374696, 0
35673460576, 1
35673542394, 0
35673626617, 1
35673706829, 0
35673796805, 1
35673875634, 0
35673962533, 1
35674042701, 0
35674127285, 1
35674207788, 0
35674293516, 1
35674376719, 0
35674464479, 1
35674608550, 0
35674627375, 1
35674712639, 0
35674794610, 1
35674876204, 0
35674962659, 1
35675038731, 0
35675131365, 1
35675205998, 0
35675295282, 1
35675377456, 0
35675465179, 1
35675538420, 0
35675632239, 1
35675713092, 0
35675795265, 1
35675871933, 0
35675960640, 1
35676041813, 0
35676127957, 1
35676287408, 0
35676294750, 1
35676362180, 0
35676461624, 1
35676632461, 0
35676632803, 1
35676697605, 0
35676795734, 1
35676953719, 0
35676962781, 1
35677043241, 0
35677128183, 1
35677202267, 0
35677296277, 1
35677369479, 0
35677463112, 1
35677535758, 0
35677630375, 1
35677704448, 0
35677796803, 1
35677875474, 0
35677963194, 1
35678046904, 0
35678130831, 1
35678223215, 0
35678298542, 1
35678381764, 0
35678462600, 1
35678561418, 0
35678631476, 1
35678703889, 0
35678797676, 1
35678893208, 0
35678964248, 1
35679053939, 0
35679131401, 1
35679204560, 0
35679297620, 1
35679372112, 0
35679463201, 1
35679551770, 0
35679630724, 1
35679704900, 0
35679798233, 1
35679890713, 0
35679964917, 1
35680040054, 0
35680130902, 1
35680212722, 0
35680298220, 1
35680367889, 0
35680465248, 1
35680537530, 0
35680631746, 1
35680702663, 0
35680799337, 1
35680876446, 0
35680965802, 1
35681043692, 0
35681133037, 1
35681208890, 0
35681298625, 1
35681370959, 0
35681465306, 1
35681538878, 0
35681632329, 1
35681722158, 0
35681799580, 1
35681872613, 0
35681965451, 1
35682058942, 0
35682132893, 1
35682206444, 0
35682298887, 1
35682392818, 0
35682466877, 1
35682540029, 0
35682633416, 1
35682724296, 0
35682800405, 1
35682880491, 0
35682967619, 1
35683058171, 0
35683133085, 1
35683209694, 0
35683301432, 1
35683367795, 0
35683467843, 1
35683550076, 0
35683633475, 1
35683702470, 0
35683801618, 1
35683882260, 0
35683966679, 1
35684069568, 0
35684133690, 1
35684233808, 0
35684302065, 1
35684372938, 0
35684468617, 1
35684545065, 0
35684634697, 1
35684729450, 0
35684802536, 1
35684899895, 0
35684968199, 1
35685047101, 0
35685134448, 1
35685206885, 0
35685302553, 1
35685376994, 0
35685468476, 1
35685547069, 0
35685640021, 1
35685715927, 0
35685804607, 1
35685884318, 0
35685970247, 1
35686048423, 0
35686136474, 1
35686220977, 0
35686306869, 1
35686380547, 0
35686474680, 1
35686550992, 0
35686636841, 1
35686720444, 0
35686802464, 1
35686885493, 0
35686970272, 1
35687053477, 0
35687136841, 1
35687220039, 0
35687304403, 1
35687384482, 0
35687474389, 1
35687538291, 0
35687637337, 1
35687706633, 0
35687804347, 1
35687884334, 0
35687974545, 1
35688054417, 0
35688140410, 1
35688216423, 0
35688304864, 1
35688374844, 0
35688471524, 1
35688542160, 0
35688637175, 1
35688717233, 0
35688804525, 1
35688903331, 0
35688971080, 1
35689050729, 0
35689141908, 1
35689219233, 0
35689306247, 1
35689389172, 0
35689475972, 1
35689558866, 0
35689642593, 1
35689727430, 0
35689809197, 1
35689874677, 0
35689972421, 1
35690056586, 0
35690139437, 1
35690236488, 0
35690306685, 1
35690411037, 0
35690473185, 1
35690555207, 0
35690639695, 1
35690726149, 0
35690806657, 1
35690886223, 0
35690973731, 1
35691066326, 0
35691143527, 1
35691224238, 0
35691310338, 1
35691385234, 0
35691474842, 1
35691557287, 0
35691643953, 1
35691722810, 0
35691810532, 1
35691888979, 0
35691974212, 1
35692061583, 0
35692141199, 1
35692227359, 0
35692307691, 1
35692388271, 0
35692474578, 1
35692560491, 0
35692641821, 1
35692796082, 0
35692807744, 1
35692898228, 0
35692974002, 1
35693116074, 0
35693141308, 1
35693215425, 0
35693308047, 1
35693362673, 0
35693474480, 1
35693550024, 0
35693642139, 1
35693710079, 0
35693809005, 1
35693872527, 0
35693975318, 1
35694062190, 0
35694142585, 1
35694211353, 0
35694308240, 1
35694371928, 0
35694476101, 1
35694541386, 0
35694642513, 1
35694709364, 0
35694809692, 1
35694872596, 0
35694975724, 1
35695044391, 0
35695142270, 1
35695232158, 0
35695309088, 1
35695376047, 0
35695476593, 1
35695551777, 0
35695642378, 1
35695707576, 0
35695810655, 1
35695877241, 0
35695977163, 1
35696043515, 0
35696144347, 1
35696223734, 0
35696310628, 1
35696375207, 0
35696477616, 1
35696561657, 0
35696643787, 1
35696708530, 0
35696811072, 1
35696880802, 0
35696978060, 1
35697056673, 0
35697145076, 1
35697205572, 0
35697310257, 1
35697373703, 0
35697478421, 1
35697548617, 0
35697645270, 1
35697707210, 0
35697811920, 1
35697890715, 0
35697978791, 1
35698044178, 0
35698145522, 1
35698226495, 0
35698312370, 1
35698388687, 0
35698478222, 1
35698553682, 0
35698645946, 1
35698730876, 0
35698812718, 1
35698877726, 0
35698979475, 1
35699063406, 0
35699146265, 1
35699209278, 0
35699312823, 1
35699390615, 0
35699479131, 1
35699542615, 0
35699647075, 1
35699710360, 0
35699813985, 1
35699883497, 0
35699980601, 1
35700062082, 0
35700147730, 1
35700209410, 0
35700313251, 1
35700375897, 0
35700480527, 1
35700560137, 0
35700647858, 1
35700713644, 0
35700813624, 1
35700888864, 0
35700981387, 1
35701047717, 0
35701148348, 1
35701229003, 0
35701315084, 1
35701381619, 0
35701480773, 1
35701546645, 0
35701648599, 1
35701776690, 0
35701814036, 1
35701877560, 0
35701982536, 1
35702045922, 0
35702151995, 1
35702217084, 0
35702319396, 1
35702376166, 0
35702482142, 1
35702545686, 0
35702652368, 1
35702718562, 0
35702819366, 1
35702879332, 0
35702982041, 1
35703050464, 0
35703151768, 1
35703284843, 0
35703316171, 1
35703384169, 0
35703494998, 1
35703542215, 0
35703650226, 1
35703716445, 0
35703820454, 1
35703986686, 1
35704153878, 1
35704246298, 0
35704316401, 1
35704387925, 0
35704487456, 1
35704554653, 0
35704650396, 1
35704721795, 0
35704816285, 1
35704887062, 0
35704987515, 1
35705053498, 0
35705150747, 1
35705224646, 0
35705319447, 1
35705381788, 0
35705483517, 1
35705560347, 0
35705650832, 1
35705716180, 0
35705821645, 1
35705890084, 0
35705985005, 1
35706051070, 0
35706154877, 1
35706231805, 0
35706318330, 1
35706397452, 0
35706485691, 1
35706548661, 0
35706652049, 1
35706719212, 0
35706818264, 1
35706894040, 0
35706985187, 1
35707050684, 0
35707152388, 1
35707215665, 0
35707321063, 1
35707386986, 0
35707485297, 1
35707564328, 0
35707654225, 1
35707715629, 0
35707819420, 1
35707895208, 0
35707987303, 1
35708067861, 0
35708157819, 1
35708278755, 0
35708319910, 1
35708398090, 0
35708486486, 1
35708571600, 0
35708653668, 1
35708723462, 0
35708819202, 1
35708890211, 0
35708985849, 1
35709059711, 0
35709153547, 1
35709242080, 0
35709320958, 1
35709397804, 0
35709487766, 1
35709571851, 0
35709654150, 1
35709725535, 0
35709820826, 1
35709903232, 0
35709987668, 1
35710070817, 0
35710154908, 1
35710223755, 0
35710320210, 1
35710389333, 0
35710487169, 1
35710562809, 0
35710655916, 1
35710732078, 0
35710822090, 1
35710892962, 0
35710987685, 1
35711073571, 0
35711155584, 1
35711225917, 0
35711322376, 1
35711400094, 0
35711489237, 1
35711563251, 0
35711655901, 1
35711738181, 0
35711822494, 1
35711903400, 0
35711988955, 1
35712059957, 0
35712155954, 1
35712225824, 0
35712322643, 1
35712410006, 0
35712489056, 1
35712571074, 0
35712656032, 1
35712728062, 0
35712822818, 1
35712895619, 0
35712991059, 1
35713061479, 0
35713157809, 1
35713237161, 0
35713324170, 1
35713392480, 0
35713489389, 1
35713569104, 0
35713658116, 1
35713728903, 0
35713823095, 1
35713900452, 0
35713990491, 1
35714062055, 0
35714157877, 1
35714223291, 0
35714323331, 1
35714388475, 0
35714490928, 1
35714563360, 0
35714657027, 1
35714723763, 0
35714824095, 1
35714893476, 0
35714991024, 1
35715064746, 0
35715157332, 1
35715241336, 0
35715325664, 1
35715419538, 0
35715491674, 1
35715651251, 0
35715658251, 1
35715740489, 0
35715825384, 1
35715903899, 0
35715991850, 1
35716073797, 0
35716158959, 1
35716240154, 0
35716326869, 1
35716394246, 0
35716493908, 1
35716570780, 0
35716660294, 1
35716730635, 0
35716826934, 1
35716889265, 0
35716992368, 1
35717070094, 0
35717160309, 1
35717239740, 0
35717327421, 1
35717405010, 0
35717494044, 1
35717562260, 0
35717661095, 1
35717727236, 0
35717828095, 1
35717923431, 0
35717993947, 1
35718070672, 0
35718166041, 1
35718238166, 0
35718331266, 1
35718396145, 0
35718497294, 1
35718575608, 0
35718661482, 1
35718741353, 0
35718831480, 1
35718904037, 0
35718999055, 1
35719071602, 0
35719164727, 1
35719313293, 0
35719327322, 1
35719400832, 0
35719565984, 0
35719661689, 1
35719724460, 0
35719832755, 1
35719903015, 0
35720000417, 1
35720087010, 0
35720162880, 1
35720232052, 0
35720330503, 1
35720394291, 0
35720496589, 1
35720564281, 0
35720663372, 1
35720728213, 0
35720828344, 1
35720893035, 0
35721000472, 1
35721060052, 0
35721163193, 1
35721241122, 0
35721332600, 1
35721410782, 0
35721497574, 1
35721574987, 0
35721664223, 1
35721743732, 0
35721831696, 1
35721916651, 0
35721997769, 1
35722062713, 0
35722163282, 1
35722241449, 0
35722329613, 1
35722425365, 0
35722497001, 1
35722573682, 0
35722663684, 1
35722724824, 0
35722834153, 1
35722900720, 0
35722996657, 1
35723063005, 0
35723167730, 1
35723230170, 0
35723330387, 1
35723396217, 0
35723498905, 1
35723571269, 0
35723666158, 1
35723816126, 0
35723830853, 1
35723911682, 0
35724002506, 1
35724097392, 0
35724166082, 1
35724250437, 0
35724332239, 1
35724455650, 0
35724499097, 1
35724573149, 0
35724669791, 1
35724762000, 0
35724832116, 1
35724949727, 0
35724999469, 1
35725077584, 0
35725166104, 1
35725253166, 0
35725333414, 1
35725492240, 0
35725499815, 1
35725579409, 0
35725667353, 1
35725750949, 0
35725832736, 1
35725913174, 0
35726000059, 1
35726067357, 0
35726166040, 1
35726237337, 0
35726333466, 1
35726416762, 0
35726500166, 1
35726570975, 0
35726666197, 1
35726747901, 0
35726833576, 1
35726905221, 0
35727001715, 1
35727083621, 0
35727167915, 1
35727240482, 0
35727334397, 1
35727420690, 0
35727501707, 1
35727573055, 0
35727667658, 1
35727752270, 0
35727834655, 1
35727911789, 0
35728000909, 1
35728081486, 0
35728168056, 1
35728239045, 0
35728335670, 1
35728419735, 0
35728501904, 1
35728573449, 0
35728668496, 1
35728732770, 0
35728834924, 1
35728903200, 0
35729001533, 1
35729079663, 0
35729168781, 1
35729240663, 0
35729335466, 1
35729418554, 0
35729501833, 1
35729571837, 0
35729668916, 1
35729753992, 0
35729835929, 1
35729900989, 0
35730002937, 1
35730072280, 0
35730170522, 1
35730328698, 0
35730335704, 1
35730413346, 0
35730505369, 1
35730594867, 0
35730669895, 1
35730745084, 0
35730836641, 1
35730904036, 0
35731003029, 1
35731071191, 0
35731171837, 1
35731243215, 0
35731337210, 1
35731408485, 0
35731503913, 1
35731661363, 0
35731670964, 1
35731828122, 0
35731837182, 1
35731902825, 0
35732004906, 1
35732089916, 0
35732172012, 1
35732315445, 0
35732337448, 1
35732417067, 0
35732505410, 1
35732578870, 0
35732672562, 1
35732769667, 0
35732839176, 1
35732913618, 0
35733006069, 1
35733069869, 0
35733172693, 1
35733250724, 0
35733339565, 1
35733437995, 0
35733506498, 1
35733586360, 0
35733673235, 1
35733752749, 0
35733840049, 1
35733915806, 0
35734007291, 1
35734080077, 0
35734173025, 1
35734254456, 0
35734340334, 1
35734420753, 0
35734507139, 1
35734571217, 0
35734674825, 1
35734738529, 0
35734839764, 1
35734903105, 0
35735007029, 1
35735067963, 0
35735175597, 1
35735247035, 0
35735344457, 1
35735417963, 0
35735508320, 1
35735584927, 0
35735674912, 1
35735748175, 0
35735842649, 1
35735918609, 0
35736008387, 1
35736074174, 0
35736177959, 1
35736235540, 0
35736341331, 1
35736407615, 0
35736507991, 1
35736581213, 0
35736678387, 1
35736826381, 0
35736841936, 1
35736909827, 0
35737009138, 1
35737081495, 0
35737175913, 1
35737246522, 0
35737347906, 1
35737409382, 0
35737509474, 1
35737578236, 0
35737676631, 1
35737740657, 0
35737846059, 1
35737906672, 0
35738009256, 1
35738086570, 0
35738177152, 1
35738252387, 0
35738347416, 1
35738406053, 0
35738512623, 1
35738577099, 0
35738675725, 1
35738741954, 0
35738847402, 1
35738908732, 0
35739011752, 1
35739089279, 0
35739177826, 1
35739253184, 0
35739347689, 1
35739422218, 0
35739510611, 1
35739586807, 0
35739680808, 1
35739753175, 0
35739847710, 1
35739984569, 0
35740011774, 1
35740071057, 0
35740181845, 1
35740243867, 0
35740347239, 1
35740413510, 0
35740511382, 1
35740574584, 0
35740682714, 1
35740746179, 0
35740844603, 1
35740928654, 0
35741011695, 1
35741095209, 0
35741178602, 1
35741250284, 0
35741345724, 1
35741414961, 0
35741511736, 1
35741577223, 0
35741678885, 1
35741745287, 0
35741844975, 1
35741930814, 0
35742012520, 1
35742169547, 0
35742178139, 1
35742264439, 0
35742345850, 1
35742418229, 0
35742512411, 1
35742591622, 0
35742678967, 1
35742751977, 0
35742846042, 1
35742914155, 0
35743013302, 1
35743078345, 0
35743179424, 1
35743249418, 0
35743346325, 1
35743425955, 0
35743513623, 1
35743580916, 0
35743680261, 1
35743755020, 0
35743846157, 1
35743926233, 0
35744014247, 1
35744088558, 0
35744180325, 1
35744262219, 0
35744347856, 1
35744427909, 0
35744514428, 1
35744595899, 0
35744681117, 1
35744766074, 0
35744847942, 1
35744919894, 0
35745013803, 1
35745087963, 0
35745181622, 1
35745248596, 0
35745347202, 1
35745413703, 0
35745513959, 1
35745577794, 0
35745682043, 1
35745835708, 0
35745848247, 1
35745924824, 0
35746015675, 1
35746085175, 0
35746181942, 1
35746249494, 0
35746348568, 1
35746417093, 0
35746515422, 1
35746601598, 0
35746682645, 1
35746770067, 0
35746849670, 1
35746932845, 0
35747016307, 1
35747103454, 0
35747183212, 1
35747255443, 0
35747350772, 1
35747421179, 0
35747516048, 1
35747584739, 0
35747683088, 1
35747754723, 0
35747850538, 1
35747921397, 0
35748015948, 1
35748085506, 0
35748182726, 1
35748255497, 0
35748351213, 1
35748431896, 0
35748518054, 1
35748668771, 0
35748684206, 1
35748767880, 0
35748851604, 1
35748993150, 0
35749018026, 1
35749102848, 0
35749185077, 1
35749267591, 0
35749351778, 1
35749430108, 0
35749517254, 1
35749598695, 0
35749685705, 1
35749765996, 0
35749852346, 1
35749929562, 0
35750019175, 1
35750113026, 0
35750185055, 1
35750316534, 0
35750353019, 1
35750432382, 0
35750518592, 1
35750602699, 0
35750689692, 1
35750762777, 0
35750856258, 1
35750935005, 0
35751023000, 1
35751104417, 0
35751185634, 1
35751270853, 0
35751353200, 1
35751429469, 0
35751522610, 1
35751596045, 0
35751690588, 1
35751764947, 0
35751854733, 1
35751990629, 0
35752019216, 1
35752097236, 0
35752190589, 1
35752267721, 0
35752353228, 1
35752506197, 0
35752521824, 1
35752595045, 0
35752687500, 1
35752770642, 0
35752858216, 1
35752972029, 0
35753024575, 1
35753123044, 0
35753187995, 1
35753264942, 0
35753358200, 1
35753458914, 0
35753520637, 1
35753601832, 0
35753690534, 1
35753770323, 0
35753857235, 1
35753935645, 0
35754022224, 1
35754107439, 0
35754189505, 1
35754270648, 0
35754355386, 1
35754432243, 0
35754522539, 1
35754596900, 0
35754692705, 1
35754770367, 0
35754856400, 1
35754935014, 0
35755022441, 1
35755101893, 0
35755189563, 1
35755271629, 0
35755359900, 1
35755434337, 0
35755522965, 1
35755599875, 0
35755690070, 1
35755770880, 0
35755856573, 1
35755936282, 0
35756023610, 1
35756102014, 0
35756190761, 1
35756272220, 0
35756357388, 1
35756478524, 0
35756523226, 1
35756606994, 0
35756690471, 1
35756775128, 0
35756856524, 1
35756953869, 0
35757024030, 1
35757112483, 0
35757190629, 1
35757277473, 0
35757357790, 1
35757443571, 0
35757524359, 1
35757601760, 0
35757690751, 1
35757851094, 0
35757857142, 1
35757940703, 0
35758024335, 1
35758169998, 0
35758191097, 1
35758274814, 0
35758358478, 1
35758445706, 0
35758525280, 1
35758607059, 0
35758692092, 1
35758775122, 0
35758858759, 1
35758945870, 0
35759025553, 1
35759111523, 0
35759191793, 1
35759284147, 0
35759359265, 1
35759444957, 0
35759525926, 1
35759610463, 0
35759692949, 1
35759781022, 0
35759858935, 1
35759944007, 0
35760026354, 1
35760112403, 0
35760192879, 1
35760277807, 0
35760359847, 1
35760441915, 0
35760527699, 1
35760609470, 0
35760693604, 1
35760783103, 0
35760860322, 1
35760946657, 0
35761027523, 1
35761107471, 0
35761193713, 1
35761282322, 0
35761361481, 1
35761431925, 0
35761526500, 1
35761595524, 0
35761694296, 1
35761756732, 0
35761861193, 1
35761943138, 0
35762027082, 1
35762103218, 0
35762194633, 1
35762281792, 0
35762361690, 1
35762432797, 0
35762527552, 1
35762625334, 0
35762695752, 1
35762785546, 0
35762861870, 1
35762930435, 0
35763028936, 1
35763096736, 0
35763195533, 1
35763275431, 0
35763361253, 1
35763438531, 0
35763528578, 1
35763603443, 0
35763695378, 1
35763780966, 0
35763862072, 1
35763943290, 0
35764028473, 1
35764102511, 0
35764195115, 1
35764283928, 0
35764362002, 1
35764443190, 0
35764530783, 1
35764600296, 0
35764696885, 1
35764777212, 0
35764862429, 1
35764947459, 0
35765029660, 1
35765095800, 0
35765196669, 1
35765275833, 0
35765363357, 1
35765434170, 0
35765529456, 1
35765597720, 0
35765697128, 1
35765779926, 0
35765863491, 1
35765933037, 0
35766030520, 1
35766098661, 0
35766197969, 1
35766267768, 0
35766365777, 1
35766446280, 0
35766530695, 1
35766627416, 0
35766698857, 1
35766774548, 0
35766869240, 1
35766932986, 0
35767030954, 1
35767097945, 0
35767198912, 1
35767281499, 0
35767365381, 1
35767433382, 0
35767531546, 1
35767615209, 0
35767700702, 1
35767765097, 0
35767867281, 1
35767936179, 0
35768032865, 1
35768098900, 0
35768201885, 1
35768280881, 0
35768369025, 1
35768434592, 0
35768532278, 1
35768604373, 0
35768699835, 1
35768773194, 0
35768865840, 1
35768944367, 0
35769034981, 1
35769112214, 0
35769200450, 1
35769267387, 0
35769366968, 1
35769430430, 0
35769533258, 1
35769615598, 0
35769700152, 1
35769766910, 0
35769867239, 1
35769935560, 0
35770034080, 1
35770104962, 0
35770205103, 1
35770267465, 0
35770370943, 1
35770434527, 0
35770533649, 1
35770603045, 0
35770704062, 1
35770784228, 0
35770868203, 1
35770945820, 0
35771034535, 1
35771119520, 0
35771205641, 1
35771266164, 0
35771371771, 1
35771446215, 0
35771535076, 1
35771613516, 0
35771702595, 1
35771784070, 0
35771868859, 1
35771943053, 0
35772035940, 1
35772107993, 0
35772202842, 1
35772273215, 0
35772368604, 1
35772438545, 0
35772535007, 1
35772617627, 0
35772702261, 1
35772793321, 0
35772869380, 1
35772939888, 0
35773035893, 1
35773150851, 0
35773202230, 1
35773268675, 0
35773369983, 1
35773446728, 0
35773536622, 1
35773619561, 0
35773702257, 1
35773792193, 0
35773870273, 1
35773941695, 0
35774036467, 1
35774109422, 0
35774204057, 1
35774277779, 0
35774370940, 1
35774438018, 0
35774537074, 1
35774605351, 0
35774704383, 1
35774775145, 0
35774870642, 1
35774938995, 0
35775037986, 1
35775102587, 0
35775205058, 1
35775276265, 0
35775371415, 1
35775463096, 0
35775538472, 1
35775642065, 0
35775705099, 1
35775790151, 0
35775871216, 1
35775946140, 0
35776038643, 1
35776110270, 0
35776205575, 1
35776273516, 0
35776371626, 1
35776459011, 0
35776538284, 1
35776610694, 0
35776704606, 1
35776772655, 0
35776872904, 1
35776949718, 0
35777039587, 1
35777119442, 0
35777205065, 1
35777290858, 0
35777372869, 1
35777532732, 0
35777539820, 1
35777611541, 0
35777706597, 1
35777782963, 0
35777873124, 1
35777949968, 0
35778040680, 1
35778111884, 0
35778206966, 1
35778280961, 0
35778373656, 1
35778453745, 0
35778540612, 1
35778614301, 0
35778708502, 1
35778787526, 0
35778874361, 1
35778964524, 0
35779041059, 1
35779118930, 0
35779207687, 1
35779287140, 0
35779374601, 1
35779449413, 0
35779541303, 1
35779605339, 0
35779708208, 1
35779784217, 0
35779875326, 1
35779944214, 0
35780042077, 1
35780107102, 0
35780297408, 0
35780375928, 1
35780462964, 0
35780541708, 1
35780614743, 0
35780708394, 1
35780779273, 0
35780875114, 1
35780945712, 0
35781042887, 1
35781129562, 0
35781208515, 1
35781279652, 0
35781375614, 1
35781445593, 0
35781543089, 1
35781626976, 0
35781708245, 1
35781771264, 0
35781876823, 1
35781950748, 0
35782042786, 1
35782112609, 0
35782210411, 1
35782279667, 0
35782377239, 1
35782455242, 0
35782544511, 1
35782615109, 0
35782709671, 1
35782780566, 0
35782877113, 1
35782946981, 0
35783044895, 1
35783113809, 0
35783211131, 1
35783283135, 0
35783377680, 1
35783448395, 0
35783544912, 1
35783612527, 0
35783715106, 1
35783797639, 0
35783877972, 1
35783951455, 0
35784044086, 1
35784117349, 0
35784213491, 1
35784290680, 0
35784379126, 1
35784449157, 0
35784548742, 1
35784630589, 0
35784715487, 1
35784778684, 0
35784879209, 1
35784961975, 0
35785044966, 1
35785111301, 0
35785216497, 1
35785273938, 0
35785382574, 1
35785461059, 0
35785546214, 1
35785630033, 0
35785714230, 1
35785776815, 0
35785878824, 1
35785956491, 0
35786046291, 1
35786111948, 0
35786213092, 1
35786277855, 0
35786379472, 1
35786447208, 0
35786547403, 1
35786607932, 0
35786715196, 1
35786777673, 0
35786883521, 1
35786957991, 0
35787051409, 1
35787201163, 0
35787212870, 1
35787276499, 0
35787382368, 1
35787459188, 0
35787548138, 1
35787612067, 0
35787713860, 1
35787796699, 0
35787881125, 1
35787948422, 0
35788046821, 1
35788124274, 0
35788214035, 1
35788279116, 0
35788381114, 1
35788446828, 0
35788547663, 1
35788672080, 0
35788714931, 1
35788765518, 0
35788882894, 1
35788939893, 0
35789048700, 1
35789095186, 0
35789215652, 1
35789280332, 0
35789380877, 1
35789442287, 0
35789548705, 1
35789611137, 0
35789714800, 1
35789778013, 0
35789881524, 1
35789941978, 0
35790049530, 1
35790109438, 0
35790216296, 1
35790277323, 0
35790383238, 1
35790443211, 0
35790549847, 1
35790609627, 0
35790716739, 1
35790773058, 0
35790883657, 1
35790941268, 0
35791050418, 1
35791117275, 0
35791217071, 1
35791278391, 0
35791384299, 1
35791452221, 0
35791549989, 1
35791614560, 0
35791717603, 1
35791779063, 0
35791884137, 1
35791943334, 0
35792051514, 1
35792188168, 0
35792217539, 1
35792350680, 0
35792384913, 1
35792439123, 0
35792551272, 1
35792620693, 0
35792718221, 1
35792764705, 0
35792884972, 1
35792946435, 0
35793050494, 1
35793125554, 0
35793218537, 1
35793263007, 0
35793385378, 1
35793445384, 0
35793551951, 1
35793620257, 0
35793719216, 1
35793764562, 0
35793885782, 1
35793942092, 0
35794051976, 1
35794190103, 0
35794222569, 1
35794282624, 0
35794386138, 1
35794451767, 0
35794552915, 1
35794614819, 0
35794719631, 1
35794784532, 0
35794886951, 1
35795024475, 0
35795053408, 1
35795114504, 0
35795218920, 1
35795279843, 0
35795386830, 1
35795458779, 0
35795553550, 1
35795639850, 0
35795720684, 1
35795781094, 0
35795887200, 1
35795952469, 0
35796054107, 1
35796120677, 0
35796220135, 1
35796281336, 0
35796388053, 1
35796450225, 0
35796555047, 1
35796682751, 0
35796720342, 1
35796777864, 0
35796887883, 1
35796951005, 0
35797054490, 1
35797182280, 0
35797221775, 1
35797278756, 0
35797388914, 1
35797449740, 0
35797555585, 1
35797611895, 0
35797721718, 1
35797778009, 0
35797889209, 1
35798019976, 0
35798056089, 1
35798185476, 0
35798222143, 1
35798280373, 0
35798389684, 1
35798449881, 0
35798556476, 1
35798619753, 0
35798723180, 1
35798780604, 0
35798888608, 1
35798954345, 0
35799055654, 1
35799114773, 0
35799223816, 1
35799285004, 0
35799390248, 1
35799456298, 0
35799557394, 1
35799684029, 0
35799723848, 1
35799784086, 0
35799890784, 1
35799969884, 0
35800057949, 1
35800120450, 0
35800224401, 1
35800283878, 0
35800391129, 1
35800450529, 0
35800557522, 1
35800619184, 0
35800723727, 1
35800778213, 0
35800891386, 1
35800952301, 0
35801058468, 1
35801121335, 0
35801225059, 1
35801282570, 0
35801390817, 1
35801457967, 0
35801558589, 1
35801620887, 0
35801725160, 1
35801782657, 0
35801892285, 1
35801954550, 0
35802058056, 1
35802118093, 0
35802225912, 1
35802284830, 0
35802392598, 1
35802455708, 0
35802559433, 1
35802615885, 0
35802726613, 1
35802780193, 0
35802892293, 1
35802956457, 0
35803059738, 1
35803118132, 0
35803226522, 1
35803282304, 0
35803392734, 1
35803466150, 0
35803561653, 1
35803625531, 0
35803736552, 1
35803785454, 0
35803902744, 1
35803953101, 0
35804067553, 1
35804125751, 0
35804236376, 1
35804288325, 0
35804400731, 1
35804456530, 0
35804560863, 1
35804622737, 0
35804727701, 1
35804790174, 0
35804894966, 1
35804952562, 0
35805063517, 1
35805118216, 0
35805228181, 1
35805284410, 0
35805399429, 1
35805459605, 0
35805565710, 1
35805624508, 0
35805728253, 1
35805790039, 0
35805895457, 1
35805960118, 0
35806061365, 1
35806123153, 0
35806229874, 1
35806290688, 0
35806395896, 1
35806458941, 0
35806561977, 1
35806608878, 0
35806729233, 1
35806790388, 0
35806895442, 1
35806964344, 0
35807062711, 1
35807126039, 0
35807229888, 1
35807293896, 0
35807396280, 1
35807457119, 0
35807562370, 1
35807610004, 0
35807729896, 1
35807798061, 0
35807895730, 1
35807961142, 0
35808063100, 1
35808109399, 0
35808230317, 1
35808295826, 0
35808396459, 1
35808466633, 0
35808563596, 1
35808616166, 0
35808731025, 1
35808799398, 0
35808897192, 1
35808962306, 0
35809063699, 1
35809114848, 0
35809230470, 1
35809297028, 0
35809396378, 1
35809460385, 0
35809564687, 1
35809610027, 0
35809744104, 1
35809803285, 0
35809901949, 1
35809983647, 0
35810066994, 1
35810115970, 0
35810230894, 1
35810297450, 0
35810398481, 1
35810461240, 0
35810565242, 1
35810612266, 0
35810733086, 1
35810794568, 0
35810899339, 1
35810970005, 0
35811071959, 1
35811112897, 0
35811242337, 1
35811292132, 0
35811406107, 1
35811468530, 0
35811566404, 1
35811630387, 0
35811742669, 1
35811793583, 0
35811899824, 1
35811963410, 0
35812066297, 1
35812131542, 0
35812232796, 1
35812294857, 0
35812399937, 1
35812462140, 0
35812566515, 1
35812618786, 0
35812795938, 0
35812967595, 0
35813127572, 0
35813279359, 0
35813463435, 0
35813634435, 0
35813795209, 0
35813961892, 0
35814117654, 0
35814298159, 0
