0.357222602,17,0.524059175,50,1,16.66796,17.9624,13
0.373885376,16,0.524059175,13,2,16.66739,17.02845,13
0.390548151,16,0.5570291,12,3,16.66749,16.94283,12
0.407210926,15,0.5737327,12,4,16.66615,16.5373,12
0.423969101,16,0.5737327,11,5,16.66576,16.48536,12
0.440631876,17,0.6070944,11,6,16.66709,16.73743,12
0.45729465,15,0.623757174,12,7,16.66563,16.5189,11
0.4740011,17,0.640450999,12,8,16.66671,16.67264,11
0.490663875,15,0.657113774,12,9,16.66584,16.57454,11
0.5073964,17,0.673776548,13,10,16.66666,16.66569,11
0.5073964,41,0.690497398,12,11,16.69099,18.87832,10
0.5073964,2,0.707160173,13,11,16.67659,17.49569,10
0.5073964,5,0.723822948,11,12,16.6657,16.59481,10
0.524059175,16,0.740534998,14,13,16.66551,16.58641,10
0.524059175,18,0.757197773,17,13,16.66758,16.72987,10
0.5737327,14,0.773860548,15,13,16.66578,16.61339,10
0.5737327,17,0.790523322,16,12,16.66615,16.63819,10
0.6070944,16,0.807186097,17,12,16.66554,16.60577,10
0.640450999,17,0.823848872,16,12,16.66672,16.67099,10
0.657113774,15,0.840511646,16,11,16.66514,16.59195,10
0.673776548,16,0.857174421,17,11,16.66542,16.60892,10
0.707160173,16,0.873837195,15,11,16.6657,16.62401,10
0.723822948,16,0.89049997,17,11,16.66587,16.63316,10
0.740534998,16,0.907162745,16,10,16.66584,16.63334,10
0.757197773,16,0.923825519,16,10,16.66592,16.63776,10
0.773860548,16,0.940488294,16,10,16.66526,16.61345,10
0.790523322,16,0.957151068,16,10,16.66533,16.6179,10
0.807186097,16,0.973813843,16,10,16.66531,16.6189,10
0.823848872,16,0.990476618,16,10,16.6653,16.62017,10
0.840511646,16,1.007139392,15,10,16.66553,16.62959,10
0.857174421,18,1.023802167,17,10,16.66687,16.67383,10
0.873837195,16,1.040464941,16,10,16.66634,16.65701,10
0.89049997,17,1.057127716,16,10,16.66698,16.67656,10
0.907162745,16,1.073790491,16,10,16.66633,16.65731,10
0.923825519,15,1.090453265,16,10,16.66547,16.63295,10
0.940488294,16,1.10711604,16,10,16.66579,16.6429,10
0.957151068,16,1.123778814,16,10,16.66582,16.64425,10
0.973813843,16,1.140441589,16,10,16.6657,16.64169,10
0.990476618,16,1.157104364,17,10,16.66595,16.64862,10
1.007139392,16,1.173767138,16,10,16.6661,16.65283,10
1.023802167,16,1.190429913,16,10,16.66625,16.65679,9
1.040464941,17,1.207092687,16,10,16.66737,16.68375,10
1.057127716,15,1.223755462,16,10,16.66628,16.65799,10
1.073790491,16,1.240418237,17,10,16.666,16.65181,10
1.090453265,16,1.257081011,43,10,16.666,16.65202,11
1.10711604,16,1.274287093,12,10,16.66596,16.65153,11
1.123778814,16,1.290949868,12,10,16.66573,16.64704,10
1.140441589,16,1.307612643,10,10,16.66574,16.6475,9
1.157104364,19,1.324275417,11,10,16.66868,16.70793,8
1.173767138,16,1.340982893,11,10,16.66839,16.70142,8
1.207092687,19,1.357673593,14,10,16.6716,16.76361,8
1.207092687,12,1.374336367,16,10,16.6673,16.67909,8
1.223755462,15,1.390999142,16,10,16.66633,16.66061,8
1.240418237,16,1.407661917,16,10,16.66615,16.65732,8
1.257081011,17,1.424324691,17,10,16.66651,16.66405,8
1.257081011,23,1.457650241,32,11,16.67329,16.78522,9
1.274287093,12,1.474313015,16,11,16.66938,16.71474,9
1.340982893,49,1.49097579,16,11,16.70207,17.27757,9
1.357673593,13,1.507638564,16,8,16.69928,17.22052,9
1.374336367,17,1.524301339,16,8,16.69963,17.21769,9
1.390999142,17,1.540964114,16,8,16.70016,17.21783,9
1.407661917,17,1.557626888,16,8,16.7012,17.22619,9
1.424324691,16,1.574289663,16,8,16.70051,17.20695,9
1.457650241,16,1.590952437,16,8,16.70053,17.19931,9
1.457650241,17,1.607615212,16,9,16.70172,17.21005,9
1.474313015,17,1.624277987,16,9,16.70203,17.20698,9
1.49097579,15,1.640940761,16,9,16.70081,17.18118,9
1.507638564,15,1.657603536,16,9,16.69951,17.15506,9
1.524301339,17,1.67426631,16,9,16.7003,17.15985,9
1.540964114,15,1.690929085,16,9,16.6993,17.13909,9
1.557626888,18,1.70759186,16,9,16.70072,17.15283,9
1.574289663,15,1.724254634,16,9,16.6997,17.13236,8
1.590952437,16,1.740917409,16,9,16.6997,17.12646,9
1.607615212,16,1.757580183,16,9,16.69925,17.1146,9
1.624277987,18,1.774242958,16,9,16.70092,17.13132,9
1.640940761,17,1.790905733,16,9,16.70192,17.13884,9
1.657603536,14,1.807568507,16,9,16.69946,17.10131,8
1.67426631,16,1.824231282,16,9,16.69925,17.09342,9
1.690929085,16,1.840894056,16,9,16.69906,17.08603,9
1.70759186,17,1.857556831,16,9,16.70007,17.09377,9
1.740917409,23,1.874219606,16,9,16.70651,17.16847,9
1.740917409,9,1.89088238,16,9,16.69921,17.07377,9
1.757580183,16,1.907545155,16,9,16.69906,17.06749,9
1.774242958,17,1.92420793,16,9,16.70015,17.07605,9
1.790905733,18,1.940870704,16,9,16.70173,17.09026,9
1.824231282,21,1.957533479,16,9,16.70666,17.14304,9
1.824231282,9,1.974196253,16,9,16.69988,17.06008,9
1.840894056,16,1.990859028,16,9,16.69972,17.05419,9
1.857556831,16,2.007521803,16,9,16.69939,17.04645,9
1.874219606,17,2.024184577,16,9,16.69995,17.04879,9
1.89088238,17,2.040847352,16,9,16.70027,17.0485,9
1.907545155,14,2.057510126,16,9,16.69846,17.02506,9
1.92420793,17,2.074172901,16,9,16.69944,17.03204,9
1.940870704,15,2.090835676,16,9,16.69856,17.01924,9
1.957533479,17,2.10749845,16,9,16.69977,17.02853,9
1.974196253,15,2.140823999,33,9,16.69847,17.01154,10
1.990859028,17,2.157486774,16,9,16.69889,17.01265,10
2.007521803,16,2.174149549,16,9,16.69902,17.01079,10
2.024184577,17,2.190812323,16,9,16.69989,17.01644,10
2.040847352,16,2.207475098,16,9,16.69993,17.01371,10
2.057510126,16,2.224137872,16,9,16.7002,17.0132,10
2.074172901,16,2.240800647,16,9,16.70029,17.01104,10
2.090835676,15,2.257463422,16,9,16.69952,17.00054,10
2.10749845,16,2.274126196,16,9,16.69971,16.99955,10
2.140823999,16,2.290788971,16,9,16.69976,16.99714,10
2.140823999,16,2.307451745,16,10,16.69971,16.99388,10
2.157486774,17,2.32411452,16,10,16.70025,16.99616,10
2.174149549,16,2.340777295,16,10,16.69994,16.99055,9
2.190812323,16,2.357440069,16,10,16.70005,16.98887,10
2.207475098,15,2.374102844,16,10,16.69915,16.97808,10
2.224137872,16,2.390765619,16,10,16.69945,16.97825,10
2.240800647,16,2.407428393,16,10,16.69965,16.97753,10
2.257463422,16,2.424091168,16,10,16.69908,16.97007,10
2.274126196,15,2.440753942,16,10,16.6981,16.95911,10
2.290788971,17,2.457416717,16,10,16.69914,16.96584,10
2.307451745,16,2.474079492,17,10,16.69864,16.95929,10
2.32411452,17,2.490742266,16,10,16.69918,16.96164,10
2.357440069,22,2.507405041,16,10,16.70531,17.01139,10
2.357440069,9,2.524067815,16,10,16.69781,16.94579,10
2.374102844,16,2.54073059,16,10,16.69806,16.94578,10
2.390765619,17,2.557393365,16,10,16.69934,16.95429,10
2.407428393,14,2.574056139,16,10,16.69763,16.93817,10
2.424091168,17,2.590718914,16,10,16.69853,16.94354,10
2.440753942,17,2.607381688,16,10,16.69892,16.94473,10
2.457416717,15,2.624044463,16,10,16.69772,16.93319,10
2.474079492,16,2.640707238,16,10,16.69799,16.93344,10
2.490742266,16,2.657370012,16,10,16.69817,16.93304,10
2.507405041,17,2.674032787,16,10,16.69883,16.93632,10
2.524067815,16,2.690695561,16,10,16.69857,16.93251,10
2.54073059,16,2.707358336,16,10,16.69829,16.92852,10
2.557393365,17,2.724021111,16,10,16.69903,16.93238,10
2.574056139,16,2.740683885,16,10,16.69895,16.93001,10
2.590718914,15,2.75734666,17,10,16.69758,16.91797,9
2.607381688,16,2.774009435,16,10,16.69762,16.91664,10
2.624044463,17,2.790672209,16,10,16.69823,16.91952,10
2.640707238,17,2.807334984,16,10,16.69922,16.92519,10
2.657370012,15,2.823997758,17,10,16.69771,16.91251,9
2.674032787,16,2.840660533,16,10,16.69777,16.91139,9
2.690695561,17,2.857323308,16,10,16.69874,16.91686,10
2.707358336,19,2.873986082,16,10,16.70142,16.93445,10
2.724021111,13,2.890648857,16,10,16.69852,16.91219,10
2.740683885,16,2.907311631,16,10,16.69806,16.90745,10
2.774009435,23,2.923974406,16,10,16.7051,16.95519,10
2.774009435,9,2.940637181,16,10,16.69835,16.90661,10
2.790672209,18,2.957299955,17,10,16.69969,16.9144,10
2.807334984,15,2.97396273,16,10,16.69871,16.90626,10
2.840660533,22,2.990625504,16,10,16.70492,16.94708,10
2.857323308,17,3.007288279,16,10,16.7056,16.95003,10
2.857323308,11,3.023951054,16,10,16.70072,16.91567,10
2.873986082,13,3.040613828,16,10,16.69729,16.89134,10
2.890648857,17,3.057276603,16,10,16.6976,16.8921,10
2.907311631,16,3.073939377,16,10,16.69724,16.88846,10
2.923974406,17,3.090602152,16,10,16.69822,16.8936,10
2.940637181,17,3.107264927,16,10,16.6987,16.89547,10
2.957299955,15,3.123927701,16,10,16.69705,16.88354,10
2.97396273,16,3.140590476,16,10,16.69729,16.88392,10
2.990625504,18,3.15725325,16,10,16.69872,16.8918,10
3.007288279,15,3.173916025,16,10,16.69711,16.88037,10
3.023951054,16,3.1905788,16,10,16.69725,16.88015,10
3.040613828,16,3.223904349,33,10,16.69732,16.87941,11
3.057276603,16,3.240567124,16,10,16.69728,16.87806,11
3.073939377,18,3.257229898,16,10,16.69859,16.88503,11
3.090602152,17,3.273892673,16,10,16.69923,16.88779,11
3.107264927,15,3.290555447,16,10,16.69768,16.87719,11
3.123927701,16,3.307218222,16,10,16.69772,16.87634,11
3.140590476,16,3.323880997,16,10,16.69732,16.87288,10
3.15725325,17,3.340543771,16,10,16.69826,16.87741,11
3.173916025,17,3.357206546,16,10,16.69876,16.87935,11
3.1905788,15,3.37386932,16,10,16.69748,16.87069,11
3.223904349,16,3.390532095,16,10,16.69722,16.86819,11
3.223904349,17,3.40719487,16,11,16.69827,16.87332,11
3.240567124,17,3.423857644,16,11,16.69941,16.87889,10
3.257229898,15,3.440520419,16,11,16.69784,16.86882,11
3.273892673,16,3.457183193,16,11,16.69767,16.86684,11
3.290555447,16,3.473845968,16,11,16.69718,16.86306,11
3.307218222,19,3.490508743,16,11,16.69959,16.87585,11
3.340543771,22,3.507171517,16,11,16.70533,16.90724,11
3.340543771,8,3.523834292,16,11,16.69666,16.85744,11
3.357206546,17,3.540497066,16,11,16.69717,16.85935,11
3.37386932,16,3.557159841,16,11,16.69729,16.85916,11
3.390532095,17,3.573822616,16,11,16.69855,16.86522,11
3.40719487,17,3.59048539,16,11,16.69886,16.86597,11
3.440520419,22,3.607148165,16,11,16.70481,16.89757,11
3.440520419,9,3.623810939,16,11,16.69739,16.8562,11
3.457183193,16,3.640473714,16,11,16.69752,16.85608,11
3.473845968,16,3.657136489,16,11,16.69688,16.85175,11
3.490508743,18,3.673799263,16,11,16.69851,16.85965,10
3.507171517,17,3.690462038,16,11,16.69957,16.86442,11
3.523834292,14,3.707124813,16,11,16.69762,16.85327,11
3.540497066,16,3.723787587,16,11,16.69737,16.8511,11
3.557159841,15,3.740450362,16,11,16.69666,16.84658,11
3.573822616,16,3.757113136,16,11,16.69659,16.84545,11
3.59048539,16,3.773775911,16,11,16.69671,16.84532,11
3.607148165,16,3.790438686,16,11,16.69682,16.84507,11
3.623810939,16,3.80710146,16,11,16.69633,16.84184,11
3.640473714,17,3.823764235,16,11,16.69675,16.84324,11
3.657136489,17,3.840427009,16,11,16.69788,16.84821,11
3.690462038,24,3.857089784,16,11,16.70614,16.88919,11
3.690462038,6,3.873752559,16,11,16.69641,16.83934,11
3.707124813,16,3.890415333,16,11,16.69651,16.83914,11
3.723787587,17,3.907078108,16,11,16.69683,16.84003,11
3.740450362,16,3.923740882,16,11,16.69642,16.83731,11
3.757113136,18,3.940403657,16,11,16.69842,16.84646,11
3.773775911,16,3.957066432,16,11,16.69828,16.84502,11
3.790438686,16,3.973729206,16,11,16.69839,16.84483,11
3.80710146,15,3.990391981,16,11,16.69756,16.8401,11
3.823764235,16,4.007054755,16,11,16.69702,16.83683,11
3.840427009,17,4.02371753,16,11,16.69738,16.83785,11
3.857089784,16,4.040380305,16,11,16.69722,16.83644,11
3.873752559,21,4.057043079,17,11,16.70252,16.86102,11
3.890415333,12,4.073705854,16,11,16.69785,16.83815,11
3.907078108,16,4.090368629,16,11,16.69765,16.83651,11
3.923740882,18,4.107031403,17,11,16.69904,16.84239,11
3.940403657,14,4.123694178,16,11,16.69707,16.83253,11
3.957066432,16,4.140356952,16,11,16.69723,16.83265,11
3.973729206,16,4.157019727,16,11,16.69743,16.83293,11
3.990391981,15,4.173682502,16,11,16.6965,16.82802,11
4.007054755,17,4.190345276,16,11,16.69735,16.8313,11
4.02371753,16,4.207008051,16,11,16.69703,16.82926,11
4.040380305,16,4.223670825,16,11,16.6971,16.82894,11
4.057043079,17,4.2403336,16,11,16.69772,16.83116,11
4.073705854,16,4.256996375,16,11,16.69746,16.82939,11
4.090368629,15,4.273659149,16,11,16.69614,16.8229,11
4.107031403,16,4.290321924,17,11,16.69573,16.82049,11
4.123694178,17,4.306984698,16,11,16.69603,16.82129,11
4.140356952,18,4.323647473,16,11,16.69784,16.82874,11
4.157019727,16,4.340310248,16,11,16.69739,16.82618,11
4.173682502,16,4.356973022,16,11,16.69746,16.82591,11
4.190345276,16,4.373635797,16,11,16.69696,16.82317,11
4.207008051,16,4.390298571,16,11,16.69674,16.82167,11
4.223670825,16,4.406961346,16,11,16.69655,16.82029,11
4.2403336,16,4.423624121,16,11,16.69597,16.81727,11
4.256996375,16,4.440286895,17,11,16.69559,16.81511,11
4.273659149,17,4.45694967,16,11,16.69615,16.81698,11
4.290321924,17,4.473612444,16,11,16.69734,16.82156,11
4.306984698,17,4.490275219,16,11,16.69789,16.82336,11
4.323647473,16,4.506937994,16,11,16.69732,16.82043,11
4.340310248,16,4.523600768,16,11,16.69684,16.81788,11
4.356973022,16,4.540263543,16,11,16.69667,16.81667,11
4.373635797,16,4.556926318,17,11,16.69677,16.81656,11
4.390298571,16,4.573589092,16,11,16.69632,16.81421,11
4.406961346,16,4.590251867,16,11,16.69622,16.81331,11
4.423624121,17,4.606914641,16,11,16.69721,16.81691,11
4.440286895,16,4.623577416,17,11,16.69684,16.81492,11
4.45694967,17,4.640240191,16,11,16.69761,16.81758,11
4.473612444,15,4.656902965,16,11,16.69647,16.81245,11
4.490275219,17,4.67356574,16,11,16.69735,16.81552,11
4.506937994,16,4.690228514,16,11,16.69679,16.8128,11
4.523600768,17,4.706891289,16,11,16.69716,16.81383,11
4.540263543,16,4.723554064,16,11,16.69689,16.81228,11
4.556926318,16,4.740216838,16,11,16.69705,16.81245,11
4.573589092,16,4.756879613,16,11,16.69683,16.81113,11
4.590251867,16,4.773542387,16,11,16.69698,16.81126,11
4.606914641,16,4.790205162,16,11,16.69703,16.81102,11
4.623577416,16,4.806867937,16,11,16.69662,16.80893,11
4.640240191,17,4.823530711,16,11,16.6975,16.81195,11
4.656902965,16,4.840193486,16,11,16.69714,16.8101,11
4.67356574,18,4.873519035,33,11,16.69876,16.81593,12
4.690228514,13,4.89018181,16,11,16.69582,16.80412,12
4.706891289,16,4.906844584,16,11,16.6958,16.80366,12
4.723554064,16,4.923507359,16,11,16.69569,16.80282,12
4.740216838,18,4.940170133,16,11,16.6973,16.80853,12
4.756879613,16,4.956832908,16,11,16.69744,16.80864,12
4.773542387,16,4.973495683,16,11,16.69757,16.80873,12
4.790205162,16,4.990158457,16,11,16.69699,16.80614,12
4.806867937,16,5.006821232,16,11,16.69707,16.80601,12
4.823530711,16,5.023484007,16,11,16.69689,16.80493,12
4.840193486,16,5.040146781,16,11,16.69649,16.80301,12
4.873519035,17,5.056809556,16,11,16.69764,16.80691,12
4.873519035,14,5.07347233,16,12,16.69567,16.79922,12
4.89018181,18,5.090135105,16,12,16.69705,16.80392,12
4.906844584,15,5.10679788,16,12,16.69581,16.79896,12
4.923507359,16,5.123460654,16,12,16.69595,16.79911,12
4.940170133,16,5.140123429,16,12,16.69607,16.79915,12
4.956832908,16,5.156786203,16,12,16.69538,16.79627,12
4.973495683,16,5.173448978,16,12,16.69538,16.79592,12
4.990158457,16,5.190111753,16,12,16.69512,16.79461,12
5.006821232,16,5.206774527,16,12,16.6951,16.79417,12
5.023484007,16,5.223437302,16,12,16.69494,16.79325,12
5.040146781,17,5.240100076,16,12,16.69532,16.79426,12
5.056809556,16,5.256762851,16,12,16.69535,16.79401,12
5.07347233,16,5.273425626,16,12,16.69484,16.79186,12
5.090135105,16,5.2900884,16,12,16.69497,16.79198,12
5.10679788,16,5.306751175,16,12,16.69493,16.79151,12
5.123460654,17,5.323413949,16,12,16.69569,16.79384,12
5.140123429,15,5.340076724,16,12,16.69493,16.7908,12
5.156786203,18,5.356739499,16,12,16.69699,16.79766,12
5.173448978,14,5.373402273,16,12,16.69513,16.79086,11
5.190111753,17,5.390065048,16,12,16.69571,16.79255,12
5.206774527,16,5.406727822,16,12,16.69529,16.79075,12
5.223437302,17,5.423390597,16,12,16.69643,16.79433,12
5.240100076,15,5.440053372,16,12,16.69503,16.7892,12
5.256762851,16,5.456716146,16,12,16.69499,16.78877,12
5.273425626,16,5.473378921,16,12,16.69494,16.78827,12
5.2900884,18,5.490041696,16,12,16.69681,16.79428,12
5.306751175,17,5.50670447,16,12,16.69738,16.79589,12
5.323413949,15,5.523367245,16,12,16.69636,16.79212,12
5.340076724,15,5.540030019,16,12,16.69493,16.787,12
5.356739499,17,5.556692794,16,12,16.69553,16.78868,12
5.390065048,25,5.573355569,16,12,16.70413,16.81705,12
5.390065048,6,5.590018343,16,12,16.6944,16.78435,12
5.406727822,17,5.606681118,16,12,16.69479,16.78534,12
5.423390597,17,5.623343892,16,12,16.69593,16.7888,12
5.440053372,16,5.640006667,16,12,16.69623,16.78947,11
5.456716146,15,5.656669442,16,12,16.69453,16.78362,12
5.473378921,16,5.673332216,16,12,16.69474,16.78399,12
5.490041696,16,5.689994991,16,12,16.69442,16.78266,12
5.50670447,16,5.706657765,17,12,16.69457,16.78288,12
5.523367245,17,5.72332054,16,12,16.69582,16.78664,12
5.540030019,15,5.739983315,16,12,16.69428,16.78138,12
5.556692794,16,5.756646089,16,12,16.69442,16.78155,12
5.573355569,17,5.773308864,16,12,16.69476,16.78235,12
5.590018343,16,5.789971638,16,12,16.69444,16.78104,12
5.606681118,16,5.806634413,16,12,16.69431,16.78038,12
5.623343892,18,5.823297188,16,12,16.6959,16.78512,12
5.656669442,23,5.839959962,17,12,16.70229,16.80507,12
5.656669442,9,5.856622737,16,12,16.69497,16.78164,12
5.673332216,17,5.873285512,16,12,16.696,16.78462,12
5.689994991,16,5.889948286,16,12,16.69538,16.78241,12
5.706657765,16,5.906611061,16,12,16.69471,16.78003,12
5.72332054,17,5.923273835,16,12,16.69541,16.78195,12
5.739983315,18,5.93993661,16,12,16.69726,16.78744,12
5.756646089,14,5.956599385,16,12,16.69554,16.78182,12
5.773308864,16,5.973262159,16,12,16.69545,16.78129,12
5.789971638,15,5.989924934,16,12,16.69472,16.77878,12
5.806634413,17,6.006587708,16,12,16.6959,16.78213,12
5.823297188,16,6.023250483,16,12,16.69596,16.78205,12
5.839959962,16,6.039913258,17,12,16.69557,16.78059,12
5.856622737,15,6.056576032,16,12,16.69483,16.7781,12
5.873285512,16,6.073238807,16,12,16.69456,16.77701,12
5.889948286,17,6.089901581,16,12,16.69531,16.77904,12
5.906611061,18,6.106564356,16,12,16.69725,16.78462,12
5.923273835,13,6.123227131,16,12,16.69449,16.77608,11
5.93993661,16,6.139889905,16,12,16.69403,16.77445,11
5.956599385,17,6.15655268,16,12,16.69509,16.77738,12
5.973262159,17,6.173215454,16,12,16.69575,16.77911,12
5.989924934,15,6.189878229,17,12,16.69498,16.77658,12
6.006587708,16,6.206541004,16,12,16.69478,16.77574,12
6.023250483,16,6.223203778,17,12,16.69418,16.77371,12
6.039913258,18,6.239866553,16,12,16.69556,16.77755,12
6.056576032,16,6.256529327,16,12,16.6953,16.77654,12
6.073238807,17,6.273192102,16,12,16.69561,16.77721,12
6.089901581,15,6.289854877,16,12,16.69478,16.77457,12
6.106564356,16,6.306517651,16,12,16.69445,16.77336,12
6.139889905,25,6.323180426,16,12,16.70303,16.79802,12
6.15655268,15,6.339843201,16,12,16.70177,16.7941,12
6.15655268,11,6.356505975,16,12,16.69645,16.7785,12
6.173215454,14,6.37316875,16,12,16.69459,16.77292,12
6.189878229,16,6.389831524,16,12,16.69462,16.77278,12
6.206541004,17,6.406494299,16,12,16.69572,16.7757,12
6.223203778,15,6.423157074,16,12,16.69468,16.77251,12
6.239866553,16,6.439819848,16,12,16.6941,16.77063,12
6.256529327,17,6.456482623,16,12,16.69454,16.77167,12
6.273192102,16,6.473145397,16,12,16.69432,16.77084,12
6.289854877,17,6.489808172,16,12,16.6949,16.77226,12
6.306517651,19,6.506470947,16,12,16.69737,16.77897,12
6.323180426,14,6.523133721,16,12,16.69481,16.77155,12
6.339843201,16,6.539796496,16,12,16.69503,16.77197,12
6.356505975,16,6.55645927,16,12,16.69513,16.77204,12
6.37316875,16,6.573122045,16,12,16.6953,16.77229,12
6.389831524,16,6.58978482,16,12,16.69553,16.77272,12
6.406494299,14,6.606447594,16,12,16.69373,16.76754,12
6.423157074,16,6.623110369,16,12,16.69381,16.76753,12
6.439819848,16,6.639773143,16,12,16.69392,16.76764,12
6.456482623,18,6.656435918,16,12,16.69608,16.77337,12
6.473145397,17,6.673098693,16,12,16.69681,16.77515,12
6.489808172,17,6.689761467,16,12,16.69716,16.77589,12
6.506470947,13,6.706424242,16,12,16.69445,16.7683,12
6.523133721,16,6.723087016,16,12,16.69411,16.7672,12
6.539796496,16,6.739749791,16,12,16.69378,16.76609,11
6.55645927,18,6.756412566,16,12,16.69567,16.77101,12
6.573122045,18,6.77307534,16,12,16.6975,16.77572,12
6.58978482,14,6.789738115,16,12,16.69484,16.76837,12
6.606447594,16,6.80640089,16,12,16.695,16.76859,12
6.623110369,15,6.823063664,16,12,16.69408,16.76596,12
6.639773143,17,6.839726439,16,12,16.69497,16.76812,12
6.656435918,18,6.856389213,16,12,16.69694,16.77316,12
6.673098693,13,6.873051988,16,12,16.69382,16.76472,12
6.689761467,17,6.889714763,16,12,16.69448,16.76624,12
6.706424242,16,6.906377537,16,12,16.69406,16.76496,12
6.723087016,17,6.923040312,16,12,16.6948,16.76671,12
6.756412566,23,6.939703086,16,12,16.70171,16.78461,12
6.756412566,9,6.956365861,16,12,16.69423,16.76487,12
6.77307534,16,6.973028636,16,12,16.69431,16.7649,12
6.789738115,16,6.98969141,16,12,16.69372,16.76317,12
6.80640089,18,7.006354185,16,12,16.69563,16.76795,12
6.823063664,17,7.023016959,16,12,16.69656,16.77017,12
6.839726439,13,7.039679734,16,12,16.69377,16.76279,12
6.856389213,17,7.056342509,16,12,16.69468,16.76495,12
6.873051988,16,7.073005283,16,12,16.69498,16.76554,12
6.889714763,16,7.089668058,16,12,16.69475,16.76478,12
6.906377537,17,7.106330832,16,12,16.69546,16.7664,12
6.923040312,16,7.122993607,16,12,16.6951,16.76529,12
6.939703086,15,7.139656382,16,12,16.69371,16.76161,12
6.956365861,17,7.156319156,16,12,16.69456,16.76357,12
6.973028636,16,7.172981931,16,12,16.69394,16.76183,12
6.98969141,16,7.189644706,16,12,16.69357,16.76072,12
7.006354185,18,7.20630748,16,12,16.69491,16.76394,12
7.023016959,16,7.222970255,16,12,16.69476,16.76337,12
7.039679734,16,7.239633029,16,12,16.69419,16.76178,12
7.056342509,15,7.256295804,16,12,16.69324,16.75924,12
7.073005283,16,7.272958579,16,12,16.69331,16.75925,12
7.089668058,16,7.289621353,16,12,16.69349,16.75954,12
7.106330832,16,7.306284128,16,12,16.6936,16.75965,12
7.122993607,16,7.339609677,33,12,16.69354,16.75934,13
7.139656382,16,7.356272452,16,12,16.6934,16.75882,13
7.156319156,16,7.372935226,17,12,16.69339,16.75865,13
7.172981931,17,7.389598001,16,12,16.69373,16.75932,13
7.189644706,16,7.406260775,16,12,16.69382,16.75938,13
7.20630748,16,7.42292355,16,12,16.6934,16.75819,13
7.222970255,16,7.439586325,16,12,16.69354,16.75837,13
7.239633029,17,7.456249099,16,12,16.69392,16.75914,13
7.256295804,16,7.472911874,16,12,16.69342,16.75779,13
7.272958579,17,7.489574648,16,12,16.69373,16.75837,13
7.289621353,16,7.506237423,16,12,16.69318,16.75689,13
7.306284128,17,7.522900198,16,12,16.69417,16.75912,13
7.339609677,15,7.539562972,16,12,16.6933,16.75688,13
7.339609677,16,7.556225747,17,13,16.69289,16.75573,13
7.356272452,17,7.572888521,16,13,16.69324,16.75642,13
7.372935226,16,7.589551296,16,13,16.69288,16.75543,13
7.389598001,16,7.606214071,16,13,16.69304,16.75566,13
7.406260775,16,7.622876845,16,13,16.69283,16.75501,13
7.42292355,16,7.63953962,17,13,16.69303,16.75532,13
7.439586325,17,7.656202395,16,13,16.69338,16.756,13
7.456249099,16,7.672865169,16,13,16.69315,16.75532,13
7.472911874,16,7.689527944,16,13,16.69289,16.75457,13
7.489574648,16,7.706190718,16,13,16.69302,16.75471,13
7.506237423,16,7.722853493,17,13,16.69295,16.75442,13
7.522900198,16,7.739516268,16,13,16.69285,16.75404,13
7.539562972,16,7.756179042,16,13,16.69252,16.75314,13
7.556225747,16,7.772841817,16,13,16.69265,16.7533,13
7.572888521,17,7.789504591,16,13,16.69335,16.75477,13
7.589551296,17,7.806167366,16,13,16.69403,16.75621,13
7.606214071,15,7.822830141,16,13,16.69314,16.754,13
7.622876845,16,7.839492915,16,13,16.69336,16.75437,13
7.63953962,16,7.85615569,17,13,16.69321,16.75389,13
7.656202395,16,7.872818464,16,13,16.69282,16.75285,13
7.672865169,16,7.889481239,16,13,16.69275,16.75257,13
7.689527944,16,7.906144014,16,13,16.69258,16.75202,13
7.706190718,16,7.922806788,16,13,16.69272,16.75223,13
7.722853493,16,7.939469563,16,13,16.69272,16.75209,13
7.739516268,16,7.956132337,16,13,16.69235,16.75112,13
7.756179042,17,7.972795112,16,13,16.69277,16.75193,13
7.772841817,17,7.989457887,16,13,16.69323,16.75282,13
7.789504591,16,8.006120661,16,13,16.6926,16.75128,13
7.806167366,16,8.022783436,16,13,16.69288,16.75178,13
7.822830141,16,8.03944621,16,13,16.69266,16.75114,13
7.839492915,17,8.056108985,16,13,16.693,16.75177,13
7.85615569,16,8.07277176,16,13,16.69244,16.7504,13
7.872818464,16,8.089434534,16,13,16.69265,16.75073,12
7.889481239,16,8.106097309,16,13,16.69288,16.75113,13
7.906144014,16,8.122760084,16,13,16.69311,16.75151,13
7.922806788,17,8.139422858,16,13,16.69424,16.75386,13
7.939469563,15,8.156085633,16,13,16.69317,16.75138,13
7.956132337,16,8.172748407,16,13,16.69299,16.75086,13
7.972795112,17,8.189411182,16,13,16.69392,16.75276,13
7.989457887,16,8.206073957,16,13,16.69331,16.75131,13
8.006120661,16,8.222736731,16,13,16.69321,16.75096,12
8.022783436,17,8.239399506,16,13,16.69439,16.7534,13
8.03944621,15,8.25606228,16,13,16.69312,16.75053,13
8.056108985,16,8.272725055,16,13,16.69324,16.75064,13
8.07277176,16,8.28938783,16,13,16.69319,16.75043,13
8.106097309,23,8.306050604,16,13,16.69979,16.76456,12
8.106097309,12,8.322713379,16,13,16.69524,16.7546,13
8.122760084,14,8.339376153,16,13,16.69333,16.75038,13
8.139422858,17,8.356038928,16,13,16.69461,16.75299,13
8.156085633,15,8.372701703,16,13,16.69353,16.75056,12
8.172748407,17,8.389364477,16,13,16.69422,16.75192,13
8.189411182,16,8.406027252,16,13,16.69364,16.75054,13
8.206073957,16,8.422690026,16,13,16.6931,16.74927,13
8.239399506,22,8.439352801,16,13,16.69915,16.76201,13
8.239399506,10,8.456015576,16,13,16.69263,16.74805,13
8.25606228,16,8.47267835,16,13,16.69282,16.74835,13
8.272725055,17,8.489341125,16,13,16.69396,16.75063,13
8.28938783,16,8.506003899,16,13,16.6937,16.74997,13
8.322713379,23,8.522666674,16,13,16.70087,16.76492,13
8.322713379,9,8.539329449,16,13,16.69367,16.74969,13
8.339376153,17,8.555992223,16,13,16.69424,16.75075,13
8.356038928,16,8.572654998,16,13,16.6941,16.75035,13
8.389364477,22,8.589317773,16,13,16.70018,16.76289,13
8.389364477,9,8.605980547,16,13,16.69287,16.74756,13
8.406027252,17,8.622643322,16,13,16.6938,16.74937,13
8.422690026,17,8.639306096,16,13,16.69416,16.75002,13
8.439352801,16,8.655968871,16,13,16.69437,16.75034,13
8.456015576,15,8.672631646,16,13,16.69335,16.74811,12
8.47267835,16,8.68929442,16,13,16.69281,16.74689,13
8.489341125,17,8.705957195,16,13,16.69376,16.74874,13
8.506003899,15,8.722619969,16,13,16.69243,16.74589,13
8.522666674,17,8.739282744,16,13,16.69276,16.74647,13
8.539329449,16,8.755945519,16,13,16.69238,16.74556,13
8.555992223,17,8.772608293,16,13,16.69322,16.74717,13
8.572654998,16,8.789271068,16,13,16.6932,16.74702,13
8.589317773,16,8.805933842,16,13,16.69291,16.74632,13
8.605980547,18,8.822596617,16,13,16.6949,16.75026,13
8.622643322,16,8.839259392,16,13,16.69511,16.75056,13
8.639306096,14,8.855922166,16,13,16.69301,16.74621,12
8.655968871,16,8.872584941,16,13,16.69261,16.74529,13
8.68929442,23,8.889247715,17,13,16.69957,16.75918,13
8.68929442,10,8.90591049,16,13,16.69296,16.74581,13
8.705957195,18,8.922573265,17,13,16.69468,16.74915,13
8.722619969,14,8.939236039,16,13,16.69226,16.74421,13
8.739282744,19,8.955898814,16,13,16.69471,16.74898,13
8.755945519,16,8.972561589,16,13,16.69488,16.7492,13
8.772608293,14,8.989224363,17,13,16.69298,16.74533,13
8.789271068,16,9.005887138,16,13,16.69278,16.74482,13
8.805933842,17,9.022549912,16,13,16.69355,16.74624,13
8.822596617,15,9.039212687,16,13,16.69234,16.74376,13
8.839259392,16,9.055875462,16,13,16.69241,16.7438,13
8.872584941,23,9.072538236,16,13,16.69877,16.75619,13
8.872584941,10,9.089201011,17,13,16.69215,16.74309,13
8.889247715,16,9.105863785,16,13,16.69184,16.74239,13
8.90591049,17,9.12252656,17,13,16.69293,16.74443,13
8.922573265,16,9.139189335,16,13,16.69321,16.74487,13
8.939236039,15,9.155852109,16,13,16.69217,16.74274,13
8.955898814,17,9.172514884,16,13,16.69278,16.74383,13
8.972561589,17,9.189177658,16,13,16.69367,16.74546,13
8.989224363,17,9.205840433,16,13,16.69405,16.74608,13
9.005887138,17,9.222503208,16,13,16.69448,16.74682,13
9.022549912,14,9.239165982,16,13,16.69223,16.74237,13
9.039212687,17,9.255828757,16,13,16.69266,16.74311,13
9.055875462,16,9.272491531,16,13,16.6926,16.7429,13
9.072538236,17,9.289154306,16,13,16.69306,16.74369,13
9.089201011,16,9.305817081,16,13,16.69253,16.74258,12
9.105863785,16,9.322479855,17,13,16.69264,16.7427,13
9.12252656,16,9.33914263,17,13,16.69291,16.74312,13
9.139189335,16,9.355805404,16,13,16.69261,16.74244,12
9.155852109,15,9.372468179,16,13,16.69153,16.74029,13
9.172514884,18,9.389130954,17,13,16.69327,16.7435,13
9.189177658,16,9.405793728,16,13,16.69319,16.74325,13
9.205840433,14,9.422456503,17,13,16.69139,16.73976,13
9.222503208,16,9.439119278,16,13,16.69156,16.73998,13
9.239165982,17,9.455782052,16,13,16.69279,16.74221,13
9.255828757,18,9.472444827,16,13,16.69443,16.7452,13
9.272491531,14,9.489107601,16,13,16.69201,16.74058,13
9.289154306,16,9.505770376,16,13,16.6923,16.74102,13
9.322479855,23,9.522433151,16,13,16.69941,16.7542,13
9.322479855,10,9.539095925,16,13,16.69341,16.74293,13
9.33914263,16,9.5557587,16,13,16.69282,16.74174,13
9.372468179,21,9.572421474,16,13,16.69779,16.75086,13
9.372468179,10,9.589084249,16,13,16.69148,16.73908,13
9.389130954,16,9.605747024,16,13,16.69135,16.73875,13
9.405793728,17,9.622409798,16,13,16.69255,16.74088,13
9.422456503,16,9.639072573,16,13,16.69278,16.74122,13
9.439119278,15,9.655735347,16,13,16.69131,16.73842,13
9.455782052,16,9.672398122,16,13,16.6912,16.73814,12
9.472444827,17,9.689060897,16,13,16.69245,16.74033,13
9.489107601,18,9.705723671,16,13,16.69399,16.74307,13
9.505770376,14,9.722386446,16,13,16.69174,16.73887,13
9.522433151,16,9.73904922,16,13,16.69157,16.73848,13
9.539095925,16,9.755711995,16,13,16.69127,16.73783,13
9.5557587,17,9.77237477,16,13,16.69191,16.73892,13
9.572421474,19,9.789037544,16,13,16.69467,16.74383,13
9.589084249,13,9.805700319,16,13,16.6917,16.73837,12
9.605747024,16,9.822363093,16,13,16.69151,16.73795,13
9.622409798,16,9.839025868,16,13,16.69166,16.73814,13
9.639072573,16,9.855688643,16,13,16.69163,16.738,12
9.655735347,17,9.872351417,16,13,16.69281,16.74004,13
9.689060897,23,9.889014192,16,13,16.69995,16.75274,13
9.689060897,8,9.905676967,16,13,16.6916,16.73772,12
9.705723671,16,9.922339741,16,13,16.69124,16.73698,13
9.722386446,17,9.939002516,16,13,16.69196,16.73818,13
9.73904922,16,9.95566529,16,13,16.69158,16.73743,13
9.755711995,17,9.972328065,16,13,16.6925,16.73898,13
9.77237477,17,9.98899084,16,13,16.69345,16.74059,13
9.789037544,15,10.00565361,16,13,16.6927,16.73917,13
9.822363093,23,10.02231639,16,13,16.69949,16.75109,13
9.822363093,8,10.03897916,16,13,16.69105,16.7361,13
9.839025868,18,10.05564194,16,13,16.69268,16.7389,13
9.872351417,23,10.07230471,16,13,16.69939,16.75061,13
9.872351417,9,10.08896749,16,13,16.69196,16.73748,13
9.889014192,17,10.10563026,16,13,16.69257,16.73848,13
9.922339741,23,10.12229304,16,13,16.6997,16.75086,13
9.922339741,9,10.13895581,16,13,16.69273,16.7386,13
9.939002516,16,10.15561859,16,13,16.69283,16.73871,13
9.95566529,17,10.17228136,16,13,16.69332,16.73948,13
9.972328065,14,10.18894413,16,13,16.69152,16.73626,13
9.98899084,16,10.20560691,16,13,16.69158,16.7363,13
10.00565361,17,10.22226968,16,13,16.69268,16.73812,13
10.02231639,17,10.23893246,16,13,16.69334,16.73919,13
10.03897916,15,10.25559523,16,13,16.69178,16.73642,13
10.05564194,16,10.27225801,16,13,16.69136,16.73561,13
10.07230471,16,10.28892078,16,13,16.69116,16.7352,12
10.08896749,18,10.30558356,16,13,16.69255,16.7375,13
10.10563026,15,10.32224633,16,13,16.69148,16.73559,13
10.12229304,17,10.33890911,16,13,16.69254,16.73733,13
10.13895581,15,10.35557188,16,13,16.69158,16.73561,13
10.15561859,18,10.37223466,16,13,16.69325,16.73838,13
10.17228136,15,10.38889743,16,13,16.692,16.73619,13
10.18894413,17,10.4055602,16,13,16.69261,16.73715,13
10.20560691,16,10.42222298,16,13,16.69269,16.73721,13
10.22226968,18,10.43888575,16,13,16.69419,16.73967,13
10.23893246,14,10.45554853,16,13,16.69167,16.73533,13
10.25559523,16,10.4722113,16,13,16.69181,16.7355,13
10.27225801,17,10.48887408,16,13,16.69253,16.73664,13
10.30558356,23,10.50553685,17,13,16.6994,16.74811,13
10.30558356,9,10.52219963,16,13,16.69193,16.73549,13
10.32224633,16,10.5388624,16,13,16.6915,16.7347,13
10.33890911,18,10.55552518,16,13,16.69292,16.73701,13
10.35557188,17,10.57218795,16,13,16.69373,16.73828,13
10.37223466,14,10.58885073,16,13,16.69108,16.73379,13
10.38889743,16,10.6055135,16,13,16.69129,16.73407,13
10.4055602,19,10.62217627,16,13,16.69363,16.73788,13
10.42222298,13,10.63883905,17,13,16.69091,16.7333,13
10.43888575,16,10.65550182,16,13,16.69035,16.73231,13
10.45554853,17,10.6721646,16,13,16.69157,16.73425,13
10.4722113,18,10.68882737,16,13,16.69338,16.73716,13
10.48887408,15,10.70549015,16,13,16.692,16.73482,13
10.50553685,16,10.72215292,16,13,16.69144,16.73382,13
10.52219963,16,10.75547847,33,13,16.6917,16.73418,14
10.5388624,16,10.77214125,16,13,16.69191,16.73446,14
10.55552518,15,10.78880402,16,13,16.69065,16.73233,14
10.57218795,16,10.8054668,17,13,16.69073,16.7324,14
10.58885073,16,10.82212957,16,13,16.69101,16.73277,14
10.6055135,16,10.83879234,16,13,16.69052,16.73191,14
10.62217627,17,10.85545512,16,13,16.69154,16.73351,14
10.63883905,18,10.87211789,16,13,16.6934,16.73645,14
10.65550182,13,10.88878067,17,13,16.69045,16.73161,14
10.6721646,20,10.90544344,16,13,16.69378,16.73693,14
10.68882737,14,10.92210622,16,13,16.69132,16.73288,14
10.70549015,18,10.93876899,16,13,16.69289,16.73534,14
10.72215292,15,10.95543177,17,13,16.69136,16.73281,14
10.75547847,16,10.97209454,16,13,16.6907,16.73169,14
10.75547847,18,10.98875732,16,14,16.69282,16.73502,14
10.77214125,14,11.00542009,16,14,16.69069,16.73155,14
10.78880402,16,11.02208287,16,14,16.69072,16.73152,14
10.8054668,17,11.03874564,16,14,16.69122,16.73226,14
10.82212957,18,11.05540841,16,14,16.69279,16.7347,14
10.83879234,14,11.07207119,16,14,16.69045,16.73091,14
10.85545512,17,11.08873396,16,14,16.69113,16.73192,14
10.87211789,16,11.10539674,16,14,16.69092,16.73153,14
10.88878067,17,11.12205951,16,14,16.69178,16.73282,14
10.90544344,16,11.13872229,16,14,16.69181,16.7328,14
10.92210622,15,11.15538506,16,14,16.69057,16.73078,14
10.93876899,16,11.17204784,16,14,16.69086,16.73117,14
10.95543177,16,11.18871061,16,14,16.69061,16.73072,14
10.97209454,16,11.20537339,16,14,16.69088,16.73108,14
10.98875732,18,11.22203616,16,14,16.69246,16.73349,14
11.00542009,14,11.23869894,16,14,16.68981,16.72928,14
11.02208287,18,11.25536171,16,14,16.69119,16.73138,14
11.03874564,15,11.27202448,16,14,16.69025,16.72985,14
11.05540841,18,11.28868726,16,14,16.69213,16.73271,14
11.07207119,17,11.30535003,16,14,16.69282,16.73373,14
11.08873396,14,11.32201281,16,14,16.69054,16.73013,14
11.10539674,17,11.33867558,16,14,16.69111,16.73094,14
11.12205951,16,11.35533836,16,14,16.69066,16.73018,14
11.13872229,17,11.37200113,16,14,16.69162,16.7316,14
11.15538506,16,11.38866391,16,14,16.69189,16.73196,14
11.17204784,15,11.40532668,16,14,16.69053,16.72981,14
11.18871061,17,11.42198946,16,14,16.69122,16.7308,14
11.20537339,16,11.43865223,16,14,16.69064,16.72986,14
11.22203616,17,11.45531501,16,14,16.6911,16.73051,14
11.23869894,16,11.47197778,16,14,16.69132,16.73078,14
11.25536171,17,11.48864055,16,14,16.69205,16.73184,14
11.27202448,16,11.50530333,16,14,16.69161,16.73109,14
11.28868726,16,11.5219661,16,14,16.69164,16.73109,14
11.30535003,16,11.53862888,16,14,16.69122,16.73039,14
11.32201281,16,11.55529165,16,14,16.69107,16.7301,14
11.33867558,16,11.57195443,16,14,16.69081,16.72964,14
11.35533836,17,11.5886172,16,14,16.69209,16.73152,14
11.37200113,14,11.60527998,16,14,16.69031,16.72876,14
11.38866391,16,11.62194275,16,14,16.69041,16.72886,14
11.40532668,16,11.63860553,16,14,16.69012,16.72837,14
11.42198946,17,11.6552683,16,14,16.69081,16.72936,14
11.43865223,16,11.67193107,16,14,16.6906,16.72897,14
11.45531501,16,11.68859385,16,14,16.69033,16.72851,14
11.47197778,17,11.70525662,16,14,16.69153,16.73026,14
11.48864055,16,11.7219194,16,14,16.69153,16.7302,14
11.50530333,16,11.73858217,16,14,16.69139,16.72993,14
11.5219661,15,11.75524495,16,14,16.69037,16.72835,14
11.53862888,16,11.77190772,16,14,16.69037,16.72829,14
11.55529165,16,11.7885705,16,14,16.6904,16.72828,14
11.57195443,16,11.80523327,16,14,16.69068,16.72864,14
11.5886172,17,11.82189605,17,14,16.69152,16.72983,14
11.60527998,16,11.83855882,16,14,16.69113,16.72919,14
11.62194275,17,11.8552216,16,14,16.69195,16.73035,14
11.63860553,16,11.87188437,16,14,16.69152,16.72966,14
11.6552683,15,11.88854714,16,14,16.6902,16.72766,14
11.67193107,16,11.90520992,16,14,16.69042,16.72793,14
11.68859385,18,11.92187269,16,14,16.69252,16.73096,14
11.70525662,14,11.93853547,16,14,16.6906,16.72808,14
11.7219194,16,11.95519824,16,14,16.69042,16.72777,14
11.73858217,16,11.97186102,16,14,16.68996,16.72704,14
11.75524495,16,11.98852379,16,14,16.68962,16.72648,14
11.77190772,17,12.00518657,16,14,16.69011,16.72715,14
11.7885705,16,12.02184934,16,14,16.68983,16.72669,14
11.80523327,17,12.03851212,16,14,16.69034,16.72737,14
11.82189605,17,12.05517489,16,14,16.69112,16.72845,14
11.83855882,15,12.07183767,16,14,16.68986,16.72657,14
11.8552216,17,12.08850044,16,14,16.69079,16.72787,14
11.87188437,16,12.10516321,16,14,16.69065,16.7276,14
11.88854714,15,12.12182599,16,14,16.68982,16.72635,14
11.90520992,16,12.13848876,16,14,16.69009,16.72669,14
11.92187269,16,12.15515154,16,14,16.68975,16.72615,14
11.93853547,16,12.17181431,16,14,16.68979,16.72615,14
11.95519824,17,12.18847709,16,14,16.69106,16.72793,14
11.97186102,16,12.20513986,16,14,16.69092,16.72767,14
11.98852379,16,12.22180264,17,14,16.69086,16.72754,14
12.00518657,16,12.23846541,16,14,16.69095,16.72761,14
12.02184934,16,12.25512819,16,14,16.69036,16.72672,14
12.03851212,16,12.27179096,16,14,16.68975,16.7258,14
12.05517489,16,12.28845374,16,14,16.68952,16.72541,14
12.07183767,16,12.30511651,16,14,16.68979,16.72574,14
12.08850044,16,12.32177928,16,14,16.68992,16.72588,14
12.10516321,16,12.33844206,16,14,16.68969,16.7255,14
12.12182599,16,12.35510483,16,14,16.68942,16.72507,14
12.13848876,17,12.37176761,16,14,16.69039,16.72639,14
12.15515154,17,12.38843038,16,14,16.69081,16.72693,14
12.17181431,16,12.40509316,16,14,16.69063,16.72662,14
12.18847709,16,12.42175593,16,14,16.69001,16.7257,14
12.20513986,16,12.43841871,16,14,16.68959,16.72506,14
12.22180264,16,12.45508148,16,14,16.68943,16.72479,14
12.23846541,16,12.47174426,17,14,16.68939,16.72468,14
12.25512819,18,12.48840703,16,14,16.6908,16.7266,14
12.27179096,16,12.50506981,16,14,16.69046,16.72609,14
12.28845374,17,12.52173258,16,14,16.69078,16.72647,14
12.30511651,16,12.53839535,16,14,16.69082,16.72649,14
12.32177928,16,12.55505813,16,14,16.69046,16.72593,14
12.33844206,15,12.5717209,16,14,16.68933,16.7243,14
12.35510483,16,12.58838368,16,14,16.6895,16.72449,14
12.37176761,16,12.60504645,17,14,16.68932,16.72419,14
12.38843038,16,12.62170923,16,14,16.68908,16.72382,14
12.40509316,16,12.638372,16,14,16.68874,16.7233,14
12.42175593,16,12.65503478,16,14,16.68875,16.72326,14
12.43841871,16,12.67169755,16,14,16.68836,16.72268,14
12.45508148,17,12.68836033,16,14,16.68918,16.72376,13
12.47174426,16,12.7050231,16,14,16.68916,16.72368,14
12.48840703,16,12.72168588,16,14,16.6891,16.72356,14
12.50506981,16,12.73834865,16,14,16.689,16.72337,14
12.52173258,16,12.75501142,16,14,16.689,16.72332,14
12.53839535,17,12.7716742,16,14,16.68936,16.72377,14
12.55505813,17,12.78833697,16,14,16.69029,16.72499,14
12.5717209,17,12.80499975,16,14,16.69159,16.72673,14
12.58838368,14,12.82166252,16,14,16.68948,16.7238,14
12.60504645,17,12.8383253,16,14,16.69037,16.72496,14
12.62170923,16,12.85498807,16,14,16.69028,16.7248,14
12.638372,17,12.87165085,16,14,16.69093,16.72564,14
12.65503478,16,12.88831362,16,14,16.69124,16.726,14
12.67169755,16,12.9049764,16,14,16.69064,16.72514,14
12.7050231,26,12.92163917,16,14,16.69997,16.73773,14
12.7050231,6,12.93830195,16,13,16.6895,16.72352,14
12.72168588,16,12.95496472,16,14,16.68942,16.72337,14
12.73834865,17,12.97162749,16,14,16.69061,16.72492,14
12.75501142,16,12.98829027,16,14,16.69086,16.72521,14
12.7716742,15,13.00495304,16,14,16.6892,16.72294,14
12.78833697,17,13.02161582,16,14,16.69021,16.72426,14
12.80499975,18,13.03827859,16,14,16.69165,16.72614,14
12.82166252,14,13.05494137,16,14,16.68911,16.72268,14
12.8383253,16,13.07160414,16,14,16.6891,16.72263,14
12.85498807,18,13.08826692,16,14,16.69089,16.72498,14
12.87165085,17,13.10492969,16,14,16.69152,16.72578,14
12.88831362,15,13.12159247,16,14,16.69079,16.72476,14
12.9049764,15,13.13825524,16,14,16.68947,16.72295,14
12.92163917,16,13.15491802,16,14,16.6891,16.72242,14
12.93830195,18,13.17158079,16,14,16.69062,16.72438,14
12.95496472,16,13.18824356,16,14,16.69032,16.72395,13
12.97162749,14,13.20490634,16,14,16.68858,16.7216,14
12.98829027,17,13.22156911,16,14,16.68954,16.72283,14
13.00495304,16,13.23823189,16,14,16.68955,16.7228,14
13.02161582,18,13.25489466,16,14,16.69093,16.72456,14
13.03827859,15,13.27155744,16,14,16.68948,16.72261,14
13.05494137,16,13.28822021,16,14,16.68899,16.72192,14
13.07160414,17,13.30488299,16,14,16.69013,16.72339,14
13.08826692,18,13.32154576,16,14,16.69179,16.72552,14
13.10492969,13,13.33820854,16,14,16.68907,16.72191,14
13.12159247,16,13.35487131,16,14,16.68927,16.72213,14
13.13825524,16,13.37153408,16,14,16.68947,16.72235,14
13.15491802,18,13.38819686,16,14,16.69089,16.72415,14
13.17158079,17,13.40485963,16,14,16.6917,16.72516,14
13.20490634,22,13.42152241,16,14,16.69732,16.73243,14
13.20490634,9,13.43818518,16,14,16.68983,16.72266,14
13.22156911,16,13.45484796,16,14,16.6894,16.72206,14
13.23823189,19,13.47151073,16,14,16.69185,16.72519,14
13.25489466,17,13.48817351,16,14,16.69245,16.72592,14
13.27155744,13,13.50483628,16,14,16.68961,16.72221,14
13.28822021,16,13.52149906,16,14,16.68954,16.72208,14
13.30488299,18,13.53816183,16,14,16.6917,16.72482,14
13.32154576,15,13.55482461,16,14,16.69028,16.72295,14
13.33820854,16,13.57148738,16,14,16.69039,16.72305,14
13.35487131,15,13.58815015,16,14,16.68908,16.72132,14
13.37153408,18,13.60481293,16,14,16.69061,16.72325,14
13.38819686,17,13.6214757,16,14,16.69176,16.72468,14
13.40485963,14,13.63813848,16,14,16.68958,16.72185,14
13.42152241,16,13.65480125,16,14,16.68897,16.72103,14
13.43818518,17,13.67146403,16,14,16.69008,16.7224,14
13.45484796,18,13.6881268,16,14,16.69174,16.72447,14
13.47151073,15,13.70478958,16,14,16.69088,16.72334,14
13.48817351,16,13.72145235,17,14,16.69041,16.7227,14
13.50483628,15,13.73811513,16,14,16.6895,16.7215,14
13.52149906,16,13.7547779,16,14,16.68915,16.72102,14
13.53816183,16,13.77144068,17,14,16.68895,16.72072,14
13.55482461,16,13.78810345,16,14,16.68905,16.72082,14
13.57148738,18,13.80476622,16,14,16.69131,16.72362,14
13.58815015,15,13.821429,16,14,16.68975,16.72162,13
13.60481293,16,13.83809177,16,14,16.68976,16.72159,14
13.6214757,15,13.85475455,16,14,16.68879,16.72034,14
13.63813848,16,13.87141732,16,14,16.6884,16.71981,14
13.65480125,17,13.8880801,16,14,16.6895,16.72114,14
13.67146403,18,13.90474287,16,14,16.69116,16.72318,14
13.6881268,13,13.92140565,16,14,16.68846,16.71976,14
13.70478958,17,13.93806842,16,14,16.68899,16.72038,14
13.72145235,16,13.9547312,16,14,16.68866,16.71994,14
13.73811513,17,13.97139397,17,14,16.68909,16.72044,14
13.7547779,17,13.98805675,16,14,16.68973,16.72119,14
13.77144068,15,14.00471952,16,14,16.68841,16.7195,14
13.78810345,16,14.02138229,16,14,16.68856,16.71965,14
13.80476622,18,14.03804507,16,14,16.69026,16.72173,14
13.83809177,22,14.05470784,16,14,16.69637,16.72926,14
13.83809177,9,14.07137062,16,14,16.6887,16.71972,14
13.85475455,16,14.08803339,17,14,16.68837,16.71928,14
13.87141732,17,14.10469617,16,14,16.68871,16.71967,14
13.8880801,16,14.12135894,16,14,16.68823,16.71904,14
13.90474287,18,14.13802172,16,14,16.68967,16.72077,14
13.92140565,17,14.15468449,16,14,16.69002,16.72116,14
13.93806842,14,14.17134727,16,14,16.68819,16.71888,14
13.9547312,17,14.18801004,16,14,16.68877,16.71955,14
13.97139397,16,14.20467282,16,14,16.68844,16.71911,14
13.98805675,17,14.22133559,16,14,16.68894,16.71968,14
14.00471952,17,14.23799836,16,14,16.69014,16.72111,14
14.02138229,14,14.25466114,16,14,16.68815,16.71864,14
14.03804507,18,14.27132391,16,14,16.68962,16.7204,14
14.05470784,15,14.28798669,16,14,16.68799,16.71837,14
14.07137062,17,14.30464946,16,14,16.68862,16.7191,14
14.08803339,17,14.32131224,16,14,16.68931,16.7199,14
14.10469617,16,14.33797501,16,14,16.68887,16.71934,14
14.12135894,16,14.35463779,16,14,16.68855,16.71891,14
14.13802172,15,14.37130056,16,14,16.68773,16.71787,14
14.15468449,16,14.38796334,16,14,16.68793,16.71809,14
14.17134727,17,14.40462611,16,14,16.68862,16.71889,14
14.18801004,16,14.42128889,16,14,16.68881,16.71908,14
14.20467282,16,14.43795166,16,14,16.6886,16.71879,14
14.22133559,15,14.45461443,16,14,16.6879,16.71791,14
14.23799836,16,14.47127721,16,14,16.68792,16.71789,14
14.25466114,17,14.48793998,16,14,16.68864,16.71873,14
14.27132391,16,14.50460276,16,14,16.68831,16.71829,14
14.28798669,16,14.52126553,16,14,16.68824,16.71817,14
14.30464946,17,14.53792831,16,14,16.68914,16.71921,14
14.32131224,16,14.55459108,16,14,16.68849,16.7184,14
14.33797501,16,14.57125386,16,14,16.68818,16.71799,14
14.35463779,16,14.58791663,16,14,16.68795,16.71769,14
14.37130056,17,14.60457941,16,14,16.68858,16.7184,14
14.38796334,17,14.62124218,16,14,16.68935,16.71928,14
14.40462611,15,14.63790496,16,14,16.68848,16.71821,14
14.42128889,17,14.65456773,16,14,16.68885,16.71861,14
14.43795166,16,14.6712305,16,14,16.68881,16.71853,14
14.45461443,16,14.68789328,16,14,16.68848,16.7181,14
14.47127721,15,14.70455605,16,14,16.68755,16.71696,14
14.48793998,18,14.72121883,16,14,16.68943,16.71915,14
14.50460276,15,14.7378816,16,14,16.688,16.71743,14
14.52126553,16,14.75454438,16,14,16.68831,16.71776,14
14.53792831,16,14.77120715,16,14,16.68853,16.71799,14
14.55459108,16,14.78786993,16,14,16.68816,16.71752,14
14.57125386,16,14.8045327,16,14,16.68776,16.71701,14
14.58791663,17,14.82119548,16,14,16.68864,16.71801,14
14.60457941,16,14.83785825,16,14,16.68834,16.71763,14
14.62124218,16,14.85452102,16,14,16.68842,16.71768,14
14.63790496,17,14.8711838,16,14,16.68877,16.71806,14
14.65456773,16,14.88784657,16,14,16.68851,16.71772,14
14.6712305,16,14.90450935,16,14,16.68835,16.7175,14
14.68789328,17,14.92117212,16,14,16.68932,16.7186,14
14.70455605,15,14.9378349,16,14,16.68829,16.71736,14
14.72121883,16,14.95449767,16,14,16.68814,16.71716,14
14.7378816,16,14.97116045,16,14,16.68807,16.71704,14
14.75454438,17,14.98782322,16,14,16.68865,16.71768,14
14.77120715,17,15.004486,16,14,16.68901,16.71807,14
14.78786993,17,15.02114877,16,14,16.6897,16.71883,14
14.8045327,15,15.03781155,16,14,16.68871,16.71765,14
14.82119548,16,15.05447432,16,14,16.68822,16.71705,14
14.83785825,16,15.07113709,16,14,16.68851,16.71736,14
14.85452102,16,15.08779987,16,14,16.6881,16.71685,14
14.8711838,16,15.10446264,16,14,16.6877,16.71636,14
14.88784657,16,15.12112542,16,14,16.688,16.71666,14
14.90450935,16,15.13778819,16,14,16.68799,16.71663,14
14.92117212,16,15.15445097,16,14,16.68828,16.71692,14
14.9378349,16,15.17111374,16,14,16.68832,16.71694,14
14.95449767,16,15.18777652,16,14,16.68816,16.71672,14
14.97116045,16,15.20443929,16,14,16.68824,16.71678,14
14.98782322,17,15.22110207,16,14,16.68855,16.7171,14
15.004486,16,15.23776484,16,14,16.68837,16.71686,14
15.02114877,16,15.25442762,16,14,16.68834,16.7168,14
15.03781155,16,15.27109039,16,14,16.68796,16.71633,14
15.05447432,16,15.28775316,16,14,16.68792,16.71626,14
15.07113709,17,15.30441594,16,14,16.68878,16.7172,14
15.08779987,16,15.32107871,16,14,16.68815,16.71645,14
15.10446264,15,15.35440426,33,14,16.68727,16.71542,15
15.12112542,18,15.37106704,16,14,16.68862,16.71692,15
15.13778819,16,15.38772981,16,14,16.6882,16.71641,15
15.15445097,17,15.40439259,16,14,16.68852,16.71675,14
15.17111374,17,15.42105536,16,14,16.68939,16.71769,15
15.18777652,18,15.43771814,16,14,16.69158,16.72013,15
15.20443929,15,15.45438091,16,14,16.68991,16.7182,15
15.22110207,17,15.47104369,16,14,16.69099,16.71939,15
15.23776484,14,15.48770646,16,14,16.68845,16.71652,15
15.25442762,16,15.50436923,16,14,16.688,16.71597,15
15.27109039,16,15.52103201,16,14,16.68762,16.71552,15
15.28775316,16,15.53769478,17,14,16.68778,16.71567,15
15.30441594,18,15.55435756,16,14,16.68924,16.71727,15
15.32107871,15,15.57102033,16,14,16.68799,16.71584,15
15.35440426,16,15.58768311,16,14,16.68826,16.71611,15
15.35440426,16,15.60434588,16,15,16.68821,16.71603,15
15.37106704,17,15.62100866,16,15,16.68949,16.71741,15
15.38772981,15,15.63767143,16,15,16.6881,16.71584,14
15.42105536,24,15.65433421,16,15,16.69567,16.72421,15
15.42105536,8,15.67099698,16,15,16.68749,16.71511,15
15.43771814,16,15.68765976,16,15,16.68755,16.71515,15
15.45438091,16,15.70432253,16,15,16.68737,16.71493,15
15.47104369,16,15.7209853,16,15,16.68742,16.71495,15
15.48770646,16,15.73764808,16,15,16.68713,16.71459,15
15.50436923,17,15.75431085,17,15,16.68833,16.71588,15
15.52103201,15,15.77097363,16,15,16.68735,16.71478,15
15.53769478,16,15.7876364,16,15,16.68723,16.71462,15
15.55435756,16,15.80429918,16,15,16.68751,16.71489,15
15.57102033,16,15.82096195,16,15,16.68719,16.71452,15
15.58768311,17,15.83762473,16,15,16.68754,16.71487,15
15.60434588,16,15.8542875,16,15,16.68709,16.71434,15
15.62100866,16,15.87095028,16,15,16.68732,16.71457,15
15.65433421,25,15.88761305,16,15,16.69641,16.72446,15
15.65433421,7,15.90427583,16,15,16.68771,16.71494,15
15.67099698,16,15.9209386,16,15,16.68754,16.71472,15
15.68765976,16,15.93760137,16,15,16.68703,16.71415,15
15.70432253,16,15.95426415,16,15,16.68713,16.71423,15
15.7209853,17,15.97092692,16,15,16.68759,16.71469,15
15.73764808,17,15.9875897,16,15,16.68805,16.71515,15
15.75431085,16,16.00425247,16,15,16.68764,16.71468,15
15.77097363,15,16.02091525,16,15,16.6869,16.71386,15
15.7876364,17,16.03757802,16,15,16.68723,16.71418,15
15.80429918,17,16.0542408,16,15,16.68821,16.71521,15
15.82096195,15,16.07090357,16,15,16.68744,16.71435,15
15.83762473,16,16.08756635,16,15,16.68716,16.71402,15
15.8542875,16,16.10422912,16,15,16.68719,16.71403,15
15.87095028,17,16.1208919,16,15,16.68772,16.71457,15
15.88761305,18,16.13755467,16,15,16.6891,16.71602,15
15.90427583,14,16.15421744,16,15,16.68735,16.71411,15
15.9209386,16,16.17088022,16,15,16.68719,16.71391,15
15.93760137,16,16.18754299,16,15,16.68744,16.71416,15
15.95426415,16,16.20420577,16,15,16.68728,16.71396,15
15.97092692,16,16.22086854,16,15,16.68723,16.71387,15
15.9875897,16,16.23753132,16,15,16.68714,16.71375,15
16.00425247,16,16.25419409,16,15,16.687,16.71357,15
16.02091525,16,16.27085687,16,15,16.6871,16.71365,15
16.03757802,16,16.28751964,16,15,16.68711,16.71362,15
16.0542408,17,16.30418242,16,15,16.68758,16.7141,15
16.07090357,16,16.32084519,16,15,16.68761,16.71411,15
16.08756635,16,16.33750797,16,15,16.68735,16.7138,15
16.10422912,16,16.35417074,16,15,16.68755,16.71399,15
16.1208919,17,16.37083351,16,15,16.68796,16.71439,15
16.13755467,16,16.38749629,16,15,16.68801,16.71441,15
16.15421744,16,16.40415906,16,15,16.68811,16.7145,15
16.17088022,16,16.42082184,16,15,16.68794,16.71429,15
16.18754299,16,16.43748461,16,15,16.6882,16.71454,15
16.20420577,16,16.45414739,16,15,16.68774,16.71402,15
16.22086854,16,16.47081016,16,15,16.6874,16.71363,15
16.23753132,17,16.48747294,16,15,16.68804,16.71428,15
16.25419409,18,16.50413571,16,15,16.68986,16.71616,15
16.27085687,15,16.52079849,16,15,16.68833,16.71453,15
16.28751964,16,16.53746126,16,15,16.68785,16.714,15
16.30418242,16,16.55412403,16,15,16.68759,16.7137,15
16.32084519,17,16.57078681,16,15,16.68822,16.71433,15
16.33750797,17,16.58744958,16,15,16.68879,16.7149,15
16.35417074,15,16.60411236,16,15,16.68725,16.71327,15
16.37083351,17,16.62077513,16,15,16.68777,16.71378,15
16.38749629,19,16.63743791,16,15,16.69014,16.71622,15
16.40415906,14,16.65410068,16,15,16.68754,16.71349,15
16.42082184,16,16.67076346,16,15,16.68722,16.71313,14
16.43748461,17,16.68742623,16,15,16.68827,16.7142,15
16.45414739,18,16.70408901,16,15,16.69019,16.71616,15
16.47081016,16,16.72075178,16,15,16.68968,16.71561,15
16.48747294,14,16.73741456,16,15,16.68779,16.71362,15
16.50413571,17,16.75407733,16,15,16.68827,16.71409,15
16.52079849,16,16.7707401,16,15,16.68781,16.71358,15
16.53746126,17,16.78740288,16,15,16.68858,16.71435,15
16.55412403,16,16.80406565,16,15,16.68856,16.71431,15
16.57078681,15,16.82072843,16,15,16.68715,16.71283,15
16.58744958,17,16.8373912,16,15,16.68766,16.71333,15
16.60411236,16,16.85405398,16,15,16.68705,16.71267,15
16.62077513,16,16.87071675,16,15,16.68717,16.71278,15
16.63743791,17,16.88737953,16,15,16.68795,16.71354,15
16.65410068,16,16.9040423,17,15,16.68758,16.71314,15
16.68742623,23,16.92070508,16,15,16.69425,16.71994,14
16.68742623,9,16.93736785,16,15,16.68718,16.71269,15
16.70408901,16,16.95403063,16,15,16.68748,16.71297,15
16.72075178,17,16.9706934,16,15,16.68826,16.71374,15
16.73741456,18,16.98735617,17,15,16.68968,16.71516,15
16.75407733,14,17.00401895,16,15,16.68733,16.71274,15
16.7707401,16,17.02068172,16,15,16.6867,16.71207,15
16.78740288,16,17.0373445,16,15,16.68676,16.71211,15
16.80406565,17,17.05400727,16,15,16.68761,16.71295,15
16.82072843,16,17.07067005,16,15,16.68755,16.71286,15
16.8373912,16,17.08733282,16,15,16.68738,16.71266,15
16.85405398,16,17.1039956,16,15,16.68742,16.71268,15
16.87071675,17,17.12065837,16,15,16.68841,16.71365,15
16.88737953,16,17.13732115,16,15,16.68837,16.71359,15
16.9040423,15,17.15398392,16,15,16.68733,16.71251,15
16.93736785,23,17.1706467,16,15,16.69417,16.71937,15
16.93736785,12,17.18730947,16,15,16.68956,16.71471,15
16.95403063,14,17.20397224,16,15,16.68786,16.71298,15
16.9706934,15,17.22063502,17,15,16.68665,16.71174,15
16.98735617,16,17.23729779,16,15,16.68666,16.71173,15
17.00401895,17,17.25396057,16,15,16.68719,16.71223,15
17.02068172,16,17.27062334,16,15,16.68669,16.7117,15
17.0373445,16,17.28728612,17,15,16.68688,16.71187,15
17.05400727,16,17.30394889,16,15,16.68691,16.71188,15
17.07067005,19,17.32061167,16,15,16.68933,16.71426,15
17.08733282,16,17.33727444,16,15,16.68925,16.71416,15
17.1039956,16,17.35393722,17,15,16.68891,16.71379,14
17.12065837,15,17.37059999,16,15,16.68821,16.71307,15
17.13732115,15,17.38726277,16,15,16.68728,16.71213,15
17.15398392,17,17.40392554,16,15,16.68766,16.71247,15
17.1706467,16,17.42058831,16,15,16.68744,16.71224,15
17.18730947,17,17.43725109,16,15,16.6878,16.71257,15
17.20397224,16,17.45391386,16,15,16.68738,16.71213,15
17.22063502,18,17.47057664,16,15,16.68886,16.71356,15
17.23729779,15,17.48723941,16,15,16.68772,16.71242,15
17.25396057,16,17.50390219,16,15,16.68779,16.71246,15
17.27062334,16,17.52056496,16,15,16.68756,16.71221,14
17.28728612,16,17.53722774,16,15,16.68775,16.71237,15
17.30394889,16,17.55389051,16,15,16.68777,16.71237,14
17.32061167,16,17.57055329,17,15,16.6876,16.71217,15
17.33727444,16,17.58721606,16,15,16.6878,16.71235,14
17.37059999,23,17.60387884,16,15,16.6943,16.7187,15
17.37059999,10,17.62054161,16,15,16.68801,16.71251,15
17.38726277,16,17.63720438,16,15,16.68768,16.71216,15
17.40392554,16,17.65386716,16,15,16.68724,16.71171,15
17.42058831,16,17.67052993,16,15,16.68728,16.71173,15
17.43725109,17,17.68719271,16,15,16.68774,16.71215,15
17.45391386,16,17.70385548,16,15,16.68714,16.71154,15
17.47057664,17,17.72051826,16,15,16.68793,16.71229,15
17.48723941,15,17.73718103,16,15,16.68713,16.71148,15
17.50390219,16,17.75384381,16,15,16.68743,16.71175,15
17.53722774,24,17.77050658,16,15,16.6953,16.71938,15
17.53722774,7,17.78716936,16,15,16.68608,16.7104,15
17.57055329,27,17.80383213,16,15,16.69642,16.72041,15
17.57055329,6,17.82049491,16,15,16.68624,16.71052,15
17.60387884,25,17.83715768,16,15,16.69517,16.71914,15
17.60387884,8,17.85382045,16,15,16.68742,16.71163,15
17.62054161,15,17.87048323,16,15,16.68664,16.71084,15
17.63720438,16,17.887146,16,15,16.68667,16.71086,15
17.65386716,16,17.90380878,16,15,16.68661,16.71078,15
17.67052993,16,17.92047155,16,15,16.6868,16.71093,15
17.68719271,17,17.93713433,16,15,16.68721,16.71131,15
17.70385548,17,17.9537971,16,15,16.68767,16.71172,15
17.72051826,17,17.97049041,16,15,16.68861,16.7126,15
17.73718103,15,17.98715318,16,15,16.68778,16.71178,15
17.75384381,17,18.00381596,16,15,16.68906,16.71298,15
17.77050658,14,18.02052171,16,15,16.68661,16.71062,15
17.78716936,18,18.03720651,16,15,16.68886,16.71274,15
17.80383213,16,18.05389731,16,15,16.68824,16.71213,15
17.82049491,15,18.07056008,16,15,16.68661,16.71056,15
17.83715768,16,18.08722286,16,15,16.68668,16.7106,15
17.85382045,17,18.10388563,16,15,16.68796,16.71179,15
17.87048323,15,18.1205484,16,15,16.68659,16.71046,15
17.887146,18,18.13721118,16,15,16.68848,16.71224,15
17.90380878,14,18.15387395,16,15,16.68673,16.71055,15
17.92047155,17,18.17053673,16,15,16.68731,16.71108,15
17.93713433,15,18.187319,16,15,16.68614,16.70995,15
17.9537971,16,18.20398178,16,15,16.68642,16.71019,15
17.97049041,16,18.2206781,16,15,16.68624,16.71,15
17.98715318,17,18.23734088,16,15,16.68694,16.71064,15
18.00381596,16,18.25400365,16,15,16.68697,16.71065,15
18.02052171,16,18.2707514,16,15,16.6868,16.71047,15
18.03720651,16,18.28741418,16,15,16.68633,16.71,15
18.05389731,16,18.30407695,16,15,16.68643,16.71007,15
18.07056008,18,18.3207757,16,15,16.68807,16.7116,15
18.08722286,15,18.33743848,16,15,16.68643,16.71003,15
18.10388563,18,18.35410125,16,15,16.68838,16.71184,15
18.1205484,14,18.3708274,16,15,16.68644,16.70999,15
18.13721118,18,18.38749018,16,15,16.68839,16.7118,15
18.15387395,14,18.40415295,16,15,16.68642,16.70994,15
18.17053673,18,18.4208676,16,15,16.68816,16.71154,15
18.187319,15,18.43753038,16,15,16.68709,16.71052,15
18.20398178,17,18.45419315,16,15,16.68818,16.71151,15
18.2206781,15,18.4708898,17,15,16.68664,16.71005,15
18.23734088,15,18.48755258,16,15,16.68576,16.70922,15
18.25400365,18,18.5045944,16,15,16.68731,16.71063,15
18.2707514,15,18.52125718,16,15,16.68586,16.70926,15
18.28741418,17,18.53791995,17,15,16.68715,16.71044,15
18.30407695,18,18.55458273,16,15,16.6892,16.71232,15
18.3207757,16,18.5712455,16,15,16.68893,16.71205,15
18.33743848,13,18.5880264,16,15,16.68615,16.70946,15
18.35410125,17,18.60468918,16,15,16.68668,16.70992,15
18.3708274,18,18.62135195,16,15,16.68843,16.71152,15
18.38749018,17,18.63801473,16,15,16.68879,16.71183,15
18.40415295,14,18.6546775,16,15,16.68682,16.70999,15
18.4208676,15,18.67134028,16,15,16.68611,16.70931,15
18.43753038,17,18.68800305,16,15,16.68644,16.70959,15
18.45419315,17,18.70466582,17,15,16.68676,16.70986,15
18.4708898,16,18.7213286,16,15,16.68695,16.71003,15
18.48755258,16,18.7380204,16,15,16.68711,16.71015,15
18.5045944,16,18.75468318,16,15,16.68683,16.70987,15
18.52125718,17,18.77134595,16,15,16.6874,16.71037,15
18.53791995,15,18.78800873,16,15,16.68667,16.70968,15
18.55458273,17,18.8046715,16,15,16.68703,16.70999,15
18.5712455,16,18.82133427,17,15,16.68728,16.7102,15
18.5880264,16,18.83799705,16,15,16.6871,16.71001,15
18.60468918,16,18.8547569,16,15,16.68722,16.7101,15
18.62135195,16,18.87141968,16,15,16.68718,16.71005,15
18.63801473,16,18.8881513,16,15,16.68694,16.7098,15
18.6546775,15,18.90481408,16,15,16.68563,16.70859,15
18.67134028,16,18.92147685,16,15,16.68578,16.70871,15
18.68800305,17,18.93813962,16,15,16.68686,16.70967,15
18.70466582,17,18.9548024,16,15,16.68719,16.70995,15
18.7213286,16,18.97146517,16,15,16.6867,16.70948,15
18.7380204,15,18.98812795,16,15,16.68586,16.70869,15
18.75468318,16,19.00479072,16,15,16.6859,16.70871,15
18.77134595,17,19.0214535,16,15,16.68673,16.70944,15
18.78800873,18,19.03811627,16,15,16.68865,16.71116,15
18.8046715,14,19.0548938,16,15,16.6867,16.70938,15
18.82133427,16,19.0715955,16,15,16.68686,16.7095,15
18.83799705,16,19.08825827,16,15,16.68717,16.70976,15
18.8547569,16,19.1049485,16,15,16.68745,16.70999,15
18.87141968,16,19.12161127,16,15,16.68762,16.71013,15
18.8881513,14,19.13827405,16,15,16.68566,16.70834,15
18.90481408,18,19.15493682,16,15,16.68716,16.70967,15
18.92147685,17,19.1715996,16,15,16.68847,16.71082,14
18.93813962,17,19.18826237,16,15,16.68923,16.71149,15
18.9548024,14,19.20492515,16,15,16.68696,16.70943,14
18.97146517,17,19.22158792,16,15,16.68737,16.70978,15
18.98812795,16,19.2382507,16,15,16.68669,16.70915,15
19.00479072,18,19.25491347,16,15,16.68801,16.71031,15
19.0214535,15,19.27157624,16,15,16.68711,16.70949,15
19.03811627,16,19.28823902,16,15,16.68653,16.70895,15
19.0548938,17,19.30490179,16,15,16.68704,16.70939,15
19.0715955,16,19.32156457,16,15,16.68691,16.70925,15
19.08825827,16,19.33822734,16,15,16.68684,16.70917,15
19.1049485,17,19.35489012,16,15,16.68741,16.70966,15
19.12161127,16,19.37155289,16,15,16.68731,16.70954,15
19.13827405,16,19.3882379,16,15,16.68671,16.70899,15
19.15493682,17,19.40490067,16,15,16.68724,16.70945,15
19.18826237,23,19.42160749,16,15,16.69412,16.71552,15
19.18826237,10,19.43827027,16,15,16.68763,16.70976,15
19.22158792,21,19.45493304,16,15,16.69273,16.71425,15
19.22158792,9,19.47159582,16,15,16.68598,16.70826,15
19.2382507,14,19.48825859,16,15,16.68402,16.70651,15
19.25491347,18,19.50492137,16,15,16.68606,16.70829,15
19.27157624,16,19.52167379,16,15,16.68538,16.70768,15
19.28823902,16,19.53833657,16,15,16.68495,16.70727,15
19.30490179,18,19.55503329,16,15,16.68722,16.70926,15
19.32156457,14,19.57169607,16,15,16.68546,16.70768,15
19.33822734,16,19.58839209,16,15,16.68482,16.70711,15
19.35489012,16,19.60505487,16,15,16.68509,16.70732,15
19.37155289,16,19.62177149,16,15,16.6852,16.7074,15
19.3882379,16,19.63843427,16,15,16.68484,16.70706,15
19.40490067,17,19.65509704,16,15,16.68533,16.70747,15
19.42160749,18,19.67175982,16,15,16.68741,16.70927,15
19.43827027,14,19.68847289,16,15,16.68512,16.70725,15
19.45493304,17,19.70515419,16,15,16.68601,16.70801,15
19.47159582,15,19.72181697,16,15,16.68491,16.70703,15
19.48825859,16,19.73851109,16,15,16.68519,16.70725,15
19.50492137,16,19.75517387,16,15,16.68513,16.70719,15
19.52167379,18,19.77186969,16,15,16.68647,16.70833,15
19.53833657,15,19.78853247,16,15,16.68493,16.70697,15
19.55503329,18,19.80522649,16,15,16.68689,16.70865,15
19.57169607,14,19.82188927,16,15,16.68489,16.7069,15
19.58839209,17,19.83858199,16,15,16.68543,16.70735,15
19.60505487,17,19.85526249,16,15,16.68633,16.70811,15
19.62177149,14,19.87192527,16,15,16.68454,16.70654,15
19.63843427,16,19.88858804,16,15,16.68466,16.70663,15
19.65509704,17,19.90534059,16,15,16.68547,16.70731,15
19.67175982,15,19.92200337,16,15,16.68465,16.70658,15
19.68847289,18,19.93869489,16,15,16.68631,16.708,15
19.70515419,15,19.95537909,16,15,16.68497,16.70682,15
19.72181697,18,19.97204187,16,15,16.68652,16.70814,15
19.73851109,16,19.98870464,16,15,16.68605,16.70772,15
19.75517387,16,20.00541739,16,15,16.68587,16.70754,15
19.77186969,17,20.02208017,16,15,16.6869,16.70841,15
19.78853247,14,20.03877109,16,15,16.6849,16.70667,15
19.80522649,18,20.05543387,16,15,16.68678,16.70826,15
19.82188927,14,20.07213429,16,15,16.68468,16.70645,14
19.83858199,18,20.08879707,16,15,16.68613,16.70767,15
19.85526249,15,20.10549299,16,15,16.68464,16.70638,15
19.87192527,16,20.12215577,16,15,16.68473,16.70644,15
19.88858804,17,20.13887589,16,15,16.68536,16.70696,15
19.90534059,17,20.15576489,16,15,16.68653,16.70794,15
19.92200337,14,20.17248109,17,15,16.68458,16.70626,15
19.93869489,16,20.18914387,16,15,16.68455,16.70621,15
19.95537909,18,20.20580664,16,15,16.68628,16.70767,15
19.97204187,15,20.22249369,16,15,16.68495,16.70651,14
19.98870464,17,20.23915647,16,15,16.68579,16.70721,15
20.00541739,15,20.25581924,17,15,16.68499,16.70651,15
20.02208017,18,20.27248202,15,15,16.68643,16.70771,15
20.03877109,15,20.28914479,17,15,16.68501,16.70649,14
20.05543387,16,20.30580757,16,15,16.68482,16.70631,13
20.08879707,23,20.32258799,16,15,16.69114,16.71165,13
20.08879707,10,20.33925077,16,15,16.68454,16.70605,13
20.10549299,16,20.35591354,17,15,16.68469,16.70615,13
20.12215577,17,20.37257632,16,15,16.68512,16.7065,13
20.13887589,15,20.38930319,16,15,16.68434,16.70583,13
20.15576489,16,20.40596597,17,15,16.68461,16.70604,13
20.17248109,17,20.42262874,16,15,16.68521,16.70653,13
20.18914387,16,20.43929152,16,15,16.68461,16.706,13
20.20580664,17,20.45595429,16,15,16.68504,16.70634,13
20.23915647,23,20.47261707,16,15,16.69179,16.71199,13
20.23915647,9,20.48927984,17,15,16.68503,16.7063,13
20.25581924,15,20.50594261,16,15,16.68415,16.70555,13
20.27248202,17,20.52273249,16,15,16.68489,16.70615,13
20.32258799,52,20.53939527,16,15,16.72118,16.73651,13
20.33925077,14,20.55605804,16,13,16.71863,16.73436,13
20.35591354,16,20.57272081,16,13,16.71858,16.7343,13
20.37257632,16,20.58938359,16,13,16.71858,16.73429,13
20.38930319,16,20.60604636,16,13,16.71839,16.73412,13
20.40596597,16,20.62270914,16,13,16.71831,16.73404,13
20.42262874,17,20.63937191,16,13,16.71871,16.73436,13
20.43929152,15,20.65603469,16,13,16.7177,16.73351,13
20.45595429,17,20.67269746,16,13,16.71884,16.73444,13
20.47261707,15,20.68936024,16,13,16.71771,16.73348,13
20.48927984,17,20.70602301,16,13,16.71838,16.73403,13
20.50594261,16,20.72268579,17,13,16.71776,16.7335,13
20.52273249,18,20.73934856,16,13,16.71911,16.73461,13
20.53939527,16,20.75607979,16,13,16.71896,16.73447,13
20.55605804,15,20.77274256,16,13,16.71736,16.73314,13
20.57272081,17,20.78940534,16,13,16.7177,16.7334,13
20.58938359,17,20.80606811,16,13,16.71847,16.73402,13
20.60604636,15,20.82273089,16,13,16.71741,16.73313,13
20.62270914,16,20.83939366,16,13,16.71719,16.73295,13
20.63937191,17,20.85605644,16,13,16.7176,16.73327,13
20.65603469,17,20.87271921,16,13,16.71862,16.7341,13
20.67269746,15,20.88938198,16,13,16.71704,16.73278,13
20.68936024,17,20.90604476,16,13,16.71828,16.73379,13
20.70602301,17,20.92270753,16,13,16.71882,16.73422,13
20.72268579,21,20.93937031,16,13,16.72319,16.73779,13
20.73934856,11,20.95611609,16,13,16.7184,16.73386,13
20.75607979,17,20.97277886,16,13,16.71903,16.73436,13
20.77274256,15,20.98944164,16,13,16.7175,16.7331,13
20.78940534,16,21.00614648,16,13,16.71746,16.73305,13
20.80606811,16,21.02283009,16,13,16.71769,16.73322,13
20.82273089,18,21.03949286,16,13,16.71921,16.73445,13
20.83939366,15,21.05619029,16,13,16.71806,16.7335,13
20.85605644,17,21.07285306,16,13,16.71875,16.73405,13
20.87271921,15,21.08954789,16,13,16.71739,16.73293,13
20.88938198,17,21.10621066,16,13,16.71845,16.73378,13
20.90604476,16,21.12287343,16,13,16.71849,16.7338,13
20.92270753,15,21.13953621,16,13,16.71707,16.73263,13
20.93937031,16,21.15622889,16,13,16.71691,16.73249,13
20.95611609,17,21.17289166,16,13,16.71754,16.73299,13
20.97277886,16,21.18955443,16,13,16.71775,16.73315,13
20.98944164,16,21.20624168,16,13,16.71712,16.73263,13
21.00614648,18,21.22290446,16,13,16.71846,16.7337,13
21.02283009,15,21.23965708,16,13,16.71698,16.73249,13
21.03949286,17,21.25631986,16,13,16.71768,16.73304,13
21.05619029,16,21.27298263,16,13,16.71728,16.7327,13
21.07285306,17,21.28964541,16,13,16.71806,16.73332,13
21.08954789,16,21.30638268,16,13,16.71786,16.73315,13
21.10621066,15,21.32304546,16,13,16.7168,16.73228,13
21.12287343,16,21.33970823,16,13,16.71667,16.73216,13
21.13953621,18,21.35641498,16,13,16.71837,16.73352,13
21.15622889,16,21.37307776,16,13,16.71775,16.73301,13
21.17289166,15,21.38974053,16,13,16.71674,16.73219,13
21.18955443,16,21.40640331,16,13,16.71678,16.7322,13
21.20624168,16,21.42306608,16,13,16.71665,16.73209,13
21.22290446,17,21.43972885,16,13,16.71749,16.73276,13
21.23965708,15,21.45639163,16,13,16.71631,16.73179,12
21.25631986,17,21.47317668,16,13,16.71726,16.73254,13
21.27298263,15,21.48983946,16,13,16.71652,16.73194,13
21.28964541,17,21.50650223,16,13,16.71696,16.73228,13
21.30638268,16,21.523165,16,13,16.7164,16.73182,13
21.32304546,16,21.53982778,16,13,16.71581,16.73134,13
21.33970823,16,21.55652648,16,13,16.71561,16.73116,13
21.35641498,17,21.57330308,16,13,16.71638,16.73177,13
21.37307776,16,21.58996586,16,13,16.71571,16.73122,13
21.38974053,16,21.60664608,16,13,16.71596,16.73141,13
21.40640331,17,21.62330886,16,13,16.71637,16.73172,13
21.42306608,17,21.63997163,16,13,16.71732,16.73246,13
21.43972885,17,21.65663441,16,13,16.71842,16.73332,13
21.47317668,23,21.67335358,16,13,16.72487,16.73842,13
21.47317668,8,21.69004428,16,13,16.71707,16.73223,13
21.48983946,16,21.70670705,16,13,16.7167,16.73193,13
21.50650223,16,21.72341218,17,13,16.71697,16.73213,13
21.523165,16,21.74007495,16,13,16.71689,16.73205,13
21.53982778,15,21.75706468,16,13,16.71558,16.73101,13
21.55652648,17,21.77372745,16,13,16.71652,16.73174,13
21.57330308,15,21.79039023,16,13,16.71579,16.73115,13
21.58996586,15,21.807053,16,13,16.71494,16.73047,13
21.60664608,18,21.82371578,16,13,16.7163,16.73153,12
21.62330886,16,21.84042408,16,13,16.71655,16.73171,13
21.63997163,16,21.87374963,33,13,16.71636,16.73155,14
21.65663441,15,21.8904124,17,13,16.71537,16.73076,14
21.67335358,16,21.90707518,16,13,16.71515,16.73058,14
21.69004428,19,21.92380128,16,13,16.71805,16.73284,14
21.70670705,14,21.94058428,16,13,16.71606,16.73127,14
21.72341218,16,21.95724705,16,13,16.7161,16.73129,14
21.74007495,15,21.97390983,16,13,16.71518,16.73055,14
21.75706468,17,21.9905726,16,13,16.71641,16.7315,14
21.77372745,16,22.00723538,17,13,16.71627,16.73138,14
21.79039023,16,22.02389815,16,13,16.71582,16.73102,14
21.807053,16,22.04056093,16,13,16.71586,16.73104,14
21.84042408,24,22.0572237,16,13,16.72331,16.73683,14
21.84042408,8,22.07388648,16,13,16.71535,16.73062,14
21.87374963,16,22.09054925,16,13,16.71515,16.73046,14
21.87374963,15,22.10721203,16,14,16.71428,16.72977,14
21.8904124,17,22.1238748,16,14,16.71542,16.73064,14
21.90707518,18,22.14053757,16,14,16.7171,16.73194,14
21.92380128,14,22.15720035,16,14,16.71489,16.73021,14
21.94058428,16,22.17386312,16,14,16.7144,16.72982,14
21.95724705,16,22.1905259,17,14,16.71468,16.73003,14
21.97390983,16,22.20718867,16,14,16.71436,16.72977,14
21.9905726,16,22.22393528,17,14,16.71413,16.72958,14
22.00723538,16,22.24059805,16,14,16.71412,16.72956,14
22.02389815,18,22.25732898,16,14,16.71551,16.73062,14
22.04056093,16,22.27399175,16,14,16.71576,16.7308,13
22.0572237,16,22.29065453,16,14,16.71546,16.73056,14
22.07388648,16,22.3073173,17,14,16.71562,16.73067,14
22.09054925,17,22.32398007,16,14,16.7162,16.7311,14
22.10721203,14,22.34080028,16,14,16.71409,16.72947,13
22.1238748,17,22.35746305,16,14,16.71525,16.73035,14
22.14053757,18,22.37412583,17,14,16.71693,16.73162,14
22.15720035,14,22.3907886,16,14,16.71504,16.73017,14
22.17386312,15,22.40754178,16,14,16.71344,16.72893,14
22.1905259,17,22.42420455,16,14,16.71431,16.72958,14
22.20718867,16,22.44086733,16,14,16.71383,16.7292,13
22.22393528,16,22.4575301,16,14,16.71383,16.72919,14
22.24059805,16,22.47419287,16,14,16.71372,16.7291,14
22.25732898,17,22.49085565,16,14,16.71452,16.72969,14
22.29065453,24,22.50751842,16,14,16.72229,16.7356,14
22.29065453,9,22.5241812,16,14,16.71512,16.73013,14
22.3073173,18,22.54084397,16,14,16.71698,16.73153,14
22.32398007,15,22.55750675,16,14,16.71556,16.73045,14
22.34080028,20,22.57416952,16,14,16.71937,16.73333,14
22.35746305,11,22.5908323,16,14,16.7144,16.72954,14
22.37412583,18,22.60749507,16,14,16.71657,16.73118,14
22.3907886,18,22.62415785,16,14,16.71862,16.73273,14
22.40754178,12,22.64082062,16,14,16.71469,16.72974,14
22.42420455,17,22.6574834,16,14,16.71553,16.73036,14
22.4575301,23,22.67414617,16,14,16.72273,16.73579,14
22.4575301,8,22.69080894,16,14,16.71472,16.72973,14
22.47419287,17,22.70747172,16,14,16.71516,16.73005,14
22.49085565,16,22.72413449,16,14,16.71467,16.72967,14
22.50751842,15,22.74079727,16,14,16.71337,16.72868,14
22.5241812,16,22.75746004,16,14,16.71366,16.72888,14
22.54084397,17,22.77412282,16,14,16.71488,16.7298,14
22.55750675,15,22.79078559,16,14,16.71359,16.72882,14
22.57416952,17,22.80748237,16,14,16.71457,16.72954,14
22.5908323,15,22.82414515,16,14,16.71359,16.72879,14
22.60749507,17,22.84080792,16,14,16.71471,16.72962,14
22.62415785,15,22.85750477,16,14,16.71366,16.72882,14
22.64082062,18,22.87416754,16,14,16.71499,16.72981,14
22.6574834,15,22.89083032,16,14,16.71351,16.72869,14
22.67414617,17,22.90749309,16,14,16.71472,16.72958,14
22.69080894,15,22.92422147,16,14,16.71396,16.729,13
22.70747172,16,22.94090517,16,14,16.71422,16.72918,14
22.72413449,15,22.95765167,16,14,16.71326,16.72846,14
22.74079727,18,22.97431444,16,14,16.71461,16.72946,14
22.75746004,15,22.99099557,16,14,16.71327,16.72844,14
22.77412282,15,23.00765834,16,14,16.71249,16.72785,14
22.79078559,17,23.02432112,16,14,16.71282,16.72808,14
22.80748237,17,23.04098389,16,14,16.71375,16.72877,14
22.82414515,16,23.05764667,16,14,16.71314,16.7283,13
22.84080792,17,23.07433757,16,14,16.71421,16.72909,13
22.85750477,15,23.09100034,16,14,16.71283,16.72805,14
22.87416754,18,23.10766312,16,14,16.71433,16.72915,14
22.89083032,14,23.12437507,16,14,16.71232,16.72765,13
22.90749309,17,23.14111777,16,14,16.71274,16.72795,14
22.94090517,25,23.15783257,16,14,16.72166,16.73454,14
22.94090517,8,23.17449534,16,14,16.71341,16.72843,14
22.95765167,18,23.19118107,16,14,16.71484,16.72948,14
22.97431444,15,23.20787177,16,14,16.71315,16.72821,14
22.99099557,15,23.22453454,16,14,16.71233,16.7276,14
23.00765834,16,23.24123087,16,14,16.71234,16.72759,14
23.02432112,17,23.25789364,16,14,16.71283,16.72794,14
23.04098389,16,23.27458427,16,14,16.71263,16.72779,14
23.07433757,25,23.29127437,16,14,16.72122,16.73409,14
23.09100034,16,23.30793714,16,14,16.72117,16.73405,14
23.09100034,7,23.32462387,16,14,16.71192,16.72724,14
23.10766312,18,23.34130617,16,14,16.71392,16.7287,14
23.14111777,22,23.35796894,16,14,16.71976,16.73297,14
23.14111777,10,23.37466417,16,14,16.7132,16.72815,14
23.15783257,16,23.39132694,16,14,16.71267,16.72775,14
23.17449534,19,23.40805257,16,14,16.71503,16.72947,14
23.19118107,14,23.42471534,16,14,16.71272,16.72777,14
23.20787177,15,23.44137812,16,14,16.71162,16.72696,14
23.22453454,18,23.45806607,16,14,16.713,16.72795,14
23.24123087,18,23.47496827,16,14,16.71502,16.72941,14
23.25789364,14,23.49163104,16,14,16.71314,16.72803,14
23.27458427,16,23.50829382,16,14,16.71306,16.72797,14
23.29127437,16,23.52495659,16,14,16.71265,16.72766,14
23.30793714,16,23.54161937,16,14,16.71237,16.72744,14
23.32462387,17,23.55835637,16,14,16.71309,16.72796,14
23.34130617,16,23.57501914,17,14,16.71301,16.72788,13
23.35796894,15,23.59168192,16,14,16.71134,16.72667,14
23.37466417,16,23.60840167,16,14,16.71136,16.72667,14
23.39132694,16,23.62506444,16,14,16.71111,16.72647,14
23.40805257,16,23.64172722,17,14,16.71089,16.7263,14
23.42471534,17,23.65838999,16,14,16.71208,16.72716,14
23.44137812,17,23.67512247,16,14,16.71246,16.72742,14
23.45806607,16,23.69178524,16,14,16.71245,16.7274,14
23.47496827,16,23.70844802,16,14,16.71206,16.72711,14
23.49163104,17,23.72516217,16,14,16.71239,16.72733,14
23.50829382,15,23.74182494,17,14,16.71124,16.72649,14
23.52495659,16,23.75848771,16,14,16.71066,16.72606,14
23.54161937,17,23.77530297,16,14,16.71115,16.72641,14
23.55835637,17,23.79196574,17,14,16.71181,16.72687,14
23.59168192,24,23.80862851,16,14,16.71961,16.73247,14
23.59168192,8,23.82529129,16,14,16.71123,16.72644,14
23.60840167,17,23.84195406,16,14,16.71169,16.72676,14
23.62506444,16,23.85861684,16,14,16.71148,16.7266,14
23.64172722,16,23.87533406,17,14,16.71106,16.72628,14
23.65838999,16,23.89199684,16,14,16.71123,16.72639,13
23.67512247,16,23.90865961,16,14,16.71076,16.72605,14
23.69178524,16,23.92532239,17,14,16.71065,16.72596,14
23.70844802,17,23.94198516,16,14,16.71193,16.72686,14
23.72516217,16,23.95874266,16,14,16.7118,16.72676,14
23.74182494,15,23.97540544,17,14,16.71045,16.72579,14
23.75848771,17,23.99206821,16,14,16.71085,16.72606,14
23.77530297,16,24.00883276,16,14,16.71062,16.72588,14
23.79196574,16,24.02549554,16,14,16.71058,16.72584,14
23.80862851,18,24.04215831,16,14,16.71193,16.7268,14
23.82529129,16,24.05882109,16,14,16.71161,16.72655,14
23.84195406,16,24.07548386,16,14,16.71181,16.72668,14
23.85861684,16,24.09214664,16,14,16.71155,16.72649,14
23.87533406,16,24.10880941,16,14,16.71148,16.72643,13
23.90865961,23,24.12547218,16,14,16.71791,16.73098,14
23.90865961,8,24.14213496,16,14,16.70984,16.72525,14
23.92532239,17,24.15879773,16,14,16.71041,16.72564,14
23.94198516,16,24.17546051,16,14,16.71066,16.72581,14
23.95874266,16,24.19212328,16,14,16.71006,16.72537,14
23.97540544,17,24.20878606,16,14,16.71051,16.72568,14
23.99206821,18,24.22544883,16,14,16.71205,16.72676,14
24.00883276,16,24.24211161,16,14,16.71199,16.72671,14
24.02549554,15,24.25877438,16,14,16.71078,16.72584,14
24.04215831,16,24.27543716,16,14,16.71054,16.72566,14
24.05882109,16,24.29209993,16,14,16.71005,16.72531,14
24.07548386,16,24.3087627,16,14,16.71015,16.72537,14
24.09214664,18,24.32542548,16,14,16.71197,16.72664,14
24.12547218,23,24.34208825,16,14,16.71916,16.73168,14
24.12547218,9,24.35875103,16,14,16.71192,16.72659,14
24.14213496,15,24.3754138,16,14,16.71059,16.72565,14
24.15879773,17,24.39207658,16,14,16.71122,16.72608,14
24.17546051,16,24.40873935,16,14,16.71054,16.72559,14
24.19212328,16,24.42542836,16,14,16.71005,16.72523,14
24.20878606,16,24.44209113,16,14,16.70976,16.72502,14
24.22544883,17,24.45879626,16,14,16.71016,16.72529,14
24.24211161,17,24.47545903,16,14,16.71111,16.72594,13
24.25877438,15,24.49212181,16,14,16.70989,16.72508,14
24.27543716,17,24.50883986,16,14,16.71059,16.72556,14
24.29209993,17,24.52550263,16,14,16.71097,16.72582,14
24.3087627,16,24.54219836,16,14,16.71052,16.72549,14
24.32542548,17,24.55886113,16,14,16.71118,16.72594,14
24.34208825,16,24.57552391,16,14,16.71103,16.72582,14
24.35875103,16,24.59218668,16,14,16.71112,16.72588,14
24.3754138,17,24.60890266,16,14,16.71143,16.72608,14
24.39207658,15,24.62559576,16,14,16.7101,16.72515,14
24.40873935,16,24.64225853,16,14,16.71019,16.7252,14
24.42542836,16,24.65895466,16,14,16.70955,16.72474,14
24.44209113,16,24.67561743,16,14,16.70935,16.72459,14
24.45879626,16,24.6922802,16,14,16.70905,16.72437,14
24.49212181,25,24.70894298,16,14,16.71813,16.73066,14
24.49212181,8,24.72566875,16,14,16.71033,16.72524,14
24.50883986,16,24.74233153,16,14,16.70965,16.72477,14
24.52550263,16,24.7589943,16,14,16.70937,16.72457,13
24.54219836,16,24.77574815,16,14,16.70942,16.72459,14
24.55886113,18,24.79241093,16,14,16.71117,16.72578,13
24.57552391,16,24.80911395,16,14,16.7113,16.72586,14
24.59218668,16,24.82577673,16,14,16.71087,16.72556,14
24.60890266,17,24.84246585,16,14,16.71122,16.72579,14
24.62559576,15,24.85912863,16,14,16.70971,16.72474,14
24.64225853,16,24.87581935,16,14,16.70957,16.72463,14
24.65895466,16,24.89248213,16,14,16.70922,16.72438,14
24.67561743,16,24.90917825,16,14,16.7095,16.72456,14
24.6922802,16,24.92584103,16,14,16.70946,16.72453,13
24.70894298,16,24.94253445,16,14,16.70916,16.72431,14
24.72566875,16,24.95919723,16,14,16.70945,16.7245,14
24.74233153,17,24.97589465,17,14,16.71038,16.72513,14
24.77574815,23,24.99255743,16,14,16.71736,16.72989,14
24.77574815,9,25.00952885,16,14,16.71056,16.72523,14
24.80911395,22,25.02619163,16,14,16.71637,16.72919,14
24.80911395,10,25.0428544,16,14,16.71062,16.72526,14
24.82577673,16,25.05951718,16,14,16.71039,16.72509,14
24.84246585,16,25.07617995,16,14,16.70993,16.72477,14
24.85912863,16,25.09284273,16,14,16.71008,16.72486,13
24.87581935,16,25.10962675,16,14,16.7101,16.72486,14
24.89248213,16,25.12628953,17,14,16.70975,16.72461,14
24.90917825,18,25.1429523,16,14,16.71138,16.72571,13
24.94253445,20,25.15961508,16,14,16.71502,16.72818,14
24.94253445,11,25.17627785,16,14,16.70989,16.72468,14
24.95919723,17,25.19294062,17,14,16.71021,16.72489,14
24.97589465,16,25.2096034,16,14,16.70951,16.72441,14
24.99255743,17,25.22637095,16,14,16.71002,16.72474,14
25.00952885,16,25.24303373,17,14,16.71025,16.72489,14
25.02619163,16,25.2596965,16,14,16.71019,16.72484,14
25.0428544,15,25.27638675,16,14,16.70934,16.72425,14
25.05951718,16,25.29304953,16,14,16.70929,16.72421,14
25.07617995,16,25.3097123,16,14,16.70947,16.72432,14
25.10962675,22,25.32637507,16,14,16.71533,16.72827,14
25.10962675,10,25.34303785,16,14,16.70927,16.72417,14
25.12628953,17,25.35970062,16,14,16.70961,16.72439,14
25.15961508,23,25.3763634,17,14,16.71675,16.72919,14
25.15961508,8,25.39302617,16,14,16.70892,16.72391,14
25.17627785,17,25.40981575,16,14,16.70977,16.72447,14
25.19294062,20,25.42647852,16,14,16.7132,16.72676,14
25.2096034,15,25.4431413,17,14,16.71158,16.72567,14
25.22637095,14,25.45980407,16,14,16.70906,16.72397,14
25.24303373,19,25.47654415,16,14,16.71175,16.72576,14
25.2596965,14,25.49320692,16,14,16.70933,16.72413,14
25.27638675,16,25.5098697,16,14,16.70947,16.72421,14
25.29304953,16,25.52653247,16,14,16.7093,16.72409,14
25.3097123,17,25.54319525,16,14,16.70977,16.72439,13
25.32637507,16,25.55985802,16,14,16.70938,16.72412,14
25.34303785,16,25.5765208,16,14,16.70883,16.72374,14
25.35970062,16,25.59318357,16,14,16.70858,16.72357,14
25.3763634,17,25.60984635,16,14,16.70922,16.72399,14
25.39302617,16,25.62650912,16,14,16.70897,16.72381,14
25.40981575,16,25.6431719,16,14,16.70895,16.72379,14
25.42647852,16,25.65983467,16,14,16.70922,16.72396,14
25.4431413,16,25.67649744,16,14,16.70878,16.72366,13
25.45980407,16,25.69316022,16,14,16.70862,16.72354,14
25.47654415,17,25.70982299,16,14,16.70901,16.72379,13
25.49320692,16,25.72648577,16,14,16.70885,16.72367,14
25.5098697,16,25.74314854,16,14,16.70872,16.72357,14
25.52653247,17,25.75981132,16,14,16.70903,16.72377,14
25.54319525,20,25.77647409,16,14,16.71295,16.72636,14
25.55985802,12,25.79315475,16,14,16.70908,16.72379,14
25.5765208,16,25.80981752,16,14,16.70919,16.72385,14
25.59318357,17,25.82651085,16,14,16.71035,16.72461,14
25.60984635,15,25.84319105,16,14,16.7095,16.72404,14
25.62650912,16,25.85985382,16,14,16.70929,16.72389,14
25.6431719,16,25.87654625,16,14,16.70919,16.72381,14
25.65983467,15,25.89323065,16,14,16.7083,16.72322,14
25.69316022,24,25.90991095,16,14,16.71653,16.72863,14
25.69316022,8,25.92657372,16,14,16.70877,16.72351,14
25.72648577,22,25.94326885,16,14,16.71499,16.7276,14
25.72648577,10,25.95993162,16,14,16.70876,16.72349,14
25.74314854,17,25.97661925,16,14,16.70914,16.72373,14
25.75981132,16,25.99331585,16,14,16.70857,16.72334,14
25.77647409,16,26.00997862,16,14,16.70866,16.72339,14
25.79315475,17,26.02666705,16,14,16.70903,16.72363,14
25.80981752,16,26.04334815,16,14,16.70888,16.72352,14
25.82651085,17,26.06001092,16,14,16.70944,16.72387,14
25.84319105,16,26.07671045,16,14,16.70881,16.72345,14
25.85985382,16,26.09337322,16,14,16.70865,16.72334,14
25.87654625,17,26.11006355,16,14,16.709,16.72356,14
25.89323065,16,26.12675595,16,14,16.70859,16.72328,14
25.90991095,16,26.14341872,16,14,16.70872,16.72335,14
25.92657372,16,26.16008149,16,14,16.70855,16.72324,14
25.94326885,16,26.17678045,16,14,16.70825,16.72303,14
25.95993162,16,26.19344322,16,14,16.7083,16.72305,14
25.97661925,17,26.21014135,16,14,16.70895,16.72347,14
25.99331585,16,26.22680412,16,14,16.7086,16.72323,14
26.00997862,16,26.2434669,16,14,16.70798,16.72281,14
26.02666705,17,26.26018455,16,14,16.70875,16.72331,14
26.04334815,14,26.27684732,16,14,16.707,16.72216,14
26.06001092,16,26.29351009,16,14,16.70665,16.72193,14
26.07671045,16,26.31017287,16,14,16.70607,16.72153,14
26.09337322,18,26.32683564,16,14,16.70801,16.72278,14
26.11006355,16,26.34349842,16,14,16.7073,16.72232,14
26.12675595,17,26.36016119,16,14,16.70846,16.72306,14
26.14341872,15,26.37682397,16,14,16.70684,16.722,14
26.16008149,19,26.39365104,16,14,16.70939,16.72364,14
26.17678045,16,26.41031382,16,14,16.70871,16.72319,14
26.19344322,14,26.42697659,16,14,16.70649,16.72175,14
26.21014135,16,26.44363937,16,14,16.70641,16.72169,14
26.22680412,17,26.46030214,16,14,16.70757,16.72243,14
26.2434669,16,26.47696492,16,14,16.70717,16.72216,14
26.26018455,16,26.49362769,16,14,16.70696,16.72201,14
26.27684732,17,26.51034814,16,14,16.70801,16.72268,14
26.29351009,16,26.52701092,16,14,16.70753,16.72236,14
26.31017287,15,26.54367369,16,14,16.70675,16.72185,14
26.32683564,18,26.56042924,16,14,16.70818,16.72276,14
26.34349842,15,26.57714974,16,14,16.7074,16.72225,14
26.36016119,15,26.59381252,17,14,16.7064,16.7216,14
26.37682397,17,26.61050654,16,14,16.70737,16.72221,14
26.39365104,17,26.62746194,16,14,16.7077,16.72241,14
26.41031382,14,26.64412472,16,14,16.70583,16.7212,14
26.42697659,18,26.66078749,16,14,16.70713,16.72202,14
26.44363937,15,26.67745027,16,14,16.70625,16.72146,14
26.46030214,16,26.69411304,16,14,16.7059,16.72122,14
26.47696492,18,26.71077582,16,14,16.70742,16.72218,14
26.49362769,15,26.72743859,16,14,16.70602,16.72128,14
26.51034814,16,26.74410137,16,14,16.70588,16.72118,14
26.52701092,16,26.76076414,16,14,16.70608,16.7213,14
26.54367369,17,26.77742692,16,14,16.70723,16.72202,14
26.56042924,18,26.79408969,16,14,16.70863,16.7229,14
26.57714974,14,26.81075246,16,14,16.70663,16.72162,14
26.59381252,15,26.82741524,16,14,16.70577,16.72106,14
26.61050654,16,26.84407801,16,14,16.70557,16.72092,14
26.62746194,18,26.86074079,16,14,16.70721,16.72196,14
26.64412472,15,26.87740356,16,14,16.7057,16.72099,14
26.66078749,18,26.89406634,16,14,16.70717,16.72192,14
26.67745027,14,26.91072911,16,14,16.70546,16.72082,14
26.69411304,17,26.92739189,17,14,16.70585,16.72106,14
26.71077582,16,26.94405466,16,14,16.70542,16.72078,14
26.72743859,18,26.96103294,16,14,16.70692,16.72171,14
26.74410137,15,26.97769571,17,14,16.70558,16.72086,14
26.76076414,16,26.99435849,16,14,16.70585,16.72102,14
26.77742692,16,27.01102126,16,14,16.70603,16.72112,14
26.79408969,17,27.02768404,17,14,16.70644,16.72137,14
26.81075246,16,27.04434681,16,14,16.70652,16.72141,14
26.82741524,15,27.06106314,16,14,16.70533,16.72065,14
26.84407801,16,27.07772591,16,14,16.70493,16.72039,14
26.86074079,18,27.09438869,16,14,16.70674,16.72152,14
26.87740356,15,27.11105146,16,14,16.70516,16.72052,14
26.89406634,16,27.12771424,16,14,16.70532,16.72061,14
26.91072911,16,27.14437701,16,14,16.70555,16.72074,14
26.92739189,16,27.16103979,16,14,16.7051,16.72045,14
26.94405466,16,27.17770256,16,14,16.7051,16.72045,14
26.96103294,16,27.19436534,16,14,16.70525,16.72052,14
26.97769571,18,27.21102811,16,14,16.70667,16.72141,14
26.99435849,16,27.22769088,16,14,16.70611,16.72105,14
27.01102126,17,27.24435366,16,14,16.70678,16.72146,14
27.02768404,14,27.26101643,16,14,16.70474,16.72017,14
27.04434681,18,27.27767921,16,14,16.70604,16.72098,14
27.06106314,16,27.29434198,16,14,16.70606,16.72098,14
27.07772591,17,27.31100476,16,14,16.70641,16.72119,14
27.09438869,15,27.32766753,16,14,16.7056,16.72067,14
27.11105146,16,27.34433031,16,14,16.70539,16.72053,14
27.12771424,16,27.36103263,16,14,16.70521,16.72041,14
27.14437701,16,27.37769541,16,14,16.70504,16.72029,14
27.16103979,17,27.39435818,16,14,16.70624,16.72103,14
27.17770256,17,27.41106793,16,14,16.7071,16.72156,14
27.19436534,14,27.42773071,16,14,16.70505,16.72028,14
27.21102811,21,27.44443243,16,14,16.70943,16.72299,14
27.22769088,11,27.46109521,16,14,16.70451,16.71992,14
27.24435366,17,27.47778153,16,14,16.70561,16.7206,14
27.26101643,17,27.49446383,16,14,16.7062,16.72095,14
27.27767921,17,27.51112661,16,14,16.70675,16.72128,14
27.29434198,14,27.52778938,16,14,16.705,16.72019,14
27.31100476,16,27.54449734,16,14,16.70506,16.72022,14
27.32766753,16,27.56117813,16,14,16.70519,16.72029,14
27.34433031,16,27.57784091,16,14,16.70451,16.71986,14
27.36103263,16,27.59450368,16,14,16.70454,16.71987,14
27.37769541,16,27.61116646,16,14,16.70481,16.72003,14
27.39435818,16,27.62790933,16,14,16.7045,16.71983,14
27.41106793,16,27.64459023,16,14,16.70415,16.7196,13
27.42773071,17,27.66125301,16,14,16.70481,16.72,14
27.44443243,18,27.67793373,16,14,16.70679,16.72121,14
27.46109521,17,27.69459651,16,14,16.70798,16.72193,14
27.47778153,14,27.71129403,16,14,16.70609,16.72076,14
27.49446383,15,27.72795681,16,14,16.70497,16.72006,14
27.51112661,16,27.74461958,16,14,16.70469,16.71988,14
27.52778938,16,27.76133093,16,14,16.70431,16.71964,14
27.54449734,18,27.77799371,16,14,16.70615,16.72076,14
27.56117813,15,27.79469273,16,14,16.70461,16.7198,14
27.57784091,16,27.81137853,16,14,16.70411,16.71949,14
27.59450368,17,27.82804131,16,14,16.7051,16.72009,14
27.61116646,16,27.84474023,16,14,16.70537,16.72025,14
27.62790933,17,27.86140301,16,14,16.70581,16.7205,14
27.66125301,24,27.87809663,16,14,16.71329,16.72507,14
27.66125301,7,27.89475941,16,14,16.70446,16.71966,14
27.67793373,17,27.91148373,16,14,16.70489,16.71992,14
27.69459651,16,27.94484633,33,14,16.70489,16.71991,15
27.71129403,16,27.96150911,16,14,16.70438,16.71959,15
27.72795681,16,27.97819883,16,14,16.70458,16.7197,15
27.74461958,17,27.99486161,16,14,16.70515,16.72004,15
27.76133093,16,28.01152438,16,14,16.7045,16.71964,15
27.77799371,17,28.02818716,16,14,16.70512,16.72,15
27.79469273,17,28.04492573,16,14,16.70612,16.7206,15
27.81137853,15,28.06158851,16,14,16.70485,16.71982,15
27.82804131,16,28.07825128,16,14,16.70497,16.71988,15
27.84474023,16,28.09494103,16,14,16.70449,16.71959,15
27.86140301,15,28.11160381,16,14,16.70338,16.7189,15
27.87809663,17,28.12830523,16,14,16.70456,16.71961,15
27.89475941,16,28.14496801,16,14,16.70386,16.71917,15
27.91148373,16,28.16167383,16,14,16.70344,16.71891,15
27.94484633,19,28.17833661,16,14,16.70577,16.72031,15
27.94484633,16,28.19506013,16,15,16.70562,16.72021,15
27.96150911,15,28.21172291,16,15,16.70409,16.71928,15
27.97819883,16,28.22838568,16,15,16.70384,16.71912,15
27.99486161,16,28.24504846,16,15,16.70378,16.71907,15
28.01152438,18,28.26171123,16,15,16.70547,16.72008,15
28.02818716,15,28.27837401,17,15,16.70377,16.71905,15
28.04492573,16,28.29503678,16,15,16.70366,16.71897,15
28.06158851,18,28.31207513,16,15,16.70509,16.71983,15
28.07825128,14,28.32873791,16,15,16.70281,16.71844,15
28.09494103,17,28.34540068,16,15,16.70406,16.71918,15
28.11160381,16,28.36206345,16,15,16.70354,16.71887,15
28.12830523,16,28.37872623,16,15,16.70355,16.71886,15
28.14496801,17,28.39543553,16,15,16.7044,16.71936,15
28.16167383,15,28.41209831,16,15,16.70368,16.71892,15
28.17833661,16,28.42876108,17,15,16.70351,16.71881,15
28.19506013,16,28.44542385,16,15,16.70346,16.71877,15
28.21172291,16,28.46213543,16,15,16.70344,16.71875,15
28.22838568,16,28.47879821,16,15,16.70367,16.71888,15
28.24504846,16,28.49546098,16,15,16.70349,16.71876,15
28.26171123,16,28.51212375,16,15,16.7032,16.71858,15
28.27837401,18,28.52878653,16,15,16.70501,16.71965,15
28.29503678,15,28.5454493,16,15,16.70369,16.71885,15
28.31207513,16,28.56211208,16,15,16.70357,16.71877,15
28.32873791,17,28.57877485,16,15,16.7042,16.71914,15
28.34540068,15,28.59543763,16,15,16.70334,16.71862,15
28.36206345,18,28.6121004,16,15,16.70478,16.71947,14
28.37872623,14,28.62892403,16,15,16.70289,16.71833,15
28.39543553,18,28.64569733,16,15,16.70451,16.71929,15
28.41209831,14,28.6623601,16,15,16.70274,16.71823,15
28.42876108,16,28.67902288,16,15,16.70231,16.71796,15
28.44542385,18,28.69568565,16,15,16.70431,16.71914,15
28.46213543,16,28.71234843,16,15,16.70451,16.71925,15
28.47879821,14,28.7290112,16,15,16.70248,16.71804,15
28.49546098,17,28.74567398,16,15,16.70375,16.71878,15
28.51212375,15,28.76233675,16,15,16.70259,16.71808,15
28.52878653,16,28.77899953,16,15,16.70247,16.71801,15
28.5454493,16,28.7956623,16,15,16.70271,16.71813,15
28.56211208,16,28.81232508,16,15,16.70208,16.71776,15
28.57877485,16,28.82898785,16,15,16.70235,16.71791,15
28.59543763,18,28.84565062,16,15,16.70368,16.71868,15
28.62892403,24,28.8623134,16,15,16.7113,16.72318,15
28.62892403,7,28.87897617,16,15,16.70211,16.71774,15
28.64569733,18,28.89563895,16,15,16.70368,16.71866,15
28.6623601,15,28.91230172,16,15,16.70227,16.71782,15
28.67902288,18,28.9289645,16,15,16.70403,16.71885,15
28.69568565,15,28.94562727,16,15,16.70249,16.71793,15
28.71234843,17,28.96229005,16,15,16.70338,16.71845,15
28.7290112,15,28.97895282,16,15,16.70216,16.71772,15
28.74567398,16,28.9956156,16,15,16.70223,16.71775,15
28.76233675,22,29.01229922,16,15,16.70805,16.72116,15
28.77899953,9,29.02898002,16,15,16.70069,16.71683,15
28.7956623,17,29.0456428,16,15,16.70143,16.71725,15
28.81232508,15,29.06233312,16,15,16.70025,16.71656,15
28.82898785,18,29.07901412,16,15,16.70207,16.71761,15
28.84565062,16,29.0956769,16,15,16.70156,16.7173,15
28.8623134,16,29.11237192,16,15,16.70174,16.7174,14
28.87897617,16,29.1290347,16,15,16.70173,16.71738,14
28.89563895,16,29.14572642,16,15,16.70142,16.7172,15
28.91230172,16,29.1623892,16,15,16.70147,16.71721,15
28.9289645,16,29.17910542,16,15,16.70155,16.71725,15
28.94562727,16,29.1957682,16,15,16.70144,16.71718,15
28.96229005,16,29.21243097,16,15,16.70138,16.71714,15
28.97895282,16,29.22913172,16,15,16.70102,16.71692,15
28.9956156,16,29.2457945,16,15,16.70115,16.71698,15
29.01229922,17,29.26248832,16,15,16.70203,16.71749,15
29.02898002,16,29.2791511,16,15,16.70145,16.71714,15
29.0456428,17,29.29581387,16,15,16.70213,16.71753,15
29.06233312,16,29.31253202,16,15,16.70166,16.71725,14
29.07901412,16,29.32921422,17,15,16.70141,16.71709,15
29.0956769,16,29.345877,16,15,16.70114,16.71692,15
29.1290347,24,29.36253977,16,15,16.70892,16.72143,15
29.14572642,16,29.37920255,16,15,16.70847,16.72116,15
29.14572642,8,29.39592392,16,15,16.7006,16.71659,14
29.1623892,18,29.41260412,16,15,16.70206,16.71743,15
29.17910542,14,29.42928432,16,15,16.69976,16.71609,15
29.1957682,18,29.4459471,16,15,16.70123,16.71693,15
29.21243097,17,29.46260987,16,15,16.70244,16.71762,15
29.22913172,13,29.47931902,16,15,16.69949,16.7159,15
29.2457945,18,29.4959818,16,15,16.70103,16.71678,15
29.26248832,17,29.51268452,16,15,16.70181,16.71723,15
29.2791511,14,29.52934729,16,15,16.69954,16.71591,15
29.29581387,17,29.54604512,16,15,16.70057,16.71649,15
29.32921422,24,29.5627079,16,15,16.70869,16.72117,14
29.32921422,9,29.57943262,16,15,16.70123,16.71686,15
29.345877,16,29.59609539,16,15,16.70145,16.71697,15
29.36253977,16,29.61275817,16,15,16.70105,16.71674,14
29.37920255,16,29.62944432,16,15,16.70131,16.71688,15
29.41260412,24,29.64610709,16,15,16.70862,16.72107,15
29.41260412,9,29.66283282,16,15,16.70091,16.71664,15
29.42928432,16,29.67949559,16,15,16.70073,16.71652,15
29.4459471,17,29.69618742,16,15,16.70193,16.71721,14
29.46260987,18,29.71285019,16,15,16.70334,16.718,14
29.47931902,14,29.72954762,16,15,16.70076,16.71651,15
29.4959818,17,29.74623272,16,15,16.7012,16.71676,15
29.51268452,16,29.76289549,16,15,16.70132,16.71682,15
29.52934729,16,29.77957792,16,15,16.70068,16.71644,15
29.54604512,16,29.79628102,16,15,16.70087,16.71654,15
29.57943262,23,29.81294379,16,15,16.70742,16.72028,15
29.57943262,9,29.82960657,16,15,16.70022,16.71616,15
29.59609539,17,29.84626934,16,15,16.70084,16.7165,15
29.62944432,23,29.86298072,16,15,16.70727,16.72016,14
29.62944432,9,29.87966112,16,15,16.7002,16.71613,15
29.64610709,17,29.89635892,16,15,16.7006,16.71634,15
29.66283282,16,29.91302169,16,15,16.70012,16.71606,15
29.67949559,16,29.92968447,16,15,16.70003,16.716,15
29.71285019,24,29.94637872,16,15,16.70753,16.72026,15
29.72954762,16,29.96304149,16,15,16.70737,16.72016,15
29.72954762,9,29.97972582,16,15,16.70015,16.71605,15
29.74623272,16,29.99638859,16,15,16.70041,16.71618,15
29.76289549,16,30.01305137,16,15,16.70069,16.71634,15
29.77957792,16,30.02977712,16,15,16.70008,16.71598,15
29.79628102,17,30.04645672,16,15,16.70075,16.71635,15
29.81294379,16,30.06313942,16,15,16.70009,16.71597,15
29.82960657,17,30.07980219,16,15,16.70041,16.71614,15
29.84626934,17,30.09649382,16,15,16.70084,16.71638,15
29.87966112,22,30.11315659,16,15,16.70692,16.71981,15
29.87966112,10,30.12985342,16,15,16.70021,16.71601,15
29.89635892,18,30.14651619,16,15,16.70209,16.71706,15
29.91302169,15,30.16321722,16,15,16.70045,16.71613,15
29.92968447,16,30.17987999,16,15,16.70009,16.71591,15
29.94637872,16,30.19657422,16,15,16.70005,16.71588,15
29.96304149,16,30.21327162,16,15,16.70022,16.71597,15
29.97972582,15,30.22993439,16,15,16.69942,16.71551,15
29.99638859,17,30.24659717,16,15,16.70013,16.7159,15
30.01305137,16,30.26327762,16,15,16.70034,16.71601,15
30.02977712,16,30.27994039,17,15,16.69976,16.71567,15
30.04645672,17,30.29660317,16,15,16.7006,16.71614,15
30.06313942,16,30.31326594,16,15,16.70019,16.7159,15
30.07980219,16,30.32992871,16,15,16.69967,16.71559,15
30.09649382,17,30.34704912,16,15,16.70015,16.71586,15
30.11315659,16,30.36371189,16,15,16.69981,16.71566,15
30.12985342,16,30.38037466,16,15,16.69978,16.71563,15
30.14651619,17,30.39703744,16,15,16.70017,16.71584,15
30.16321722,16,30.41370021,16,15,16.69949,16.71545,15
30.17987999,16,30.43036299,16,15,16.69922,16.71529,15
30.19657422,17,30.44702576,17,15,16.70015,16.7158,15
30.21327162,16,30.46368854,16,15,16.69962,16.7155,15
30.22993439,16,30.48047341,16,15,16.69934,16.71533,15
30.24659717,18,30.49713619,16,15,16.70102,16.71626,15
30.26327762,15,30.51379896,16,15,16.70026,16.71583,15
30.27994039,15,30.53046174,16,15,16.69955,16.71542,15
30.29660317,16,30.54712451,16,15,16.69961,16.71545,15
30.31326594,17,30.56378729,16,15,16.70018,16.71576,15
30.32992871,16,30.58045006,16,15,16.69973,16.7155,15
30.34704912,16,30.59711284,16,15,16.69986,16.71556,15
30.36371189,16,30.61377561,16,15,16.69978,16.71551,15
30.38037466,16,30.63043839,16,15,16.69982,16.71552,15
30.39703744,16,30.64710116,16,15,16.69936,16.71526,15
30.41370021,16,30.66376393,16,15,16.69923,16.71518,15
30.43036299,16,30.68042671,16,15,16.69915,16.71512,15
30.44702576,17,30.69708948,16,15,16.69997,16.71557,15
30.46368854,16,30.71375226,16,15,16.69976,16.71544,15
30.48047341,16,30.73041503,16,15,16.69961,16.71535,15
30.49713619,17,30.74707781,16,15,16.69992,16.71551,15
30.51379896,16,30.76374058,16,15,16.69952,16.71529,15
30.53046174,16,30.78040336,16,15,16.69957,16.71531,15
30.54712451,16,30.79706613,16,15,16.69971,16.71537,15
30.56378729,14,30.81372891,16,15,16.698,16.71442,15
30.58045006,18,30.83039168,16,15,16.69945,16.71521,15
30.59711284,17,30.84705446,16,15,16.70014,16.71559,15
30.61377561,16,30.86371723,16,15,16.69961,16.71528,15
30.63043839,16,30.88038,17,15,16.6997,16.71533,15
30.64710116,16,30.89707411,15,15,16.69931,16.7151,15
30.66376393,15,30.91373688,16,15,16.69791,16.71432,15
30.68042671,18,30.93039966,16,15,16.70002,16.71547,15
30.69708948,16,30.94711291,16,15,16.69963,16.71525,15
30.71375226,14,30.96377568,16,15,16.69776,16.71421,15
30.73041503,18,30.98047291,16,15,16.6997,16.71527,15
30.74707781,17,30.99713568,16,15,16.70008,16.71547,15
30.76374058,14,31.01386411,17,15,16.69834,16.7145,15
30.78040336,18,31.03052688,17,15,16.69996,16.71539,15
30.79706613,16,31.04718966,16,15,16.69955,16.71515,15
30.81372891,15,31.06385243,16,15,16.69811,16.71435,15
30.83039168,18,31.08051521,17,15,16.69963,16.71518,15
30.84705446,16,31.09723151,15,15,16.69926,16.71497,15
30.86371723,14,31.11389428,16,15,16.69753,16.71401,15
30.88038,19,31.13059591,16,15,16.70015,16.71544,15
30.89707411,18,31.14725868,16,15,16.70149,16.71616,15
30.91373688,13,31.16392146,16,15,16.69802,16.71426,15
