1.372992769,18,1.523166019,55,1,16.66801,18.0119,12
1.389655543,4,1.523166019,12,2,16.65568,11.17155,12
1.406318318,26,1.556192644,13,3,16.66532,16.2127,12
1.423116146,13,1.572855419,14,4,16.66191,15.47377,12
1.439852146,17,1.572855419,12,5,16.66242,15.81392,11
1.456514921,17,1.606185643,11,6,16.66347,16.13012,11
1.473177696,14,1.606185643,12,7,16.66094,15.8454,11
1.48984047,16,1.639577543,13,8,16.6611,15.96754,10
1.506503245,16,1.656259043,11,9,16.66133,16.06953,10
1.506503245,17,1.672921818,13,10,16.66249,16.24446,10
1.506503245,16,1.689614143,13,10,16.66256,16.28915,10
1.506503245,15,1.706276918,12,11,16.66153,16.23464,10
1.523166019,18,1.722971942,13,12,16.66321,16.39638,9
1.523166019,14,1.739657443,11,12,16.66152,16.29476,9
1.556192644,17,1.756320218,14,12,16.6623,16.37137,9
1.572855419,16,1.773007844,14,12,16.66187,16.36281,9
1.606185643,16,1.789670618,16,12,16.66189,16.38174,9
1.606185643,15,1.806333393,16,11,16.66121,16.35928,9
1.656259043,23,1.806333393,12,11,16.66842,16.75457,8
1.672921818,11,1.822996167,12,10,16.66343,16.50065,8
1.689614143,15,1.839733044,11,10,16.66186,16.43397,8
1.706276918,16,1.856415344,13,10,16.66129,16.41829,8
1.739657443,19,1.873078119,16,10,16.66367,16.53223,8
1.756320218,15,1.889740894,16,9,16.6622,16.47675,8
1.773007844,15,1.906403668,16,9,16.66117,16.44269,8
1.789670618,17,1.923066443,16,9,16.66154,16.4655,8
1.806333393,16,1.939729217,16,9,16.66173,16.47974,8
1.806333393,17,1.956391992,16,9,16.66292,16.52857,8
1.839733044,14,1.973054767,16,9,16.66122,16.47481,8
1.856415344,17,1.989717541,16,8,16.66183,16.50128,8
1.873078119,18,2.006380316,18,8,16.66335,16.55546,8
1.889740894,16,2.02304309,15,8,16.66361,16.56695,8
1.906403668,14,2.039705865,16,8,16.66149,16.50561,8
1.923066443,16,2.05636864,16,8,16.66137,16.50679,8
1.939729217,17,2.073031414,16,8,16.66221,16.53517,8
1.956391992,17,2.089694189,16,8,16.66258,16.54903,8
1.973054767,16,2.106356964,16,8,16.662,16.53626,7
1.989717541,16,2.123019738,16,8,16.66186,16.53592,8
2.006380316,17,2.139682513,16,8,16.66278,16.56276,8
2.02304309,17,2.156345287,16,8,16.6635,16.58318,8
2.039705865,14,2.173008062,16,8,16.66158,16.53847,8
2.05636864,16,2.189670837,16,8,16.66177,16.54591,8
2.073031414,16,2.206333611,17,8,16.66168,16.54642,8
2.089694189,18,2.222996386,16,8,16.66357,16.59204,8
2.123019738,24,2.23965916,16,8,16.67131,16.76553,8
2.123019738,9,2.256321935,16,8,16.66396,16.60375,8
2.139682513,13,2.27298471,16,8,16.66078,16.53734,8
2.156345287,15,2.289647484,16,8,16.65999,16.52346,8
2.173008062,18,2.306310259,17,8,16.66209,16.56909,8
2.189670837,15,2.322973033,18,8,16.66068,16.54287,8
2.206333611,17,2.34011904,14,8,16.66178,16.56665,8
2.222996386,15,2.356781814,18,8,16.66024,16.53898,8
2.23965916,17,2.373444589,14,8,16.66117,16.55879,8
2.256321935,16,2.390107363,17,8,16.66079,16.55354,7
2.27298471,17,2.406770138,16,8,16.66153,16.56908,8
2.289647484,16,2.423432913,16,8,16.66168,16.57343,8
2.306310259,15,2.440095687,17,8,16.66064,16.55673,8
2.322973033,17,2.456758462,16,8,16.66158,16.57466,8
2.34011904,17,2.473421237,16,8,16.66247,16.59113,8
2.356781814,14,2.490084011,16,8,16.66042,16.55824,8
2.373444589,18,2.506746786,17,8,16.66187,16.5837,8
2.406770138,23,2.52340956,15,8,16.66839,16.69011,8
2.406770138,9,2.540072335,16,8,16.66144,16.57938,8
2.423432913,17,2.55673511,16,8,16.66186,16.58723,8
2.440095687,16,2.573397884,16,8,16.66193,16.58955,8
2.456758462,16,2.590060659,16,8,16.66166,16.58654,8
2.473421237,14,2.606723433,17,8,16.65996,16.5622,8
2.490084011,18,2.623386208,16,8,16.66151,16.58645,8
2.506746786,17,2.640048983,16,8,16.66209,16.59603,8
2.52340956,15,2.656711757,17,8,16.6608,16.57853,8
2.540072335,18,2.673374532,16,8,16.66227,16.60036,8
2.55673511,16,2.690037306,16,8,16.66163,16.59236,8
2.573397884,16,2.706700081,16,8,16.66138,16.58992,8
2.590060659,16,2.723362856,16,8,16.66159,16.59367,8
2.606723433,17,2.74002563,16,8,16.66195,16.5993,8
2.623386208,17,2.756688405,16,8,16.66305,16.61472,8
2.640048983,14,2.773351179,16,8,16.66109,16.5898,8
2.656711757,18,2.790013954,16,8,16.66243,16.60796,8
2.673374532,17,2.806676729,17,8,16.66345,16.62157,8
2.690037306,16,2.823339503,43,8,16.6635,16.62267,9
2.706700081,13,2.840501335,11,8,16.66063,16.58782,9
2.723362856,18,2.857188635,10,8,16.66245,16.61085,8
2.74002563,16,2.873851409,11,8,16.66253,16.61241,7
2.756688405,16,2.890514184,9,8,16.66194,16.60595,7
2.773351179,15,2.907176958,11,8,16.66079,16.59312,7
2.790013954,16,2.923839733,16,8,16.66101,16.59641,7
2.806676729,16,2.940502508,17,8,16.66083,16.59513,7
2.823339503,16,2.957165282,15,8,16.66083,16.5959,7
2.823339503,16,2.973828057,16,9,16.6611,16.5996,7
2.823339503,17,2.990490831,16,10,16.66185,16.60868,7
2.890514184,35,3.007153606,16,10,16.68026,16.81159,7
2.907176958,16,3.023816381,16,7,16.67996,16.80692,7
2.923839733,15,3.040479155,16,7,16.67896,16.79482,7
2.940502508,16,3.05714193,16,7,16.6787,16.79073,7
2.957165282,17,3.073804704,16,7,16.6799,16.80217,7
2.973828057,16,3.090467479,16,7,16.67944,16.79609,7
2.990490831,18,3.107130254,16,7,16.68136,16.81476,7
3.007153606,14,3.123793028,16,7,16.67929,16.7923,7
3.023816381,15,3.140455803,16,7,16.67819,16.78004,7
3.040479155,16,3.157118578,16,7,16.67809,16.77801,7
3.05714193,17,3.173781352,16,7,16.67892,16.78526,7
3.073804704,17,3.190444127,16,7,16.67954,16.79025,7
3.090467479,15,3.207106901,16,7,16.67806,16.7748,7
3.107130254,17,3.223769676,16,7,16.6788,16.78097,7
3.123793028,16,3.240432451,16,7,16.67847,16.77686,7
3.140455803,18,3.257095225,16,7,16.67986,16.78905,7
3.157118578,16,3.273758,16,7,16.67962,16.78583,7
3.173781352,15,3.290420774,16,7,16.67855,16.77495,7
3.190444127,16,3.307083549,16,7,16.67841,16.77272,7
3.207106901,16,3.323746324,16,7,16.67825,16.77043,7
3.223769676,18,3.340409098,17,7,16.67984,16.78391,7
3.240432451,16,3.357071873,16,7,16.6799,16.78353,7
3.257095225,17,3.373734647,16,7,16.68036,16.78668,7
3.273758,15,3.390397422,16,7,16.67871,16.77124,7
3.290420774,16,3.407060197,16,7,16.67823,16.76633,7
3.307083549,18,3.423722971,16,7,16.6801,16.78165,7
3.323746324,16,3.440385746,16,7,16.68032,16.78269,7
3.340409098,14,3.45704852,16,7,16.67818,16.76366,7
3.357071873,17,3.473711295,16,7,16.67856,16.76611,7
3.373734647,17,3.49037407,16,7,16.6797,16.77489,7
3.390397422,16,3.507036844,16,7,16.67945,16.77202,7
3.407060197,16,3.523699619,16,7,16.67976,16.77387,7
3.423722971,16,3.540362393,16,7,16.67968,16.77244,7
3.440385746,17,3.557025168,16,7,16.68009,16.77497,7
3.45704852,16,3.573687943,16,7,16.68024,16.77541,7
3.473711295,16,3.590350717,16,7,16.68015,16.77397,7
3.49037407,16,3.607013492,16,7,16.68033,16.77464,7
3.507036844,16,3.623676267,16,7,16.67997,16.77104,7
3.523699619,16,3.640339041,16,7,16.67997,16.77034,7
3.540362393,16,3.657001816,16,7,16.67985,16.76872,7
3.557025168,17,3.67366459,16,7,16.68018,16.77058,6
3.573687943,16,3.690327365,16,7,16.68009,16.76921,7
3.590350717,17,3.70699014,16,7,16.68048,16.77152,7
3.607013492,16,3.723652914,16,7,16.68019,16.76862,7
3.623676267,16,3.740315689,16,7,16.67977,16.76489,7
3.640339041,16,3.756978463,16,7,16.67973,16.76399,7
3.657001816,17,3.773641238,16,7,16.68038,16.76807,7
3.690327365,24,3.790304013,16,7,16.68867,16.82757,7
3.690327365,6,3.806966787,16,7,16.67891,16.75633,7
3.70699014,16,3.823629562,16,7,16.67847,16.75264,7
3.723652914,16,3.840292336,16,7,16.67844,16.7519,7
3.740315689,16,3.856955111,16,7,16.67837,16.75089,7
3.756978463,16,3.873617886,16,7,16.67825,16.74952,7
3.773641238,16,3.89028066,16,7,16.678,16.74727,7
3.790304013,16,3.906943435,16,7,16.67818,16.74804,6
3.806966787,17,3.923606209,16,7,16.67854,16.75002,7
3.823629562,16,3.940268984,16,7,16.6782,16.74723,7
3.840292336,16,3.973594533,33,7,16.67831,16.74755,8
3.856955111,16,3.990257308,16,7,16.67813,16.74587,8
3.873617886,17,4.006920082,16,7,16.67865,16.74886,8
3.89028066,17,4.023582857,16,7,16.67957,16.75453,8
3.923606209,23,4.040245632,16,7,16.68685,16.80191,8
3.923606209,9,4.056908406,16,7,16.6795,16.75312,8
3.940268984,15,4.073571181,17,7,16.67844,16.74576,8
3.973594533,16,4.090233956,16,7,16.67822,16.74388,8
3.973594533,16,4.10689673,16,8,16.67826,16.74375,8
3.990257308,16,4.123559505,17,8,16.6785,16.74484,8
4.006920082,16,4.140222279,16,8,16.67851,16.74451,8
4.023582857,16,4.156885054,16,8,16.6784,16.74336,8
4.040245632,16,4.173547829,16,8,16.678,16.74046,8
4.056908406,16,4.190210603,16,8,16.67822,16.74145,8
4.073571181,16,4.206873378,16,8,16.67837,16.74199,8
4.090233956,16,4.223536152,17,8,16.67802,16.73947,8
4.10689673,17,4.240198927,16,8,16.67925,16.74655,8
4.123559505,15,4.256861702,16,8,16.67828,16.7403,8
4.140222279,17,4.273524476,17,8,16.679,16.74425,8
4.156885054,17,4.290187251,16,8,16.6794,16.74623,8
4.173547829,17,4.306850025,16,8,16.68,16.74944,8
4.190210603,15,4.3235128,16,8,16.67835,16.73923,8
4.206873378,17,4.340175575,16,8,16.67946,16.7454,8
4.223536152,15,4.356838349,16,8,16.67876,16.74096,8
4.240198927,17,4.373501124,16,8,16.67952,16.74501,8
4.256861702,18,4.390163898,16,8,16.68151,16.75609,8
4.273524476,14,4.406826673,16,8,16.679,16.74126,8
4.290187251,16,4.423489448,16,8,16.67885,16.74007,8
4.306850025,16,4.440152222,16,8,16.67857,16.73812,8
4.3235128,17,4.456814997,16,8,16.67912,16.74091,8
4.340175575,16,4.473477772,17,8,16.67928,16.74145,8
4.356838349,16,4.490140546,16,8,16.67948,16.7422,8
4.373501124,16,4.506803321,16,8,16.67914,16.73996,8
4.390163898,16,4.523466095,17,8,16.6789,16.73833,8
4.406826673,17,4.54012887,16,8,16.67951,16.74135,8
4.423489448,15,4.556791645,16,8,16.67804,16.73298,8
4.440152222,17,4.573454419,16,8,16.67867,16.7361,8
4.456814997,16,4.590117194,16,8,16.67842,16.73442,8
4.473477772,17,4.606779968,16,8,16.67882,16.73629,8
4.490140546,18,4.623442743,16,8,16.68025,16.7436,8
4.506803321,15,4.640105518,16,8,16.67878,16.73544,8
4.523466095,16,4.656768292,16,8,16.67881,16.7353,7
4.54012887,17,4.673431067,16,8,16.6797,16.7397,8
4.556791645,17,4.690093841,16,8,16.68074,16.74482,8
4.573454419,18,4.706756616,16,8,16.68228,16.75253,8
4.590117194,13,4.723419391,16,8,16.67903,16.73532,8
4.606779968,16,4.740082165,16,8,16.67878,16.73376,8
4.623442743,16,4.75674494,16,8,16.67857,16.73237,8
4.640105518,18,4.773407714,16,8,16.68011,16.73996,8
4.673431067,23,4.790070489,16,8,16.68679,16.77356,7
4.673431067,9,4.806733264,16,8,16.67934,16.73551,8
4.690093841,16,4.823396038,16,8,16.67898,16.73343,8
4.706756616,15,4.840058813,16,8,16.67808,16.72865,8
4.723419391,18,4.856721587,16,8,16.68009,16.7384,8
4.740082165,16,4.873384362,16,8,16.68034,16.73935,8
4.75674494,16,4.890047137,16,8,16.68008,16.73775,8
4.773407714,15,4.906709911,16,8,16.67873,16.73086,8
4.806733264,25,4.923372686,16,8,16.68707,16.7713,8
4.806733264,10,4.940035461,16,8,16.6805,16.739,8
4.823396038,15,4.956698235,16,8,16.67901,16.73151,8
4.840058813,16,4.97336101,16,8,16.67895,16.73097,8
4.856721587,16,4.990023784,16,8,16.6787,16.72951,8
4.873384362,17,5.006686559,16,8,16.67962,16.73367,8
4.890047137,16,5.023349334,16,8,16.67981,16.7343,8
4.906709911,16,5.040012108,16,8,16.67999,16.73491,8
4.923372686,16,5.056674883,16,8,16.67964,16.73301,8
4.940035461,16,5.073337657,16,8,16.67917,16.73055,8
4.956698235,17,5.090000432,16,8,16.67968,16.7327,8
4.97336101,16,5.106663207,16,8,16.67986,16.73327,8
4.990023784,15,5.123325981,16,8,16.67832,16.72594,8
5.006686559,17,5.139988756,16,8,16.67883,16.72807,8
5.023349334,17,5.15665153,16,8,16.67916,16.72933,8
5.040012108,17,5.173314305,16,8,16.68031,16.73433,8
5.056674883,16,5.18997708,16,8,16.68034,16.73424,8
5.073337657,14,5.206639854,16,8,16.67853,16.72581,8
5.090000432,17,5.223302629,16,8,16.67972,16.73095,8
5.106663207,15,5.239965403,16,8,16.67901,16.72754,8
5.123325981,18,5.256628178,16,8,16.68038,16.73345,8
5.139988756,16,5.273290953,16,8,16.68058,16.73409,8
5.15665153,16,5.289953727,16,8,16.67999,16.73127,8
5.173314305,16,5.306616502,16,8,16.67999,16.73102,8
5.18997708,16,5.323279276,16,8,16.68021,16.73174,8
5.206639854,17,5.339942051,16,8,16.68063,16.73336,8
5.223302629,16,5.356604826,16,8,16.6808,16.73389,8
5.239965403,16,5.3732676,16,8,16.68015,16.73084,8
5.256628178,16,5.389930375,16,8,16.67974,16.72884,8
5.273290953,15,5.40659315,16,8,16.67872,16.72429,8
5.289953727,17,5.423255924,16,8,16.67926,16.72639,8
5.306616502,17,5.439918699,16,8,16.68012,16.72983,8
5.323279276,16,5.456581473,16,8,16.68005,16.72932,8
5.339942051,16,5.473244248,16,8,16.67979,16.72803,8
5.356604826,16,5.489907023,16,8,16.67948,16.72652,8
5.3732676,16,5.506569797,16,8,16.67932,16.72567,8
5.389930375,16,5.523232572,16,8,16.67935,16.7256,8
5.40659315,16,5.539895346,17,8,16.67962,16.72655,8
5.423255924,17,5.556558121,16,8,16.68002,16.72799,8
5.439918699,16,5.573220896,16,8,16.67966,16.72633,8
5.456581473,16,5.58988367,16,8,16.67935,16.72486,8
5.473244248,16,5.606546445,17,8,16.67956,16.72554,8
5.489907023,16,5.623209219,16,8,16.67914,16.72365,8
5.506569797,17,5.639871994,16,8,16.67962,16.72537,8
5.523232572,17,5.656534769,16,8,16.68004,16.7269,8
5.539895346,16,5.673197543,16,8,16.67938,16.72408,8
5.556558121,17,5.689860318,16,8,16.67981,16.7256,8
5.573220896,17,5.706523092,16,8,16.68052,16.72824,8
5.58988367,15,5.723185867,16,8,16.67896,16.7219,8
5.606546445,16,5.739848642,16,8,16.67927,16.72295,8
5.623209219,17,5.756511416,16,8,16.6801,16.72602,8
5.639871994,16,5.773174191,16,8,16.67947,16.72339,8
5.656534769,16,5.789836966,16,8,16.6795,16.72334,8
5.673197543,16,5.80649974,16,8,16.67927,16.72225,8
5.689860318,15,5.823162515,16,8,16.6784,16.71874,8
5.706523092,17,5.839825289,17,8,16.67886,16.72034,8
5.723185867,18,5.856488064,16,8,16.68099,16.72835,8
5.739848642,16,5.873150839,16,8,16.68059,16.72664,8
5.756511416,16,5.889813613,17,8,16.68005,16.7244,8
5.773174191,16,5.906476388,16,8,16.68028,16.72512,8
5.789836966,15,5.923139162,16,8,16.679,16.72013,8
5.80649974,19,5.939801937,16,8,16.68147,16.72924,8
5.823162515,13,5.956464712,16,8,16.67821,16.71687,8
5.839825289,17,5.973127486,16,8,16.67912,16.72012,8
5.856488064,19,5.989790261,17,8,16.68173,16.72968,8
5.873150839,14,6.006453035,16,8,16.67937,16.72074,8
5.889813613,17,6.02311581,16,8,16.67976,16.72203,8
5.906476388,16,6.039778585,16,8,16.67942,16.72062,8
5.923139162,17,6.056441359,16,8,16.68035,16.72387,8
5.939801937,14,6.073104134,16,8,16.67865,16.71753,8
5.956464712,17,6.089766908,16,8,16.67914,16.71915,8
5.973127486,15,6.106429683,16,8,16.67839,16.71629,8
5.989790261,18,6.123092458,16,8,16.67988,16.72154,8
6.006453035,15,6.139755232,17,8,16.67841,16.71611,8
6.02311581,17,6.156418007,16,8,16.679,16.71809,8
6.039778585,17,6.173080781,16,8,16.67952,16.71981,8
6.056441359,16,6.189743556,16,8,16.67914,16.71832,8
6.073104134,15,6.206406331,16,8,16.6781,16.7145,8
6.089766908,16,6.223069105,16,8,16.67826,16.7149,8
6.106429683,17,6.23973188,16,8,16.67915,16.7179,8
6.123092458,16,6.256394655,16,8,16.67917,16.71784,8
6.139755232,17,6.273057429,16,8,16.67962,16.7193,8
6.156418007,15,6.289720204,16,8,16.67816,16.71405,8
6.173080781,17,6.306382978,16,8,16.6786,16.71548,8
6.189743556,18,6.323045753,16,8,16.68088,16.72324,8
6.206406331,17,6.339708528,16,8,16.68143,16.72498,8
6.223069105,13,6.356371302,16,8,16.67873,16.71556,8
6.23973188,16,6.373034077,16,8,16.67905,16.71651,8
6.256394655,20,6.389696851,16,8,16.68239,16.7278,8
6.273057429,14,6.406359626,16,8,16.6801,16.71985,8
6.289720204,18,6.423022401,16,8,16.68233,16.72728,8
6.306382978,13,6.439685175,16,8,16.67877,16.71509,8
6.323045753,16,6.45634795,16,8,16.67907,16.71597,8
6.339708528,16,6.473010724,16,8,16.67864,16.71444,8
6.356371302,17,6.489673499,16,8,16.67993,16.71862,8
6.373034077,17,6.506336274,16,8,16.68064,16.72086,8
6.389696851,15,6.522999048,16,8,16.67916,16.71579,8
6.406359626,16,6.539661823,16,8,16.67909,16.71544,8
6.423022401,16,6.556324597,16,8,16.67874,16.71419,8
6.439685175,18,6.572987372,16,8,16.68015,16.71868,8
6.45634795,16,6.589650147,16,8,16.68038,16.71933,8
6.473010724,15,6.606312921,16,8,16.67891,16.71439,8
6.489673499,18,6.622975696,16,8,16.68043,16.71923,8
6.506336274,15,6.63963847,16,8,16.67943,16.71585,8
6.522999048,17,6.656301245,16,8,16.68029,16.71851,8
6.539661823,18,6.67296402,16,8,16.68182,16.72332,8
6.556324597,14,6.689626794,16,8,16.67966,16.71624,8
6.572987372,16,6.706289569,16,8,16.67946,16.71548,8
6.589650147,17,6.722952344,16,8,16.68021,16.71776,8
6.606312921,17,6.739615118,16,8,16.68074,16.71934,8
6.622975696,18,6.756277893,16,8,16.68215,16.72368,8
6.63963847,14,6.772940667,16,8,16.67971,16.71585,8
6.656301245,17,6.789603442,16,8,16.68006,16.71684,8
6.67296402,15,6.806266217,16,8,16.67908,16.71362,8
6.689626794,17,6.822928991,16,8,16.6801,16.71671,8
6.706289569,15,6.839591766,16,8,16.67919,16.71376,8
6.722952344,16,6.85625454,16,8,16.67905,16.71322,8
6.739615118,17,6.872917315,16,8,16.67941,16.71424,8
6.756277893,15,6.88958009,16,8,16.67846,16.71117,8
6.772940667,16,6.906242864,16,8,16.67858,16.71144,8
6.789603442,18,6.922905639,16,8,16.68025,16.71648,8
6.806266217,14,6.939568413,16,8,16.67836,16.71058,8
6.822928991,17,6.956231188,16,8,16.67883,16.71194,8
6.839591766,17,6.972893963,16,8,16.68011,16.71572,8
6.85625454,16,6.989556737,16,8,16.68042,16.71655,8
6.872917315,14,7.006219512,16,8,16.67864,16.71106,8
6.88958009,17,7.022882286,16,8,16.67971,16.7142,8
6.906242864,15,7.039545061,16,8,16.67852,16.71049,8
6.922905639,16,7.056207836,16,8,16.67819,16.70941,8
6.939568413,17,7.07287061,16,8,16.67898,16.71169,8
6.956231188,16,7.089533385,16,8,16.67876,16.71094,8
6.972893963,17,7.106196159,16,8,16.67998,16.71447,8
6.989556737,16,7.122858934,16,8,16.68007,16.71462,8
7.006219512,17,7.139521709,16,8,16.6804,16.71549,8
7.022882286,16,7.156184483,16,8,16.6799,16.71394,8
7.039545061,18,7.172847258,17,8,16.68171,16.71915,8
7.056207836,14,7.189510033,16,8,16.67943,16.71237,8
7.07287061,17,7.206172807,16,8,16.68056,16.71555,8
7.089533385,15,7.222835582,17,8,16.6797,16.71294,8
7.106196159,19,7.239498356,16,8,16.6829,16.72215,8
7.122858934,12,7.256161131,16,8,16.67851,16.70933,8
7.139521709,17,7.272823906,16,8,16.67959,16.71237,8
7.156184483,15,7.28948668,16,8,16.67886,16.71016,8
7.172847258,16,7.306149455,16,8,16.6782,16.70817,8
7.189510033,19,7.322812229,16,8,16.68107,16.71631,8
7.206172807,15,7.339475004,16,8,16.67995,16.71301,8
7.222835582,15,7.356137779,17,8,16.67851,16.70881,8
7.239498356,16,7.372800553,16,8,16.67837,16.70832,8
7.256161131,18,7.389463328,16,8,16.68026,16.71358,8
7.272823906,16,7.406126102,16,8,16.68001,16.7128,8
7.28948668,15,7.422788877,16,8,16.67859,16.70871,7
7.306149455,17,7.439451652,16,8,16.67947,16.71109,8
7.322812229,16,7.456114426,16,8,16.67975,16.71177,7
7.339475004,15,7.472777201,16,8,16.67856,16.70837,8
7.356137779,16,7.489439975,16,8,16.67855,16.70826,8
7.372800553,17,7.50610275,16,8,16.679,16.70942,7
7.389463328,17,7.522765525,16,8,16.68015,16.71253,8
7.406126102,16,7.539428299,16,8,16.67952,16.7107,8
7.439451652,23,7.556091074,17,8,16.68639,16.72954,8
7.439451652,9,7.572753849,16,8,16.67875,16.70844,8
7.472777201,26,7.589416623,16,8,16.6881,16.73397,8
7.472777201,8,7.606079398,16,8,16.67978,16.71112,8
7.489439975,15,7.622742172,16,8,16.67874,16.7082,8
7.522765525,29,7.639404947,16,8,16.69148,16.74273,8
7.522765525,4,7.656067722,16,7,16.67965,16.71053,8
7.539428299,17,7.672730496,16,8,16.6803,16.7122,8
7.556091074,14,7.689393271,16,8,16.67847,16.7072,8
7.572753849,17,7.706056045,16,8,16.6789,16.70826,8
7.589416623,17,7.72271882,16,8,16.68017,16.7116,8
7.606079398,16,7.739381595,17,8,16.67978,16.71045,8
7.622742172,15,7.756044369,16,8,16.6789,16.70803,8
7.639404947,17,7.772707144,16,8,16.6798,16.71034,8
7.656067722,16,7.789369918,16,8,16.67937,16.70914,8
7.672730496,16,7.806032693,16,8,16.67879,16.70753,8
7.689393271,17,7.822695468,16,8,16.67983,16.7102,8
7.706056045,16,7.839358242,16,8,16.67989,16.71026,8
7.72271882,15,7.856021017,16,8,16.67847,16.70645,8
7.739381595,16,7.872683791,16,8,16.67867,16.70692,8
7.756044369,17,7.889346566,16,8,16.67943,16.70882,8
7.772707144,17,7.906009341,16,8,16.6799,16.70997,8
7.789369918,15,7.922672115,16,8,16.67903,16.70762,8
7.806032693,16,7.93933489,16,8,16.67925,16.70811,8
7.822695468,16,7.955997664,16,8,16.67886,16.70703,8
7.839358242,17,7.972660439,16,8,16.67922,16.7079,8
7.856021017,18,7.989323214,16,8,16.68059,16.71133,8
7.872683791,17,8.005985988,16,8,16.68101,16.71234,8
7.889346566,14,8.022648763,16,8,16.67916,16.70752,8
7.906009341,16,8.039311538,16,8,16.6793,16.70782,8
7.922672115,16,8.055974312,16,8,16.6791,16.70723,8
7.93933489,17,8.072637087,16,8,16.68029,16.7102,8
7.955997664,17,8.089299861,16,8,16.68106,16.71204,8
7.972660439,15,8.105962636,16,8,16.67943,16.70786,8
7.989323214,16,8.122625411,16,8,16.67952,16.70801,8
8.005985988,16,8.139288185,16,8,16.67949,16.70786,8
8.022648763,17,8.15595096,16,8,16.68045,16.71021,8
8.039311538,17,8.172613734,16,8,16.68082,16.71106,8
8.055974312,15,8.189276509,16,8,16.67984,16.70853,8
8.072637087,16,8.205939284,16,8,16.67949,16.7076,8
8.089299861,16,8.222602058,16,8,16.67899,16.70627,8
8.105962636,17,8.239264833,16,8,16.67968,16.70793,8
8.122625411,17,8.255927607,16,8,16.68045,16.70976,8
8.139288185,14,8.272590382,16,8,16.67872,16.70543,8
8.15595096,16,8.289253157,16,8,16.67899,16.70603,8
8.172613734,16,8.305915931,16,8,16.67902,16.70602,8
8.189276509,17,8.322578706,16,8,16.67982,16.70792,8
8.205939284,17,8.33924148,16,8,16.68017,16.70871,8
8.222602058,14,8.355904255,16,8,16.67845,16.70445,8
8.239264833,17,8.37256703,16,8,16.67907,16.70589,8
8.255927607,16,8.389229804,16,8,16.67881,16.7052,8
8.272590382,17,8.405892579,16,8,16.67987,16.70769,8
8.289253157,17,8.422555353,16,8,16.68039,16.70887,8
8.305915931,14,8.439218128,16,8,16.67861,16.70454,8
8.322578706,16,8.455880903,16,8,16.67866,16.70458,8
8.33924148,17,8.472543677,16,8,16.67983,16.70733,7
8.355904255,17,8.489206452,16,8,16.68046,16.70876,8
8.37256703,14,8.505869227,16,8,16.67856,16.70416,8
8.389229804,17,8.522532001,16,8,16.67913,16.70546,8
8.405892579,16,8.539194776,16,8,16.67865,16.70427,8
8.422555353,17,8.55585755,16,8,16.6796,16.70645,8
8.439218128,17,8.572520325,16,8,16.67997,16.70725,8
8.455880903,15,8.5891831,16,8,16.67868,16.70417,7
8.489206452,25,8.605845874,16,8,16.68767,16.72521,8
8.489206452,9,8.622508649,16,8,16.68014,16.70748,8
8.505869227,16,8.639171423,16,8,16.68024,16.70765,8
8.522532001,16,8.655834198,16,8,16.67991,16.70682,8
8.539194776,15,8.672496973,16,8,16.67891,16.70443,8
8.55585755,16,8.689159747,16,8,16.67854,16.7035,8
8.572520325,17,8.705822522,16,8,16.67974,16.70623,8
8.605845874,33,8.739148071,33,8,16.69629,16.74439,9
8.605845874,1,8.755810846,16,7,16.6814,16.70997,9
8.622508649,13,8.77247362,16,8,16.67795,16.70197,9
8.639171423,17,8.789136395,17,8,16.67858,16.70337,9
8.655834198,16,8.805799169,16,8,16.6785,16.70314,9
8.672496973,16,8.822461944,16,8,16.67882,16.7038,9
8.689159747,16,8.839124719,16,8,16.67863,16.7033,9
8.705822522,16,8.855787493,16,8,16.6782,16.70228,9
8.739148071,16,8.872450268,16,8,16.67837,16.70261,9
8.739148071,16,8.889113043,17,9,16.67805,16.70184,9
8.755810846,16,8.905775817,16,9,16.6781,16.70188,9
8.77247362,17,8.922438592,16,9,16.67849,16.70271,9
8.789136395,17,8.939101366,16,9,16.67887,16.70352,9
8.805799169,17,8.955764141,16,9,16.67965,16.70521,9
8.822461944,16,8.972426916,16,9,16.67943,16.70465,9
8.839124719,16,8.98908969,16,9,16.67953,16.70481,9
8.855787493,16,9.005752465,16,9,16.67977,16.70529,9
8.872450268,15,9.022415239,16,9,16.67907,16.70369,9
8.889113043,17,9.039078014,16,9,16.6796,16.70481,9
8.905775817,17,9.055740789,16,9,16.68009,16.70584,9
8.922438592,16,9.072403563,16,9,16.67983,16.70521,9
8.939101366,17,9.089066338,17,9,16.68016,16.70588,9
8.955764141,16,9.105729112,16,9,16.67976,16.70494,9
8.972426916,16,9.122391887,16,9,16.67992,16.70524,9
8.98908969,16,9.139054662,16,9,16.67946,16.70417,9
9.005752465,16,9.155717436,16,9,16.67939,16.70396,9
9.022415239,17,9.172380211,16,9,16.67981,16.70484,9
9.039078014,16,9.189042985,16,9,16.67998,16.70514,9
9.055740789,16,9.20570576,16,9,16.67975,16.70459,9
9.072403563,16,9.222368535,16,9,16.67956,16.70413,9
9.089066338,17,9.239031309,16,9,16.67989,16.70479,9
9.105729112,16,9.255694084,16,9,16.67978,16.70449,9
9.122391887,17,9.272356858,16,9,16.68027,16.70549,9
9.139054662,16,9.289019633,16,9,16.67994,16.70473,9
9.155717436,16,9.305682408,16,9,16.68,16.70482,9
9.172380211,16,9.322345182,16,9,16.67979,16.70431,9
9.189042985,16,9.339007957,16,9,16.67971,16.70409,9
9.20570576,16,9.355670732,16,9,16.67973,16.70407,9
9.222368535,16,9.372333506,16,9,16.67926,16.70302,9
9.239031309,17,9.388996281,17,9,16.67959,16.70367,9
9.255694084,16,9.405659055,16,9,16.67916,16.70272,9
9.272356858,16,9.42232183,16,9,16.67936,16.7031,9
9.289019633,17,9.438984605,16,9,16.67979,16.70394,9
9.305682408,16,9.455647379,17,9,16.67932,16.70291,9
9.322345182,18,9.472310154,15,9,16.68076,16.70587,9
9.339007957,15,9.488972928,16,9,16.68007,16.70439,9
9.355670732,16,9.505635703,16,9,16.67945,16.70303,9
9.372333506,17,9.522298478,16,9,16.67987,16.70387,9
9.388996281,22,9.538961252,16,9,16.6858,16.71614,9
9.405659055,10,9.555624027,16,9,16.67965,16.70331,9
9.42232183,17,9.572286801,16,9,16.68019,16.70439,9
9.438984605,16,9.588949576,16,9,16.67977,16.70347,9
9.455647379,17,9.605612351,16,9,16.68077,16.70548,9
9.472310154,15,9.622275125,16,9,16.67937,16.70256,9
9.488972928,16,9.6389379,16,9,16.67885,16.70144,9
9.505635703,16,9.655600674,16,9,16.67905,16.7018,9
9.522298478,17,9.672263449,16,9,16.67963,16.70293,9
9.538961252,16,9.688926224,16,9,16.67918,16.70197,9
9.555624027,16,9.705588998,16,9,16.67944,16.70245,9
9.572286801,16,9.722251773,16,9,16.67901,16.70152,9
9.588949576,17,9.738914547,16,9,16.68026,16.70402,9
9.605612351,15,9.755577322,16,9,16.6791,16.70163,9
9.622275125,18,9.772240097,16,9,16.68045,16.70431,9
9.6389379,16,9.788902871,16,9,16.68051,16.70438,9
9.655600674,15,9.805565646,16,9,16.67883,16.70095,9
9.672263449,17,9.822228421,16,9,16.67993,16.70312,9
9.688926224,17,9.838891195,16,9,16.681,16.70522,9
9.705588998,16,9.85555397,16,9,16.68092,16.70501,9
9.722251773,15,9.872216744,16,9,16.67989,16.7029,9
9.738914547,16,9.888879519,16,9,16.68016,16.70339,9
9.755577322,16,9.905542294,16,9,16.67962,16.70227,9
9.772240097,17,9.922205068,16,9,16.68057,16.70412,9
9.788902871,16,9.938867843,16,9,16.67996,16.70285,9
9.805565646,16,9.955530617,16,9,16.67937,16.70165,9
9.822228421,17,9.972193392,16,9,16.68064,16.7041,9
9.838891195,15,9.988856167,16,9,16.67985,16.70251,9
9.85555397,16,10.00551894,16,9,16.67927,16.70132,9
9.872216744,17,10.02218172,16,9,16.68015,16.70301,9
9.888879519,17,10.03884449,16,9,16.68084,16.70431,9
9.905542294,16,10.05550727,16,9,16.68027,16.70314,9
9.922205068,15,10.07217004,16,9,16.67939,16.7014,9
9.938867843,17,10.08883281,16,9,16.68021,16.70295,9
9.955530617,16,10.10549559,16,9,16.68053,16.70352,9
9.972193392,16,10.12215836,16,9,16.68037,16.70316,9
9.988856167,15,10.13882114,16,9,16.67946,16.70136,9
10.00551894,16,10.15548391,16,9,16.67928,16.70097,9
10.02218172,18,10.17214669,16,9,16.6808,16.70386,9
10.03884449,15,10.18880946,16,9,16.67957,16.70146,9
10.05550727,16,10.20547224,16,9,16.6794,16.70108,9
10.07217004,16,10.22213501,12,9,16.67945,16.70114,9
10.08883281,17,10.23879779,20,9,16.6799,16.70197,9
10.10549559,16,10.25546056,16,9,16.6793,16.70076,8
10.12215836,17,10.27212333,16,9,16.67966,16.70141,9
10.13882114,16,10.28878611,16,9,16.67978,16.70161,9
10.15548391,17,10.30544888,16,9,16.68072,16.70334,9
10.17214669,15,10.32211166,16,9,16.67954,16.70106,9
10.18880946,17,10.33877443,16,9,16.68005,16.702,9
10.20547224,16,10.35543721,16,9,16.68011,16.70205,9
10.22213501,16,10.37209998,16,9,16.67981,16.70146,9
10.23879779,16,10.38876276,17,9,16.67924,16.70035,9
10.27212333,25,10.40542553,16,9,16.68786,16.71648,9
10.27212333,10,10.42208831,16,9,16.68146,16.70444,9
10.28878611,16,10.43875108,16,9,16.68132,16.70414,9
10.30544888,15,10.45541386,16,9,16.68033,16.70224,9
10.32211166,17,10.47207663,16,9,16.68092,16.70329,9
10.33877443,16,10.4887394,16,9,16.68038,16.70226,9
10.35543721,15,10.50540218,16,9,16.67933,16.70026,9
10.37209998,16,10.52206495,16,9,16.67891,16.69944,9
10.38876276,16,10.53872773,17,9,16.6792,16.69995,9
10.40542553,17,10.5553905,16,9,16.67956,16.70057,9
10.42208831,15,10.57205328,16,9,16.67856,16.6987,9
10.43875108,18,10.58871605,17,9,16.68009,16.70147,9
10.45541386,17,10.60537883,16,9,16.68084,16.70281,9
10.47207663,15,10.6220416,16,9,16.67982,16.70091,9
10.4887394,15,10.63870438,17,9,16.67849,16.69843,9
10.50540218,16,10.65536715,16,9,16.67832,16.69808,9
10.52206495,18,10.67202993,16,9,16.67996,16.70103,9
10.53872773,16,10.6886927,16,9,16.67992,16.70092,9
10.5553905,17,10.70535547,17,9,16.68068,16.70226,9
10.57205328,15,10.72201825,16,9,16.67937,16.69985,9
10.58871605,16,10.73868102,17,9,16.67941,16.69988,9
10.60537883,16,10.7553438,16,9,16.67954,16.70009,9
10.6220416,15,10.77200657,17,9,16.67849,16.69815,9
10.63870438,16,10.78866935,16,9,16.67821,16.69761,9
10.65536715,18,10.80533212,16,9,16.67961,16.70009,9
10.67202993,16,10.8219949,17,9,16.67944,16.69976,9
10.6886927,17,10.83865767,16,9,16.67993,16.70059,9
10.70535547,15,10.85532045,16,9,16.67918,16.69922,9
10.72201825,17,10.87198322,16,9,16.68042,16.70138,9
10.73868102,15,10.888646,16,9,16.67958,16.69987,9
10.7553438,16,10.90530877,16,9,16.67974,16.7001,9
10.77200657,15,10.92197154,17,9,16.67867,16.69818,9
10.78866935,16,10.93863432,16,9,16.67841,16.69768,9
10.80533212,18,10.95529709,16,9,16.67997,16.70041,9
10.8219949,17,10.97195987,16,9,16.68056,16.70141,9
10.83865767,14,10.98862264,16,9,16.6788,16.69827,8
10.85532045,17,11.00528542,16,9,16.67968,16.69979,9
10.87198322,15,11.02194819,16,9,16.67867,16.69798,9
10.888646,17,11.03861097,16,9,16.67901,16.69853,9
10.90530877,17,11.05527374,16,9,16.67964,16.69961,9
10.92197154,15,11.07193652,16,9,16.67845,16.69749,9
10.93863432,17,11.08859929,16,9,16.67976,16.69975,9
10.95529709,16,11.10526207,16,9,16.67958,16.6994,9
10.97195987,16,11.12192484,16,9,16.67925,16.69879,9
11.00528542,24,11.13858761,16,9,16.6873,16.7127,8
11.00528542,8,11.15525039,16,9,16.67927,16.69877,9
11.02194819,17,11.17191316,16,9,16.67978,16.69961,9
11.03861097,15,11.18857594,16,9,16.67883,16.69794,9
11.05527374,16,11.20523871,16,9,16.67882,16.69789,9
11.07193652,16,11.22190149,16,9,16.67859,16.69747,9
11.08859929,17,11.23856426,16,9,16.6796,16.69916,9
11.10526207,17,11.25522704,16,9,16.68014,16.70006,9
11.12192484,15,11.27188981,16,9,16.67883,16.69778,9
11.15525039,25,11.28855259,16,9,16.68749,16.71252,9
11.15525039,9,11.30521536,16,9,16.68009,16.69987,9
11.17191316,19,11.32187814,16,9,16.68277,16.70441,9
11.18857594,13,11.33854091,16,9,16.67978,16.6993,9
11.20523871,16,11.35520368,16,9,16.68004,16.69969,9
11.22190149,17,11.37186646,16,9,16.68053,16.7005,9
11.23856426,16,11.38852923,16,9,16.68005,16.69965,9
11.25522704,17,11.40519201,16,9,16.68136,16.70183,9
11.27188981,15,11.42185478,16,9,16.68002,16.69953,9
11.28855259,17,11.43851756,16,9,16.68045,16.70022,9
11.30521536,16,11.45518033,16,9,16.68023,16.69982,9
11.32187814,16,11.47184311,16,9,16.67998,16.69937,9
11.33854091,16,11.48850588,16,9,16.67991,16.69923,9
11.35520368,17,11.50516866,16,9,16.68096,16.70094,9
11.37186646,16,11.52183143,16,9,16.68035,16.69989,9
11.38852923,16,11.53849421,16,9,16.67981,16.69896,9
11.40519201,16,11.55515698,16,9,16.67991,16.69909,9
11.42185478,17,11.57181975,16,9,16.68098,16.70085,9
11.43851756,16,11.58848253,16,9,16.6804,16.69984,9
11.45518033,16,11.6051453,16,9,16.67994,16.69905,9
11.47184311,16,11.62180808,16,9,16.68015,16.69938,9
11.48850588,16,11.63847085,16,9,16.67963,16.69847,9
11.50516866,17,11.65513363,16,9,16.68001,16.69907,9
11.52183143,16,11.6717964,16,9,16.67998,16.69899,9
11.53849421,16,11.68845918,16,9,16.68007,16.69911,9
11.55515698,17,11.70512195,16,9,16.68052,16.69981,9
11.57181975,16,11.72178473,16,9,16.67999,16.69891,9
11.58848253,16,11.7384475,16,9,16.67982,16.69861,9
11.6051453,17,11.75511028,16,9,16.68071,16.70004,9
11.62180808,16,11.77177305,16,9,16.6802,16.69917,9
11.63847085,16,11.78843582,16,9,16.6802,16.69913,9
11.65513363,16,11.8050986,16,9,16.67994,16.69868,9
11.6717964,16,11.82176137,16,9,16.68,16.69875,9
11.68845918,21,11.83842415,16,9,16.685,16.7068,9
11.70512195,11,11.85508692,16,9,16.67987,16.6985,9
11.72178473,17,11.8717497,16,9,16.68048,16.69945,9
11.7384475,16,11.88841247,16,9,16.68058,16.69957,9
11.75511028,16,11.90507525,16,9,16.68047,16.69937,9
11.77177305,15,11.92173802,16,9,16.6796,16.69795,9
11.78843582,16,11.9384008,16,9,16.67981,16.69825,9
11.8050986,16,11.95506357,16,9,16.67954,16.69778,9
11.82176137,17,11.97172634,16,9,16.68002,16.69852,9
11.83842415,17,11.98838912,16,9,16.68037,16.69905,9
11.85508692,16,12.00505189,17,9,16.68055,16.6993,9
11.8717497,16,12.02171467,16,9,16.68012,16.6986,9
11.88841247,16,12.03837744,16,9,16.67946,16.69752,9
11.90507525,16,12.05504022,16,9,16.67941,16.6974,9
11.92173802,17,12.07170299,16,9,16.68044,16.69901,9
11.9384008,16,12.08836577,16,9,16.68029,16.69874,9
11.95506357,16,12.10502854,16,9,16.67967,16.69775,9
11.97172634,16,12.12169132,17,9,16.67999,16.69821,9
11.98838912,16,12.13835409,16,9,16.67983,16.69794,9
12.00505189,16,12.15501687,17,9,16.68015,16.69841,9
12.02171467,15,12.17167964,16,9,16.67855,16.69588,9
12.03837744,18,12.18834241,16,9,16.68054,16.69895,9
12.05504022,16,12.20500519,16,9,16.68043,16.69876,9
12.07170299,17,12.22166796,16,9,16.68095,16.69954,9
12.08836577,15,12.23833074,16,9,16.67999,16.69802,9
12.10502854,16,12.25499351,17,9,16.67952,16.69726,9
12.12169132,16,12.27165629,16,9,16.67945,16.69712,9
12.13835409,16,12.28831906,16,9,16.67977,16.69758,9
12.15501687,16,12.30498184,16,9,16.67982,16.69764,9
12.17167964,17,12.32164461,16,9,16.68014,16.69811,9
12.18834241,15,12.33830739,16,9,16.67941,16.69695,9
12.20500519,17,12.35497016,17,9,16.68,16.69783,9
12.22166796,16,12.37163294,16,9,16.67954,16.6971,9
12.23833074,16,12.38829571,16,9,16.67952,16.69704,9
12.25499351,16,12.40495848,16,9,16.6797,16.69729,9
12.27165629,16,12.42162126,17,9,16.67936,16.69674,9
12.28831906,17,12.43828403,16,9,16.6802,16.69801,9
12.30498184,15,12.45494681,16,9,16.67927,16.69655,9
12.32164461,17,12.47160958,16,9,16.67972,16.69722,9
12.33830739,17,12.48827236,16,9,16.68033,16.69812,9
12.35497016,15,12.50493513,16,9,16.67965,16.69705,9
12.37163294,16,12.52159791,16,9,16.67942,16.69669,9
12.38829571,17,12.53826068,16,9,16.6803,16.69799,9
12.40495848,16,12.55492346,16,9,16.68046,16.69821,9
12.42162126,15,12.57158623,16,9,16.67971,16.69704,9
12.43828403,16,12.58824901,16,9,16.67963,16.6969,9
12.45494681,16,12.60491178,16,9,16.67981,16.69714,9
12.47160958,17,12.62157455,16,9,16.68015,16.69763,9
12.48827236,16,12.63823733,16,9,16.67974,16.69699,9
12.50493513,16,12.6549001,16,9,16.67993,16.69724,9
12.52159791,16,12.67156288,16,9,16.68,16.69732,9
12.53826068,16,12.68822565,16,9,16.67978,16.69697,9
12.55492346,16,12.70488843,16,9,16.6793,16.69623,9
12.57158623,17,12.7215512,16,9,16.67999,16.69723,9
12.58824901,16,12.73821398,16,9,16.67957,16.69658,9
12.60491178,17,12.75487675,16,9,16.68028,16.69761,9
12.62157455,16,12.77153953,16,9,16.68007,16.69727,9
12.63823733,16,12.7882023,16,9,16.67994,16.69705,9
12.6549001,16,12.80486508,16,9,16.68,16.69711,9
12.67156288,17,12.82152785,16,9,16.68119,16.69885,9
12.68822565,16,12.83819062,16,9,16.68089,16.69839,9
12.70488843,15,12.8548534,16,9,16.67962,16.69649,8
12.7215512,16,12.87151617,17,9,16.67982,16.69676,9
12.73821398,16,12.88817895,16,9,16.67967,16.69651,9
12.75487675,17,12.90484172,16,9,16.68007,16.69707,9
12.77153953,15,12.9215045,16,9,16.67861,16.69491,9
12.7882023,18,12.93816727,16,9,16.6804,16.69751,9
12.80486508,16,12.95483005,16,9,16.68039,16.69746,9
12.82152785,16,12.97149282,16,9,16.68023,16.69721,9
12.83819062,16,12.9881556,16,9,16.67977,16.69651,9
12.87151617,26,13.00481837,16,9,16.68921,16.71019,9
12.87151617,5,13.02148115,16,9,16.67828,16.69431,9
12.88817895,18,13.03814392,16,9,16.67992,16.69667,9
12.90484172,16,13.05480669,16,9,16.67966,16.69627,9
12.9215045,15,13.07146947,16,9,16.67874,16.69491,8
12.93816727,16,13.08813224,16,9,16.67857,16.69464,9
12.95483005,16,13.10479502,16,9,16.67853,16.69456,9
12.97149282,16,13.12145779,16,9,16.67884,16.69499,9
12.9881556,16,13.13812057,16,9,16.67872,16.69479,9
13.00481837,16,13.15478334,16,9,16.67887,16.69498,9
13.02148115,17,13.17144612,16,9,16.67961,16.69602,9
13.03814392,15,13.18810889,16,9,16.67858,16.69452,9
13.05480669,16,13.20477167,16,9,16.67858,16.6945,8
13.08813224,30,13.22143444,16,9,16.69226,16.71396,9
13.08813224,3,13.23809722,16,8,16.67927,16.69546,9
13.10479502,15,13.25475999,16,9,16.67844,16.69425,9
13.12145779,17,13.27142276,16,9,16.67901,16.69504,9
13.13812057,17,13.28808554,16,9,16.67941,16.69559,9
13.15478334,15,13.30474831,16,9,16.67868,16.69454,9
13.17144612,17,13.32141109,16,9,16.67907,16.69506,9
13.18810889,17,13.33807386,16,9,16.68012,16.69652,9
13.22143444,24,13.35473664,16,9,16.68755,16.70696,9
13.22143444,9,13.37139941,16,9,16.68044,16.69693,9
13.23809722,15,13.38806219,16,9,16.67967,16.69583,9
13.25475999,16,13.40472496,16,9,16.67941,16.69544,9
13.27142276,18,13.42138774,16,9,16.68083,16.69741,9
13.28808554,14,13.43805051,16,9,16.67891,16.6947,9
13.30474831,16,13.45471328,16,9,16.67896,16.69475,9
13.32141109,17,13.47137606,16,9,16.67995,16.6961,8
13.33807386,16,13.48803883,16,9,16.68027,16.69652,9
13.35473664,17,13.50470161,16,9,16.68077,16.6972,9
13.37139941,15,13.52136438,16,9,16.67997,16.69607,9
13.38806219,16,13.53802716,16,9,16.68024,16.69642,9
13.40472496,16,13.55468993,16,9,16.68011,16.69622,9
13.42138774,16,13.57135271,16,9,16.67998,16.69601,9
13.43805051,16,13.58801548,16,9,16.67939,16.69518,9
13.45471328,15,13.60467826,16,9,16.67824,16.69357,9
13.48803883,26,13.62134103,16,9,16.68836,16.70748,9
13.48803883,7,13.63800381,16,9,16.67953,16.69532,9
13.50470161,15,13.65466658,16,9,16.67854,16.69393,9
13.52136438,16,13.67132935,16,9,16.67849,16.69385,9
13.53802716,17,13.68799213,16,9,16.67947,16.69517,9
13.55468993,16,13.7046549,16,9,16.6788,16.69423,9
13.57135271,16,13.72131768,16,9,16.6787,16.69407,9
13.58801548,16,13.73798045,16,9,16.67873,16.69409,9
13.60467826,17,13.75464323,16,9,16.67977,16.69548,9
13.62134103,16,13.771306,16,9,16.67953,16.69514,9
13.63800381,15,13.78796878,16,9,16.67856,16.6938,9
13.65466658,16,13.80463155,16,9,16.67855,16.69376,9
13.67132935,16,13.82129433,16,9,16.67829,16.69339,9
13.68799213,17,13.8379571,16,9,16.67911,16.69448,9
13.7046549,17,13.85461988,16,9,16.67946,16.69493,9
13.72131768,15,13.87128265,16,9,16.67843,16.69352,9
13.73798045,16,13.88794542,16,9,16.6782,16.69319,9
13.75464323,17,13.9046082,16,9,16.67928,16.69463,9
13.771306,17,13.92127097,17,9,16.67983,16.69534,9
13.78796878,15,13.93793375,16,9,16.67854,16.69359,9
13.80463155,16,13.95459652,16,9,16.67826,16.6932,9
13.82129433,17,13.9712593,16,9,16.6791,16.6943,9
13.8379571,17,13.98792207,16,9,16.67983,16.69525,9
13.85461988,15,14.00458485,16,9,16.67826,16.69315,9
13.87128265,17,14.02124762,17,9,16.67942,16.69467,9
13.88794542,15,14.0379104,16,9,16.67825,16.69309,9
13.9046082,17,14.05457317,16,9,16.6794,16.69459,9
13.92127097,16,14.07123595,16,9,16.67963,16.69488,9
13.93793375,15,14.08789872,16,9,16.6786,16.6935,9
13.95459652,16,14.10456149,16,9,16.67878,16.69371,9
13.9712593,15,14.12122427,16,9,16.6778,16.69239,9
13.98792207,18,14.13788704,16,9,16.67922,16.69426,9
14.00458485,17,14.15454982,16,9,16.6798,16.695,9
14.02124762,14,14.17121259,16,9,16.67802,16.69264,9
14.0379104,17,14.18787537,16,9,16.67871,16.69352,9
14.05457317,17,14.20453814,16,9,16.67928,16.69425,9
14.07123595,17,14.22120092,16,9,16.68013,16.69535,9
14.08789872,14,14.23786369,16,9,16.67823,16.69284,9
14.10456149,17,14.25452647,16,9,16.67885,16.69364,9
14.12122427,18,14.27118924,16,9,16.6809,16.6963,9
14.13788704,15,14.28785202,16,9,16.67934,16.69424,9
14.15454982,17,14.30451479,16,9,16.6798,16.69482,9
14.17121259,16,14.32117756,16,9,16.67922,16.69405,9
14.18787537,17,14.33784034,16,9,16.67969,16.69463,9
14.20453814,16,14.35450311,16,9,16.67903,16.69376,9
14.22120092,17,14.37116589,16,9,16.67958,16.69445,9
14.23786369,15,14.38782866,16,9,16.67871,16.69331,9
14.25452647,16,14.40449144,16,9,16.67845,16.69295,9
14.27118924,17,14.42115421,16,9,16.67936,16.69411,9
14.28785202,15,14.43781699,16,9,16.67857,16.69307,9
14.30451479,17,14.45447976,16,9,16.67957,16.69434,9
14.32117756,17,14.47114254,16,9,16.68037,16.69535,9
14.33784034,14,14.48780531,16,9,16.67834,16.69272,9
14.35450311,17,14.50446809,16,9,16.67914,16.69373,9
14.37116589,16,14.52113086,16,9,16.67881,16.69329,9
14.38782866,17,14.53779363,16,9,16.67959,16.69427,9
14.40449144,16,14.55445641,16,9,16.67957,16.69422,9
14.42115421,17,14.57111918,16,9,16.68028,16.69511,9
14.43781699,15,14.58778196,16,9,16.6788,16.69321,9
14.45447976,16,14.60444473,16,9,16.67892,16.69334,8
14.47114254,17,14.62110751,16,9,16.68022,16.69497,9
14.48780531,17,14.63777028,16,9,16.68076,16.69564,9
14.50446809,14,14.65443306,16,9,16.67878,16.69311,9
14.52113086,17,14.67109583,16,9,16.67916,16.69358,9
14.53779363,16,14.68775861,16,9,16.67875,16.69304,9
14.55445641,17,14.70442138,16,9,16.67983,16.69439,9
14.57111918,17,14.72108416,16,9,16.68036,16.69503,9
14.58778196,15,14.73774693,16,9,16.67905,16.69337,9
14.62110751,26,14.7544097,16,9,16.68858,16.70535,9
14.62110751,7,14.77107248,16,9,16.67907,16.69337,9
14.63777028,17,14.78773525,16,9,16.68028,16.69487,9
14.65443306,15,14.80439803,16,9,16.67886,16.69307,9
14.67109583,17,14.8210608,16,9,16.6798,16.69422,9
14.68775861,17,14.83772358,16,9,16.68071,16.69535,9
14.70442138,15,14.85438635,16,9,16.67989,16.69431,9
14.72108416,17,14.87104913,16,9,16.68077,16.69538,9
14.73774693,14,14.8877119,16,9,16.67884,16.69296,9
14.7544097,17,14.90437468,16,9,16.67989,16.69425,9
14.77107248,16,14.92103745,16,9,16.67972,16.69402,9
14.78773525,16,14.93770023,16,9,16.67944,16.69365,9
14.80439803,15,14.954363,16,9,16.67858,16.69257,9
14.8210608,17,14.97102577,16,9,16.67935,16.6935,9
14.83772358,16,14.98768855,16,9,16.67944,16.6936,9
14.85438635,16,15.00435132,16,9,16.67904,16.69309,9
14.87104913,16,15.0210141,16,9,16.67923,16.6933,9
14.8877119,16,15.03767687,16,9,16.67883,16.69279,9
14.90437468,16,15.05433965,16,9,16.6784,16.69225,9
14.92103745,18,15.07100242,16,9,16.68027,16.69454,8
14.93770023,16,15.0876652,16,9,16.67996,16.69413,9
14.954363,17,15.10432797,16,9,16.68032,16.69456,9
14.97102577,16,15.12099075,16,9,16.68009,16.69426,9
14.98768855,16,15.13765352,16,9,16.67993,16.69405,9
15.00435132,15,15.15431629,16,9,16.67919,16.69312,9
15.0210141,17,15.17097907,16,9,16.67997,16.69406,9
15.03767687,16,15.18764184,16,9,16.68013,16.69423,9
15.05433965,17,15.20430462,16,9,16.68079,16.69502,9
15.0876652,24,15.22096739,16,9,16.68873,16.70467,9
15.0876652,7,15.23763017,16,9,16.67981,16.6938,9
15.10432797,16,15.25429294,17,9,16.67927,16.69314,9
15.12099075,16,15.27095572,16,9,16.67937,16.69324,9
15.13765352,17,15.28761849,17,9,16.67982,16.69377,9
15.15431629,17,15.30428127,16,9,16.68021,16.69422,9
15.17097907,16,15.32094404,16,9,16.6796,16.69348,9
15.18764184,17,15.33760682,16,9,16.68008,16.69404,9
15.20430462,15,15.35426959,16,9,16.67928,16.69305,9
15.22096739,16,15.37093236,16,9,16.67956,16.69337,9
15.23763017,16,15.38759514,16,9,16.67959,16.6934,9
15.25429294,18,15.40425791,16,9,16.68103,16.6951,9
15.27095572,13,15.42092069,16,9,16.67824,16.69174,9
15.28761849,16,15.43758346,16,9,16.67819,16.69167,9
15.30428127,17,15.45424624,16,9,16.67879,16.69237,9
15.32094404,16,15.47090901,16,9,16.6784,16.69188,9
15.33760682,18,15.48757179,16,9,16.67991,16.69367,9
15.35426959,16,15.50423456,16,9,16.67949,16.69315,9
15.37093236,15,15.52089734,16,9,16.67819,16.69159,9
15.38759514,17,15.53756011,16,9,16.67933,16.69293,9
15.40425791,17,15.55422289,16,9,16.67973,16.69339,9
15.42092069,14,15.57088566,16,9,16.67804,16.69136,9
15.43758346,16,15.58754843,16,9,16.67823,16.69157,9
15.45424624,16,15.60421121,16,9,16.67845,16.69182,9
15.47090901,17,15.62087398,16,9,16.67904,16.6925,9
15.48757179,17,15.63753676,16,9,16.67946,16.69299,9
15.50423456,17,15.65419953,16,9,16.67988,16.69346,9
15.52089734,16,15.67086231,16,9,16.67982,16.69338,9
15.53756011,16,15.68752508,16,9,16.67974,16.69326,9
15.55422289,16,15.70418786,17,9,16.67973,16.69323,9
15.57088566,15,15.72085063,16,9,16.67889,16.69224,9
15.58754843,17,15.73751341,16,9,16.67978,16.69326,9
15.60421121,15,15.75417618,16,9,16.67865,16.69192,9
15.62087398,16,15.77083896,16,9,16.67885,16.69214,9
15.63753676,16,15.78750173,16,9,16.6783,16.69149,9
15.65419953,16,15.8041645,16,9,16.6785,16.6917,9
15.67086231,18,15.82082728,16,9,16.67994,16.69337,9
15.68752508,16,15.83749005,16,9,16.67941,16.69273,9
15.70418786,17,15.85415283,16,9,16.68003,16.69344,9
15.72085063,17,15.8708156,16,9,16.68126,16.69485,9
15.73751341,15,15.88747838,16,9,16.67965,16.69297,9
15.75417618,16,15.90414115,16,9,16.67932,16.69257,9
15.77083896,17,15.92080393,16,9,16.68001,16.69336,9
15.78750173,16,15.9374667,16,9,16.67982,16.69311,9
15.8041645,16,15.95412948,16,9,16.67942,16.69265,9
15.82082728,17,15.97079225,16,9,16.67988,16.69316,9
15.83749005,16,15.98745503,16,9,16.67935,16.69253,9
15.85415283,15,16.0041178,16,9,16.67822,16.69121,9
15.8708156,16,16.02078057,16,9,16.67844,16.69145,9
15.88747838,16,16.03744335,16,9,16.67826,16.69124,9
15.90414115,18,16.05410612,16,9,16.68029,16.69355,9
15.92080393,16,16.0707689,16,9,16.6801,16.6933,9
15.9374667,16,16.08743167,16,9,16.68037,16.6936,9
15.95412948,14,16.10409445,16,9,16.67854,16.6915,9
15.97079225,16,16.12075722,16,9,16.67845,16.69138,9
15.98745503,16,16.13742,16,9,16.67841,16.69132,9
16.0041178,19,16.15408277,16,9,16.68081,16.69404,9
16.02078057,15,16.17074555,16,9,16.67948,16.69251,9
16.03744335,17,16.18740832,16,9,16.67985,16.69292,9
16.05410612,15,16.2040711,16,9,16.67895,16.69188,9
16.0707689,16,16.22073387,16,9,16.67845,16.6913,9
16.08743167,16,16.23739664,16,9,16.67838,16.69121,9
16.10409445,17,16.25405942,16,9,16.67961,16.69258,9
16.12075722,15,16.27072219,16,9,16.67869,16.69152,9
16.13742,16,16.28738497,16,9,16.67861,16.69142,9
16.15408277,16,16.30404774,16,9,16.6785,16.69128,9
16.17074555,17,16.32071052,16,9,16.67975,16.69268,9
16.18740832,16,16.33737329,16,9,16.68004,16.69299,9
16.2040711,16,16.35403607,16,9,16.68005,16.69299,9
16.22073387,14,16.37069884,16,9,16.67826,16.69096,9
16.23739664,18,16.38736162,16,9,16.68034,16.69328,9
16.25405942,16,16.40402439,16,9,16.68051,16.69346,9
16.27072219,14,16.42068717,16,9,16.67879,16.69151,9
16.28738497,18,16.43734994,16,9,16.68015,16.69302,9
16.30404774,15,16.45401271,16,9,16.67859,16.69127,9
16.32071052,16,16.47067549,16,9,16.67862,16.69129,9
16.33737329,18,16.48733826,16,9,16.68064,16.69352,9
16.35403607,14,16.50400104,16,9,16.67856,16.69119,9
16.37069884,18,16.52066381,16,9,16.67988,16.69264,9
16.38736162,17,16.53732659,16,9,16.68104,16.69392,9
16.40402439,13,16.55398936,16,9,16.67832,16.6909,9
16.42068717,18,16.57065214,16,9,16.67974,16.69245,9
16.43734994,15,16.58731491,16,9,16.67899,16.69161,9
16.45401271,16,16.60397769,16,9,16.67849,16.69104,9
16.47067549,18,16.62064046,16,9,16.68003,16.69273,9
16.48733826,16,16.63730324,16,9,16.68021,16.69291,9
16.50400104,15,16.65396601,16,9,16.67897,16.69153,9
16.52066381,17,16.67062878,16,9,16.68025,16.69292,9
16.53732659,15,16.68729156,16,9,16.67883,16.69135,9
16.55398936,16,16.70395433,16,9,16.67847,16.69094,9
16.57065214,18,16.72061711,16,9,16.68022,16.69285,9
16.58731491,17,16.75394266,33,9,16.68106,16.69375,10
16.60397769,14,16.77060543,16,9,16.67849,16.69093,10
16.62064046,16,16.78726821,16,9,16.67862,16.69105,10
16.63730324,16,16.80393098,16,9,16.67885,16.6913,10
16.65396601,17,16.82059376,16,9,16.6793,16.69177,10
16.67062878,17,16.83725653,16,9,16.67999,16.69251,10
16.68729156,16,16.8539193,16,9,16.68017,16.69269,10
16.70395433,14,16.87058208,16,9,16.67849,16.69085,10
16.72061711,16,16.88724485,16,9,16.67817,16.69049,9
16.75394266,17,16.90390763,16,9,16.6792,16.69159,10
16.75394266,16,16.9205704,16,10,16.67946,16.69186,10
16.77060543,17,16.93723318,17,10,16.68001,16.69245,10
16.78726821,15,16.95389595,16,10,16.6784,16.69069,10
16.80393098,17,16.97055873,16,10,16.67911,16.69144,10
16.82059376,16,16.9872215,16,10,16.67941,16.69176,10
16.83725653,15,17.00388428,16,10,16.67853,16.69079,10
16.8539193,16,17.02054705,16,10,16.6786,16.69085,10
16.87058208,16,17.03720983,16,10,16.6783,16.69052,10
16.90390763,31,17.0538726,16,10,16.69304,16.70634,10
16.90390763,4,17.07053537,16,9,16.68035,16.69271,10
16.9205704,16,17.08719815,16,10,16.68002,16.69234,10
16.93723318,15,17.10386092,16,10,16.67904,16.69128,10
16.95389595,16,17.1205237,16,10,16.67878,16.69098,10
16.97055873,16,17.13718647,16,10,16.67824,16.69039,10
16.9872215,18,17.15384925,16,10,16.67989,16.69215,10
17.00388428,16,17.17051202,16,10,16.68003,16.69228,10
17.02054705,15,17.1871748,16,10,16.67865,16.6908,10
17.03720983,16,17.20383757,16,10,16.67869,16.69083,10
17.0538726,16,17.22050035,17,10,16.6788,16.69093,10
17.07053537,18,17.23716312,16,10,16.68027,16.69248,10
17.08719815,16,17.2538259,16,10,16.67967,16.69183,10
17.10386092,16,17.27048867,16,10,16.67925,16.69137,10
17.1205237,16,17.28715144,17,10,16.67932,16.69143,10
17.13718647,16,17.30381422,16,10,16.67871,16.69078,10
17.15384925,16,17.32047699,17,10,16.67836,16.69039,10
17.17051202,16,17.33713977,16,10,16.67852,16.69055,10
17.1871748,17,17.35380254,16,10,16.67933,16.69139,10
17.20383757,16,17.37046532,17,10,16.67964,16.6917,10
17.22050035,16,17.38712809,16,10,16.67922,16.69125,10
17.23716312,16,17.40379087,16,10,16.67879,16.69079,10
17.2538259,16,17.42045364,16,10,16.67848,16.69045,10
17.27048867,16,17.43711642,16,10,16.67821,16.69016,10
17.28715144,17,17.45377919,16,10,16.67917,16.69114,10
17.30381422,15,17.47044197,16,10,16.67827,16.6902,10
17.32047699,16,17.48710474,16,10,16.67816,16.69006,10
17.33713977,17,17.50376751,16,10,16.67887,16.69079,10
17.35380254,16,17.52043029,16,10,16.67859,16.69048,10
17.37046532,16,17.53709306,16,10,16.67854,16.69042,10
17.38712809,17,17.55375584,16,10,16.67947,16.69138,10
17.40379087,16,17.57041861,16,10,16.67937,16.69127,10
17.42045364,15,17.58708139,16,10,16.67842,16.69026,10
17.43711642,16,17.60374416,16,10,16.67834,16.69017,10
17.45377919,16,17.62040694,16,10,16.67839,16.69021,10
17.47044197,16,17.63706971,16,10,16.6787,16.69052,10
17.48710474,16,17.65373249,16,10,16.67852,16.69032,10
17.50376751,17,17.67039526,16,10,16.67927,16.69108,10
17.52043029,17,17.68705804,16,10,16.68038,16.69221,10
17.53709306,15,17.70372081,16,10,16.67893,16.69071,10
17.55375584,16,17.72038358,16,10,16.67877,16.69053,10
17.57041861,16,17.73704636,16,10,16.67888,16.69063,10
17.58708139,16,17.75370913,16,10,16.67885,16.69058,10
17.60374416,16,17.77037191,16,10,16.67899,16.69072,10
17.62040694,16,17.78703468,16,10,16.67895,16.69067,10
17.63706971,17,17.80369746,16,10,16.67984,16.69157,10
17.65373249,15,17.82036023,16,10,16.67841,16.69009,10
17.67039526,19,17.83702301,16,10,16.68074,16.69246,10
17.68705804,17,17.85368578,16,10,16.68125,16.69297,10
17.70372081,14,17.87034856,16,10,16.67905,16.69071,10
17.72038358,16,17.88701133,16,10,16.67906,16.69072,10
17.73704636,16,17.90367411,16,10,16.67893,16.69057,10
17.75370913,19,17.92033688,16,10,16.68174,16.69341,10
17.77037191,16,17.93699965,16,10,16.6812,16.69286,10
17.78703468,16,17.95366243,16,10,16.68062,16.69225,10
17.80369746,16,17.9703252,16,10,16.6803,16.69192,10
17.82036023,15,17.98698798,16,10,16.67933,16.69093,10
17.83702301,17,18.00365075,16,10,16.68045,16.69204,10
17.85368578,17,18.02031353,16,10,16.68128,16.69287,10
17.87034856,14,18.0369763,16,10,16.67939,16.69095,10
17.88701133,18,18.05363908,16,10,16.68081,16.69238,9
17.90367411,16,18.07030185,16,10,16.68034,16.69189,10
17.92033688,16,18.08696463,16,10,16.67986,16.69139,10
17.93699965,16,18.1036274,16,10,16.67939,16.69091,10
17.95366243,16,18.12029018,16,10,16.67923,16.69074,10
17.9703252,16,18.13695295,16,10,16.67943,16.69092,10
17.98698798,18,18.15361572,16,10,16.68076,16.69224,10
18.00365075,15,18.1702785,16,10,16.67915,16.69062,10
18.02031353,16,18.18694127,16,10,16.67893,16.69039,10
18.0369763,17,18.20360405,16,10,16.67967,16.69111,10
18.07030185,33,18.22026682,16,10,16.69649,16.7079,10
18.07030185,3,18.2369296,16,9,16.68307,16.69451,10
18.08696463,12,18.25359237,16,10,16.67885,16.69028,10
18.1036274,17,18.27025515,16,10,16.67922,16.69064,10
18.12029018,16,18.28691792,16,10,16.67866,16.69007,10
18.13695295,17,18.3035807,16,10,16.67983,16.69123,10
18.15361572,16,18.32024347,16,10,16.67953,16.69092,10
18.1702785,15,18.33690624,16,10,16.6788,16.69018,10
18.18694127,16,18.35356902,16,10,16.67886,16.69023,10
18.20360405,17,18.37023179,16,10,16.6796,16.69095,10
18.22026682,19,18.38689457,16,10,16.6821,16.69341,10
18.2369296,13,18.40355734,16,10,16.6787,16.69004,10
18.25359237,16,18.42022012,16,10,16.67861,16.68994,10
18.27025515,16,18.43688289,16,10,16.67867,16.68999,10
18.28691792,18,18.45354567,16,10,16.67999,16.69128,10
18.3035807,15,18.47020844,16,10,16.67839,16.6897,10
18.32024347,16,18.48687122,16,10,16.67826,16.68956,10
18.33690624,17,18.50353399,16,10,16.67893,16.69021,10
18.35356902,15,18.52019677,16,10,16.67825,16.68952,10
18.37023179,17,18.53685954,16,10,16.6794,16.69064,10
18.38689457,17,18.55352231,16,10,16.67983,16.69105,10
18.40355734,15,18.57018509,16,10,16.6785,16.68974,10
18.42022012,17,18.58684786,16,10,16.6789,16.69011,10
18.43688289,16,18.60351064,17,10,16.67894,16.69015,10
18.45354567,17,18.62017341,16,10,16.67966,16.69084,10
18.47020844,16,18.63683619,16,10,16.67953,16.6907,10
18.48687122,16,18.65349896,16,10,16.67956,16.69072,10
18.50353399,16,18.67016174,16,10,16.67927,16.69043,10
18.52019677,15,18.68682451,16,10,16.67817,16.68934,10
18.53685954,17,18.70348729,16,10,16.67871,16.68986,10
18.55352231,16,18.72015006,16,10,16.67818,16.68933,10
18.57018509,17,18.73681284,16,10,16.67867,16.6898,10
18.58684786,17,18.75347561,17,10,16.67905,16.69015,10
18.60351064,17,18.77013838,16,10,16.67958,16.69065,10
18.62017341,16,18.78680116,16,10,16.67948,16.69055,10
18.63683619,16,18.80346393,16,10,16.67947,16.69053,10
18.65349896,16,18.82012671,16,10,16.67949,16.69053,10
18.67016174,16,18.83678948,17,10,16.67932,16.69036,10
18.68682451,17,18.85345226,16,10,16.67977,16.69078,10
18.70348729,16,18.87011503,16,10,16.67948,16.69049,10
18.72015006,16,18.88677781,16,10,16.67905,16.69007,10
18.73681284,18,18.90344058,16,10,16.68064,16.69159,10
18.75347561,16,18.92010336,17,10,16.68073,16.69166,10
18.77013838,15,18.93676613,16,10,16.67934,16.69032,10
18.78680116,16,18.95342891,17,10,16.67905,16.69003,10
18.80346393,16,18.97009168,16,10,16.67903,16.69,10
18.82012671,16,18.98675445,16,10,16.67929,16.69024,10
18.83678948,17,19.00341723,16,10,16.68022,16.69112,10
18.85345226,16,19.02008,16,10,16.68023,16.69112,10
18.87011503,15,19.03674278,16,10,16.67947,16.69038,10
18.88677781,16,19.05340555,16,10,16.67932,16.69023,10
18.90344058,15,19.07006833,16,10,16.67863,16.68957,10
18.92010336,17,19.0867311,16,10,16.67927,16.69016,10
18.93676613,16,19.10339388,16,10,16.67912,16.69,10
18.95342891,16,19.12005665,17,10,16.67922,16.6901,10
18.97009168,17,19.13671943,16,10,16.67998,16.6908,10
18.98675445,15,19.15345905,16,10,16.67895,16.68982,10
19.00341723,16,19.17012183,16,10,16.6787,16.68957,10
19.02008,16,19.1867846,16,10,16.6786,16.68947,10
19.03674278,16,19.20344738,16,10,16.67812,16.68901,10
19.05340555,17,19.22011015,16,10,16.679,16.68983,10
19.07006833,16,19.23677292,16,10,16.67837,16.68922,10
19.0867311,16,19.2534357,16,10,16.67833,16.68917,10
19.10339388,16,19.27009847,16,10,16.67808,16.68893,10
19.12005665,16,19.28676125,16,10,16.67809,16.68893,10
19.13671943,16,19.30342402,16,10,16.67811,16.68894,10
19.15345905,16,19.3200868,16,10,16.67795,16.68877,10
19.17012183,17,19.33674957,16,10,16.67835,16.68914,10
19.1867846,17,19.35341235,16,10,16.67905,16.68978,10
19.20344738,16,19.37007512,16,10,16.67897,16.6897,10
19.22011015,17,19.3867379,16,10,16.68024,16.69088,10
19.23677292,16,19.40340067,16,10,16.67992,16.69057,10
19.2534357,16,19.42006345,16,10,16.68023,16.69085,10
19.27009847,16,19.43672622,16,10,16.67988,16.69051,10
19.28676125,15,19.45338899,16,10,16.67882,16.68952,10
19.30342402,16,19.47005177,16,10,16.67897,16.68964,10
19.3200868,18,19.48671454,16,10,16.68065,16.69119,10
19.33674957,16,19.50337732,16,10,16.68032,16.69088,10
19.35341235,15,19.52004009,16,10,16.67921,16.68984,10
19.37007512,16,19.53670287,16,10,16.67912,16.68974,10
19.3867379,17,19.55336564,16,10,16.68025,16.69078,10
19.40340067,15,19.57002842,16,10,16.67866,16.6893,10
19.42006345,16,19.58669119,16,10,16.67887,16.68949,10
19.43672622,18,19.60340145,16,10,16.6807,16.69116,10
19.45338899,16,19.62008155,16,10,16.68024,16.69073,10
19.47005177,16,19.63676375,16,10,16.68011,16.6906,10
19.48671454,17,19.65342652,16,10,16.68061,16.69106,10
19.50337732,14,19.67011755,16,10,16.67876,16.68934,10
19.52004009,16,19.68678032,16,10,16.67887,16.68944,10
19.53670287,18,19.7034431,16,10,16.68044,16.69086,10
19.55336564,17,19.72010587,16,10,16.68143,16.69176,10
19.57002842,16,19.73684335,16,10,16.68079,16.69117,10
19.58669119,15,19.75350612,16,10,16.67944,16.68992,10
19.60340145,16,19.77016889,16,10,16.67886,16.68938,10
19.62008155,17,19.78683167,16,10,16.67927,16.68975,10
19.63676375,17,19.80355695,16,10,16.68009,16.69048,9
19.65342652,16,19.82021972,16,10,16.67975,16.69017,9
19.67011755,16,19.83688249,16,10,16.67943,16.68987,9
19.68678032,16,19.85361284,16,10,16.67915,16.6896,10
19.7034431,16,19.87027562,16,10,16.679,16.68945,10
19.72010587,16,19.88697384,16,10,16.67843,16.68893,10
19.73684335,18,19.90363662,16,10,16.67976,16.69013,10
19.75350612,17,19.92032714,16,10,16.68049,16.69078,10
19.77016889,16,19.93698992,16,10,16.67996,16.69029,10
19.78683167,16,19.95365269,16,10,16.67975,16.69009,10
19.82021972,24,19.97031547,16,10,16.68742,16.69702,10
19.83688249,16,19.98706534,16,10,16.68754,16.69711,10
19.85361284,16,20.00374884,16,10,16.68699,16.69661,10
19.85361284,9,20.02041162,16,10,16.67971,16.69004,10
19.87027562,18,20.03710654,16,10,16.68106,16.69124,10
19.88697384,16,20.05376932,16,10,16.68085,16.69104,10
19.90363662,15,20.07046204,16,10,16.67942,16.68975,10
19.92032714,15,20.08712482,16,10,16.67829,16.68872,10
19.93698992,17,20.10378759,16,10,16.67891,16.68927,10
19.95365269,16,20.12045037,16,10,16.67876,16.68913,10
19.97031547,16,20.13711314,16,10,16.67868,16.68905,10
19.98706534,16,20.15377592,16,10,16.67825,16.68865,10
20.00374884,18,20.17043869,17,10,16.67974,16.68997,10
20.02041162,16,20.18710146,16,10,16.68,16.6902,10
20.03710654,15,20.20420944,16,10,16.67857,16.68892,10
20.05376932,16,20.22087222,16,10,16.67825,16.68862,10
20.07046204,16,20.23753499,16,10,16.67828,16.68863,10
20.08712482,16,20.25429084,16,10,16.67841,16.68874,10
20.10378759,17,20.27095362,17,10,16.67935,16.68957,10
20.12045037,15,20.28761639,16,10,16.67866,16.68895,10
20.13711314,16,20.30427917,17,10,16.67836,16.68867,10
20.15377592,16,20.32094194,16,10,16.67844,16.68874,10
20.17043869,16,20.33760471,16,10,16.67829,16.68859,10
20.18710146,16,20.35426749,16,10,16.67805,16.68837,10
20.20420944,16,20.37093026,16,10,16.67812,16.68842,10
20.22087222,16,20.38759304,16,10,16.67838,16.68864,10
20.23753499,17,20.40425581,16,10,16.67927,16.68942,10
20.25429084,17,20.42091859,16,10,16.68047,16.69047,10
20.27095362,16,20.43758136,16,10,16.67999,16.69003,10
20.28761639,16,20.45424414,17,10,16.67947,16.68957,10
20.30427917,16,20.47090691,16,10,16.67942,16.68952,10
20.32094194,16,20.48778424,16,10,16.67956,16.68963,10
20.33760471,16,20.50444701,16,10,16.67942,16.6895,10
20.35426749,16,20.52110979,16,10,16.67946,16.68953,10
20.37093026,16,20.53777256,17,10,16.67931,16.68938,10
20.38759304,17,20.55443534,16,10,16.67988,16.68987,10
20.40425581,16,20.57109811,17,10,16.67923,16.6893,10
20.42091859,16,20.58776089,16,10,16.67947,16.6895,10
20.43758136,16,20.60456304,16,10,16.67945,16.68947,10
20.45424414,16,20.62122581,16,10,16.67938,16.6894,10
20.47090691,17,20.63788859,16,10,16.67978,16.68974,10
20.48778424,16,20.65455136,16,10,16.67911,16.68915,10
20.50444701,16,20.67121414,16,10,16.67915,16.68918,10
20.52110979,16,20.68787691,16,10,16.67924,16.68925,10
20.53777256,17,20.70453968,16,10,16.67957,16.68953,9
20.55443534,16,20.72120246,16,10,16.67957,16.68951,10
20.57109811,16,20.73786523,16,10,16.67905,16.68906,10
20.58776089,17,20.75452801,16,10,16.67965,16.68957,10
20.60456304,15,20.77119078,16,10,16.67836,16.68844,10
20.62122581,16,20.78790173,16,10,16.67828,16.68837,10
20.63788859,17,20.80456451,17,10,16.6792,16.68915,10
20.65455136,17,20.82122728,16,10,16.67994,16.68979,10
20.67121414,16,20.83805894,16,10,16.67969,16.68955,10
20.68787691,15,20.85472171,16,10,16.67893,16.68889,10
20.72120246,25,20.87138448,16,10,16.68736,16.69615,10
20.72120246,8,20.88804726,16,10,16.67877,16.68875,10
20.73786523,17,20.90471003,16,10,16.67947,16.68934,10
20.75452801,17,20.92137281,16,10,16.67987,16.68968,10
20.77119078,16,20.93803558,16,10,16.67927,16.68915,10
20.78790173,16,20.95469836,16,10,16.67863,16.68859,10
20.80456451,20,20.97136113,16,10,16.68292,16.69227,10
20.82122728,14,20.98802391,16,10,16.68052,16.6902,10
20.83805894,16,21.00468668,16,10,16.68017,16.68989,10
20.85472171,15,21.02134946,16,10,16.67882,16.68873,10
20.87138448,17,21.03801223,16,10,16.67979,16.68955,10
20.88804726,15,21.05467501,16,10,16.67901,16.68888,10
20.90471003,17,21.07133778,16,10,16.6799,16.68963,10
20.92137281,19,21.08800055,16,10,16.68309,16.69234,10
20.93803558,14,21.10466333,16,10,16.68057,16.69018,10
20.95469836,15,21.1213261,16,10,16.67977,16.68949,10
20.97136113,15,21.13798888,16,10,16.67866,16.68854,10
20.98802391,17,21.15465165,16,10,16.67948,16.68923,10
21.00468668,16,21.17131443,16,10,16.67909,16.68889,10
21.02134946,18,21.1879772,16,10,16.68113,16.69062,10
21.03801223,14,21.20463998,16,10,16.67925,16.68901,10
21.05467501,16,21.22130275,16,10,16.67917,16.68893,10
21.07133778,16,21.23796553,16,10,16.67854,16.68839,10
21.08800055,16,21.2546283,16,10,16.67871,16.68853,10
21.10466333,16,21.27135923,16,10,16.67897,16.68874,10
21.1213261,16,21.28802201,16,10,16.6785,16.68833,10
21.13798888,16,21.30468478,16,10,16.6786,16.68841,10
21.15465165,17,21.32134756,16,10,16.6798,16.68942,10
21.17131443,15,21.33806743,16,10,16.6791,16.68882,10
21.1879772,16,21.35473021,16,10,16.67869,16.68846,10
21.20463998,17,21.37141883,16,10,16.67916,16.68885,10
21.22130275,16,21.38810763,16,10,16.67888,16.68861,10
21.23796553,17,21.4047704,16,10,16.67957,16.68918,10
21.2546283,16,21.42146473,16,10,16.67925,16.68891,10
21.27135923,16,21.43814643,16,10,16.67936,16.68899,10
21.28802201,17,21.4548092,16,10,16.68009,16.68959,10
21.30468478,15,21.47149743,16,10,16.67904,16.6887,10
21.32134756,15,21.4881602,16,10,16.67833,16.6881,10
21.33806743,17,21.50482298,16,10,16.6794,16.68899,10
21.35473021,16,21.52153963,16,10,16.6788,16.68848,10
21.37141883,16,21.5382024,16,10,16.67879,16.68846,10
21.38810763,17,21.55486518,16,10,16.67963,16.68916,10
21.4047704,15,21.57161433,16,10,16.67875,16.68842,10
21.42146473,16,21.5882771,16,10,16.67818,16.68793,10
21.43814643,17,21.60493988,16,10,16.67877,16.68841,10
21.4548092,17,21.62165533,16,10,16.67972,16.6892,10
21.47149743,15,21.6383181,16,10,16.67893,16.68853,10
21.4881602,16,21.65498088,16,10,16.6786,16.68825,10
21.50482298,16,21.67164365,16,10,16.67857,16.68822,10
21.52153963,18,21.68833893,16,10,16.67995,16.68935,10
21.5382024,15,21.7050017,16,10,16.67851,16.68815,10
21.55486518,16,21.72166448,16,10,16.6783,16.68797,10
21.57161433,16,21.73840803,16,10,16.67834,16.688,10
21.5882771,17,21.7550708,16,10,16.67935,16.68882,10
21.60493988,15,21.77176153,16,10,16.67835,16.68799,10
21.62165533,16,21.7884243,16,10,16.67829,16.68793,10
21.6383181,17,21.80508708,16,10,16.67866,16.68823,10
21.65498088,15,21.82174985,16,10,16.67797,16.68765,10
21.67164365,18,21.83841263,16,10,16.68,16.68931,10
21.68833893,14,21.8550754,16,10,16.67815,16.68778,10
21.7050017,17,21.87173817,16,10,16.67859,16.68814,10
21.72166448,16,21.88840095,16,10,16.67834,16.68793,10
21.73840803,16,21.90510293,16,10,16.67839,16.68796,10
21.7550708,16,21.9217657,16,10,16.67822,16.68782,10
21.77176153,16,21.93846503,16,10,16.67847,16.68801,10
21.7884243,17,21.9551278,16,10,16.67894,16.68839,10
21.80508708,19,21.97182282,16,10,16.68202,16.69089,10
21.82174985,12,21.98852022,16,10,16.67809,16.68768,10
21.83841263,17,22.005183,16,10,16.67881,16.68826,10
21.8550754,16,22.02184577,16,10,16.67848,16.68798,10
21.87173817,16,22.03854442,16,10,16.67801,16.68759,10
21.88840095,16,22.0552072,16,10,16.67825,16.68778,10
21.90510293,16,22.07189252,16,10,16.67793,16.68751,10
21.9217657,17,22.08857442,16,10,16.6785,16.68797,10
21.93846503,18,22.1052372,16,10,16.68001,16.68918,10
21.9551278,15,22.12193372,16,10,16.67833,16.68781,9
21.97182282,16,22.1385965,16,10,16.67815,16.68766,10
21.98852022,18,22.15525927,16,10,16.67999,16.68914,10
22.005183,15,22.17192205,16,10,16.67896,16.6883,10
22.02184577,16,22.18863282,16,10,16.6792,16.68849,10
22.03854442,15,22.2052956,16,10,16.67813,16.68762,10
22.0552072,17,22.22195837,16,10,16.67857,16.68797,10
22.07189252,18,22.23869082,16,10,16.68003,16.68913,10
22.08857442,14,22.2553536,16,10,16.67821,16.68766,10
22.1052372,17,22.27212722,16,10,16.67859,16.68796,10
22.1385965,31,22.28879,16,10,16.69319,16.69967,10
22.1385965,2,22.30545277,16,9,16.67879,16.68812,10
22.15525927,17,22.32211555,16,10,16.67952,16.6887,10
22.17192205,15,22.33877832,16,10,16.6783,16.68771,10
22.18863282,17,22.3554411,16,10,16.67892,16.6882,10
22.2052956,16,22.37224772,16,10,16.67877,16.68807,10
22.22195837,16,22.38914282,16,10,16.67832,16.6877,10
22.23869082,18,22.4058056,16,10,16.67984,16.68891,10
22.2553536,17,22.42246837,16,10,16.68071,16.6896,10
22.27212722,14,22.43913115,16,10,16.6786,16.6879,10
22.28879,16,22.45579392,16,10,16.67886,16.68811,10
22.30545277,17,22.4724567,16,10,16.67962,16.68871,10
22.32211555,18,22.48911947,16,10,16.6816,16.69028,10
22.33877832,14,22.50578224,16,10,16.67953,16.68862,10
22.3554411,16,22.52244502,16,10,16.67901,16.6882,10
22.37224772,16,22.53910779,16,10,16.6785,16.68778,10
22.38914282,17,22.55577057,16,10,16.6789,16.6881,10
22.4058056,18,22.57243334,16,10,16.68026,16.68917,10
22.42246837,14,22.58909612,16,10,16.67846,16.68774,10
22.43913115,17,22.60575889,16,10,16.67885,16.68804,10
22.45579392,17,22.62242167,16,10,16.67918,16.6883,10
22.4724567,16,22.63908444,16,10,16.67939,16.68845,10
22.48911947,17,22.65574722,16,10,16.68003,16.68895,10
22.50578224,15,22.67240999,16,10,16.67859,16.68781,10
22.52244502,17,22.68909952,16,10,16.67927,16.68833,10
22.53910779,15,22.70576229,16,10,16.67851,16.68773,10
22.55577057,18,22.72242507,16,10,16.68022,16.68907,10
22.57243334,16,22.73908784,16,10,16.68037,16.68918,10
22.58909612,16,22.75575062,16,10,16.68019,16.68903,10
22.60575889,14,22.77245932,16,10,16.6785,16.6877,10
22.62242167,16,22.78917972,16,10,16.6785,16.68769,10
22.63908444,17,22.80586222,16,10,16.67917,16.68821,10
22.65574722,18,22.82252499,16,10,16.68098,16.68962,10
22.67240999,15,22.83918777,16,10,16.67996,16.68881,10
22.68909952,16,22.85589042,16,10,16.67986,16.68873,10
22.70576229,17,22.87255319,16,10,16.68052,16.68923,10
22.72242507,14,22.88926182,16,10,16.67837,16.68755,10
22.73908784,16,22.90592459,16,10,16.67867,16.68777,10
22.75575062,16,22.92258736,16,10,16.67864,16.68775,10
22.77245932,16,22.93930141,16,10,16.67847,16.68761,10
22.78917972,17,22.95598491,16,10,16.67903,16.68803,10
22.80586222,16,22.97264769,16,10,16.67874,16.6878,10
22.82252499,16,22.98932981,16,10,16.6783,16.68745,10
22.83918777,17,23.00599259,16,10,16.67871,16.68777,10
22.85589042,17,23.02265536,16,10,16.67998,16.68874,10
22.87255319,16,23.03931814,16,10,16.68008,16.68881,10
22.88926182,15,23.05598091,16,10,16.67845,16.68755,10
22.90592459,17,23.07264369,16,10,16.67914,16.68807,10
22.92258736,18,23.08940741,16,10,16.68093,16.68945,10
22.93930141,15,23.10607019,16,10,16.68018,16.68886,10
22.95598491,16,23.12276801,16,10,16.67994,16.68867,10
22.97264769,16,23.13943079,16,10,16.67986,16.68861,10
22.98932981,16,23.15613641,16,10,16.67941,16.68825,10
23.00599259,17,23.17283761,16,10,16.68001,16.6887,10
23.02265536,16,23.18950039,16,10,16.67977,16.68851,10
23.03931814,15,23.20616316,16,10,16.67865,16.68765,10
23.05598091,17,23.22282594,16,10,16.67966,16.68842,10
23.07264369,15,23.23951631,16,10,16.67898,16.68789,10
23.08940741,20,23.25623971,16,10,16.68258,16.69065,10
23.10607019,14,23.27290249,16,10,16.68067,16.68917,10
23.12276801,15,23.28959131,16,10,16.67991,16.68858,10
23.13943079,15,23.30625409,16,10,16.67892,16.68781,10
23.15613641,16,23.32291686,16,10,16.67867,16.68762,10
23.17283761,17,23.33957964,16,10,16.67931,16.6881,9
23.18950039,16,23.35624241,16,10,16.67954,16.68827,10
23.20616316,15,23.37290519,16,10,16.67871,16.68763,10
23.22282594,17,23.38956796,16,10,16.6791,16.68792,10
23.23951631,16,23.40627401,16,10,16.67889,16.68775,10
23.25623971,18,23.42293679,16,10,16.68086,16.68925,10
23.27290249,15,23.43959956,16,10,16.67965,16.68832,10
23.28959131,16,23.45626234,16,10,16.67936,16.68809,10
23.30625409,17,23.47292511,16,10,16.67975,16.68838,10
23.32291686,16,23.48974481,16,10,16.67973,16.68836,10
23.35624241,25,23.50642471,16,10,16.68855,16.69505,10
23.35624241,11,23.52308748,16,10,16.68316,16.69095,10
23.37290519,11,23.53978501,16,10,16.67836,16.68731,10
23.38956796,16,23.55644779,16,10,16.67817,16.68716,10
23.40627401,17,23.57311056,16,10,16.67871,16.68757,10
23.42293679,15,23.58977333,16,10,16.67804,16.68705,10
23.43959956,16,23.60643611,16,10,16.67801,16.68702,10
23.45626234,17,23.62322261,16,10,16.67931,16.68799,10
23.47292511,16,23.63988538,16,10,16.67889,16.68768,10
23.48974481,17,23.65654816,16,10,16.67923,16.68793,10
23.50642471,16,23.67346361,16,10,16.67922,16.68791,10
23.52308748,17,23.69012638,16,10,16.68012,16.68858,10
23.53978501,14,23.70678916,16,10,16.6782,16.68713,10
23.55644779,16,23.72345193,16,10,16.67838,16.68726,10
23.57311056,17,23.74011471,16,10,16.67873,16.68752,10
23.58977333,16,23.75677748,16,10,16.67825,16.68714,10
23.60643611,16,23.77344026,16,10,16.67841,16.68726,10
23.62322261,17,23.79010303,16,10,16.67937,16.68798,10
23.63988538,14,23.80676581,16,10,16.67734,16.68645,9
23.65654816,17,23.82342858,16,10,16.67786,16.68683,10
23.67346361,17,23.84009136,16,10,16.67832,16.68716,10
23.69012638,16,23.85675413,16,10,16.67775,16.68673,10
23.70678916,16,23.87357631,16,10,16.67783,16.68679,9
23.72345193,16,23.89023908,16,10,16.67813,16.68701,10
23.74011471,17,23.90690186,17,10,16.67877,16.68747,10
23.75677748,16,23.92356463,16,10,16.67892,16.68758,10
23.77344026,16,23.94033271,17,10,16.67872,16.68742,10
23.79010303,15,23.95699548,16,10,16.67784,16.68676,10
23.82342858,29,23.97365826,16,10,16.69044,16.69611,10
23.82342858,4,23.99032103,16,9,16.67828,16.68709,10
23.84009136,16,24.00703011,16,10,16.67839,16.68716,10
23.85675413,16,24.02372961,17,10,16.67837,16.68714,10
23.89023908,28,24.04039238,16,10,16.68999,16.69574,10
23.89023908,5,24.05709511,16,9,16.67837,16.68714,10
23.90690186,16,24.07375788,16,10,16.67812,16.68694,10
23.92356463,17,24.09042066,16,10,16.67865,16.68733,10
23.94033271,16,24.10708343,16,10,16.67859,16.68728,10
23.95699548,16,24.12374621,16,10,16.67813,16.68693,10
23.97365826,17,24.14046951,16,10,16.67912,16.68765,10
23.99032103,16,24.15717151,16,10,16.6791,16.68764,10
24.00703011,15,24.17383428,16,10,16.67794,16.68678,10
24.02372961,17,24.19049706,17,10,16.6789,16.68748,10
24.04039238,16,24.20715983,16,10,16.67885,16.68743,10
24.05709511,16,24.22389451,16,10,16.67885,16.68743,10
24.07375788,17,24.24055728,16,10,16.67935,16.68779,10
24.09042066,15,24.25722006,16,10,16.67863,16.68725,10
24.10708343,16,24.27388283,16,10,16.67841,16.68708,10
24.12374621,16,24.29054561,17,10,16.67775,16.68659,10
24.14046951,16,24.30720838,16,10,16.67769,16.68654,10
24.15717151,18,24.32409661,16,10,16.67905,16.68753,10
24.17383428,16,24.34075938,16,10,16.67875,16.68731,10
24.19049706,16,24.35742215,17,10,16.67824,16.68693,10
24.20715983,16,24.37408493,16,10,16.67828,16.68695,10
24.22389451,16,24.3907477,16,10,16.67811,16.68682,10
24.24055728,17,24.40741048,17,10,16.67935,16.68771,10
24.25722006,16,24.42407325,16,10,16.6796,16.68789,10
24.27388283,15,24.4408064,16,10,16.67889,16.68737,10
24.29054561,17,24.45746918,16,10,16.67935,16.6877,10
24.30720838,16,24.47413195,16,10,16.67953,16.68782,10
24.32409661,16,24.49079473,16,10,16.67914,16.68753,10
24.34075938,16,24.5074575,16,10,16.67906,16.68747,10
24.35742215,17,24.52412028,16,10,16.67995,16.68811,10
24.37408493,16,24.54078305,16,10,16.68018,16.68827,10
24.3907477,15,24.55744583,16,10,16.679,16.68741,10
24.40741048,17,24.5741086,16,10,16.67942,16.6877,10
24.42407325,15,24.59077138,16,10,16.67797,16.68665,10
24.4408064,17,24.60743415,17,10,16.67838,16.68694,10
24.45746918,16,24.62409692,16,10,16.67823,16.68683,10
24.47413195,16,24.6408699,16,10,16.67823,16.68682,10
24.49079473,17,24.65753268,16,10,16.67856,16.68706,10
24.5074575,17,24.67419545,16,10,16.67947,16.68771,10
24.52412028,17,24.69085823,16,10,16.67983,16.68796,10
24.54078305,16,24.707521,16,10,16.67969,16.68785,10
24.55744583,16,24.72418378,17,10,16.67965,16.68782,10
24.5741086,16,24.74084655,16,10,16.6795,16.6877,10
24.59077138,15,24.7575791,16,10,16.67872,16.68714,10
24.60743415,17,24.77424188,17,10,16.67948,16.68768,10
24.62409692,15,24.79090465,16,10,16.67877,16.68716,10
24.6408699,16,24.8076112,16,10,16.6787,16.6871,10
24.65753268,17,24.8244407,16,10,16.67975,16.68785,10
24.67419545,16,24.84110348,16,10,16.67933,16.68755,10
24.69085823,16,24.85776625,16,10,16.67897,16.68728,10
24.707521,16,24.87442902,17,10,16.67918,16.68743,10
24.72418378,16,24.8910918,16,10,16.67914,16.68739,10
24.74084655,16,24.90775457,16,10,16.67928,16.68748,10
24.7575791,16,24.92441735,16,10,16.67914,16.68738,10
24.77424188,16,24.94108012,16,10,16.6789,16.6872,10
24.79090465,16,24.9577429,16,10,16.67914,16.68736,9
24.8076112,16,24.97440567,16,10,16.67929,16.68747,10
24.8244407,16,24.99106845,16,10,16.6791,16.68733,10
24.84110348,17,25.00773122,16,10,16.67953,16.68763,10
24.85776625,16,25.024394,16,10,16.67932,16.68747,10
24.87442902,16,25.04105677,16,10,16.67898,16.68723,10
24.8910918,17,25.05771955,16,10,16.67958,16.68764,10
24.90775457,16,25.07438232,16,10,16.67965,16.68769,10
24.92441735,16,25.09104509,16,10,16.67982,16.6878,10
24.94108012,17,25.10770787,16,10,16.68081,16.6885,10
24.97440567,24,25.12437064,16,10,16.68905,16.69432,10
24.97440567,6,25.14103342,16,9,16.67854,16.68689,10
24.99106845,16,25.15769619,16,10,16.67834,16.68674,10
25.00773122,16,25.17435897,16,10,16.67834,16.68674,10
25.024394,17,25.19102174,16,10,16.67888,16.68711,10
25.04105677,17,25.20768452,16,10,16.67921,16.68734,10
25.05771955,15,25.22434729,16,10,16.67853,16.68685,10
25.07438232,17,25.2410641,16,10,16.67908,16.68724,10
25.09104509,17,25.25772687,16,10,16.67961,16.6876,10
25.10770787,16,25.27438965,16,10,16.67986,16.68777,10
25.12437064,17,25.29109989,16,10,16.68051,16.68822,10
25.14103342,15,25.30776267,16,10,16.67941,16.68745,10
25.15769619,17,25.32442544,16,10,16.68029,16.68806,10
25.17435897,15,25.3411187,16,10,16.6787,16.68694,10
25.19102174,16,25.3578178,16,10,16.67854,16.68682,10
25.20768452,17,25.37448057,16,10,16.67927,16.68732,10
25.22434729,16,25.3911729,16,10,16.67875,16.68696,10
25.2410641,16,25.40783567,16,10,16.67876,16.68695,10
25.25772687,18,25.42449844,16,10,16.68079,16.68837,9
25.27438965,15,25.441222,17,10,16.67945,16.68743,10
25.29109989,15,25.45788477,15,10,16.67868,16.68688,10
25.30776267,17,25.47454754,16,10,16.67981,16.68767,10
25.32442544,16,25.49124449,16,10,16.67922,16.68725,10
25.3411187,15,25.50790727,16,10,16.67837,16.68666,10
25.3578178,17,25.52457004,16,10,16.67945,16.6874,10
25.37448057,16,25.54128389,16,10,16.67921,16.68723,10
25.3911729,15,25.55794667,16,10,16.67841,16.68667,10
25.40783567,16,25.57460944,16,10,16.67835,16.68662,10
25.441222,29,25.59127222,16,10,16.69098,16.69536,10
25.441222,3,25.60800089,16,9,16.6781,16.68644,10
25.45788477,17,25.62466367,16,10,16.67878,16.68691,10
25.47454754,16,25.64132644,16,10,16.67856,16.68675,10
25.49124449,18,25.65798922,16,10,16.68004,16.68777,10
25.50790727,15,25.67465199,16,10,16.67868,16.68682,10
25.52457004,16,25.69131477,16,10,16.67892,16.68698,10
25.54128389,17,25.70802789,16,10,16.68019,16.68785,10
25.55794667,15,25.72469067,16,10,16.67897,16.68701,10
25.57460944,17,25.74138259,16,10,16.6801,16.68778,10
25.59127222,15,25.75815309,16,10,16.67916,16.68713,10
25.60800089,17,25.77481587,16,10,16.6795,16.68735,10
25.62466367,17,25.79147864,16,10,16.68012,16.68778,10
25.64132644,15,25.80818639,16,10,16.67845,16.68662,10
25.65798922,16,25.82487159,16,10,16.67866,16.68676,10
25.67465199,17,25.84153437,16,10,16.67969,16.68746,10
25.69131477,14,25.85819714,16,10,16.67797,16.68628,10
25.70802789,18,25.87485992,16,10,16.67947,16.6873,10
25.72469067,15,25.89158489,16,10,16.67819,16.68642,10
25.74138259,17,25.90827809,16,10,16.67889,16.6869,10
25.75815309,16,25.92494087,16,10,16.67877,16.68681,10
25.77481587,17,25.94160364,16,10,16.67947,16.68728,10
25.79147864,15,25.95830699,16,10,16.67844,16.68657,10
25.80818639,16,25.97496977,16,10,16.67836,16.68651,10
25.82487159,17,25.99163254,16,10,16.67947,16.68726,10
25.84153437,17,26.00829532,16,10,16.68007,16.68766,10
25.85819714,16,26.02495809,16,10,16.67939,16.6872,10
25.87485992,16,26.04174019,16,10,16.67915,16.68703,10
25.89158489,16,26.05840297,16,10,16.67875,16.68675,10
25.90827809,17,26.07506574,16,10,16.67979,16.68745,10
25.92494087,17,26.09172852,16,10,16.68052,16.68794,10
25.94160364,14,26.10839129,16,10,16.67825,16.6864,10
25.95830699,16,26.12505407,17,10,16.6785,16.68656,10
25.97496977,16,26.14171684,16,10,16.67841,16.68649,10
25.99163254,16,26.15870509,16,10,16.67836,16.68645,10
26.00829532,16,26.17536787,16,10,16.67804,16.68623,10
26.02495809,16,26.19203064,17,10,16.67835,16.68644,10
26.04174019,20,26.20869341,16,10,16.68207,16.68894,10
26.05840297,18,26.22549969,16,10,16.68398,16.69023,10
26.07506574,14,26.24216247,16,10,16.68159,16.68861,10
26.09172852,15,26.25882524,16,10,16.68044,16.68784,10
26.10839129,18,26.27548802,16,10,16.68204,16.6889,10
26.12505407,14,26.29215079,16,10,16.67969,16.68731,10
26.14171684,17,26.30881356,16,10,16.68039,16.68778,10
26.15870509,15,26.32547634,16,10,16.67967,16.68729,10
26.17536787,17,26.34218749,16,10,16.68047,16.68782,10
26.19203064,15,26.35885026,16,10,16.67886,16.68674,10
26.20869341,16,26.37551304,16,10,16.67827,16.68634,10
26.22549969,16,26.39219579,16,10,16.67827,16.68634,10
26.24216247,16,26.40885856,16,10,16.67829,16.68634,10
26.25882524,19,26.42552134,16,10,16.68145,16.68845,10
26.27548802,13,26.44218411,16,10,16.67803,16.68616,10
26.29215079,16,26.45884689,16,10,16.67828,16.68632,10
26.30881356,16,26.47550966,16,10,16.67853,16.68648,10
26.32547634,16,26.49223689,16,10,16.6788,16.68666,10
26.34218749,17,26.50889966,16,10,16.67967,16.68723,10
26.35885026,16,26.52556244,16,10,16.67922,16.68693,10
26.37551304,16,26.54222521,16,10,16.67858,16.68649,10
26.39219579,16,26.55888799,16,10,16.67827,16.68628,10
26.40885856,18,26.57555076,16,10,16.67961,16.68717,10
26.42552134,16,26.59221354,16,10,16.67943,16.68705,10
26.44218411,17,26.60887631,16,10,16.68034,16.68764,10
26.45884689,16,26.62553908,16,10,16.67982,16.6873,10
26.47550966,16,26.64220186,16,10,16.68012,16.68749,10
26.49223689,16,26.65886463,16,10,16.67972,16.68722,10
26.50889966,16,26.67552741,16,10,16.67947,16.68705,10
26.52556244,16,26.69219018,16,10,16.67914,16.68683,10
26.54222521,17,26.70885296,16,10,16.67974,16.68722,10
26.55888799,16,26.72551573,16,10,16.6798,16.68725,10
26.57555076,16,26.74219789,16,10,16.68007,16.68743,10
26.59221354,16,26.75888879,16,10,16.68005,16.68741,10
26.60887631,16,26.77555156,16,10,16.67969,16.68717,10
26.62553908,16,26.79224449,16,10,16.67988,16.68728,10
26.64220186,16,26.80890726,16,10,16.67998,16.68735,10
26.65886463,16,26.82560009,16,10,16.67979,16.68722,10
26.67552741,15,26.84228889,16,10,16.67894,16.68665,10
26.69219018,16,26.85895166,16,10,16.67886,16.6866,10
26.70885296,16,26.87561443,19,10,16.67887,16.6866,10
26.72551573,18,26.87561443,14,10,16.68083,16.68788,10
26.74219789,17,26.90894198,12,10,16.68143,16.68827,10
26.75888879,14,26.92560476,14,10,16.67936,16.6869,10
26.77555156,16,26.94229758,14,10,16.67933,16.68688,9
26.79224449,15,26.95896036,12,10,16.67835,16.68623,9
26.80890726,18,26.97565828,13,10,16.68049,16.68763,9
26.82560009,16,26.99232106,15,10,16.6801,16.68737,9
26.84228889,15,27.00898383,16,10,16.67934,16.68687,9
26.85895166,16,27.02564661,16,10,16.67882,16.68652,9
26.87561443,17,27.04230938,16,10,16.6794,16.6869,9
26.87561443,17,27.05897216,16,10,16.68037,16.68753,9
26.90894198,15,27.07563493,16,10,16.6795,16.68695,9
26.92560476,16,27.0922977,16,10,16.67941,16.68689,9
26.95896036,17,27.10896048,16,10,16.68019,16.68739,9
26.97565828,15,27.12562325,16,9,16.6787,16.68642,9
26.99232106,16,27.14228603,16,9,16.67867,16.68639,9
27.00898383,17,27.1589488,16,9,16.6793,16.6868,9
27.02564661,15,27.17561158,16,9,16.67838,16.6862,9
27.04230938,18,27.19227435,16,9,16.67999,16.68723,9
27.05897216,15,27.20893713,16,9,16.67905,16.68662,9
27.07563493,16,27.2255999,16,9,16.67863,16.68634,9
27.0922977,17,27.24226268,16,9,16.67915,16.68668,9
27.10896048,15,27.25892545,16,9,16.67811,16.68599,9
27.12562325,18,27.27558823,16,9,16.67943,16.68685,9
27.14228603,16,27.292251,16,9,16.67882,16.68645,9
27.1589488,16,27.30891377,16,9,16.67817,16.68602,9
27.17561158,16,27.32557655,16,9,16.67794,16.68587,9
27.19227435,18,27.34223932,16,9,16.67982,16.68708,9
27.20893713,15,27.3589021,16,9,16.67829,16.68608,9
27.2255999,16,27.37556487,16,9,16.67789,16.68582,9
27.24226268,16,27.39222765,16,9,16.67785,16.68579,9
27.25892545,16,27.40889042,16,9,16.6781,16.68595,9
27.27558823,17,27.4255532,16,9,16.6794,16.68678,9
27.292251,15,27.44221597,16,9,16.67834,16.68609,9
27.30891377,16,27.45887875,16,9,16.67794,16.68583,9
27.32557655,16,27.47554152,17,9,16.67771,16.68568,9
27.34223932,17,27.4922043,16,9,16.67806,16.6859,9
27.3589021,16,27.50886707,16,9,16.67791,16.6858,9
27.37556487,16,27.52552984,16,9,16.67805,16.68588,9
27.39222765,16,27.54219262,16,9,16.67813,16.68593,9
27.40889042,18,27.55885539,17,9,16.67952,16.68681,9
27.4255532,16,27.57551817,16,9,16.67907,16.68652,9
27.44221597,15,27.59218094,16,9,16.67786,16.68574,9
27.45887875,16,27.60884372,16,9,16.67786,16.68574,9
27.47554152,16,27.62550649,16,9,16.67804,16.68585,9
27.4922043,16,27.64216927,16,9,16.67802,16.68583,9
27.50886707,16,27.65883204,16,9,16.67805,16.68584,9
27.52552984,16,27.67549482,17,9,16.67825,16.68597,9
27.54219262,18,27.69215759,16,9,16.67962,16.68683,9
27.55885539,15,27.70882037,16,9,16.67843,16.68607,9
27.57551817,16,27.72548314,16,9,16.67848,16.68609,9
27.59218094,16,27.74214591,17,9,16.67803,16.68581,9
27.60884372,16,27.75880869,16,9,16.67783,16.68568,9
27.62550649,17,27.77547146,17,9,16.67857,16.68614,9
27.64216927,17,27.79213424,16,9,16.67898,16.6864,9
27.65883204,17,27.80879701,16,9,16.68003,16.68706,9
27.67549482,14,27.82545979,16,9,16.67813,16.68585,9
27.69215759,17,27.84212256,16,9,16.67852,16.68609,9
27.70882037,16,27.85878534,16,9,16.67808,16.6858,9
27.72548314,16,27.87544811,16,9,16.67823,16.68589,9
27.74214591,16,27.89211089,16,9,16.67843,16.68601,9
27.75880869,17,27.90877366,16,9,16.67941,16.68663,9
27.77547146,16,27.92543644,16,9,16.6794,16.68662,9
27.79213424,15,27.94209921,16,9,16.67836,16.68596,9
27.80879701,16,27.95876198,16,9,16.67822,16.68587,9
27.82545979,17,27.97542476,16,9,16.6787,16.68616,9
27.84212256,16,27.99208753,16,9,16.67881,16.68623,9
27.85878534,15,28.00875031,16,9,16.67795,16.68568,9
27.87544811,18,28.02541308,16,9,16.67965,16.68675,9
27.89211089,17,28.04207586,16,9,16.68012,16.68704,9
27.90877366,14,28.05873863,16,9,16.6782,16.68583,9
27.92543644,17,28.07540141,16,9,16.67854,16.68604,8
27.94209921,16,28.09206418,16,9,16.67873,16.68615,9
27.95876198,16,28.10872696,16,9,16.67824,16.68584,9
27.97542476,18,28.12538973,16,9,16.68009,16.68699,9
27.99208753,14,28.14205251,16,9,16.67834,16.68589,9
28.00875031,16,28.15871528,16,9,16.67789,16.68561,9
28.02541308,17,28.17537805,16,9,16.67826,16.68583,9
28.04207586,17,28.19204083,16,9,16.67895,16.68626,9
28.05873863,15,28.2087036,16,9,16.67815,16.68576,9
28.09206418,27,28.22536638,16,9,16.6888,16.6924,8
28.09206418,7,28.24202915,17,9,16.67938,16.68652,9
28.10872696,15,28.25869193,16,9,16.67809,16.68571,9
28.12538973,16,28.2753547,16,9,16.67832,16.68585,8
28.14205251,17,28.29201748,17,9,16.67888,16.6862,9
28.15871528,16,28.30868025,16,9,16.67829,16.68582,9
28.17537805,16,28.32534303,16,9,16.67847,16.68593,9
28.19204083,17,28.3420058,16,9,16.67936,16.68648,9
28.2087036,17,28.35866858,16,9,16.67987,16.68679,9
28.24202915,26,28.37533135,16,9,16.68925,16.69261,9
28.24202915,7,28.39199412,16,8,16.68001,16.68687,9
28.25869193,16,28.4086569,16,9,16.67939,16.68649,9
28.29201748,27,28.42531967,16,9,16.69069,16.69349,9
28.29201748,4,28.44198245,16,8,16.67831,16.68581,9
28.30868025,16,28.45864522,16,9,16.67838,16.68585,9
28.32534303,16,28.475308,16,9,16.67839,16.68585,9
28.3420058,17,28.49197077,16,9,16.67912,16.6863,9
28.35866858,16,28.50863355,16,9,16.6787,16.68604,9
28.37533135,16,28.52529632,16,9,16.67842,16.68586,9
28.39199412,18,28.5419591,16,9,16.68022,16.68697,9
28.4086569,20,28.55862187,16,9,16.68374,16.68914,9
28.42531967,13,28.57528464,16,9,16.68058,16.68719,9
28.44198245,16,28.59194742,16,9,16.68043,16.68709,9
28.45864522,15,28.60861019,16,9,16.67954,16.68654,9
28.475308,16,28.62527297,16,9,16.67927,16.68636,9
28.49197077,17,28.64193574,16,9,16.68032,16.687,9
28.50863355,15,28.65859852,16,9,16.67865,16.68598,9
28.52529632,16,28.67526129,16,9,16.67892,16.68614,9
28.5419591,17,28.69192407,16,9,16.67954,16.68651,9
28.55862187,16,28.70858684,16,9,16.67931,16.68637,9
28.57528464,15,28.72524962,16,9,16.6785,16.68587,9
28.59194742,16,28.74191239,16,9,16.67879,16.68604,9
28.60861019,16,28.75857517,16,9,16.67851,16.68586,9
28.62527297,18,28.77523794,16,9,16.68039,16.68701,9
28.64193574,14,28.79190071,16,9,16.67869,16.68597,9
28.65859852,18,28.80856349,16,9,16.68007,16.6868,9
28.67526129,15,28.82522626,16,9,16.67927,16.68631,9
28.69192407,17,28.84188904,16,9,16.68018,16.68686,9
28.70858684,15,28.85855181,16,9,16.6791,16.6862,9
28.72524962,18,28.87521459,16,9,16.6812,16.68747,9
28.74191239,16,28.89187736,16,9,16.68095,16.68732,9
28.75857517,16,28.90854014,16,9,16.68098,16.68733,9
28.77523794,14,28.92520291,16,9,16.67901,16.68613,9
28.79190071,16,28.94186569,16,9,16.67851,16.68582,9
28.80856349,17,28.95852846,16,9,16.67903,16.68614,9
28.82522626,16,28.97519124,16,9,16.67912,16.68619,9
28.84188904,17,28.99185401,16,9,16.68042,16.68697,9
28.85855181,23,29.00851678,16,9,16.68713,16.69104,9
28.87521459,7,29.02517956,16,9,16.67791,16.68545,9
28.89187736,20,29.04184233,16,9,16.68191,16.68786,9
28.90854014,13,29.05850511,16,9,16.6789,16.68604,9
28.92520291,18,29.07516788,16,9,16.68044,16.68696,9
28.94186569,16,29.09183066,16,9,16.68011,16.68676,9
28.95852846,14,29.10849343,16,9,16.67775,16.68533,9
28.97519124,17,29.12515621,16,9,16.67833,16.68568,9
28.99185401,16,29.14181898,16,9,16.67834,16.68568,9
29.00851678,17,29.15848176,16,9,16.67871,16.68589,9
29.02517956,17,29.17514453,16,9,16.67951,16.68637,9
29.04184233,15,29.19180731,16,9,16.67849,16.68576,9
29.05850511,16,29.20847008,17,9,16.67824,16.6856,9
29.07516788,17,29.22513285,16,9,16.6788,16.68593,9
29.09183066,18,29.24179563,16,9,16.68056,16.68699,9
29.10849343,15,29.2584584,17,9,16.67909,16.6861,9
29.12515621,15,29.27512118,16,9,16.6782,16.68556,9
29.14181898,18,29.29178395,16,9,16.67982,16.68653,9
29.15848176,18,29.30844673,16,9,16.68117,16.68734,9
29.17514453,15,29.3251095,17,9,16.67974,16.68648,9
29.19180731,16,29.34177228,16,9,16.67994,16.68659,9
29.20847008,14,29.35843505,16,9,16.67809,16.68548,9
29.22513285,17,29.37509783,16,9,16.67882,16.68591,9
29.24179563,16,29.3917606,16,9,16.67834,16.68562,9
29.2584584,17,29.40842338,16,9,16.67877,16.68587,9
29.27512118,17,29.42508615,16,9,16.67937,16.68623,9
29.29178395,16,29.44174892,16,9,16.67941,16.68624,9
29.30844673,15,29.4584117,16,9,16.67825,16.68555,9
29.3251095,18,29.47507447,16,9,16.67979,16.68647,9
29.34177228,16,29.49173725,16,9,16.67987,16.68651,9
29.35843505,16,29.50840002,16,9,16.67975,16.68643,9
29.37509783,16,29.5250628,17,9,16.67956,16.68632,9
29.3917606,16,29.54172557,16,9,16.67936,16.68619,9
29.40842338,16,29.55838835,17,9,16.6793,16.68615,9
29.42508615,16,29.57505112,16,9,16.67896,16.68595,9
29.44174892,17,29.5917139,16,9,16.67928,16.68613,9
29.4584117,16,29.60837667,16,9,16.67906,16.686,9
29.47507447,16,29.62503945,16,9,16.67843,16.68562,9
29.49173725,16,29.64170222,16,9,16.67826,16.68551,9
29.50840002,17,29.65836499,16,9,16.67919,16.68606,9
29.5250628,16,29.67502777,16,9,16.67915,16.68603,9
29.54172557,16,29.69169054,16,9,16.67933,16.68613,9
29.55838835,16,29.70835332,16,9,16.67913,16.68601,9
29.57505112,17,29.72501609,16,9,16.67973,16.68637,9
29.5917139,15,29.74167887,16,9,16.67892,16.68589,9
29.60837667,17,29.75834164,16,9,16.67926,16.68608,9
29.62503945,17,29.77500442,16,9,16.67959,16.68627,9
29.64170222,16,29.79166719,17,9,16.67961,16.68628,9
29.65836499,15,29.80832997,16,9,16.67887,16.68584,9
29.67502777,17,29.82499274,16,9,16.68005,16.68653,9
29.69169054,17,29.84165552,16,9,16.68044,16.68676,9
29.70835332,15,29.85831829,16,9,16.67905,16.68593,9
29.72501609,16,29.87498106,16,9,16.67873,16.68574,9
29.74167887,17,29.89164384,16,9,16.67964,16.68627,9
29.75834164,17,29.90830661,16,9,16.68001,16.68649,9
29.77500442,15,29.92496939,16,9,16.67843,16.68556,9
29.79166719,16,29.94163216,16,9,16.67823,16.68543,9
29.80832997,17,29.95829494,16,9,16.67903,16.6859,9
29.82499274,18,29.97495771,16,9,16.68084,16.68695,9
29.84165552,15,29.99162049,16,9,16.67928,16.68604,9
29.85831829,17,30.00828326,16,9,16.67975,16.68631,9
29.87498106,16,30.02494604,16,9,16.67958,16.6862,9
29.89164384,16,30.04160881,16,9,16.67981,16.68633,9
29.90830661,15,30.05827159,16,9,16.67913,16.68593,9
29.92496939,16,30.07493436,16,9,16.67912,16.68592,9
29.94163216,16,30.09159713,16,9,16.67927,16.68601,9
29.95829494,17,30.10825991,16,9,16.67992,16.68638,9
29.97495771,16,30.12492268,16,9,16.6802,16.68654,9
29.99162049,15,30.14158546,16,9,16.67933,16.68603,9
30.00828326,16,30.15824823,16,9,16.67906,16.68587,9
30.02494604,16,30.17491101,17,9,16.67916,16.68592,9
30.04160881,17,30.19157378,16,9,16.67962,16.68619,9
30.05827159,17,30.20823656,16,9,16.68035,16.68661,9
30.07493436,15,30.22489933,16,9,16.6792,16.68593,9
30.09159713,16,30.24156211,16,9,16.6788,16.6857,9
30.10825991,17,30.25822488,16,9,16.67946,16.68608,9
30.12492268,17,30.27488765,17,9,16.68015,16.68648,9
30.14158546,16,30.29155043,16,9,16.6801,16.68645,9
30.15824823,16,30.3082132,16,9,16.67965,16.68618,9
30.17491101,16,30.32487598,16,9,16.67907,16.68584,9
30.19157378,18,30.34153875,16,9,16.6804,16.6866,9
30.20823656,15,30.35820153,17,9,16.67903,16.68581,9
30.22489933,17,30.3748643,15,9,16.6795,16.68608,9
30.24156211,15,30.39152708,17,9,16.67871,16.68562,9
30.25822488,17,30.40818985,16,9,16.67919,16.68589,9
30.27488765,16,30.42485263,16,9,16.67904,16.6858,9
30.29155043,17,30.4415154,16,9,16.68036,16.68655,9
30.3082132,14,30.45817818,16,9,16.67843,16.68544,9
30.32487598,16,30.47484095,16,9,16.67863,16.68555,9
30.34153875,17,30.49150372,16,9,16.67953,16.68607,9
30.35820153,16,30.5081665,17,9,16.6796,16.68611,9
30.3748643,17,30.52482927,16,9,16.67996,16.6863,9
30.39152708,15,30.54149205,17,9,16.67907,16.68579,9
30.40818985,17,30.55815482,16,9,16.67967,16.68613,8
30.42485263,16,30.5748176,16,9,16.67989,16.68625,9
30.4415154,15,30.59148037,16,9,16.67834,16.68536,9
30.45817818,16,30.60814315,16,9,16.6786,16.68551,9
30.47484095,17,30.62480592,16,9,16.67992,16.68626,9
30.49150372,15,30.6414687,16,9,16.67843,16.6854,9
30.5081665,17,30.65813147,16,9,16.67876,16.68559,9
30.52482927,17,30.67479425,17,9,16.68007,16.68633,9
30.54149205,15,30.69145702,16,9,16.67846,16.68541,9
30.5748176,26,30.70811979,16,9,16.68827,16.69101,9
30.5748176,6,30.72478257,15,9,16.67811,16.68521,9
30.59148037,17,30.74144534,16,9,16.67879,16.68559,9
30.60814315,17,30.75810812,17,9,16.67952,16.686,9
30.62480592,14,30.77477089,16,9,16.67762,16.68492,9
30.6414687,16,30.79143367,16,9,16.67762,16.68491,9
30.65813147,22,30.80809644,19,9,16.68364,16.68833,9
30.67479425,11,30.82475922,14,9,16.67861,16.68547,9
30.69145702,16,30.84142199,17,9,16.67833,16.68531,9
30.70811979,16,30.85808477,16,9,16.67811,16.68518,9
30.72478257,17,30.87474754,16,9,16.6787,16.68551,9
30.74144534,16,30.89141032,15,9,16.67892,16.68563,9
30.75810812,16,30.90807309,16,9,16.67887,16.6856,9
30.77477089,16,30.92473586,16,9,16.67886,16.68559,9
30.79143367,16,30.94139864,16,9,16.6789,16.68561,9
30.80809644,16,30.95806141,16,9,16.67833,16.68528,9
30.82475922,16,30.97472419,16,9,16.67837,16.6853,9
30.84142199,23,30.99138696,16,9,16.68478,16.68892,9
30.85808477,9,31.00804974,16,9,16.67726,16.68467,9
30.87474754,17,31.02471251,16,9,16.67769,16.68491,9
30.89141032,17,31.04137529,18,9,16.679,16.68564,9
30.90807309,15,31.05803806,16,9,16.6777,16.68491,9
30.92473586,15,31.07470084,14,9,16.67669,16.68433,9
30.94139864,16,31.09136361,17,9,16.67616,16.68402,9
30.95806141,17,31.10802639,16,9,16.67682,16.6844,9
30.97472419,17,31.12468916,17,9,16.67778,16.68493,9
30.99138696,16,31.14135193,16,9,16.67766,16.68486,9
31.00804974,16,31.15801471,16,9,16.67711,16.68455,9
31.02471251,15,31.17467748,16,9,16.67589,16.68385,9
31.04137529,17,31.19134026,17,9,16.67707,16.68451,9
31.05803806,17,31.20800303,16,9,16.67755,16.68478,9
31.07470084,16,31.22466581,15,9,16.67723,16.6846,9
31.09136361,15,31.24132858,18,9,16.67582,16.6838,8
31.10802639,18,31.25799136,15,9,16.67746,16.68472,9
31.12468916,17,31.27465413,17,9,16.67791,16.68497,9
31.14135193,16,31.29131691,17,9,16.67756,16.68476,9
31.15801471,16,31.30797968,14,9,16.67736,16.68465,9
31.17467748,16,31.32464246,16,9,16.67729,16.6846,9
31.19134026,16,31.34130523,17,9,16.67727,16.68459,9
31.20800303,15,31.357968,17,9,16.67569,16.6837,9
31.22466581,18,31.37463078,15,9,16.6779,16.68493,9
31.25799136,25,31.39129355,16,9,16.68702,16.69002,9
31.25799136,5,31.40795633,16,9,16.67592,16.68382,9
31.27465413,18,31.4246191,16,9,16.67782,16.68488,9
31.29131691,17,31.44128188,16,9,16.67814,16.68506,9
31.30797968,20,31.45794465,16,9,16.68195,16.68718,9
31.32464246,13,31.47460743,16,9,16.6784,16.6852,9
31.34130523,14,31.4912702,17,9,16.67625,16.68399,9
31.357968,17,31.50793298,15,9,16.67702,16.68442,9
