0.374165231361985, 13.824,0.541327079758048, 16.149,1,16.149,0,13
0.390881156548858, 18.6095,0.541327079758048, 9.8253,2,9.8253,0,13
0.407704155892134, 14.8962,0.541327079758048, 12.3189,3,12.3189,0,13
0.424366930499673, 18.4411,0.541327079758048, 12.5969,4,12.5969,0,13
0.441029705107212, 15.9465,0.541327079758048, 11.1342,5,11.1342,0,12
0.457692479714751, 15.3392,0.541327079758048, 11.3395,6,11.3395,0,12
0.47435525432229, 16.284,0.541327079758048, 12.6355,7,12.6355,0,12
0.491338755935431, 17.6132,0.541327079758048, 11.4294,8,11.4294,0,11
0.50800153054297, 16.8008,0.541327079758048, 12.2361,9,12.2361,0,11
0.524664305150509, 16.2844,0.541327079758048, 11.9737,10,11.9737,0,11
0.524664305150509, 16.3314,0.541327079758048, 12.0037,11,12.0037,0,11
0.524664305150509, 17.2555,0.541327079758048, 10.9884,11,10.9884,0,10
0.524664305150509, 17.0179,0.541327079758048, 11.1226,12,11.1226,0,10
0.541327079758048, 19.9096,0.541327079758048, 11.7223,13,11.7223,0,10
0.541327079758048, 11.9581,0.541327079758048, 10.9395,13,10.9395,0,9
0.541327079758048, 17.4703,0.541327079758048, 11.6175,14,11.6175,0,9
0.541327079758048, 16.5976,0.541327079758048, 11.8348,13,11.8348,0,9
0.541327079758048, 17.4897,0.541327079758048, 10.6974,13,10.6974,0,8
0.541327079758048, 15.8633,0.541327079758048, 12.1343,12,12.1343,0,8
0.541327079758048, 17.429,0.541327079758048, 11.2799,12,11.2799,0,8
0.541327079758048, 14.9144,0.541327079758048, 10.5926,11,10.5926,0,7
0.541327079758048, 17.5675,0.541327079758048, 12.1314,11,12.1314,0,7
0.541327079758048, 17.5046,0.541327079758048, 13.6223,11,13.6223,0,7
0.541327079758048, 15.7833,0.541327079758048, 12.6959,10,12.6959,0,7
0.541327079758048, 16.2267,0.541327079758048, 10.7962,10,10.7962,0,6
0.541327079758048, 17.9566,0.541327079758048, 11.6081,9,11.6081,0,6
0.541327079758048, 15.0783,0.541327079758048, 11.5089,9,11.5089,0,6
0.541327079758048, 18.2639,0.541327079758048, 12.1963,8,12.1963,0,5
0.541327079758048, 15.9024,0.541327079758048, 13.1552,8,13.1552,0,5
0.541327079758048, 17.365,0.541327079758048, 16.3106,7,16.3106,0,5
0.541327079758048, 15.9815,0.541327079758048, 12.7874,7,12.7874,0,5
0.541327079758048, 17.4028,0.541327079758048, 12.6118,7,12.6118,0,5
0.541327079758048, 16.4433,0.541327079758048, 11.3962,6,11.3962,0,4
0.541327079758048, 18.0912,0.541327079758048, 12.5107,6,12.5107,0,4
0.541327079758048, 15.3427,0.541327079758048, 12.0581,5,12.0581,0,4
0.541327079758048, 17.0191,0.541327079758048, 12.6741,5,12.6741,0,4
0.541327079758048, 15.8932,0.541327079758048, 11.3164,5,11.3164,0,3
0.541327079758048, 17.0283,0.541327079758048, 12.2375,5,12.2375,0,3
0.541327079758048, 16.2578,0.541327079758048, 12.7284,4,12.7284,0,3
0.541327079758048, 16.3106,0.541327079758048, 10.7387,4,10.7387,0,2
0.541327079758048, 16.8577,0.541327079758048, 12.2884,4,12.2884,0,2
0.541327079758048, 19.5373,0.541327079758048, 12.3246,3,12.3246,0,2
0.541327079758048, 14.0817,0.541327079758048, 12.2951,3,12.2951,0,1
0.541327079758048, 17.4162,0.541327079758048, 11.9199,2,11.9199,0,1
0.541327079758048, 18.0802,0.541327079758048, 12.4056,2,12.4056,0,1
0.541327079758048, 15.0448,0.541327079758048, 12.0806,1,12.0806,0,1
0.541327079758048, 19.1727,0.541327079758048, 12.221,1,12.221,0,1
0.541327079758048, 13.247,0.541327079758048, 11.5457,1,11.5457,0,0
0.607644431293011, 16.6711,0.607644431293011, 31.1885,1,31.1885,0,1
0.607644431293011, 21.9166,0.607644431293011, 11.4099,1,11.4099,0,1
0.607644431293011, 12.1957,0.607644431293011, 9.5766,1,9.5766,0,0
1.00762887299061, 55.8223,1.00762887299061, 59.0626,1,59.0626,0,3
1.00762887299061, 2.8185,1.00762887299061, 12.291,1,12.291,0,3
1.00762887299061, 1.2564,1.00762887299061, 9.7108,2,9.7108,0,2
1.00762887299061, 7.5723,1.00762887299061, 12.238,3,12.238,0,2
1.00762887299061, 16.6314,1.00762887299061, 11.0489,3,11.0489,0,2
1.00762887299061, 15.6429,1.00762887299061, 9.5514,3,9.5514,0,1
1.00762887299061, 16.8331,1.00762887299061, 11.4026,2,11.4026,0,1
1.00762887299061, 17.1132,1.00762887299061, 10.1173,2,10.1173,0,0
1.04100524820387, 17.9206,1.04100524820387, 14.2139,1,14.2139,0,0
1.12440344691277, 13.9556,1.12440344691277, 27.6079,1,27.6079,0,1
1.12440344691277, 17.3243,1.12440344691277, 10.4443,1,10.4443,0,1
1.12440344691277, 17.1493,1.12440344691277, 10.8397,1,10.8397,0,0
1.15775584615767, 16.6985,1.15775584615767, 45.3193,1,45.3193,0,2
1.15775584615767, 17.0464,1.15775584615767, 9.6121,1,9.6121,0,1
1.15775584615767, 16.1702,1.15775584615767, 11.1761,2,11.1761,0,0
1.2078152205795, 36.7778,1.2078152205795, 29.182,2,29.182,0,1
1.2078152205795, 15.6972,1.2078152205795, 12.2206,1,12.2206,0,1
1.2078152205795, 16.1968,1.2078152205795, 11.1864,1,11.1864,0,0
1.29117801971734, 16.4383,1.29117801971734, 26.4329,1,26.4329,0,1
1.29117801971734, 16.8632,1.29117801971734, 12.1862,1,12.1862,0,1
1.29117801971734, 14.9613,1.29117801971734, 11.7529,1,11.7529,0,0
1.3412632457912, 18.3978,1.3412632457912, 27.0505,1,27.0505,0,1
1.3412632457912, 14.692,1.3412632457912, 12.2004,1,12.2004,0,1
1.3412632457912, 17.9162,1.3412632457912, 11.1575,1,11.1575,0,0
1.37458879500628, 16.496,1.37458879500628, 14.5632,1,14.5632,0,0
1.40798254497349, 16.4209,1.40798254497349, 29.4557,1,29.4557,0,1
1.40798254497349, 16.8744,1.40798254497349, 12.1539,1,12.1539,0,1
1.40798254497349, 16.5971,1.40798254497349, 11.366,1,11.366,0,0
1.42464531958103, 16.6096,1.42464531958103, 12.3176,1,12.3176,0,0
1.47467379458249, 17.662,1.47467379458249, 30.5322,1,30.5322,0,1
1.47467379458249, 14.7301,1.47467379458249, 12.5032,1,12.5032,0,1
1.47467379458249, 18.5824,1.47467379458249, 10.0271,1,10.0271,0,0
1.50806234404445, 16.4266,1.50806234404445, 14.5328,1,14.5328,0,0
1.54138789325953, 16.2217,1.54138789325953, 28.5164,1,28.5164,0,1
1.54138789325953, 17.8015,1.54138789325953, 11.9276,1,11.9276,0,1
1.54138789325953, 15.5579,1.54138789325953, 11.5103,1,11.5103,0,0
1.591427417472, 16.214,1.591427417472, 28.0953,1,28.0953,0,1
1.591427417472, 17.9457,1.591427417472, 10.6131,1,10.6131,0,0
1.60809019207954, 18.3621,1.60809019207954, 12.3412,1,12.3412,0,0
1.64149294421077, 14.6025,1.64149294421077, 27.1396,1,27.1396,0,1
1.64149294421077, 15.6182,1.64149294421077, 12.0183,1,12.0183,0,1
1.64149294421077, 17.3142,1.64149294421077, 11.5605,1,11.5605,0,0
1.67481849342585, 16.9443,1.67481849342585, 14.1997,1,14.1997,0,0
1.70821364410222, 16.6115,1.70821364410222, 28.1997,1,28.1997,0,1
1.70821364410222, 15.678,1.70821364410222, 12.5844,1,12.5844,0,1
1.70821364410222, 18.5816,1.70821364410222, 13.3239,1,13.3239,0,0
1.70821364410222, 15.0831,1.70821364410222, 10.8909,1,10.8909,0,0
1.74157084338367, 16.2204,1.74157084338367, 30.3066,1,30.3066,0,1
1.74157084338367, 17.385,1.74157084338367, 12.384,1,12.384,0,1
1.74157084338367, 18.5786,1.74157084338367, 12.3577,1,12.3577,0,0
1.74157084338367, 13.8028,1.74157084338367, 11.0512,1,11.0512,0,0
1.8249529171735, 19.1577,1.8249529171735, 31.6448,1,31.6448,0,1
1.8249529171735, 15.7048,1.8249529171735, 10.18,1,10.18,0,0
1.87497674301267, 22.6983,1.87497674301267, 23.4958,1,23.4958,0,1
1.87497674301267, 9.8133,1.87497674301267, 14.8113,1,14.8113,0,1
1.87497674301267, 18.0921,1.87497674301267, 11.027,1,11.027,0,1
1.87497674301267, 15.7305,1.87497674301267, 11.606,1,11.606,0,0
1.925039017573, 18.2651,1.925039017573, 27.1089,1,27.1089,0,1
1.925039017573, 15.1238,1.925039017573, 13.1534,1,13.1534,0,1
1.925039017573, 17.7541,1.925039017573, 13.3813,1,13.3813,0,0
1.925039017573, 15.0706,1.925039017573, 11.325,1,11.325,0,0
1.99174711667001, 16.6499,1.99174711667001, 30.0748,1,30.0748,0,1
1.99174711667001, 17.2418,1.99174711667001, 11.417,1,11.417,0,1
1.99174711667001, 17.6069,1.99174711667001, 11.5345,1,11.5345,0,0
2.00840989127755, 15.7492,2.04180563986301, 14.5531,1,14.5531,0,0
2.07513118907809, 15.9665,2.07513118907809, 29.0343,1,29.0343,0,1
2.07513118907809, 16.0985,2.07513118907809, 13.1239,1,13.1239,0,1
2.07513118907809, 19.7642,2.07513118907809, 11.1661,1,11.1661,0,0
2.10852153971791, 15.2486,2.10852153971791, 14.4859,1,14.4859,0,0
2.14187453873456, 16.6426,2.14187453873456, 28.8146,1,28.8146,0,1
2.14187453873456, 16.2631,2.14187453873456, 11.4443,1,11.4443,0,1
2.14187453873456, 17.1246,2.14187453873456, 12.6897,1,12.6897,0,0
2.14187453873456, 15.3921,2.14187453873456, 11.3148,1,11.3148,0,0
2.19190791249275, 18.5344,2.19190791249275, 30.259,1,30.259,0,1
2.19190791249275, 14.8505,2.19190791249275, 13.3062,1,13.3062,0,1
2.19190791249275, 19.0235,2.19190791249275, 10.2701,1,10.2701,0,0
2.25862441211939, 17.6853,2.25862441211939, 27.1792,1,27.1792,0,1
2.25862441211939, 14.3486,2.25862441211939, 13.2517,1,13.2517,0,1
2.25862441211939, 16.9831,2.25862441211939, 11.0179,1,11.0179,0,0
2.29199203662574, 17.8404,2.29199203662574, 14.2133,1,14.2133,0,0
2.32535323686898, 16.0517,2.32535323686898, 27.7061,1,27.7061,0,1
2.32535323686898, 14.8759,2.32535323686898, 12.7763,1,12.7763,0,1
2.32535323686898, 16.6322,2.32535323686898, 13.5182,1,13.5182,0,0
2.32535323686898, 18.7697,2.34201601147652, 12.5775,1,12.5775,0,0
2.39205281250179, 15.3892,2.39205281250179, 27.7773,1,27.7773,0,1
2.39205281250179, 15.9314,2.39205281250179, 12.9211,1,12.9211,0,1
2.39205281250179, 17.5835,2.39205281250179, 10.0091,1,10.0091,0,0
2.44209251180291, 18.1208,2.44209251180291, 27.5489,1,27.5489,0,1
2.44209251180291, 15.4501,2.44209251180291, 12.2899,1,12.2899,0,1
2.44209251180291, 17.6638,2.44209251180291, 12.8446,1,12.8446,0,1
2.44209251180291, 14.8914,2.44209251180291, 11.1508,1,11.1508,0,0
2.49210711196065, 18.6707,2.49210711196065, 29.4926,1,29.4926,0,1
2.49210711196065, 14.0352,2.49210711196065, 12.6501,1,12.6501,0,1
2.49210711196065, 18.2182,2.49210711196065, 11.6911,1,11.6911,0,0
2.50876988656819, 17.9715,2.50876988656819, 14.7692,1,14.7692,0,0
2.57557801343501, 16.3093,2.57557801343501, 28.2073,1,28.2073,0,1
2.57557801343501, 14.9246,2.57557801343501, 12.9623,1,12.9623,0,1
2.57557801343501, 19.4894,2.57557801343501, 11.5779,1,11.5779,0,0
2.59224078804255, 14.2843,2.59224078804255, 12.9398,1,12.9398,0,0
2.62556633725762, 16.5314,2.62556633725762, 28.7534,1,28.7534,0,1
2.62556633725762, 16.7879,2.62556633725762, 12.0436,1,12.0436,0,1
2.62556633725762, 15.6147,2.62556633725762, 11.6084,1,11.6084,0,0
2.64222911186516, 17.2604,2.67562203668058, 13.3421,1,13.3421,0,0
2.74227313511074, 56.0391,2.74227313511074, 61.6788,1,61.6788,0,3
2.74227313511074, 2.1295,2.74227313511074, 12.1219,1,12.1219,0,3
2.74227313511074, 1.8268,2.74227313511074, 11.1015,2,11.1015,0,2
2.74227313511074, 6.2219,2.74227313511074, 11.7472,3,11.7472,0,2
2.74227313511074, 17.0556,2.74227313511074, 12.5172,3,12.5172,0,2
2.74227313511074, 16.188,2.74227313511074, 10.0622,3,10.0622,0,1
2.74227313511074, 18.2695,2.74227313511074, 12.7842,2,12.7842,0,1
2.74227313511074, 17.6174,2.74227313511074, 10.306,2,10.306,0,0
2.8590551353991, 54.2446,2.8590551353991, 54.0716,1,54.0716,0,3
2.8590551353991, 1.8162,2.8590551353991, 15.0683,1,15.0683,0,3
2.8590551353991, 2.8189,2.8590551353991, 11.5089,2,11.5089,0,3
2.8590551353991, 4.8306,2.8590551353991, 11.158,3,11.158,0,2
2.8590551353991, 18.8069,2.8590551353991, 11.5977,3,11.5977,0,2
2.8590551353991, 15.239,2.8590551353991, 12.1839,3,12.1839,0,2
2.8590551353991, 17.2334,2.8590551353991, 11.3698,3,11.3698,0,1
2.8590551353991, 16.4327,2.8590551353991, 11.6665,2,11.6665,0,1
2.8590551353991, 16.0983,2.8590551353991, 12.3852,2,12.3852,0,1
2.8590551353991, 17.1092,2.8590551353991, 9.9171,1,9.9171,0,0
2.90913953632116, 17.9982,2.90913953632116, 15.8783,1,15.8783,0,0
3.02588893286884, 15.2968,3.02588893286884, 27.72,1,27.72,0,1
3.02588893286884, 17.4503,3.02588893286884, 10.729,1,10.729,0,1
3.02588893286884, 16.9923,3.02588893286884, 11.0916,1,11.0916,0,0
3.07591050677001, 17.3396,3.07591050677001, 26.9776,1,26.9776,0,1
3.07591050677001, 15.5748,3.07591050677001, 12.0768,1,12.0768,0,1
3.07591050677001, 16.501,3.07591050677001, 11.0519,1,11.0519,0,0
3.12595170550048, 17.0166,3.12595170550048, 27.2151,1,27.2151,0,1
3.12595170550048, 16.8678,3.12595170550048, 11.9441,1,11.9441,0,1
3.12595170550048, 15.0365,3.12595170550048, 11.596,1,11.596,0,0
3.17599682882428, 18.314,3.17599682882428, 26.1322,1,26.1322,0,1
3.17599682882428, 16.1807,3.17599682882428, 12.0189,1,12.0189,0,1
3.17599682882428, 16.3169,3.17599682882428, 11.6141,1,11.6141,0,0
3.22603220306337, 17.8394,3.22603220306337, 26.7686,1,26.7686,0,1
3.22603220306337, 16.4422,3.22603220306337, 12.0338,1,12.0338,0,1
3.22603220306337, 15.8925,3.22603220306337, 11.3536,1,11.3536,0,0
3.27607780322433, 17.8393,3.27607780322433, 26.737,1,26.737,0,1
3.27607780322433, 15.8981,3.27607780322433, 12.055,1,12.055,0,1
3.27607780322433, 16.8256,3.27607780322433, 10.9984,1,10.9984,0,0
3.30944192782044, 16.7867,3.32610470242798, 26.7191,1,26.7191,0,1
3.32610470242798, 16.5825,3.32610470242798, 12.5361,1,12.5361,0,1
3.32610470242798, 16.3488,3.32610470242798, 11.4358,1,11.4358,0,0
3.40948667749763, 57.1558,3.40948667749763, 60.0429,1,60.0429,0,3
3.40948667749763, 2.384,3.40948667749763, 13.3754,1,13.3754,0,3
3.40948667749763, 1.555,3.40948667749763, 11.8324,2,11.8324,0,2
3.40948667749763, 4.4684,3.40948667749763, 12.8491,3,12.8491,0,2
3.40948667749763, 18.4995,3.40948667749763, 12.8544,3,12.8544,0,2
3.40948667749763, 20.5139,3.40948667749763, 13.0969,3,13.0969,0,2
3.40948667749763, 12.9939,3.40948667749763, 12.558,2,12.558,0,1
3.40948667749763, 16.986,3.40948667749763, 12.4763,2,12.4763,0,1
3.40948667749763, 18.3826,3.40948667749763, 13.5157,2,13.5157,0,1
3.40948667749763, 14.5364,3.40948667749763, 13.8005,1,13.8005,0,1
3.40948667749763, 16.1978,3.40948667749763, 13.8432,1,13.8432,0,1
3.40948667749763, 15.8393,3.40948667749763, 13.819,1,13.819,0,1
3.40948667749763, 17.6672,3.40948667749763, 11.5702,1,11.5702,0,0
3.44287962839007, 16.67,3.44287962839007, 28.9415,1,28.9415,0,1
3.44287962839007, 16.8158,3.44287962839007, 12.6124,1,12.6124,0,1
3.44287962839007, 16.6393,3.44287962839007, 12.1601,1,12.1601,0,0
3.45954240299761, 16.7825,3.45954240299761, 12.5975,1,12.5975,0,0
3.65970833040774, 17.595,3.65970833040774, 29.8978,1,29.8978,0,1
3.65970833040774, 15.7562,3.65970833040774, 12.8534,1,12.8534,0,1
3.65970833040774, 16.7276,3.65970833040774, 12.8077,1,12.8077,0,0
3.65970833040774, 17.1699,3.65970833040774, 11.3011,1,11.3011,0,0
3.70973790436983, 15.3666,3.70973790436983, 29.0793,1,29.0793,0,1
3.70973790436983, 17.6078,3.70973790436983, 12.3922,1,12.3922,0,1
3.70973790436983, 17.1412,3.70973790436983, 12.2132,1,12.2132,0,0
3.72640067897737, 16.3137,3.72640067897737, 12.8608,1,12.8608,0,0
3.79314737953246, 18.524,3.79314737953246, 29.4722,1,29.4722,0,1
3.79314737953246, 15.4464,3.79314737953246, 13.4098,1,13.4098,0,1
3.79314737953246, 16.1273,3.79314737953246, 12.9333,1,12.9333,0,1
3.79314737953246, 16.8618,3.79314737953246, 11.2924,1,11.2924,0,0
3.84315770491958, 17.2879,3.84315770491958, 29.3042,1,29.3042,0,1
3.84315770491958, 15.695,3.84315770491958, 13.2049,1,13.2049,0,1
3.84315770491958, 18.6713,3.84315770491958, 13.0126,1,13.0126,0,1
3.84315770491958, 14.8624,3.84315770491958, 11.1888,1,11.1888,0,0
3.90988750383258, 16.1478,3.90988750383258, 29.1435,1,29.1435,0,1
3.90988750383258, 16.927,3.90988750383258, 13.3129,1,13.3129,0,1
3.90988750383258, 16.6818,3.90988750383258, 12.8877,1,12.8877,0,1
3.90988750383258, 16.8047,3.90988750383258, 11.2495,1,11.2495,0,0
3.976602204144, 18.7479,3.976602204144, 29.4039,1,29.4039,0,1
3.976602204144, 14.7853,3.976602204144, 13.2516,1,13.2516,0,1
3.976602204144, 16.14,3.976602204144, 13.0228,1,13.0228,0,1
3.976602204144, 17.502,3.976602204144, 11.2685,1,11.2685,0,0
4.04332410544157, 18.2439,4.04332410544157, 29.554,1,29.554,0,1
4.04332410544157, 15.9652,4.04332410544157, 13.0139,1,13.0139,0,1
4.04332410544157, 15.9673,4.04332410544157, 13.0286,1,13.0286,0,1
4.04332410544157, 16.5524,4.04332410544157, 11.6728,1,11.6728,0,0
4.11004120483994, 17.7063,4.11004120483994, 28.6212,1,28.6212,0,1
4.11004120483994, 15.2551,4.11004120483994, 13.1893,1,13.1893,0,1
4.11004120483994, 16.3028,4.11004120483994, 13.0141,1,13.0141,0,1
4.11004120483994, 17.524,4.11004120483994, 11.3586,1,11.3586,0,0
4.21016342937946, 54.0898,4.21016342937946, 60.8988,1,60.8988,0,3
4.21016342937946, 2.7653,4.21016342937946, 12.4923,1,12.4923,0,3
4.21016342937946, 2.0696,4.21016342937946, 11.5229,2,11.5229,0,2
4.21016342937946, 5.9559,4.21016342937946, 13.1214,3,13.1214,0,2
4.21016342937946, 18.097,4.21016342937946, 12.3026,3,12.3026,0,2
4.21016342937946, 18.1948,4.21016342937946, 12.3603,3,12.3603,0,2
4.21016342937946, 14.2216,4.21016342937946, 11.3879,2,11.3879,0,1
4.21016342937946, 17.3961,4.21016342937946, 12.9768,2,12.9768,0,1
4.21016342937946, 16.6215,4.21016342937946, 13.092,2,13.092,0,1
4.21016342937946, 16.3689,4.21016342937946, 12.9535,1,12.9535,0,1
4.21016342937946, 16.0684,4.21016342937946, 12.1605,1,12.1605,0,0
4.27684932760894, 17.8689,4.27684932760894, 26.6568,1,26.6568,0,1
4.27684932760894, 15.9077,4.27684932760894, 12.6211,1,12.6211,0,1
4.27684932760894, 18.4986,4.27684932760894, 12.0496,1,12.0496,0,0
4.29351210221648, 14.9166,4.29351210221648, 12.2621,1,12.2621,0,0
4.44362037628889, 17.3604,4.44362037628889, 29.6993,1,29.6993,0,1
4.44362037628889, 15.803,4.44362037628889, 12.3566,1,12.3566,0,1
4.44362037628889, 16.679,4.44362037628889, 12.2179,1,12.2179,0,0
4.46028315089643, 16.66,4.46028315089643, 12.0752,1,12.0752,0,0
4.51034640148282, 17.8255,4.51034640148282, 30.3665,1,30.3665,0,1
4.51034640148282, 16.6772,4.51034640148282, 12.494,1,12.494,0,1
4.51034640148282, 17.753,4.51034640148282, 11.914,1,11.914,0,0
4.52700917609036, 14.497,4.52700917609036, 12.4509,1,12.4509,0,0
4.57706590183079, 17.5655,4.57706590183079, 28.9431,1,28.9431,0,0
4.62705422565341, 54.9709,4.62705422565341, 50.2955,1,50.2955,0,3
4.62705422565341, 1.7876,4.62705422565341, 10.8096,1,10.8096,0,3
4.62705422565341, 1.7323,4.62705422565341, 10.9423,2,10.9423,0,2
4.62705422565341, 7.2629,4.62705422565341, 11.932,3,11.932,0,2
4.62705422565341, 17.0234,4.62705422565341, 12.3913,3,12.3913,0,2
4.62705422565341, 15.8652,4.62705422565341, 10.0212,3,10.0212,0,1
4.62705422565341, 18.6777,4.62705422565341, 12.8435,2,12.8435,0,1
4.62705422565341, 16.2344,4.62705422565341, 10.31,2,10.31,0,0
4.67714980058372, 23.7462,4.67714980058372, 20.7698,1,20.7698,0,1
4.67714980058372, 8.1117,4.67714980058372, 12.3519,1,12.3519,0,1
4.67714980058372, 17.0275,4.67714980058372, 9.9751,1,9.9751,0,0
4.77721859700978, 18.5529,4.77721859700978, 27.8885,1,27.8885,0,1
4.77721859700978, 14.4551,4.77721859700978, 12.4663,1,12.4663,0,1
4.77721859700978, 18.9301,4.77721859700978, 12.3461,1,12.3461,0,0
4.77721859700978, 14.0153,4.77721859700978, 11.2912,1,11.2912,0,0
4.82726749591529, 16.9984,4.82726749591529, 30.8627,1,30.8627,0,1
4.82726749591529, 17.139,4.82726749591529, 10.2996,1,10.2996,0,0
4.87728182226419, 23.0414,4.87728182226419, 22.8519,1,22.8519,0,1
4.87728182226419, 9.5046,4.87728182226419, 12.4801,1,12.4801,0,1
4.87728182226419, 19.9208,4.87728182226419, 10.2946,1,10.2946,0,0
4.9273515958339, 15.6529,4.9273515958339, 27.1023,1,27.1023,0,1
4.9273515958339, 15.0606,4.9273515958339, 12.0202,1,12.0202,0,0
4.99400269426405, 55.8867,4.99400269426405, 55.2492,1,55.2492,0,3
4.99400269426405, 2.9987,4.99400269426405, 10.9584,1,10.9584,0,2
4.99400269426405, 1.5322,4.99400269426405, 10.1447,2,10.1447,0,1
4.99400269426405, 8.0228,4.99400269426405, 11.4161,3,11.4161,0,0
5.0607546698302, 54.9381,5.0607546698302, 32.6831,3,32.6831,0,3
5.0607546698302, 1.9909,5.0607546698302, 12.734,1,12.734,0,3
5.0607546698302, 2.1287,5.0607546698302, 11.9687,2,11.9687,0,2
5.0607546698302, 7.2222,5.0607546698302, 12.1791,3,12.1791,0,2
5.0607546698302, 15.8676,5.0607546698302, 12.7952,3,12.7952,0,2
5.0607546698302, 17.6417,5.0607546698302, 13.1797,3,13.1797,0,2
5.0607546698302, 15.132,5.0607546698302, 10.5239,2,10.5239,0,1
5.0607546698302, 18.5446,5.0607546698302, 13.7588,2,13.7588,0,1
5.0607546698302, 17.7503,5.0607546698302, 10.6819,2,10.6819,0,0
5.11081069521606, 24.948,5.11081069521606, 19.8508,1,19.8508,0,1
5.11081069521606, 6.3471,5.11081069521606, 15.3015,1,15.3015,0,1
5.11081069521606, 17.3395,5.11081069521606, 13.6899,1,13.6899,0,1
5.11081069521606, 16.6277,5.11081069521606, 11.1386,1,11.1386,0,0
5.22759162262082, 18.6834,5.22759162262082, 17.0046,1,17.0046,0,0
5.24425439722836, 13.0531,5.24425439722836, 14.6187,1,14.6187,0,0
5.2776169218123, 18.4383,5.2776169218123, 29.1114,1,29.1114,0,1
5.2776169218123, 16.209,5.2776169218123, 13.8826,1,13.8826,0,1
5.2776169218123, 17.9506,5.2776169218123, 12.8852,1,12.8852,0,1
5.2776169218123, 15.4203,5.2776169218123, 11.6212,1,11.6212,0,0
5.31098692119122, 17.3705,5.31098692119122, 16.3406,1,16.3406,0,0
5.3610121216625, 16.2927,5.3610121216625, 28.8786,1,28.8786,0,1
5.3610121216625, 16.5041,5.3610121216625, 13.1905,1,13.1905,0,1
5.3610121216625, 17.397,5.3610121216625, 13.09,1,13.09,0,1
5.3610121216625, 16.1618,5.3610121216625, 11.7898,1,11.7898,0,0
5.41102442145348, 16.5909,5.41102442145348, 28.612,1,28.612,0,1
5.41102442145348, 17.0324,5.41102442145348, 11.8669,1,11.8669,0,1
5.41102442145348, 16.3363,5.41102442145348, 13.5671,1,13.5671,0,0
5.42768719606102, 17.5656,5.42768719606102, 13.352,1,13.352,0,0
5.47776049748063, 14.9642,5.47776049748063, 14.2556,1,14.2556,0,0
5.51108604669571, 16.723,5.51108604669571, 30.5071,1,30.5071,0,1
5.51108604669571, 17.2662,5.51108604669571, 10.517,1,10.517,0,0
5.5444559212774, 23.3558,5.5444559212774, 22.8812,1,22.8812,0,1
5.5444559212774, 10.5985,5.5444559212774, 11.8489,1,11.8489,0,1
5.5444559212774, 17.299,5.5444559212774, 12.9613,1,12.9613,0,0
5.56111869588494, 16.162,5.56111869588494, 12.0059,1,12.0059,0,0
5.61119049601257, 20.0707,5.61119049601257, 29.5609,1,29.5609,0,1
5.61119049601257, 11.7257,5.61119049601257, 13.2293,1,13.2293,0,1
5.61119049601257, 18.5769,5.61119049601257, 11.0891,1,11.0891,0,0
5.62785327062011, 15.6887,5.62785327062011, 14.1242,1,14.1242,0,0
5.67790629528463, 17.5201,5.67790629528463, 27.6717,1,27.6717,0,1
5.67790629528463, 14.2373,5.67790629528463, 12.2155,1,12.2155,0,1
5.67790629528463, 18.4788,5.67790629528463, 11.3955,1,11.3955,0,0
5.71125242114067, 16.1215,5.71125242114067, 14.393,1,14.393,0,0
5.74457797035575, 17.6965,5.74457797035575, 27.4212,1,27.4212,0,1
5.74457797035575, 15.5363,5.74457797035575, 12.2357,1,12.2357,0,1
5.74457797035575, 16.4613,5.74457797035575, 11.3081,1,11.3081,0,0
5.77800282090902, 17.6009,5.79466559551656, 26.6585,1,26.6585,0,1
5.79466559551656, 16.4628,5.79466559551656, 12.3044,1,12.3044,0,1
5.79466559551656, 15.8304,5.79466559551656, 11.1333,1,11.1333,0,0
5.84470069594681, 18.2893,5.84470069594681, 26.5071,1,26.5071,0,1
5.84470069594681, 16.2375,5.84470069594681, 12.0847,1,12.0847,0,1
5.84470069594681, 16.2011,5.84470069594681, 11.1749,1,11.1749,0,0
5.89474579505622, 17.1074,5.89474579505622, 27.1718,1,27.1718,0,1
5.89474579505622, 17.0912,5.89474579505622, 12.1902,1,12.1902,0,1
5.89474579505622, 14.5379,5.89474579505622, 11.4937,1,11.4937,0,0
5.9280993193388, 18.5231,5.9280993193388, 14.1848,1,14.1848,0,0
5.96142486855388, 16.7169,5.96142486855388, 29.6338,1,29.6338,0,1
5.96142486855388, 15.5369,5.96142486855388, 12.4166,1,12.4166,0,1
5.96142486855388, 17.9458,5.96142486855388, 10.0187,1,10.0187,0,0
6.01146479323506, 17.1109,6.01146479323506, 27.7477,1,27.7477,0,1
6.01146479323506, 14.4172,6.01146479323506, 11.9327,1,11.9327,0,1
6.01146479323506, 16.8496,6.01146479323506, 11.3709,1,11.3709,0,0
6.04487371817231, 17.5054,6.04487371817231, 14.2611,1,14.2611,0,0
6.07819926738739, 16.9729,6.07819926738739, 28.0461,1,28.0461,0,1
6.07819926738739, 15.9967,6.07819926738739, 12.0962,1,12.0962,0,1
6.07819926738739, 17.0344,6.07819926738739, 11.4393,1,11.4393,0,0
6.12825339287519, 17.3862,6.12825339287519, 26.5889,1,26.5889,0,1
6.12825339287519, 16.4464,6.12825339287519, 11.9661,1,11.9661,0,1
6.12825339287519, 16.0512,6.12825339287519, 10.9367,1,10.9367,0,0
6.16162791848183, 17.5512,6.16162791848183, 27.028,1,27.028,0,1
6.16162791848183, 16.5234,6.16162791848183, 12.1957,1,12.1957,0,1
6.16162791848183, 16.8084,6.16162791848183, 11.2249,1,11.2249,0,0
6.21163761802018, 16.8374,6.22830039262772, 26.761,1,26.761,0,1
6.22830039262772, 16.0869,6.22830039262772, 12.2812,1,12.2812,0,1
6.22830039262772, 15.9297,6.22830039262772, 12.6891,1,12.6891,0,0
6.27838351763785, 18.9608,6.27838351763785, 26.0749,1,26.0749,0,1
6.27838351763785, 13.7354,6.27838351763785, 12.0213,1,12.0213,0,1
6.27838351763785, 18.073,6.27838351763785, 11.381,1,11.381,0,0
6.36173224076629, 55.7763,6.36173224076629, 59.2687,1,59.2687,0,3
6.36173224076629, 1.6848,6.36173224076629, 12.49,1,12.49,0,3
6.36173224076629, 2.1708,6.36173224076629, 11.5777,2,11.5777,0,2
6.36173224076629, 5.8129,6.36173224076629, 12.1682,3,12.1682,0,2
6.36173224076629, 17.1027,6.36173224076629, 13.5954,3,13.5954,0,2
6.36173224076629, 18.233,6.36173224076629, 10.8227,3,10.8227,0,1
6.36173224076629, 17.3909,6.36173224076629, 11.7244,2,11.7244,0,1
6.36173224076629, 16.5595,6.36173224076629, 12.286,2,12.286,0,1
6.36173224076629, 15.0266,6.36173224076629, 12.8576,1,12.8576,0,1
6.36173224076629, 17.4329,6.36173224076629, 13.3714,1,13.3714,0,1
6.36173224076629, 16.6278,6.36173224076629, 10.528,1,10.528,0,0
6.41181971691549, 19.6543,6.41181971691549, 21.6939,1,21.6939,0,0
6.41181971691549, 12.7144,6.41181971691549, 11.5848,1,11.5848,0,0
6.54523879475892, 19.4615,6.54523879475892, 29.8155,1,29.8155,0,1
6.54523879475892, 13.4504,6.54523879475892, 12.4841,1,12.4841,0,1
6.54523879475892, 18.9545,6.54523879475892, 12.7877,1,12.7877,0,0
6.54523879475892, 16.1897,6.56190156936646, 12.3107,1,12.3107,0,0
6.6119434684515, 16.9681,6.6119434684515, 28.9511,1,28.9511,0,1
6.6119434684515, 15.5069,6.6119434684515, 12.9007,1,12.9007,0,1
6.6119434684515, 18.8108,6.6119434684515, 10.2777,1,10.2777,0,0
6.66199599392712, 16.5517,6.66199599392712, 27.249,1,27.249,0,1
6.66199599392712, 14.7637,6.66199599392712, 13.1181,1,13.1181,0,1
6.66199599392712, 18.9507,6.66199599392712, 10.1235,1,10.1235,0,0
6.71201049350202, 18.5746,6.71201049350202, 26.5408,1,26.5408,0,1
6.71201049350202, 12.6448,6.71201049350202, 12.646,1,12.646,0,1
6.71201049350202, 17.8958,6.71201049350202, 12.9699,1,12.9699,0,0
6.72867326810956, 16.4275,6.72867326810956, 13.6819,1,13.6819,0,0
6.77873946726322, 16.5105,6.77873946726322, 27.3264,1,27.3264,0,1
6.77873946726322, 15.0734,6.77873946726322, 12.7718,1,12.7718,0,1
6.77873946726322, 19.532,6.77873946726322, 11.68,1,11.68,0,0
6.81212841719389, 16.334,6.81212841719389, 15.164,1,15.164,0,0
6.84548481740057, 15.1003,6.84548481740057, 27.3041,1,27.3041,0,1
6.84548481740057, 15.6773,6.84548481740057, 13.1,1,13.1,0,1
6.84548481740057, 19.6532,6.84548481740057, 10.4479,1,10.4479,0,0
6.87884771637619, 18.2525,6.87884771637619, 19.3606,1,19.3606,0,0
6.87884771637619, 13.2756,6.87884771637619, 11.7824,1,11.7824,0,0
6.9288360401988, 17.4554,6.9288360401988, 30.4613,1,30.4613,0,1
6.9288360401988, 17.0738,6.9288360401988, 13.4543,1,13.4543,0,1
6.9288360401988, 16.456,6.9288360401988, 13.2712,1,13.2712,0,1
6.9288360401988, 16.7285,6.9288360401988, 11.9121,1,11.9121,0,0
6.94549881480634, 15.7027,6.94549881480634, 14.579,1,14.579,0,0
6.99557766504586, 18.8858,6.99557766504586, 29.0201,1,29.0201,0,1
6.99557766504586, 14.6567,6.99557766504586, 12.3993,1,12.3993,0,1
6.99557766504586, 18.1266,6.99557766504586, 11.9484,1,11.9484,0,0
7.01227961480618, 14.8198,7.01227961480618, 13.0215,1,13.0215,0,0
7.07897436246276, 17.4201,7.07897436246276, 29.5533,1,29.5533,0,1
7.07897436246276, 16.2251,7.07897436246276, 12.9699,1,12.9699,0,1
7.07897436246276, 17.537,7.07897436246276, 11.9826,1,11.9826,0,0
7.0956371370703, 16.439,7.0956371370703, 12.947,1,12.947,0,0
7.14565076120198, 16.5774,7.14565076120198, 29.1238,1,29.1238,0,1
7.14565076120198, 16.6747,7.14565076120198, 12.9106,1,12.9106,0,1
7.14565076120198, 18.1107,7.14565076120198, 12.5808,1,12.5808,0,0
7.14565076120198, 15.0337,7.14565076120198, 11.2579,1,11.2579,0,0
7.19574378617108, 16.3975,7.19574378617108, 29.9362,1,29.9362,0,1
7.19574378617108, 17.0721,7.19574378617108, 11.848,1,11.848,0,1
7.19574378617108, 17.6785,7.19574378617108, 12.09,1,12.09,0,0
7.21240656077862, 14.8745,7.21240656077862, 12.1775,1,12.1775,0,0
7.26246148534119, 18.7214,7.26246148534119, 29.104,1,29.104,0,1
7.26246148534119, 14.2512,7.26246148534119, 12.0158,1,12.0158,0,1
7.26246148534119, 18.3873,7.26246148534119, 11.0877,1,11.0877,0,0
7.31251820921898, 14.9203,7.31251820921898, 14.6634,1,14.6634,0,0
7.34584375843406, 17.1669,7.34584375843406, 30.2606,1,30.2606,0,1
7.34584375843406, 16.9911,7.34584375843406, 10.9441,1,10.9441,0,1
7.34584375843406, 16.7521,7.34584375843406, 11.094,1,11.094,0,0
7.37920540943742, 16.7103,7.37920540943742, 14.5814,1,14.5814,0,0
7.41258810833097, 16.5804,7.41258810833097, 28.9966,1,28.9966,0,1
7.41258810833097, 15.6531,7.41258810833097, 11.1046,1,11.1046,0,1
7.41258810833097, 18.3919,7.41258810833097, 11.1149,1,11.1149,0,0
7.46261528320611, 15.967,7.46261528320611, 27.3658,1,27.3658,0,1
7.46261528320611, 15.8403,7.46261528320611, 10.7302,1,10.7302,0,0
7.52931425720453, 56.2765,7.52931425720453, 55.2597,1,55.2597,0,3
7.52931425720453, 3.2569,7.52931425720453, 11.3979,1,11.3979,0,3
7.52931425720453, 1.5436,7.52931425720453, 11.1898,2,11.1898,0,2
7.52931425720453, 6.5249,7.52931425720453, 11.4671,3,11.4671,0,2
7.52931425720453, 15.0852,7.52931425720453, 11.9032,3,11.9032,0,2
7.52931425720453, 18.371,7.52931425720453, 11.1869,3,11.1869,0,1
7.52931425720453, 16.5965,7.52931425720453, 11.3179,2,11.3179,0,1
7.52931425720453, 16.0214,7.52931425720453, 11.9006,2,11.9006,0,1
7.52931425720453, 16.5574,7.52931425720453, 10.1016,1,10.1016,0,0
7.5793682821095, 19.1844,7.5793682821095, 26.8914,1,26.8914,0,1
7.5793682821095, 13.779,7.5793682821095, 11.9313,1,11.9313,0,1
7.5793682821095, 18.1808,7.5793682821095, 10.8718,1,10.8718,0,0
7.69613698124886, 16.3489,7.69613698124886, 27.5742,1,27.5742,0,1
7.69613698124886, 17.2089,7.69613698124886, 11.7156,1,11.7156,0,1
7.69613698124886, 16.0631,7.69613698124886, 11.2155,1,11.2155,0,0
7.74617008119822, 17.3862,7.74617008119822, 25.839,1,25.839,0,1
7.74617008119822, 14.918,7.74617008119822, 12.049,1,12.049,0,1
7.74617008119822, 17.1612,7.74617008119822, 11.191,1,11.191,0,0
7.79620508104563, 16.4679,7.79620508104563, 27.8086,1,27.8086,0,1
7.79620508104563, 17.384,7.79620508104563, 12.1274,1,12.1274,0,1
7.79620508104563, 17.0602,7.79620508104563, 11.0615,1,11.0615,0,0
7.82957190647721, 15.3574,7.82957190647721, 26.8599,1,26.8599,0,1
7.82957190647721, 16.9553,7.82957190647721, 12.1327,1,12.1327,0,1
7.82957190647721, 18.0128,7.82957190647721, 9.9428,1,9.9428,0,0
7.89627677947283, 15.4142,7.89627677947283, 28.1037,1,28.1037,0,1
7.89627677947283, 16.7064,7.89627677947283, 11.8218,1,11.8218,0,0
7.92965520359576, 23.4785,7.92965520359576, 20.2051,1,20.2051,0,0
7.9463179782033, 20.8612,7.9463179782033, 17.5963,1,17.5963,0,1
7.9463179782033, 4.6537,7.9463179782033, 12.6999,1,12.6999,0,1
7.9463179782033, 19.2654,7.9463179782033, 11.5879,1,11.5879,0,0
7.97969790361822, 15.4217,7.97969790361822, 16.5385,1,16.5385,0,0
8.01305830292404, 18.3699,8.01305830292404, 26.7635,1,26.7635,0,1
8.01305830292404, 14.4254,8.01305830292404, 12.6156,1,12.6156,0,1
8.01305830292404, 19.2602,8.01305830292404, 11.1666,1,11.1666,0,0
8.02972107753158, 13.6939,8.02972107753158, 12.1211,1,12.1211,0,0
8.07975277677178, 19.5266,8.07975277677178, 30.8786,1,30.8786,0,1
8.07975277677178, 14.0808,8.07975277677178, 12.3442,1,12.3442,0,0
8.14642145112157, 56.6893,8.14642145112157, 54.6507,1,54.6507,0,3
8.14642145112157, 2.0892,8.14642145112157, 13.3346,1,13.3346,0,3
8.14642145112157, 2.2283,8.14642145112157, 13.043,2,13.043,0,3
8.14642145112157, 5.6682,8.14642145112157, 12.0782,3,12.0782,0,2
8.14642145112157, 18.0799,8.14642145112157, 11.414,3,11.414,0,2
8.14642145112157, 16.635,8.14642145112157, 12.8587,3,12.8587,0,2
8.14642145112157, 16.8772,8.14642145112157, 13.3984,3,13.3984,0,1
8.14642145112157, 15.3787,8.14642145112157, 12.9703,2,12.9703,0,1
8.14642145112157, 19.1467,8.14642145112157, 11.4419,2,11.4419,0,1
8.14642145112157, 15.6808,8.14642145112157, 14.8279,1,14.8279,0,1
8.14642145112157, 16.8671,8.14642145112157, 11.8805,1,11.8805,0,0
8.14642145112157, 17.109,8.14642145112157, 13.0328,1,13.0328,0,0
8.1965371016413, 15.8974,8.1965371016413, 22.3871,1,22.3871,0,1
8.1965371016413, 17.0621,8.1965371016413, 11.3478,1,11.3478,0,0
8.21319987624884, 16.5462,8.21319987624884, 12.9203,1,12.9203,0,0
8.36330397985876, 16.9641,8.36330397985876, 29.5942,1,29.5942,0,1
8.36330397985876, 15.6234,8.36330397985876, 11.1706,1,11.1706,0,1
8.36330397985876, 18.2545,8.36330397985876, 11.026,1,11.026,0,0
8.39667960442603, 15.4744,8.39667960442603, 16.8576,1,16.8576,0,0
8.43003920465708, 17.2021,8.43003920465708, 27.9685,1,27.9685,0,1
8.43003920465708, 16.2252,8.43003920465708, 13.1699,1,13.1699,0,1
8.43003920465708, 18.5236,8.43003920465708, 12.4824,1,12.4824,0,1
8.43003920465708, 13.5552,8.43003920465708, 11.7419,1,11.7419,0,0
8.46336475387216, 17.4393,8.46336475387216, 16.8217,1,16.8217,0,0
8.51343490369618, 19.2236,8.51343490369618, 29.1236,1,29.1236,0,1
8.51343490369618, 14.0013,8.51343490369618, 13.2148,1,13.2148,0,1
8.51343490369618, 19.3185,8.51343490369618, 12.7224,1,12.7224,0,0
8.51343490369618, 14.3564,8.51343490369618, 11.7202,1,11.7202,0,0
8.54679640382528, 17.4124,8.54679640382528, 17.2681,1,17.2681,0,0
8.59683450497687, 16.6096,8.59683450497687, 27.8755,1,27.8755,0,0
8.61349727958441, 27.2356,8.61349727958441, 18.354,1,18.354,0,1
8.61349727958441, 5.9314,8.61349727958441, 15.0765,1,15.0765,0,1
8.61349727958441, 18.3143,8.61349727958441, 13.3313,1,13.3313,0,1
8.61349727958441, 15.6647,8.61349727958441, 13.4753,1,13.4753,0,0
8.64686820469797, 19.6033,8.64686820469797, 22.4624,1,22.4624,0,1
8.64686820469797, 13.9446,8.64686820469797, 13.7436,1,13.7436,0,1
8.64686820469797, 17.1543,8.64686820469797, 12.6374,1,12.6374,0,0
8.66353097930551, 15.4719,8.66353097930551, 17.0828,1,17.0828,0,0
8.69691950455308, 16.613,8.69691950455308, 13.4278,1,13.4278,0,0
8.76361730508506, 17.0133,8.76361730508506, 28.3878,1,28.3878,0,1
8.76361730508506, 16.3013,8.76361730508506, 13.083,1,13.083,0,1
8.76361730508506, 17.1799,8.76361730508506, 12.5865,1,12.5865,0,0
8.7802800796926, 17.3592,8.7802800796926, 13.5122,1,13.5122,0,0
8.81365557946265, 16.2341,8.81365557946265, 16.8843,1,16.8843,0,0
8.8470261041075, 16.6089,8.8470261041075, 25.9098,1,25.9098,0,1
8.8470261041075, 15.6421,8.8470261041075, 12.0371,1,12.0371,0,1
8.8470261041075, 17.4986,8.8470261041075, 11.8628,1,11.8628,0,0
8.8803872037679, 17.0192,8.8803872037679, 16.2789,1,16.2789,0,0
8.91371275298297, 16.0693,8.91371275298297, 26.7121,1,26.7121,0,1
8.91371275298297, 15.8101,8.91371275298297, 13.7716,1,13.7716,0,1
8.91371275298297, 17.2953,8.91371275298297, 12.5503,1,12.5503,0,0
8.93037552759051, 16.9504,8.93037552759051, 12.3487,1,12.3487,0,0
8.98042905330658, 17.0241,8.98042905330658, 29.5387,1,29.5387,0,1
8.98042905330658, 15.3968,8.98042905330658, 11.9525,1,11.9525,0,1
8.98042905330658, 19.036,8.98042905330658, 11.6302,1,11.6302,0,0
8.98042905330658, 13.0465,8.98042905330658, 10.9111,1,10.9111,0,0
9.03048807755113, 20.5607,9.03048807755113, 30.7848,1,30.7848,0,1
9.03048807755113, 14.3191,9.03048807755113, 11.7152,1,11.7152,0,1
9.03048807755113, 15.869,9.03048807755113, 15.8812,1,15.8812,0,1
9.03048807755113, 17.551,9.03048807755113, 11.6887,1,11.6887,0,0
9.08054150082171, 17.5977,9.08054150082171, 16.3256,1,16.3256,0,0
9.13057459890842, 16.8381,9.13057459890842, 27.2235,1,27.2235,0,1
9.13057459890842, 15.4227,9.13057459890842, 11.515,1,11.515,0,1
9.13057459890842, 17.5134,9.13057459890842, 11.6705,1,11.6705,0,0
9.16393649950624, 16.4264,9.16393649950624, 15.2742,1,15.2742,0,0
9.19729549996555, 17.0527,9.19729549996555, 31.6877,1,31.6877,0,1
9.19729549996555, 18.9687,9.19729549996555, 13.8401,1,13.8401,0,1
9.19729549996555, 13.8787,9.19729549996555, 12.1781,1,12.1781,0,1
9.19729549996555, 17.0326,9.19729549996555, 11.2722,1,11.2722,0,0
9.23066860064864, 16.8925,9.23066860064864, 17.6355,1,17.6355,0,0
9.28069349937141, 16.3208,9.28069349937141, 25.8185,1,25.8185,0,1
9.28069349937141, 15.6716,9.28069349937141, 12.4312,1,12.4312,0,1
9.28069349937141, 17.6076,9.28069349937141, 11.942,1,11.942,0,0
9.33073119819164, 18.4843,9.33073119819164, 26.1239,1,26.1239,0,1
9.33073119819164, 15.4709,9.33073119819164, 10.9562,1,10.9562,0,1
9.33073119819164, 15.8779,9.33073119819164, 11.2602,1,11.2602,0,0
9.38075477257371, 16.3713,9.38075477257371, 27.7958,1,27.7958,0,1
9.38075477257371, 16.7518,9.38075477257371, 12.4506,1,12.4506,0,1
9.38075477257371, 15.7599,9.38075477257371, 12.0921,1,12.0921,0,0
9.38075477257371, 17,9.39741754718125, 11.3472,1,11.3472,0,0
9.43081737309694, 17.7718,9.43081737309694, 30.6628,1,30.6628,0,1
9.43081737309694, 15.963,9.43081737309694, 12.6625,1,12.6625,0,1
9.43081737309694, 18.8066,9.43081737309694, 11.6461,1,11.6461,0,0
9.44748014770448, 14.0961,9.44748014770448, 13.5305,1,13.5305,0,0
9.51417994685471, 17.9725,9.51417994685471, 27.536,1,27.536,0,1
9.51417994685471, 16.0439,9.51417994685471, 12.3722,1,12.3722,0,1
9.51417994685471, 16.6386,9.51417994685471, 11.4204,1,11.4204,0,0
9.54756609722972, 16.7875,9.54756609722972, 16.7713,1,16.7713,0,0
9.58092939667404, 16.3439,9.58092939667404, 26.9216,1,26.9216,0,1
9.58092939667404, 16.2255,9.58092939667404, 11.5782,1,11.5782,0,0
9.64763134531677, 57.379,9.64763134531677, 54.2959,1,54.2959,0,3
9.64763134531677, 2.0281,9.64763134531677, 12.2596,1,12.2596,0,3
9.64763134531677, 2.0054,9.64763134531677, 11.6936,2,11.6936,0,2
9.64763134531677, 4.8828,9.64763134531677, 12.5991,3,12.5991,0,2
9.64763134531677, 17.4318,9.64763134531677, 13.5173,3,13.5173,0,2
9.64763134531677, 21.1488,9.64763134531677, 13.1665,3,13.1665,0,2
9.64763134531677, 13.7777,9.64763134531677, 11.9843,2,11.9843,0,1
9.64763134531677, 15.5391,9.64763134531677, 12.295,2,12.295,0,1
9.64763134531677, 17.9876,9.64763134531677, 13.2941,2,13.2941,0,1
9.64763134531677, 15.8282,9.64763134531677, 13.8009,1,13.8009,0,1
9.64763134531677, 15.861,9.64763134531677, 12.7363,1,12.7363,0,1
9.64763134531677, 16.5181,9.64763134531677, 11.534,1,11.534,0,0
9.68100009486079, 17.8757,9.68100009486079, 27.165,1,27.165,0,1
9.68100009486079, 15.8004,9.68100009486079, 12.7132,1,12.7132,0,1
9.68100009486079, 16.7244,9.68100009486079, 11.3986,1,11.3986,0,0
9.84771796315908, 18.9291,9.84771796315908, 28.1791,1,28.1791,0,1
9.84771796315908, 13.62,9.84771796315908, 13.157,1,13.157,0,1
9.84771796315908, 17.5527,9.84771796315908, 13.012,1,13.012,0,0
9.86438073776662, 18.1649,9.86438073776662, 13.368,1,13.368,0,0
9.91449856385589, 16.2821,9.91449856385589, 15.954,1,15.954,0,0
9.94782411307096, 15.9353,9.94782411307096, 28.2038,1,28.2038,0,1
9.94782411307096, 16.8445,9.94782411307096, 12.0015,1,12.0015,0,1
9.94782411307096, 17.8461,9.94782411307096, 12.6533,1,12.6533,0,0
9.94782411307096, 13.9857,9.94782411307096, 11.4373,1,11.4373,0,0
9.99786946363747, 18.7838,9.99786946363747, 30.2296,1,30.2296,0,1
9.99786946363747, 14.5636,9.99786946363747, 13.3995,1,13.3995,0,1
9.99786946363747, 19.3959,9.99786946363747, 12.5667,1,12.5667,0,1
9.99786946363747, 14.3891,9.99786946363747, 11.8244,1,11.8244,0,0
10.0646126624197, 19.4815,10.0646126624197, 28.0616,1,28.0616,0,1
10.0646126624197, 16.8429,10.0646126624197, 12.7258,1,12.7258,0,1
10.0646126624197, 14.8082,10.0646126624197, 11.5605,1,11.5605,0,0
10.1146723888814, 18.2322,10.1146723888814, 18.2916,1,18.2916,0,0
10.1479979380965, 18.5686,10.1479979380965, 25.2104,1,25.2104,0,1
10.1479979380965, 12.1808,10.1479979380965, 13.3821,1,13.3821,0,1
10.1479979380965, 20.4056,10.1479979380965, 12.4358,1,12.4358,0,0
10.1479979380965, 13.4674,10.1479979380965, 11.5838,1,11.5838,0,0
10.1813856884837, 17.7958,10.1813856884837, 16.4708,1,16.4708,0,0
10.2314218897372, 17.746,10.2314218897372, 29.4963,1,29.4963,0,1
10.2314218897372, 14.5037,10.2314218897372, 13.6209,1,13.6209,0,1
10.2314218897372, 17.0125,10.2314218897372, 11.2437,1,11.2437,0,0
10.2647474389523, 17.735,10.2647474389523, 17.7446,1,17.7446,0,0
10.2647474389523, 15.3859,10.2647474389523, 11.6039,1,11.6039,0,0
10.3147678636014, 17.8986,10.3147678636014, 29.3778,1,29.3778,0,1
10.3147678636014, 15.4731,10.3147678636014, 12.8829,1,12.8829,0,1
10.3147678636014, 19.018,10.3147678636014, 12.5644,1,12.5644,0,0
10.3649328891188, 17.9433,10.3649328891188, 25.9648,1,25.9648,0,1
10.3649328891188, 13.708,10.3649328891188, 14.416,1,14.416,0,1
10.3649328891188, 16.9959,10.3649328891188, 12.4915,1,12.4915,0,1
10.3649328891188, 17.0684,10.3649328891188, 13.4994,1,13.4994,0,1
10.3649328891188, 14.6181,10.3649328891188, 11.1064,1,11.1064,0,0
10.3982584383339, 18.6528,10.3982584383339, 29.0282,1,29.0282,0,1
10.3982584383339, 14.2354,10.3982584383339, 13.1739,1,13.1739,0,1
10.3982584383339, 17.4752,10.3982584383339, 10.136,1,10.136,0,0
10.4149212129414, 16.4254,10.4149212129414, 14.2323,1,14.2323,0,0
10.5149173364043, 17.4425,10.5149173364043, 29.8865,1,29.8865,0,1
10.5149173364043, 15.579,10.5149173364043, 12.8648,1,12.8648,0,1
10.5149173364043, 19.0932,10.5149173364043, 11.9614,1,11.9614,0,0
10.548339586705, 17.0023,10.548339586705, 16.2878,1,16.2878,0,0
10.5650023613125, 14.8518,10.5650023613125, 13.3084,1,13.3084,0,0
10.5983536615968, 16.0897,10.5983536615968, 30.949,1,30.949,0,1
10.5983536615968, 17.6856,10.5983536615968, 11.9536,1,11.9536,0,1
10.5983536615968, 14.8604,10.5983536615968, 12.3776,1,12.3776,0,1
10.5983536615968, 17.0174,10.5983536615968, 10.9168,1,10.9168,0,0
10.6483616605401, 18.0287,10.6483616605401, 29.9855,1,29.9855,0,1
10.6483616605401, 16.9929,10.6483616605401, 12.5463,1,12.5463,0,1
10.6483616605401, 17.6766,10.6483616605401, 10.0882,1,10.0882,0,0
10.6984476838261, 16.322,10.6984476838261, 16.2499,1,16.2499,0,0
10.7318047843874, 16.3877,10.7318047843874, 26.0891,1,26.0891,0,1
10.7318047843874, 16.0018,10.7318047843874, 12.6394,1,12.6394,0,1
10.7318047843874, 17.7055,10.7318047843874, 10.0311,1,10.0311,0,0
10.765175383538, 16.1988,10.7818381581455, 28.838,1,28.838,0,1
10.7818381581455, 14.8178,10.7818381581455, 12.4144,1,12.4144,0,1
10.7818381581455, 18.3949,10.7818381581455, 12.5617,1,12.5617,0,0
10.7985009327531, 15.8954,10.7985009327531, 12.6758,1,12.6758,0,0
10.8485296331346, 17.0682,10.8485296331346, 29.2084,1,29.2084,0,1
10.8485296331346, 15.5586,10.8485296331346, 12.36,1,12.36,0,1
10.8485296331346, 19.1,10.8485296331346, 10.0157,1,10.0157,0,0
10.8986026849598, 16.7852,10.8986026849598, 27.6121,1,27.6121,0,1
10.8986026849598, 14.3506,10.8986026849598, 14.782,1,14.782,0,1
10.8986026849598, 18.3162,10.8986026849598, 12.3411,1,12.3411,0,1
10.8986026849598, 15.7637,10.8986026849598, 11.1496,1,11.1496,0,0
10.9319282341748, 16.8048,10.9319282341748, 17.8972,1,17.8972,0,0
10.9819898828864, 15.9927,10.9819898828864, 27.1358,1,27.1358,0,1
10.9819898828864, 17.4265,10.9819898828864, 12.24,1,12.24,0,1
10.9819898828864, 15.9263,10.9819898828864, 11.779,1,11.779,0,0
10.9986526574939, 18.2374,10.9986526574939, 14.4615,1,14.4615,0,0
11.0320446826518, 15.3911,11.0320446826518, 15.0656,1,15.0656,0,0
11.0653702318668, 17.2872,11.0653702318668, 30.1414,1,30.1414,0,1
11.0653702318668, 15.9659,11.0653702318668, 12.2218,1,12.2218,0,1
11.0653702318668, 15.9295,11.0653702318668, 11.4854,1,11.4854,0,0
11.098760381341, 18.4257,11.098760381341, 16.7936,1,16.7936,0,0
11.1154231559485, 16.6098,11.1154231559485, 14.4101,1,14.4101,0,0
11.148793682456, 15.5054,11.148793682456, 28.7221,1,28.7221,0,1
11.148793682456, 17.206,11.148793682456, 12.3066,1,12.3066,0,1
11.148793682456, 16.6217,11.148793682456, 12.6002,1,12.6002,0,0
11.148793682456, 16.0459,11.148793682456, 10.8996,1,10.8996,0,0
11.1988167576492, 18.0899,11.1988167576492, 30.6114,1,30.6114,0,1
11.1988167576492, 15.0111,11.1988167576492, 12.3421,1,12.3421,0,1
11.1988167576492, 18.2022,11.1988167576492, 12.8217,1,12.8217,0,0
11.2154795322567, 16.3728,11.2154795322567, 12.7694,1,12.7694,0,0
11.265557859093, 15.8752,11.265557859093, 15.5118,1,15.5118,0,0
11.298883408308, 16.6441,11.298883408308, 29.8997,1,29.8997,0,1
11.298883408308, 18.2325,11.298883408308, 12.1864,1,12.1864,0,1
11.298883408308, 14.809,11.298883408308, 11.8701,1,11.8701,0,0
11.3155461829156, 16.8419,11.3155461829156, 12.849,1,12.849,0,0
11.3656124584377, 17.6204,11.3656124584377, 30.1303,1,30.1303,0,1
11.3656124584377, 16.41,11.3656124584377, 12.7909,1,12.7909,0,1
11.3656124584377, 18.921,11.3656124584377, 12.4563,1,12.4563,0,0
11.3822752330452, 14.8124,11.3822752330452, 12.157,1,12.157,0,0
11.4323024321347, 16.27,11.4323024321347, 29.3599,1,29.3599,0,1
11.4323024321347, 17.8826,11.4323024321347, 13.0967,1,13.0967,0,1
11.4323024321347, 15.6622,11.4323024321347, 12.2058,1,12.2058,0,0
11.4489652067423, 17.381,11.4489652067423, 12.6405,1,12.6405,0,0
11.4990151580423, 16.1917,11.4990151580423, 29.7988,1,29.7988,0,1
11.4990151580423, 16.9391,11.4990151580423, 12.4322,1,12.4322,0,1
11.4990151580423, 16.8896,11.4990151580423, 12.9037,1,12.9037,0,0
11.4990151580423, 16.5998,11.4990151580423, 11.5735,1,11.5735,0,0
11.5324229821563, 16.0927,11.5324229821563, 29.9513,1,29.9513,0,1
11.5324229821563, 17.5966,11.5324229821563, 12.4368,1,12.4368,0,1
11.5324229821563, 14.9632,11.5324229821563, 13.1427,1,13.1427,0,0
11.5324229821563, 18.5095,11.5324229821563, 12.1921,1,12.1921,0,0
11.6492680795491, 55.6215,11.6492680795491, 59.6598,1,59.6598,0,3
11.6492680795491, 2.5718,11.6492680795491, 12.8076,1,12.8076,0,3
11.6492680795491, 2.3117,11.6492680795491, 11.6383,2,11.6383,0,2
11.6492680795491, 4.7766,11.6492680795491, 13.3874,2,13.3874,0,2
11.6492680795491, 18.0267,11.6492680795491, 13.3842,3,13.3842,0,2
11.6492680795491, 17.8703,11.6492680795491, 13.1055,3,13.1055,0,2
11.6492680795491, 14.4979,11.6492680795491, 13.3542,2,13.3542,0,2
11.6492680795491, 16.6256,11.6492680795491, 11.6116,2,11.6116,0,1
11.6492680795491, 16.2635,11.6492680795491, 11.0581,2,11.0581,0,1
11.6492680795491, 17.8386,11.6492680795491, 13.8246,2,13.8246,0,1
11.6492680795491, 18.4209,11.6492680795491, 13.4604,1,13.4604,0,0
11.6492680795491, 14.6259,11.6492680795491, 11.087,1,11.087,0,0
11.6992185804993, 16.2336,11.6992185804993, 28.3254,1,28.3254,0,1
11.6992185804993, 17.6964,11.6992185804993, 12.3717,1,12.3717,0,1
11.6992185804993, 16.7221,11.6992185804993, 11.7467,1,11.7467,0,0
11.8994942773134, 54.8943,11.8994942773134, 59.6623,1,59.6623,0,3
11.8994942773134, 2.3058,11.8994942773134, 12.6113,1,12.6113,0,3
11.8994942773134, 1.7853,11.8994942773134, 11.3972,2,11.3972,0,2
11.8994942773134, 6.6915,11.8994942773134, 12.8195,3,12.8195,0,2
11.8994942773134, 17.906,11.8994942773134, 12.3728,3,12.3728,0,2
11.8994942773134, 17.816,11.8994942773134, 12.7702,3,12.7702,0,2
11.8994942773134, 14.4971,11.8994942773134, 11.5344,2,11.5344,0,1
11.8994942773134, 17.0637,11.8994942773134, 13.4998,2,13.4998,0,1
11.8994942773134, 18.6554,11.8994942773134, 12.5246,2,12.5246,0,1
11.8994942773134, 14.55,11.8994942773134, 12.6717,1,12.6717,0,1
11.8994942773134, 18.3556,11.8994942773134, 11.3071,1,11.3071,0,0
11.9494162760675, 15.0011,11.9494162760675, 26.1984,1,26.1984,0,0
12.0998698771, 56.7685,12.0998698771, 49.5941,1,49.5941,0,3
12.0998698771, 1.8905,12.0998698771, 12.5487,1,12.5487,0,3
12.0998698771, 1.8621,12.0998698771, 10.0774,2,10.0774,0,2
12.0998698771, 5.0523,12.0998698771, 14.8436,3,14.8436,0,2
12.0998698771, 18.4041,12.0998698771, 12.5721,3,12.5721,0,2
12.0998698771, 15.6512,12.0998698771, 12.3294,3,12.3294,0,2
12.0998698771, 17.686,12.0998698771, 11.6537,2,11.6537,0,1
12.0998698771, 15.2555,12.0998698771, 12.5385,2,12.5385,0,1
12.0998698771, 18.3835,12.0998698771, 11.8709,2,11.8709,0,1
12.0998698771, 15.2881,12.0998698771, 13.5728,1,13.5728,0,0
12.0998698771, 18.076,12.0998698771, 10.9805,1,10.9805,0,0
12.1495633777231, 15.3625,12.1495633777231, 26.1453,1,26.1453,0,1
12.1495633777231, 17.9859,12.1495633777231, 12.1637,1,12.1637,0,1
12.1495633777231, 14.6941,12.1495633777231, 11.4493,1,11.4493,0,0
12.3163806516677, 18.3941,12.3163806516677, 28.4036,1,28.4036,0,1
12.3163806516677, 14.8422,12.3163806516677, 12.5639,1,12.5639,0,1
12.3163806516677, 19.3932,12.3163806516677, 11.2828,1,11.2828,0,0
12.3330434262753, 13.804,12.3497062008828, 15.4362,1,15.4362,0,0
12.3830698765814, 18.1811,12.3830698765814, 27.7643,1,27.7643,0,1
12.3830698765814, 15.2182,12.3830698765814, 12.4144,1,12.4144,0,1
12.3830698765814, 19.1953,12.3830698765814, 9.987,1,9.987,0,0
12.4164281766862, 14.4868,12.4164281766862, 18.3013,1,18.3013,0,0
12.4497922770679, 18.0209,12.4497922770679, 24.3664,1,24.3664,0,1
12.4497922770679, 15.4533,12.4497922770679, 12.2144,1,12.2144,0,1
12.4497922770679, 17.3754,12.4497922770679, 11.2586,1,11.2586,0,0
12.4998312760144, 16.7147,12.4998312760144, 28.5606,1,28.5606,0,1
12.4998312760144, 16.2906,12.4998312760144, 12.5133,1,12.5133,0,1
12.4998312760144, 17.2383,12.4998312760144, 12.0704,1,12.0704,0,0
12.5331888757646, 17.2162,12.5331888757646, 18.9673,1,18.9673,0,1
12.5331888757646, 16.1931,12.5331888757646, 10.0555,1,10.0555,0,0
12.5832035504282, 17.6404,12.5832035504282, 29.8545,1,29.8545,0,1
12.5832035504282, 15.0713,12.5832035504282, 12.7257,1,12.7257,0,1
12.5832035504282, 18.8414,12.5832035504282, 11.7867,1,11.7867,0,0
12.6165813747793, 16.2298,12.6165813747793, 17.9524,1,17.9524,0,1
12.6165813747793, 14.9424,12.6165813747793, 11.6466,1,11.6466,0,0
12.6499289739877, 16.2727,12.6499289739877, 15.6017,1,15.6017,0,0
12.6832545232028, 18.7844,12.6832545232028, 30.0392,1,30.0392,0,0
12.6999172978103, 25.7935,12.6999172978103, 16.4243,1,16.4243,0,1
12.6999172978103, 6.8823,12.6999172978103, 13.0534,1,13.0534,0,1
12.6999172978103, 17.0361,12.6999172978103, 10.1203,1,10.1203,0,0
12.7333354726434, 16.6087,12.7333354726434, 20.2864,1,20.2864,0,1
12.7333354726434, 15.3818,12.7333354726434, 11.4272,1,11.4272,0,0
12.783323796466, 17.84,12.783323796466, 28.5128,1,28.5128,0,1
12.783323796466, 14.5354,12.783323796466, 12.7974,1,12.7974,0,1
12.783323796466, 18.1308,12.783323796466, 12.8162,1,12.8162,0,0
12.783323796466, 17.0393,12.7999865710735, 12.9712,1,12.9712,0,0
12.8334044460207, 16.1351,12.8334044460207, 15.4002,1,15.4002,0,0
12.8667299952358, 16.3969,12.8667299952358, 29.6123,1,29.6123,0,1
12.8667299952358, 16.5946,12.8667299952358, 12.5698,1,12.5698,0,1
12.8667299952358, 16.4962,12.8667299952358, 11.1078,1,11.1078,0,0
12.9001415707171, 18.3897,12.9001415707171, 18.1771,1,18.1771,0,0
12.9168043453246, 16.1438,12.9168043453246, 12.8884,1,12.8884,0,0
12.9501980710775, 17.5015,12.9501980710775, 29.0914,1,29.0914,0,1
12.9501980710775, 15.2201,12.9501980710775, 14.4232,1,14.4232,0,1
12.9501980710775, 17.1995,12.9501980710775, 13.386,1,13.386,0,1
12.9501980710775, 17.039,12.9501980710775, 11.4854,1,11.4854,0,0
12.9835425708443, 15.6163,12.9835425708443, 19.3737,1,19.3737,0,0
13.0002053454518, 17.8145,13.0002053454518, 12.8221,1,12.8221,0,0
13.0502483695745, 15.6991,13.0502483695745, 28.0186,1,28.0186,0,1
13.0502483695745, 15.9713,13.0502483695745, 12.5477,1,12.5477,0,1
13.0502483695745, 18.7965,13.0502483695745, 12.5995,1,12.5995,0,0
13.0502483695745, 14.4039,13.0502483695745, 11.3251,1,11.3251,0,0
13.1003114432096, 18.4089,13.1003114432096, 30.3022,1,30.3022,0,1
13.1003114432096, 15.9698,13.1003114432096, 12.3357,1,12.3357,0,1
13.1003114432096, 17.3603,13.1003114432096, 14.0102,1,14.0102,0,0
13.1003114432096, 16.1598,13.1003114432096, 10.9463,1,10.9463,0,0
13.1503333691508, 17.6797,13.1503333691508, 18.1827,1,18.1827,0,0
13.2003675699234, 16.1026,13.2003675699234, 29.7793,1,29.7793,0,1
13.2003675699234, 17.0749,13.2003675699234, 12.6903,1,12.6903,0,1
13.2003675699234, 16.0162,13.2003675699234, 12.7649,1,12.7649,0,0
13.2003675699234, 17.515,13.2003675699234, 12.1605,1,12.1605,0,0
13.2337406706065, 16.6846,13.2337406706065, 27.9156,1,27.9156,0,1
13.2337406706065, 15.7929,13.2337406706065, 11.9336,1,11.9336,0,1
13.2337406706065, 16.3851,13.2337406706065, 11.1387,1,11.1387,0,0
13.3004499711096, 16.963,13.3004499711096, 18.3595,1,18.3595,0,0
13.3171127457172, 16.4535,13.3171127457172, 11.8967,1,11.8967,0,0
13.3504382949322, 16.9724,13.3504382949322, 29.0963,1,29.0963,0,1
13.3504382949322, 15.7985,13.3504382949322, 11.9351,1,11.9351,0,1
13.3504382949322, 18.1869,13.3504382949322, 10.9847,1,10.9847,0,0
13.383844871074, 16.8541,13.383844871074, 16.8108,1,16.8108,0,0
13.417170420289, 16.3582,13.417170420289, 26.9922,1,26.9922,0,1
13.417170420289, 16.2853,13.417170420289, 12.0393,1,12.0393,0,1
13.417170420289, 17.8867,13.417170420289, 11.1222,1,11.1222,0,0
13.4505802709609, 15.4341,13.4505802709609, 17.3135,1,17.3135,0,0
13.483905820176, 17.2553,13.483905820176, 26.3251,1,26.3251,0,1
13.483905820176, 15.2476,13.483905820176, 12.0863,1,12.0863,0,1
13.483905820176, 18.2636,13.483905820176, 11.1467,1,11.1467,0,0
13.5172823704779, 16.3693,13.5172823704779, 17.7063,1,17.7063,0,0
13.5506356693804, 17.3456,13.5506356693804, 25.5213,1,25.5213,0,1
13.5506356693804, 15.6316,13.5506356693804, 12.1893,1,12.1893,0,1
13.5506356693804, 17.0935,13.5506356693804, 11.0759,1,11.0759,0,0
13.5839997697622, 15.4778,13.5839997697622, 17.854,1,17.854,0,0
13.6173546686769, 17.7529,13.6173546686769, 24.8833,1,24.8833,0,0
13.6673429924995, 55.6267,13.6673429924995, 50.0831,1,50.0831,0,3
13.6673429924995, 2.9057,13.6673429924995, 12.6706,1,12.6706,0,3
13.6673429924995, 1.5686,13.6673429924995, 11.7099,2,11.7099,0,2
13.6673429924995, 6.231,13.6673429924995, 11.9544,3,11.9544,0,2
13.6673429924995, 15.8387,13.6673429924995, 11.8702,3,11.8702,0,2
13.6673429924995, 18.1015,13.6673429924995, 12.3151,3,12.3151,0,1
13.6673429924995, 15.8512,13.6673429924995, 11.9502,2,11.9502,0,1
13.6673429924995, 19.0393,13.6673429924995, 11.6878,2,11.6878,0,1
13.6673429924995, 14.5774,13.6673429924995, 12.0751,1,12.0751,0,1
13.6673429924995, 17.5257,13.6673429924995, 11.1983,1,11.1983,0,0
13.7008867673576, 15.3403,13.7008867673576, 20.5976,1,20.5976,0,1
13.7008867673576, 16.9903,13.7008867673576, 11.1897,1,11.1897,0,0
13.8175122682005, 16.2224,13.8175122682005, 16.3522,1,16.3522,0,0
13.8508378174156, 17.3709,13.8508378174156, 28.3823,1,28.3823,0,1
13.8508378174156, 15.7172,13.8508378174156, 12.0578,1,12.0578,0,1
13.8508378174156, 17.4605,13.8508378174156, 11.1146,1,11.1146,0,0
13.8842151667923, 16.3614,13.8842151667923, 17.1285,1,17.1285,0,0
13.9175885673612, 16.9323,13.9175885673612, 27.1386,1,27.1386,0,1
13.9175885673612, 15.923,13.9175885673612, 13.3646,1,13.3646,0,1
13.9175885673612, 18.1652,13.9175885673612, 12.8408,1,12.8408,0,0
13.9175885673612, 15.9101,13.9175885673612, 11.2112,1,11.2112,0,0
13.950948568061, 16.4885,13.950948568061, 17.6017,1,17.6017,0,0
14.0009849667549, 16.6049,14.0009849667549, 28.9367,1,28.9367,0,1
14.0009849667549, 16.8935,14.0009849667549, 12.542,1,12.542,0,1
14.0009849667549, 16.9482,14.0009849667549, 12.3372,1,12.3372,0,0
14.0176477413625, 17.0726,14.0176477413625, 14.6618,1,14.6618,0,0
14.0510065406561, 17.1965,14.0510065406561, 15.6258,1,15.6258,0,0
14.0843320898712, 16.0015,14.0843320898712, 27.8985,1,27.8985,0,1
14.0843320898712, 18.0674,14.0843320898712, 11.8745,1,11.8745,0,0
14.1178235653788, 22.032,14.1178235653788, 21.676,1,21.676,0,1
14.1178235653788, 10.4184,14.1178235653788, 13.5525,1,13.5525,0,1
14.1178235653788, 16.6093,14.1178235653788, 13.2214,1,13.2214,0,1
14.1178235653788, 16.3032,14.1178235653788, 11.6331,1,11.6331,0,0
14.1511491145939, 16.9539,14.1511491145939, 28.437,1,28.437,0,1
14.1511491145939, 16.1942,14.1511491145939, 12.16,1,12.16,0,0
14.2178639657795, 24.5589,14.2178639657795, 20.7325,1,20.7325,0,1
14.2178639657795, 8.3891,14.2178639657795, 13.2888,1,13.2888,0,1
14.2178639657795, 19.0922,14.2178639657795, 13.772,1,13.772,0,0
14.2178639657795, 15.3452,14.2178639657795, 11.4569,1,11.4569,0,0
14.2511895149946, 16.6806,14.2511895149946, 20.078,1,20.078,0,0
14.2678522896022, 16.0206,14.2678522896022, 13.3305,1,13.3305,0,0
14.3178968653083, 17.2253,14.3178968653083, 30.1972,1,30.1972,0,1
14.3178968653083, 16.8817,14.3178968653083, 13.6898,1,13.6898,0,1
14.3178968653083, 16.8677,14.3178968653083, 13.1442,1,13.1442,0,1
14.3178968653083, 15.6944,14.3178968653083, 13.4183,1,13.4183,0,0
14.3345596399158, 19.1614,14.3345596399158, 15.9178,1,15.9178,0,0
14.3679192401469, 16.6469,14.3679192401469, 17.1342,1,17.1342,0,0
14.4179424662143, 16.5119,14.4179424662143, 24.6318,1,24.6318,0,1
14.4179424662143, 13.8447,14.4179424662143, 13.9192,1,13.9192,0,1
14.4179424662143, 18.853,14.4179424662143, 12.7296,1,12.7296,0,0
14.4346052408218, 16.7811,14.4346052408218, 13.6978,1,13.6978,0,0
14.4680112674832, 15.2598,14.4680112674832, 14.5309,1,14.5309,0,0
14.5013368166983, 15.9731,14.5013368166983, 28.657,1,28.657,0,1
14.5013368166983, 16.9087,14.5013368166983, 12.5582,1,12.5582,0,1
14.5013368166983, 17.0416,14.5013368166983, 13.8306,1,13.8306,0,0
14.5179995913059, 17.4388,14.5179995913059, 12.6892,1,12.6892,0,0
14.5513789672405, 16.042,14.5513789672405, 16.1564,1,16.1564,0,0
14.5847639665008, 16.4093,14.5847639665008, 29.5785,1,29.5785,0,1
14.5847639665008, 17.0581,14.5847639665008, 12.9053,1,12.9053,0,1
14.5847639665008, 19.0066,14.5847639665008, 12.1897,1,12.1897,0,1
14.5847639665008, 13.605,14.5847639665008, 11.0026,1,11.0026,0,0
14.6181287672371, 16.9395,14.6181287672371, 18.1745,1,18.1745,0,0
14.6681624688208, 16.9147,14.6681624688208, 27.589,1,27.589,0,1
14.6681624688208, 16.6194,14.6681624688208, 11.0879,1,11.0879,0,0
14.7015225682408, 21.9764,14.7015225682408, 22.1382,1,22.1382,0,1
14.7015225682408, 10.9274,14.7015225682408, 11.495,1,11.495,0,1
14.7015225682408, 17.8388,14.7015225682408, 11.0137,1,11.0137,0,0
14.7348481174558, 16.8663,14.7348481174558, 17.5216,1,17.5216,0,0
14.7682376671582, 15.1968,14.7682376671582, 27.0194,1,27.0194,0,1
14.7682376671582, 18.413,14.7682376671582, 13.1576,1,13.1576,0,1
14.7682376671582, 17.4574,14.7682376671582, 11.6552,1,11.6552,0,0
14.8016031663865, 17.5084,14.8016031663865, 17.986,1,17.986,0,0
14.8016031663865, 13.7157,14.8016031663865, 11.028,1,11.028,0,0
14.8515914902091, 17.0815,14.8515914902091, 28.9788,1,28.9788,0,1
14.8515914902091, 16.0182,14.8515914902091, 10.8374,1,10.8374,0,1
14.8515914902091, 17.4509,14.8515914902091, 11.0213,1,11.0213,0,0
14.8849967662245, 16.294,14.8849967662245, 15.449,1,15.449,0,0
14.9183223154396, 15.8504,14.9183223154396, 29.1118,1,29.1118,0,1
14.9183223154396, 16.4538,14.9183223154396, 13.3844,1,13.3844,0,1
14.9183223154396, 19.48,14.9183223154396, 11.1884,1,11.1884,0,0
14.9516912661493, 14.3422,14.9516912661493, 25.9101,1,25.9101,0,1
14.9516912661493, 17.9666,14.9516912661493, 11.6283,1,11.6283,0,0
15.0350818168372, 54.0574,15.0350818168372, 53.8432,1,53.8432,0,3
15.0350818168372, 3.3738,15.0350818168372, 12.0145,1,12.0145,0,2
15.0350818168372, 1.4285,15.0350818168372, 11.0718,2,11.0718,0,2
15.0350818168372, 6.12,15.0350818168372, 12.5694,3,12.5694,0,2
15.0350818168372, 19.5662,15.0350818168372, 10.6977,3,10.6977,0,2
15.0350818168372, 16.2452,15.0350818168372, 11.2785,2,11.2785,0,1
15.0350818168372, 15.6939,15.0350818168372, 11.9825,2,11.9825,0,1
15.0350818168372, 16.2079,15.0350818168372, 12.6091,2,12.6091,0,1
15.0350818168372, 15.8421,15.0350818168372, 12.6156,1,12.6156,0,0
15.0517445914447, 18.9953,15.0517445914447, 12.6282,1,12.6282,0,0
15.1017995160073, 15.3932,15.1017995160073, 42.6497,1,42.6497,0,2
15.1017995160073, 17.8346,15.1017995160073, 12.3544,1,12.3544,0,2
15.1017995160073, 14.907,15.1017995160073, 11.3501,2,11.3501,0,1
15.1017995160073, 16.7118,15.1017995160073, 12.2195,2,12.2195,0,1
15.1017995160073, 16.7425,15.1017995160073, 12.5922,2,12.5922,0,1
15.1017995160073, 18.4283,15.1017995160073, 11.6399,1,11.6399,0,0
15.2519130129367, 54.3202,15.2519130129367, 56.9181,1,56.9181,0,3
15.2519130129367, 2.8527,15.2519130129367, 12.6498,1,12.6498,0,3
15.2519130129367, 1.7599,15.2519130129367, 11.4997,2,11.4997,0,2
15.2519130129367, 5.5525,15.2519130129367, 11.7701,3,11.7701,0,2
15.2519130129367, 16.9894,15.2519130129367, 12.0982,3,12.0982,0,2
15.2519130129367, 17.2156,15.2519130129367, 13.1759,3,13.1759,0,2
15.2519130129367, 15.2765,15.2519130129367, 9.9173,2,9.9173,0,1
15.2519130129367, 18.2359,15.2519130129367, 12.5808,2,12.5808,0,1
15.2519130129367, 16.596,15.2519130129367, 11.2981,2,11.2981,0,0
15.2519130129367, 17.2711,15.2519130129367, 11.1768,1,11.1768,0,0
15.3353472631425, 15.088,15.3353472631425, 25.7472,1,25.7472,0,1
15.3353472631425, 18.4876,15.3353472631425, 12.0126,1,12.0126,0,0
15.3353472631425, 15.3394,15.3353472631425, 11.538,1,11.538,0,0
15.4687499664724, 16.2512,15.4687499664724, 16.1989,1,16.1989,0,0
15.4854127410799, 17.3724,15.4854127410799, 29.2312,1,29.2312,0,1
15.4854127410799, 15.9939,15.4854127410799, 12.3767,1,12.3767,0,1
15.4854127410799, 16.28,15.4854127410799, 11.5074,1,11.5074,0,0
15.5521609392017, 19.3854,15.5521609392017, 26.4117,1,26.4117,0,1
15.5521609392017, 14.0528,15.5521609392017, 12.192,1,12.192,0,1
15.5521609392017, 17.9938,15.5521609392017, 12.1513,1,12.1513,0,0
15.5688237138093, 16.9315,15.5688237138093, 13.8513,1,13.8513,0,0
15.6022133640945, 15.1183,15.6022133640945, 15.3327,1,15.3327,0,0
15.6355389133096, 16.1867,15.6355389133096, 30.0359,1,30.0359,0,1
15.6355389133096, 18.5726,15.6355389133096, 12.1408,1,12.1408,0,1
15.6355389133096, 16.5302,15.6355389133096, 12.6805,1,12.6805,0,0
15.6522016879171, 16.1271,15.6522016879171, 12.7028,1,12.7028,0,0
15.7023821119219, 17.2256,15.7023821119219, 29.5169,1,29.5169,0,1
15.7023821119219, 16.7613,15.7023821119219, 13.3746,1,13.3746,0,1
15.7023821119219, 15.5136,15.7023821119219, 13.4982,1,13.4982,0,0
15.7023821119219, 18.4378,15.7023821119219, 10.953,1,10.953,0,0
15.735707661137, 16.6756,15.735707661137, 17.2501,1,17.2501,0,0
15.7856877632439, 17.2507,15.7856877632439, 28.0943,1,28.0943,0,1
15.7856877632439, 15.7486,15.7856877632439, 13.6822,1,13.6822,0,1
15.7856877632439, 19.0767,15.7856877632439, 13.377,1,13.377,0,1
15.7856877632439, 14.5448,15.7856877632439, 11.2061,1,11.2061,0,0
15.819050963968, 16.8267,15.819050963968, 29.0523,1,29.0523,0,1
15.819050963968, 16.4063,15.819050963968, 12.9612,1,12.9612,0,1
15.819050963968, 16.7612,15.819050963968, 13.2969,1,13.2969,0,0
15.819050963968, 16.5975,15.819050963968, 11.5139,1,11.5139,0,0
15.8857684638351, 16.4863,15.8857684638351, 20.1566,1,20.1566,0,0
15.9024312384427, 18.0293,15.9024312384427, 14.939,1,14.939,0,0
15.9525123368949, 17.7556,15.9525123368949, 26.5572,1,26.5572,0,1
15.9525123368949, 13.9711,15.9525123368949, 12.7514,1,12.7514,0,1
15.9525123368949, 18.3036,15.9525123368949, 11.2591,1,11.2591,0,0
15.9858378861099, 16.1079,15.9858378861099, 19.855,1,19.855,0,0
15.9858378861099, 16.3857,15.9858378861099, 11.191,1,11.191,0,0
16.019163435325, 15.8126,16.019163435325, 16.4323,1,16.4323,0,0
16.0525583606213, 17.8909,16.0525583606213, 28.9743,1,28.9743,0,1
16.0525583606213, 15.8318,16.0525583606213, 12.8465,1,12.8465,0,1
16.0525583606213, 17.5124,16.0525583606213, 11.8757,1,11.8757,0,0
16.0692211352289, 15.5472,16.0692211352289, 12.8803,1,12.8803,0,0
16.1192474104464, 18.4521,16.1192474104464, 30.4973,1,30.4973,0,1
16.1192474104464, 15.6218,16.1192474104464, 13.4093,1,13.4093,0,1
16.1192474104464, 17.2625,16.1192474104464, 12.9563,1,12.9563,0,1
16.1192474104464, 15.9325,16.1192474104464, 11.2266,1,11.2266,0,0
16.1693012360483, 16.8765,16.1693012360483, 28.4856,1,28.4856,0,1
16.1693012360483, 16.3949,16.1693012360483, 12.7895,1,12.7895,0,1
16.1693012360483, 18.5898,16.1693012360483, 13.3049,1,13.3049,0,0
16.1693012360483, 15.173,16.1693012360483, 11.0905,1,11.0905,0,0
16.2193782627583, 16.3775,16.2193782627583, 18.2076,1,18.2076,0,0
16.3027096111327, 55.267,16.3027096111327, 58.6308,1,58.6308,0,1
16.3027096111327, 3.101,16.3027096111327, 11.9516,1,11.9516,0,0
16.3361158613116, 30.7404,16.3361158613116, 23.8006,2,23.8006,0,3
16.3361158613116, 2.2591,16.3361158613116, 13.8157,1,13.8157,0,3
16.3361158613116, 2.6893,16.3361158613116, 13.3597,2,13.3597,0,3
16.3361158613116, 6.5042,16.3361158613116, 10.105,2,10.105,0,2
16.3361158613116, 17.4621,16.3361158613116, 13.9733,3,13.9733,0,2
16.3361158613116, 16.2669,16.3361158613116, 13.296,3,13.296,0,2
16.3361158613116, 15.8341,16.3361158613116, 12.1219,3,12.1219,0,2
16.3361158613116, 17.9735,16.3361158613116, 9.9745,2,9.9745,0,1
16.3361158613116, 15.7199,16.3361158613116, 12.6759,2,12.6759,0,1
16.3361158613116, 16.0593,16.3361158613116, 11.9783,2,11.9783,0,1
16.3361158613116, 16.1819,16.3361158613116, 11.1132,1,11.1132,0,0
16.3694678619504, 16.8667,16.3694678619504, 24.9737,1,24.9737,0,1
16.3694678619504, 15.4137,16.3694678619504, 12.2003,1,12.2003,0,0
16.3694678619504, 18.5189,16.3694678619504, 10.9428,1,10.9428,0,0
16.5195913668722, 15.9326,16.5195913668722, 28.6276,1,28.6276,0,1
16.5195913668722, 16.6677,16.5195913668722, 12.5421,1,12.5421,0,1
16.5195913668722, 16.8929,16.5195913668722, 11.6479,1,11.6479,0,0
16.5696197673678, 16.218,16.5696197673678, 16.6138,1,16.6138,0,0
16.6029726676643, 17.1225,16.6029726676643, 25.4898,1,25.4898,0,1
16.6029726676643, 15.6191,16.6029726676643, 12.5067,1,12.5067,0,1
16.6029726676643, 16.974,16.6029726676643, 11.6894,1,11.6894,0,0
16.6363445669413, 17.2456,16.6363445669413, 17.1155,1,17.1155,0,0
16.6696916669607, 18.3312,16.6696916669607, 26.154,1,26.154,0,1
16.6696916669607, 15.7303,16.6696916669607, 10.8262,1,10.8262,0,1
16.6696916669607, 16.2315,16.6696916669607, 11.2938,1,11.2938,0,0
16.7030583675951, 17.2733,16.7030583675951, 15.4923,1,15.4923,0,0
16.7364159673452, 18.1449,16.7364159673452, 28.8098,1,28.8098,0,1
16.7364159673452, 14.7312,16.7364159673452, 12.6614,1,12.6614,0,1
16.7364159673452, 18.4388,16.7364159673452, 10.0288,1,10.0288,0,0
16.7864407412708, 16.0656,16.7864407412708, 26.8553,1,26.8553,0,1
16.7864407412708, 13.8726,16.7864407412708, 12.3205,1,12.3205,0,1
16.7864407412708, 18.4196,16.7864407412708, 11.4239,1,11.4239,0,0
16.8198187667876, 16.6923,16.8198187667876, 16.5479,1,16.5479,0,0
16.8531659673899, 17.047,16.8531659673899, 26.5121,1,26.5121,0,1
16.8531659673899, 14.2571,16.8531659673899, 12.0996,1,12.0996,0,1
16.8531659673899, 18.1335,16.8531659673899, 11.481,1,11.481,0,0
16.8865347672254, 17.0656,16.8865347672254, 17.0094,1,17.0094,0,0
16.9198854677379, 16.0234,16.9198854677379, 26.9207,1,26.9207,0,1
16.9198854677379, 17.4267,16.9198854677379, 12.2749,1,12.2749,0,1
16.9198854677379, 16.4424,16.9198854677379, 12.3162,1,12.3162,0,0
16.9198854677379, 15.2412,16.9198854677379, 10.8051,1,10.8051,0,0
16.9699076414108, 18.4085,16.9699076414108, 31.0162,1,31.0162,0,1
16.9699076414108, 15.3708,16.9699076414108, 11.8046,1,11.8046,0,1
16.9699076414108, 17.7398,16.9699076414108, 11.3606,1,11.3606,0,0
17.0199758652598, 17.5634,17.0199758652598, 16.6987,1,16.6987,0,0
17.0533226653934, 15.3104,17.0533226653934, 26.9369,1,26.9369,0,1
17.0533226653934, 16.2034,17.0533226653934, 12.648,1,12.648,0,1
17.0533226653934, 18.5821,17.0533226653934, 9.9695,1,9.9695,0,0
17.0866904649884, 16.1795,17.0866904649884, 16.2945,1,16.2945,0,0
17.1200445648283, 15.6492,17.1200445648283, 27.7355,1,27.7355,0,1
17.1200445648283, 15.8632,17.1200445648283, 12.5865,1,12.5865,0,1
17.1200445648283, 19.2855,17.1200445648283, 11.4513,1,11.4513,0,0
17.1534058637917, 14.7357,17.1534058637917, 17.0035,1,17.0035,0,0
17.1867703627795, 18.5717,17.1867703627795, 25.3399,1,25.3399,0,1
17.1867703627795, 14.6405,17.1867703627795, 12.6173,1,12.6173,0,1
17.1867703627795, 16.973,17.1867703627795, 10.1152,1,10.1152,0,0
17.2201260626316, 18.1563,17.2201260626316, 18.6657,1,18.6657,0,0
17.2367888372391, 16.8091,17.2367888372391, 14.9583,1,14.9583,0,0
17.2701633628458, 18.2039,17.2701633628458, 29.1459,1,29.1459,0,1
17.2701633628458, 13.3178,17.2701633628458, 12.1888,1,12.1888,0,0
17.3368503116071, 55.3692,17.3368503116071, 53.3853,1,53.3853,0,3
17.3368503116071, 2.7211,17.3368503116071, 11.3435,1,11.3435,0,3
17.3368503116071, 1.4961,17.3368503116071, 11.2788,2,11.2788,0,2
17.3368503116071, 8.4861,17.3368503116071, 11.2134,3,11.2134,0,2
17.3368503116071, 16.7409,17.3368503116071, 12.9527,3,12.9527,0,2
17.3368503116071, 16.5797,17.3368503116071, 13.8076,3,13.8076,0,1
17.3368503116071, 15.4865,17.3368503116071, 13.9867,2,13.9867,0,1
17.3368503116071, 20.3994,17.3368503116071, 11.9187,2,11.9187,0,1
17.3368503116071, 12.417,17.3368503116071, 12.6518,1,12.6518,0,1
17.3368503116071, 17.8276,17.3368503116071, 13.7986,1,13.7986,0,1
17.3368503116071, 17.3304,17.3368503116071, 16.0278,1,16.0278,0,1
17.3368503116071, 18.4966,17.3368503116071, 12.5803,1,12.5803,0,1
17.3368503116071, 12.9632,17.3368503116071, 11.3967,1,11.3967,0,0
17.3702390622348, 18.4585,17.3702390622348, 23.0995,1,23.0995,0,0
17.3702390622348, 16.4442,17.3702390622348, 12.3402,1,12.3402,0,0
17.553727965802, 17.7221,17.553727965802, 28.6279,1,28.6279,0,1
17.553727965802, 15.6464,17.553727965802, 12.8238,1,12.8238,0,1
17.553727965802, 16.7033,17.553727965802, 12.6075,1,12.6075,0,0
17.553727965802, 16.3205,17.553727965802, 11.4172,1,11.4172,0,0
17.5870721656829, 17.1381,17.5870721656829, 19.2591,1,19.2591,0,0
17.6371081657708, 18.1492,17.6371081657708, 26.6379,1,26.6379,0,1
17.6371081657708, 15.8162,17.6371081657708, 13.0877,1,13.0877,0,1
17.6371081657708, 16.852,17.6371081657708, 12.7351,1,12.7351,0,0
17.6537709403783, 16.2818,17.6537709403783, 13.006,1,13.006,0,0
17.6871381402016, 16.5558,17.6871381402016, 17.2031,1,17.2031,0,0
17.7205191645771, 18.3183,17.7205191645771, 28.4443,1,28.4443,0,1
17.7205191645771, 14.299,17.7205191645771, 12.6138,1,12.6138,0,1
17.7205191645771, 18.2374,17.7205191645771, 11.2763,1,11.2763,0,0
17.7538770642132, 16.1369,17.7538770642132, 18.8591,1,18.8591,0,1
17.7538770642132, 16.4126,17.7538770642132, 11.33,1,11.33,0,0
17.7872026134282, 16.0146,17.7872026134282, 15.8941,1,15.8941,0,0
17.8205820638686, 18.7431,17.8205820638686, 28.8118,1,28.8118,0,1
17.8205820638686, 14.7466,17.8205820638686, 11.5429,1,11.5429,0,1
17.8205820638686, 17.5593,17.8205820638686, 10.8324,1,10.8324,0,0
17.8539474643767, 16.3661,17.8539474643767, 18.2942,1,18.2942,0,0
17.8873019646853, 15.7576,17.8873019646853, 25.8197,1,25.8197,0,1
17.8873019646853, 16.0272,17.8873019646853, 12.7728,1,12.7728,0,1
17.8873019646853, 18.6007,17.8873019646853, 10.5842,1,10.5842,0,0
17.9206854645163, 15.9698,17.9206854645163, 17.8307,1,17.8307,0,0
17.9540110137314, 16.6697,17.9540110137314, 26.0949,1,26.0949,0,1
17.9540110137314, 16.1429,17.9540110137314, 11.6476,1,11.6476,0,1
17.9540110137314, 16.7466,17.9540110137314, 10.9937,1,10.9937,0,0
17.9873816631734, 17.2557,17.9873816631734, 16.9592,1,16.9592,0,0
18.0207328628749, 15.6443,18.0207328628749, 26.2205,1,26.2205,0,1
18.0207328628749, 15.7338,18.0207328628749, 11.9351,1,11.9351,0,1
18.0207328628749, 18.7454,18.0207328628749, 9.9404,1,9.9404,0,0
18.0541012622416, 15.3092,18.0541012622416, 16.766,1,16.766,0,0
18.0874545611441, 16.3895,18.0874545611441, 29.4632,1,29.4632,0,1
18.0874545611441, 17.2909,18.0874545611441, 12.03,1,12.03,0,1
18.0874545611441, 16.2842,18.0874545611441, 11.1372,1,11.1372,0,0
18.1041173357517, 16.6079,18.1041173357517, 12.1841,1,12.1841,0,0
18.1541597358882, 18.1466,18.1541597358882, 29.4083,1,29.4083,0,1
18.1541597358882, 14.6055,18.1541597358882, 12.0733,1,12.0733,0,1
18.1541597358882, 19.2871,18.1541597358882, 11.026,1,11.026,0,0
18.1875371616334, 14.9668,18.1875371616334, 16.6249,1,16.6249,0,0
18.2208849620074, 17.4266,18.2208849620074, 28.0329,1,28.0329,0,1
18.2208849620074, 16.823,18.2208849620074, 11.8688,1,11.8688,0,1
18.2208849620074, 17.1191,18.2208849620074, 11.5774,1,11.5774,0,0
18.2542513608932, 17.0165,18.2542513608932, 16.0535,1,16.0535,0,0
18.2875971607864, 16.7366,18.2875971607864, 27.1662,1,27.1662,0,1
18.2875971607864, 14.7203,18.2875971607864, 13.0811,1,13.0811,0,1
18.2875971607864, 19.0321,18.2875971607864, 9.9822,1,9.9822,0,0
18.3209708612412, 16.8474,18.3209708612412, 16.3407,1,16.3407,0,0
18.3542964104563, 15.0308,18.3542964104563, 27.6051,1,27.6051,0,1
18.3542964104563, 16.2996,18.3542964104563, 13.875,1,13.875,0,1
18.3542964104563, 17.1388,18.3542964104563, 10.8211,1,10.8211,0,0
18.3876877613366, 16.5628,18.3876877613366, 25.6095,1,25.6095,0,1
18.3876877613366, 18.3872,18.3876877613366, 12.8087,1,12.8087,0,1
18.3876877613366, 15.5645,18.3876877613366, 12.6657,1,12.6657,0,0
18.3876877613366, 15.7222,18.3876877613366, 11.5118,1,11.5118,0,0
18.4377238620073, 16.7314,18.4377238620073, 17.7914,1,17.7914,0,0
18.4877578616142, 17.7063,18.4877578616142, 32.1162,1,32.1162,0,1
18.4877578616142, 14.909,18.4877578616142, 16.0933,1,16.0933,0,1
18.4877578616142, 16.9557,18.4877578616142, 16.149,1,16.149,0,1
18.4877578616142, 16.0803,18.4877578616142, 15.9607,1,15.9607,0,1
18.4877578616142, 16.6069,18.4877578616142, 15.0933,1,15.0933,0,1
18.4877578616142, 16.8813,18.4877578616142, 15.5344,1,15.5344,0,1
18.4877578616142, 17.302,18.4877578616142, 13.6771,1,13.6771,0,1
18.4877578616142, 15.9632,18.4877578616142, 12.7063,1,12.7063,0,0
18.4877578616142, 17.4962,18.4877578616142, 11.5456,1,11.5456,0,0
18.5377712603658, 16.5589,18.5377712603658, 19.3121,1,19.3121,0,0
18.6545243598521, 19.316,18.6545243598521, 25.4198,1,25.4198,0,1
18.6545243598521, 15.1173,18.6545243598521, 12.3706,1,12.3706,0,1
18.6545243598521, 16.1424,18.6545243598521, 11.3392,1,11.3392,0,0
18.6879181601107, 16.6795,18.6879181601107, 15.4849,1,15.4849,0,0
18.7545992098749, 57.1042,18.7545992098749, 60.6611,1,60.6611,0,3
18.7545992098749, 2.4244,18.7545992098749, 12.484,1,12.484,0,3
18.7545992098749, 1.2477,18.7545992098749, 10.0303,2,10.0303,0,2
18.7545992098749, 4.3091,18.7545992098749, 13.4618,3,13.4618,0,2
18.7545992098749, 18.9055,18.7545992098749, 11.5549,3,11.5549,0,2
18.7545992098749, 16.6552,18.7545992098749, 12.6556,3,12.6556,0,1
18.7545992098749, 17.9854,18.7545992098749, 11.5512,2,11.5512,0,1
18.7545992098749, 13.8328,18.7545992098749, 12.7768,2,12.7768,0,1
18.7545992098749, 17.178,18.7545992098749, 13.3483,1,13.3483,0,1
18.7545992098749, 18.2557,18.7545992098749, 11.9813,1,11.9813,0,0
18.7712619844824, 17.556,18.7712619844824, 16.804,1,16.804,0,0
18.8046609349549, 15.8817,18.8046609349549, 24.3981,1,24.3981,0,1
18.8046609349549, 17.4931,18.8046609349549, 11.7265,1,11.7265,0,0
18.938164556399, 19.5721,18.938164556399, 22.3678,1,22.3678,0,1
18.938164556399, 11.853,18.938164556399, 13.3067,1,13.3067,0,1
18.938164556399, 18.2995,18.938164556399, 11.9142,1,11.9142,0,0
18.9548273310065, 15.7179,18.9548273310065, 12.7996,1,12.7996,0,0
19.0048156548291, 16.7732,19.0048156548291, 28.9289,1,28.9289,0,1
19.0048156548291, 15.5963,19.0048156548291, 12.9257,1,12.9257,0,1
19.0048156548291, 17.8989,19.0048156548291, 13.1097,1,13.1097,0,0
19.0048156548291, 18.0044,19.0214784294367, 17.7827,1,17.7827,0,1
19.0214784294367, 15.4746,19.0214784294367, 13.4218,1,13.4218,0,0
19.0381936561316, 15.1852,19.0381936561316, 14.0075,1,14.0075,0,0
19.0881819799542, 18.1598,19.0881819799542, 28.4709,1,28.4709,0,1
19.0881819799542, 15.6835,19.0881819799542, 12.9615,1,12.9615,0,1
19.0881819799542, 18.1806,19.0881819799542, 11.9453,1,11.9453,0,0
19.1049043554813, 17.1424,19.1049043554813, 14.7331,1,14.7331,0,0
19.1549454554915, 15.573,19.1549454554915, 15.9259,1,15.9259,0,0
19.1882953550667, 16.4985,19.1882953550667, 28.143,1,28.143,0,1
19.1882953550667, 15.8664,19.1882953550667, 12.7741,1,12.7741,0,1
19.1882953550667, 19.4126,19.1882953550667, 12.4649,1,12.4649,0,0
19.2049581296742, 14.3825,19.2049581296742, 13.1282,1,13.1282,0,0
19.2383281290531, 16.9168,19.2383281290531, 29.4857,1,29.4857,0,1
19.2383281290531, 16.7143,19.2383281290531, 12.7593,1,12.7593,0,1
19.2383281290531, 18.7361,19.2383281290531, 12.7776,1,12.7776,0,0
19.2383281290531, 14.7002,19.2383281290531, 11.0591,1,11.0591,0,0
19.2883830536157, 16.377,19.2883830536157, 18.3407,1,18.3407,0,0
19.3384092524648, 18.4391,19.3384092524648, 27.5402,1,27.5402,0,1
19.3384092524648, 15.4409,19.3384092524648, 13.3516,1,13.3516,0,1
19.3384092524648, 17.2843,19.3384092524648, 12.4077,1,12.4077,0,0
19.3550720270723, 16.4545,19.3550720270723, 12.9858,1,12.9858,0,0
19.3884237259626, 16.3268,19.3884237259626, 16.842,1,16.842,0,0
19.42181475088, 17.0846,19.42181475088, 27.7348,1,27.7348,0,1
19.42181475088, 16.5102,19.42181475088, 12.3784,1,12.3784,0,1
19.42181475088, 17.4097,19.42181475088, 11.2546,1,11.2546,0,0
19.4551754500717, 17.4735,19.4551754500717, 17.1456,1,17.1456,0,0
19.4885239508003, 15.3016,19.4885239508003, 25.5596,1,25.5596,0,1
19.4885239508003, 15.0204,19.4885239508003, 12.8102,1,12.8102,0,1
19.4885239508003, 18.6993,19.4885239508003, 12.3421,1,12.3421,0,0
19.5051867254078, 15.074,19.5051867254078, 12.5403,1,12.5403,0,0
19.5552477501333, 16.97,19.5552477501333, 28.8788,1,28.8788,0,1
19.5552477501333, 15.429,19.5552477501333, 12.4511,1,12.4511,0,1
19.5552477501333, 17.9479,19.5552477501333, 11.1444,1,11.1444,0,0
19.6052942480892, 16.1883,19.6052942480892, 26.8904,1,26.8904,0,1
19.6052942480892, 16.8919,19.6052942480892, 12.6313,1,12.6313,0,1
19.6052942480892, 16.6969,19.6052942480892, 12.8532,1,12.8532,0,0
19.6219570226967, 17.5104,19.6219570226967, 12.5656,1,12.5656,0,0
19.6719453465194, 19.3628,19.6719453465194, 28.4119,1,28.4119,0,1
19.6719453465194, 13.9656,19.6719453465194, 12.4765,1,12.4765,0,1
19.6719453465194, 15.962,19.6719453465194, 11.4757,1,11.4757,0,0
19.705366646871, 17.8811,19.705366646871, 19.0954,1,19.0954,0,0
19.7220294214785, 16.7679,19.7220294214785, 13.0542,1,13.0542,0,0
19.755404246971, 16.104,19.755404246971, 27.1946,1,27.1946,0,0
19.7720670215786, 26.4881,19.7720670215786, 16.4818,1,16.4818,0,1
19.7720670215786, 6.3004,19.7720670215786, 12.5596,1,12.5596,0,1
19.7720670215786, 16.8989,19.7720670215786, 11.6886,1,11.6886,0,0
19.7887297961861, 16.4651,19.7887297961861, 13.8567,1,13.8567,0,0
19.8387704957277, 16.1292,19.8387704957277, 29.7647,1,29.7647,0,1
19.8387704957277, 17.517,19.8387704957277, 12.7874,1,12.7874,0,1
19.8387704957277, 17.981,19.8387704957277, 12.8667,1,12.8667,0,0
19.8387704957277, 15.0835,19.8387704957277, 11.3906,1,11.3906,0,0
19.8721469454467, 15.8288,19.8721469454467, 15.3975,1,15.3975,0,0
19.9054724946618, 17.4844,19.9054724946618, 30.5723,1,30.5723,0,1
19.9054724946618, 22.117,19.9054724946618, 12.54,1,12.54,0,1
19.9054724946618, 12.9335,19.9054724946618, 13.0018,1,13.0018,0,0
19.9054724946618, 14.5689,19.9054724946618, 11.4526,1,11.4526,0,0
19.9555518440902, 16.9853,19.9555518440902, 17.0041,1,17.0041,0,0
20.0055946428329, 16.102,20.0055946428329, 29.1385,1,29.1385,0,1
20.0055946428329, 17.3617,20.0055946428329, 12.4336,1,12.4336,0,1
20.0055946428329, 17.7897,20.0055946428329, 12.7705,1,12.7705,0,0
20.0222574174404, 15.638,20.0222574174404, 11.4304,1,11.4304,0,0
20.0722810924053, 17.7859,20.0722810924053, 30.0435,1,30.0435,0,1
20.0722810924053, 17.3881,20.0722810924053, 11.9516,1,11.9516,0,1
20.0722810924053, 14.7511,20.0722810924053, 11.5749,1,11.5749,0,0
20.1056750435382, 17.3062,20.1056750435382, 18.3806,1,18.3806,0,0
20.1056750435382, 15.0065,20.1056750435382, 10.7918,1,10.7918,0,0
20.1556633673608, 18.7673,20.1556633673608, 30.7296,1,30.7296,0,0
20.1723261419684, 25.7947,20.1723261419684, 15.9249,1,15.9249,0,1
20.1723261419684, 6.6982,20.1723261419684, 12.4701,1,12.4701,0,1
20.1723261419684, 16.5308,20.1723261419684, 10.0634,1,10.0634,0,0
20.2057514432818, 16.5994,20.2057514432818, 17.4003,1,17.4003,0,0
20.2391059435904, 15.6649,20.2391059435904, 27.4035,1,27.4035,0,1
20.2391059435904, 17.8429,20.2391059435904, 12.1376,1,12.1376,0,1
20.2391059435904, 16.3988,20.2391059435904, 11.7633,1,11.7633,0,0
20.2724682427943, 16.8519,20.2724682427943, 26.4399,1,26.4399,0,1
20.2724682427943, 16.4875,20.2724682427943, 12.1066,1,12.1066,0,1
20.2724682427943, 17.4503,20.2724682427943, 11.7882,1,11.7882,0,0
20.2891310174018, 15.2637,20.2891310174018, 12.5488,1,12.5488,0,0
20.3558328915387, 18.5625,20.3558328915387, 30.0921,1,30.0921,0,1
20.3558328915387, 15.2442,20.3558328915387, 12.3435,1,12.3435,0,1
20.3558328915387, 17.3915,20.3558328915387, 11.4228,1,11.4228,0,0
20.389232441783, 18.0469,20.389232441783, 16.4627,1,16.4627,0,0
20.422582142055, 15.2319,20.422582142055, 26.2637,1,26.2637,0,1
20.422582142055, 14.9918,20.422582142055, 12.4683,1,12.4683,0,1
20.422582142055, 17.8495,20.422582142055, 11.379,1,11.379,0,0
20.4559609424323, 18.9056,20.4559609424323, 15.5326,1,15.5326,0,0
20.4892864916474, 16.2457,20.4892864916474, 25.6818,1,25.6818,0,0
20.5059492662549, 24.5104,20.5059492662549, 17.5228,1,17.5228,0,1
20.5059492662549, 6.4793,20.5059492662549, 13.2394,1,13.2394,0,1
20.5059492662549, 18.2926,20.5059492662549, 14.35,1,14.35,0,1
20.5059492662549, 15.5993,20.5059492662549, 14.7401,1,14.7401,0,0
20.5059492662549, 15.3915,20.5059492662549, 12.6179,1,12.6179,0,0
20.555992340669, 17.6229,20.555992340669, 21.945,1,21.945,0,1
20.555992340669, 15.6802,20.555992340669, 12.9022,1,12.9022,0,0
20.6060245409608, 18.5461,20.6060245409608, 17.008,1,17.008,0,0
20.6393839400262, 16.5452,20.6393839400262, 29.7872,1,29.7872,0,1
20.6393839400262, 15.6096,20.6393839400262, 14.7371,1,14.7371,0,1
20.6393839400262, 16.0378,20.6393839400262, 15.7175,1,15.7175,0,1
20.6393839400262, 17.9435,20.6393839400262, 14.9969,1,14.9969,0,1
20.6393839400262, 15.7008,20.6393839400262, 15.4272,1,15.4272,0,1
20.6393839400262, 17.6337,20.6393839400262, 14.1094,1,14.1094,0,1
20.6393839400262, 15.6766,20.6393839400262, 13.0208,1,13.0208,0,0
20.6727702394128, 18.4691,20.6727702394128, 24.7216,1,24.7216,0,1
20.6727702394128, 15.7093,20.6727702394128, 13.5107,1,13.5107,0,1
20.6727702394128, 17.5829,20.6727702394128, 10.8642,1,10.8642,0,0
20.7728153374046, 16.1102,20.7728153374046, 16.5092,1,16.5092,0,0
20.8228880390525, 17.7332,20.8228880390525, 27.5608,1,27.5608,0,1
20.8228880390525, 15.325,20.8228880390525, 12.3608,1,12.3608,0,1
20.8228880390525, 18.0412,20.8228880390525, 11.3144,1,11.3144,0,0
20.8562530390918, 16.469,20.8562530390918, 17.0779,1,17.0779,0,0
20.8896008394659, 16.4008,20.8896008394659, 25.765,1,25.765,0,1
20.8896008394659, 15.4716,20.8896008394659, 12.7836,1,12.7836,0,1
20.8896008394659, 18.8946,20.8896008394659, 10.0346,1,10.0346,0,0
20.9229653384537, 17.0632,20.9229653384537, 16.3881,1,16.3881,0,0
20.9563251379877, 14.8716,20.9563251379877, 27.1488,1,27.1488,0,1
20.9563251379877, 15.9298,20.9563251379877, 12.5773,1,12.5773,0,1
20.9563251379877, 18.6538,20.9563251379877, 10.1071,1,10.1071,0,0
20.9896853379905, 15.243,20.9896853379905, 16.348,1,16.348,0,0
21.0230428371578, 16.4008,21.0230428371578, 28.6867,1,28.6867,0,1
21.0230428371578, 17.4312,21.0230428371578, 10.451,1,10.451,0,0
21.0563683863729, 22.2173,21.0563683863729, 21.3208,1,21.3208,0,0
21.1063567101955, 48.9351,21.1063567101955, 49.9617,1,49.9617,0,3
21.1063567101955, 2.911,21.1063567101955, 12.7439,1,12.7439,0,3
21.1063567101955, 2.3889,21.1063567101955, 11.6611,2,11.6611,0,2
21.1063567101955, 5.7781,21.1063567101955, 12.6618,3,12.6618,0,2
21.1063567101955, 17.6946,21.1063567101955, 13.5837,3,13.5837,0,2
21.1063567101955, 17.2198,21.1063567101955, 12.9661,3,12.9661,0,2
21.1063567101955, 17.6378,21.1063567101955, 20.1013,2,20.1013,0,2
21.1063567101955, 15.5488,21.1063567101955, 13.9909,2,13.9909,0,2
21.1063567101955, 15.9954,21.1063567101955, 12.7,2,12.7,0,1
21.1063567101955, 16.5306,21.1063567101955, 11.1983,2,11.1983,0,1
21.1063567101955, 17.031,21.1063567101955, 12.4803,2,12.4803,0,1
21.1063567101955, 17.232,21.1063567101955, 12.485,1,12.485,0,1
21.1063567101955, 18.3068,21.1063567101955, 11.5451,1,11.5451,0,0
21.1398029364645, 14.9614,21.1398029364645, 44.1164,1,44.1164,0,0
21.1731284856796, 55.2927,21.1731284856796, 31.5047,1,31.5047,0,2
21.1731284856796, 3.2696,21.1731284856796, 11.5038,1,11.5038,0,1
21.1731284856796, 2.8696,21.1731284856796, 11.5096,2,11.5096,0,0
21.3899765145034, 43.8405,21.3899765145034, 26.7727,2,26.7727,0,3
21.3899765145034, 2.2826,21.3899765145034, 12.012,1,12.012,0,3
21.3899765145034, 1.9007,21.3899765145034, 10.981,2,10.981,0,2
21.3899765145034, 5.5616,21.3899765145034, 12.411,3,12.411,0,2
21.3899765145034, 18.0856,21.3899765145034, 12.5206,3,12.5206,0,2
21.3899765145034, 15.7024,21.3899765145034, 12.4128,3,12.4128,0,1
21.3899765145034, 16.4233,21.3899765145034, 11.88,2,11.88,0,1
21.3899765145034, 18.0924,21.3899765145034, 11.7287,2,11.7287,0,1
21.3899765145034, 16.2307,21.3899765145034, 11.7666,1,11.7666,0,1
21.3899765145034, 16.9927,21.3899765145034, 11.0129,1,11.0129,0,0
21.4233530387282, 15.8199,21.4233530387282, 23.8746,1,23.8746,0,1
21.4233530387282, 16.1131,21.4233530387282, 11.9708,1,11.9708,0,0
21.4400158133358, 17.1396,21.4400158133358, 11.9822,1,11.9822,0,0
21.5567699111998, 16.3154,21.5567699111998, 29.5855,1,29.5855,0,1
21.5567699111998, 17.1676,21.5567699111998, 12.5585,1,12.5585,0,1
21.5567699111998, 17.058,21.5567699111998, 11.5887,1,11.5887,0,0
21.5734659358859, 16.0646,21.5734659358859, 12.9329,1,12.9329,0,0
21.6235001105815, 16.8277,21.6235001105815, 30.5322,1,30.5322,0,1
21.6235001105815, 17.0217,21.6235001105815, 12.7272,1,12.7272,0,1
21.6235001105815, 18.0049,21.6235001105815, 11.87,1,11.87,0,0
21.6401885356754, 15.4281,21.6401885356754, 12.4921,1,12.4921,0,0
21.7068701852113, 16.714,21.7068701852113, 28.5638,1,28.5638,0,1
21.7068701852113, 16.2347,21.7068701852113, 11.8551,1,11.8551,0,1
21.7068701852113, 18.1476,21.7068701852113, 11.095,1,11.095,0,0
21.7402650360018, 16.1097,21.7402650360018, 15.6082,1,15.6082,0,0
21.7736265361309, 16.0933,21.7736265361309, 28.392,1,28.392,0,1
21.7736265361309, 16.3451,21.7736265361309, 11.9616,1,11.9616,0,1
21.7736265361309, 18.042,21.7736265361309, 11.4183,1,11.4183,0,0
21.8069816362113, 17.5606,21.8069816362113, 19.0353,1,19.0353,0,0
21.8236444108188, 15.2189,21.8236444108188, 12.9748,1,12.9748,0,0
21.8570164367557, 17.5845,21.8570164367557, 28.9556,1,28.9556,0,1
21.8570164367557, 15.5866,21.8570164367557, 13.8852,1,13.8852,0,1
21.8570164367557, 19.0198,21.8570164367557, 13.4487,1,13.4487,0,1
21.8570164367557, 15.0442,21.8570164367557, 12.4176,1,12.4176,0,0
21.8736792113632, 16.4645,21.8736792113632, 15.8463,1,15.8463,0,0
21.9237090107054, 17.9767,21.9237090107054, 27.8682,1,27.8682,0,1
21.9237090107054, 15.2748,21.9237090107054, 18.6966,1,18.6966,0,1
21.9237090107054, 16.5244,21.9237090107054, 13.8549,1,13.8549,0,1
21.9237090107054, 16.9869,21.9237090107054, 13.3405,1,13.3405,0,1
21.9237090107054, 17.3932,21.9237090107054, 13.2307,1,13.2307,0,0
21.9403910357505, 16.9559,21.9403910357505, 14.3361,1,14.3361,0,0
21.9904973376542, 17.8204,21.9904973376542, 17.092,1,17.092,0,0
22.0571430362761, 18.73,22.0571430362761, 30.8424,1,30.8424,0,0
22.0905027352273, 29.2645,22.0905027352273, 29.864,1,29.864,0,2
22.0905027352273, 2.6724,22.0905027352273, 14.2274,1,14.2274,0,2
22.0905027352273, 13.7585,22.0905027352273, 14.1341,2,14.1341,0,2
22.0905027352273, 18.6073,22.0905027352273, 14.5813,2,14.5813,0,1
22.0905027352273, 16.1388,22.0905027352273, 11.7804,2,11.7804,0,1
22.0905027352273, 16.6883,22.0905027352273, 14.2382,2,14.2382,0,1
22.0905027352273, 17.0617,22.0905027352273, 14.7358,1,14.7358,0,1
22.0905027352273, 15.0948,22.0905027352273, 15.9406,1,15.9406,0,1
22.0905027352273, 16.4276,22.0905027352273, 18.4992,1,18.4992,0,1
22.0905027352273, 16.6611,22.0905027352273, 13.9157,1,13.9157,0,0
22.1239050347358, 28.0839,22.1239050347358, 27.356,1,27.356,0,2
22.1239050347358, 6.0072,22.1239050347358, 11.6754,1,11.6754,0,1
22.1239050347358, 17.0838,22.1239050347358, 12.9519,2,12.9519,0,1
22.1239050347358, 17.3035,22.1239050347358, 13.5886,2,13.5886,0,1
22.1239050347358, 15.2953,22.1239050347358, 13.6376,1,13.6376,0,1
22.1239050347358, 18.4567,22.1239050347358, 11.7196,1,11.7196,0,0
22.2739678323269, 18.0547,22.2739678323269, 18.9088,1,18.9088,0,0
22.2739678323269, 13.4107,22.2739678323269, 11.1801,1,11.1801,0,0
22.3740444090217, 16.918,22.3740444090217, 29.0273,1,29.0273,0,1
22.3740444090217, 16.6006,22.3740444090217, 14.1272,1,14.1272,0,1
22.3740444090217, 18.6203,22.3740444090217, 13.2158,1,13.2158,0,0
22.3740444090217, 15.4906,22.3740444090217, 11.3207,1,11.3207,0,0
22.4074122346938, 16.8279,22.4074122346938, 20.2281,1,20.2281,0,0
22.4240750093013, 17.4862,22.4240750093013, 14.7546,1,14.7546,0,0
22.4741701334715, 17.3981,22.4741701334715, 27.4613,1,27.4613,0,1
22.4741701334715, 14.8893,22.4741701334715, 12.9443,1,12.9443,0,1
22.4741701334715, 16.6431,22.4741701334715, 12.7498,1,12.7498,0,1
22.4741701334715, 16.0194,22.4741701334715, 11.0664,1,11.0664,0,0
22.5075185336173, 16.7233,22.5075185336173, 18.1364,1,18.1364,0,0
22.5575552340597, 15.6557,22.5575552340597, 26.7012,1,26.7012,0,1
22.5575552340597, 16.2796,22.5575552340597, 12.6674,1,12.6674,0,1
22.5575552340597, 18.5921,22.5575552340597, 11.6376,1,11.6376,0,0
22.5742180086672, 15.5019,22.5742180086672, 13.3773,1,13.3773,0,0
22.6242566090077, 16.6641,22.6242566090077, 30.4087,1,30.4087,0,1
22.6242566090077, 16.1097,22.6242566090077, 13.5657,1,13.5657,0,1
22.6242566090077, 16.7796,22.6242566090077, 14.5618,1,14.5618,0,1
22.6242566090077, 17.0291,22.6242566090077, 14.6315,1,14.6315,0,1
22.6242566090077, 15.4758,22.6242566090077, 13.8693,1,13.8693,0,0
22.6409193836153, 16.9554,22.6409193836153, 13.2243,1,13.2243,0,0
22.690967682749, 17.9153,22.690967682749, 31.104,1,31.104,0,1
22.690967682749, 16.4887,22.690967682749, 14.6886,1,14.6886,0,1
22.690967682749, 17.2516,22.690967682749, 14.6157,1,14.6157,0,1
22.690967682749, 15.4457,22.690967682749, 14.6446,1,14.6446,0,1
22.690967682749, 17.2741,22.690967682749, 13.9372,1,13.9372,0,1
22.690967682749, 15.6097,22.690967682749, 11.9996,1,11.9996,0,0
22.7576807327569, 18.5868,22.7576807327569, 22.1627,1,22.1627,0,1
22.7576807327569, 14.9086,22.7576807327569, 12.4416,1,12.4416,0,0
22.8410721290857, 17.7106,22.8410721290857, 17.8111,1,17.8111,0,0
22.8577349036932, 16.1026,22.8577349036932, 14.0518,1,14.0518,0,0
22.8911434300244, 17.6399,22.8911434300244, 29.1675,1,29.1675,0,1
22.8911434300244, 15.2674,22.8911434300244, 14.973,1,14.973,0,1
22.8911434300244, 16.8298,22.8911434300244, 14.1182,1,14.1182,0,0
22.9245103299618, 23.8991,22.9245103299618, 18.8282,1,18.8282,0,1
22.9245103299618, 10.01,22.9245103299618, 13.833,1,13.833,0,1
22.9245103299618, 15.3993,22.9245103299618, 14.4386,1,14.4386,0,1
22.9245103299618, 17.5251,22.9245103299618, 12.3056,1,12.3056,0,0
22.9578358791769, 17.2297,22.9578358791769, 18.0924,1,18.0924,0,0
23.0245515275747, 17.7144,23.0245515275747, 28.6416,1,28.6416,0,1
23.0245515275747, 15.6699,23.0245515275747, 14.7589,1,14.7589,0,1
23.0245515275747, 15.8445,23.0245515275747, 14.236,1,14.236,0,1
23.0245515275747, 16.9705,23.0245515275747, 12.9109,1,12.9109,0,0
23.0579249281436, 22.4799,23.0579249281436, 20.4061,1,20.4061,0,1
23.0579249281436, 10.1161,23.0579249281436, 14.4342,1,14.4342,0,1
23.0579249281436, 17.5763,23.0579249281436, 14.7476,1,14.7476,0,1
23.0579249281436, 16.5504,23.0579249281436, 12.5141,1,12.5141,0,0
23.1079306267202, 17.2787,23.1079306267202, 20.8648,1,20.8648,0,1
23.1079306267202, 15.5433,23.1079306267202, 12.6718,1,12.6718,0,0
23.1746674273163, 19.647,23.1913302019238, 27.6722,1,27.6722,0,0
23.2079929765314, 26.4798,23.2079929765314, 15.9809,1,15.9809,0,1
23.2079929765314, 4.3027,23.2079929765314, 14.574,1,14.574,0,1
23.2079929765314, 16.5757,23.2079929765314, 13.4596,1,13.4596,0,1
23.2079929765314, 16.6575,23.2079929765314, 12.6867,1,12.6867,0,0
23.2246557511389, 16.3118,23.2246557511389, 13.7369,1,13.7369,0,0
23.2747341766953, 18.4208,23.2747341766953, 30.2907,1,30.2907,0,1
23.2747341766953, 15.8588,23.2747341766953, 13.6892,1,13.6892,0,1
23.2747341766953, 16.2988,23.2747341766953, 14.0948,1,14.0948,0,1
23.2747341766953, 16.8455,23.2747341766953, 14.506,1,14.506,0,1
23.2747341766953, 16.4776,23.2747341766953, 11.7141,1,11.7141,0,0
23.3247812278569, 17.7222,23.3247812278569, 21.4224,1,21.4224,0,1
23.3247812278569, 14.9341,23.3247812278569, 12.5786,1,12.5786,0,0
23.3914985265583, 16.9076,23.3914985265583, 19.2077,1,19.2077,0,1
23.3914985265583, 16.9113,23.3914985265583, 12.4515,1,12.4515,0,0
23.4415185004473, 18.287,23.4415185004473, 30.6337,1,30.6337,0,1
23.4415185004473, 15.6643,23.4415185004473, 14.0874,1,14.0874,0,1
23.4415185004473, 16.6225,23.4415185004473, 14.4952,1,14.4952,0,1
23.4415185004473, 18.138,23.4415185004473, 13.3532,1,13.3532,0,1
23.4415185004473, 14.3215,23.4415185004473, 11.9877,1,11.9877,0,0
23.4749275259674, 18.0687,23.4749275259674, 22.025,1,22.025,0,1
23.4749275259674, 16.7413,23.4749275259674, 11.3289,1,11.3289,0,0
23.5416112262756, 16.761,23.5416112262756, 16.4149,1,16.4149,0,0
23.5749726258218, 15.821,23.5749726258218, 29.4245,1,29.4245,0,1
23.5749726258218, 16.76,23.5749726258218, 14.7511,1,14.7511,0,1
23.5749726258218, 16.8166,23.5749726258218, 13.9924,1,13.9924,0,1
23.5749726258218, 15.7697,23.5749726258218, 13.8045,1,13.8045,0,0
23.6083444263786, 22.237,23.6083444263786, 20.7189,1,20.7189,0,1
23.6083444263786, 11.209,23.6083444263786, 13.3769,1,13.3769,0,1
23.6083444263786, 16.2149,23.6083444263786, 14.0427,1,14.0427,0,0
23.6083444263786, 17.5241,23.6083444263786, 12.855,1,12.855,0,0
23.6750700250268, 15.371,23.6750700250268, 19.9297,1,19.9297,0,1
23.6750700250268, 17.2106,23.6750700250268, 12.5798,1,12.5798,0,0
23.7250848244876, 16.3507,23.7250848244876, 16.7823,1,16.7823,0,0
23.7584103737026, 17.4347,23.7584103737026, 31.1006,1,31.1006,0,1
23.7584103737026, 15.6954,23.7584103737026, 13.5035,1,13.5035,0,1
23.7584103737026, 17.4438,23.7584103737026, 12.1742,1,12.1742,0,1
23.7584103737026, 16.0826,23.7584103737026, 13.3394,1,13.3394,0,0
23.7750731483102, 17.7386,23.7750731483102, 13.1812,1,13.1812,0,0
23.8251710738987, 16.6098,23.8251710738987, 30.269,1,30.269,0,1
23.8251710738987, 16.0048,23.8251710738987, 13.7383,1,13.7383,0,1
23.8251710738987, 15.9987,23.8251710738987, 12.713,1,12.713,0,1
23.8251710738987, 17.5761,23.8251710738987, 14.1216,1,14.1216,0,1
23.8251710738987, 16.6629,23.8251710738987, 12.0897,1,12.0897,0,0
23.8752061221749, 17.8022,23.8752061221749, 22.1882,1,22.1882,0,1
23.8752061221749, 15.5252,23.8752061221749, 12.1532,1,12.1532,0,0
23.9419235214591, 16.9568,23.9419235214591, 31.4409,1,31.4409,0,1
23.9419235214591, 16.8652,23.9419235214591, 13.3461,1,13.3461,0,1
23.9419235214591, 16.0798,23.9419235214591, 14.3938,1,14.3938,0,1
23.9419235214591, 16.21,23.9419235214591, 12.9554,1,12.9554,0,1
23.9419235214591, 17.1937,23.9419235214591, 12.8909,1,12.8909,0,0
23.9419235214591, 16.7086,23.9585862960666, 14.1913,1,14.1913,0,0
24.0253063961864, 17.9125,24.0253063961864, 31.8986,1,31.8986,0,1
24.0253063961864, 15.5963,24.0253063961864, 13.7692,1,13.7692,0,1
24.0253063961864, 17.4935,24.0253063961864, 15.7879,1,15.7879,0,1
24.0253063961864, 15.0137,24.0253063961864, 12.7329,1,12.7329,0,1
24.0253063961864, 17.628,24.0253063961864, 16.8522,1,16.8522,0,1
24.0253063961864, 15.9905,24.0253063961864, 13.5222,1,13.5222,0,0
24.0253063961864, 17.3397,24.0253063961864, 13.1698,1,13.1698,0,0
24.0419691707939, 56.0308,,1,,0,
24.0419691707939, 1.9315,,1,,0,
24.0419691707939, 1.6281,,2,,0,
24.0419691707939, 7.3447,,3,,0,
24.0419691707939, 15.5503,,4,,0,
24.0419691707939, 17.7857,,5,,0,
24.0419691707939, 15.1455,,6,,0,
,,7,,,
