1.022882999,2.1119,1.143413599,13.5881,1,,2.1119,9
1.023756399,2.5201,1.156459099,12.6407,2,,2.316,9
1.029956799,6.0924,1.169925099,12.4784,3,,3.5748,8
1.046693699,16.7316,1.184391499,14.2061,4,,6.864,8
1.064021399,17.292,1.198317099,14.8488,5,,8.9496,8
1.081065799,16.3569,1.212252999,14.3014,6,,10.18415,8
1.097983399,16.9188,1.226419899,14.3779,7,,11.14624,8
1.114454399,16.6306,1.240759399,14.0355,8,,11.83179,8
1.130275499,16.2556,1.2555216,13.5791,9,,12.32332,7
1.143413599,17.2899,1.271070199,15.5424,10,,12.81998,7
1.156459099,17.0288,1.285859899,15.7671,9,,13.2026,7
1.169925099,15.8942,1.300764499,15.0906,9,,13.4269,7
1.184391499,16.569,1.315736099,13.854,9,,13.6686,7
1.212252999,17.6476,1.331382199,16.3951,9,,13.95281,7
1.226419899,15.9524,1.346463998,14.9846,8,,14.08612,7
1.240759399,20.8607,1.361621498,16.494,8,,14.50953,7
1.2555216,12.8802,1.376821098,14.783,8,,14.41369,7
1.271070199,16.2227,1.392110098,13.7454,8,,14.51419,7
1.285859899,17.1447,1.408344398,16.1873,8,,14.65264,6
1.300764499,16.2819,1.423818098,16.4671,8,,14.7341,6
1.315736099,16.5589,1.439344898,15.6052,8,,14.821,6
1.346463998,16.7395,1.454868598,14.5387,8,,14.9082,6
1.361621498,16.9914,1.470424998,16.415,7,,14.99877,6
1.376821098,16.15,1.486117098,14.7297,7,,15.04674,6
1.392110098,17.3911,1.501853698,17.0467,7,,15.14052,6
1.408344398,17.3459,1.517590898,14.4859,7,,15.22534,6
1.423818098,16.6644,1.533322598,16.9613,7,,15.27864,6
1.439344898,15.891,1.549124099,15.5374,7,,15.30051,6
1.454868598,16.0919,1.564941998,15.8789,7,,15.3278,6
1.470424998,19.4828,1.581813799,15.9634,7,,15.4663,6
1.486117098,15.1802,1.598219698,17.1629,7,,15.45707,6
1.501853698,16.1911,1.615267798,17.0019,7,,15.48001,6
1.517590898,16.6053,1.632267398,16.2908,7,,15.51411,6
1.533322598,16.1523,1.648224098,17.0023,7,,15.53288,6
1.549124099,16.4669,1.665428997,16.8278,7,,15.55956,6
1.564941998,17.1116,1.681634398,15.3459,7,,15.60268,6
1.581813799,16.5302,1.698801897,17.981,7,,15.62774,6
1.598219698,17.0351,1.715540496,16.0145,7,,15.66478,6
1.615267798,16.873,1.731895696,17.0983,7,,15.69576,6
1.648224098,18.8098,1.748471295,15.9628,7,,15.77361,6
1.648224098,14.4183,1.765539495,18.5463,6,,15.74055,6
1.665428997,16.1139,1.781757194,15.7002,7,,15.74944,6
1.681634398,17.2944,1.798579495,16.4857,7,,15.78537,6
1.698801897,16.6882,1.815547995,16.2634,7,,15.80589,6
1.715540496,16.2351,1.831691395,16.7301,7,,15.81543,6
1.731895696,16.7269,1.848749594,17.1395,7,,15.83524,6
1.748471295,17.0995,1.865090295,15.4584,7,,15.86214,6
1.765539495,16.1603,1.881692996,17.4616,7,,15.86835,6
1.781757194,16.8503,1.898769697,16.4475,7,,15.88839,6
1.798579495,16.942,1.915372596,16.5002,7,,15.90947,6
1.815547995,16.2334,1.931625697,17.2026,7,,15.91582,6
1.831691395,16.992,1.948463598,15.8585,7,,15.93651,6
1.848749594,16.2292,1.965504098,17.9754,7,,15.94203,6
1.865090295,16.6402,1.982154497,15.7121,7,,15.95496,6
1.881692996,15.5468,1.999014397,17.7568,7,,15.94754,6
1.898769697,18.1844,2.016194498,16.2732,7,,15.98749,6
1.915372596,16.2391,2.032507998,16.3236,7,,15.9919,6
1.931625697,16.8687,2.048825098,17.0787,7,,16.00702,6
1.965504098,17.1717,2.065581798,16.0552,7,,16.02676,6
1.965504098,16.4083,2.082219097,17.3779,6,,16.03312,6
1.982154497,16.9067,2.098993098,15.9336,7,,16.04744,6
1.999014397,15.0683,2.115530198,17.4923,7,,16.03165,6
2.016194498,17.7276,2.132044497,15.5452,7,,16.05857,6
2.032507998,16.5971,2.149109396,17.1359,7,,16.06698,6
2.048825098,17.1488,2.165490597,17.1844,7,,16.08362,6
2.065581798,16.7092,2.182161196,15.8011,7,,16.0931,6
2.082219097,16.7216,2.199213296,17.0183,7,,16.10248,6
2.098993098,16.5231,2.215579796,17.7989,7,,16.10867,6
2.115530198,16.4723,2.232186296,15.2651,7,,16.11394,6
2.132044497,17.1548,2.249330397,17.2551,7,,16.12881,6
2.149109396,16.1916,2.266396397,17.7279,7,,16.12969,6
2.165490597,16.7895,2.282870197,15.7498,7,,16.13886,6
2.182161196,17.0346,2.299567896,16.6236,7,,16.15113,6
2.199213296,16.1459,2.316106496,17.6648,7,,16.15106,6
2.215579796,16.7691,2.333271397,16.0476,7,,16.1593,6
2.232186296,17.1932,2.349775796,17.4505,7,,16.1729,6
2.249330397,17.2933,2.366270696,17.3072,7,,16.18745,6
2.266396397,16.2028,2.382786296,14.865,7,,16.18765,6
2.282870197,16.8065,2.399289596,17.7072,7,,16.19548,6
2.299567896,16.683,2.417208297,16.6933,7,,16.20158,6
2.316106496,16.9778,2.433750996,16.6962,7,,16.21116,6
2.333271397,16.2075,2.450303295,17.9666,7,,16.21111,6
2.349775796,15.2275,2.466839095,14.8791,7,,16.19926,6
2.366270696,17.8146,2.483380995,16.5759,7,,16.21849,6
2.382786296,16.6157,2.499903695,18.7081,7,,16.22317,6
2.399289596,15.2387,2.517448995,15.4264,7,,16.21172,6
2.417208297,18.0003,2.534134095,18.2136,7,,16.23228,6
2.433750996,17.1877,2.550782196,16.4963,7,,16.24314,6
2.450303295,16.6219,2.567459195,15.4832,7,,16.24739,6
2.466839095,16.2459,2.584206696,17.6227,7,,16.24737,6
2.483380995,16.6413,2.600817795,15.4624,7,,16.2517,6
2.499903695,16.8575,2.617412295,16.5704,7,,16.25829,6
2.517448995,17.0559,2.633994595,17.949,7,,16.26686,6
2.534134095,15.0287,2.650565696,15.2012,7,,16.25369,6
2.550782196,18.1696,2.667152097,16.6467,7,,16.27386,6
2.567459195,16.2646,2.683750998,17.6036,7,,16.27376,6
2.584206696,16.289,2.700331097,15.6961,7,,16.27392,6
2.600817795,17.6489,2.716868298,16.4485,7,,16.28795,6
2.617412295,16.3247,2.733448797,17.6392,7,,16.28832,6
2.633994595,16.507,2.750066596,15.643,7,,16.29051,6
2.650565696,17.6943,2.766646196,17.3423,7,,16.30441,6
2.667152097,16.1811,2.783254697,16.8988,7,,16.3032,6
2.683750998,16.4181,2.799878997,15.8581,7,,16.30431,6
2.700331097,16.98,2.816512497,17.3043,7,,16.31081,6
2.716868298,16.1966,2.833144796,15.4821,7,,16.30972,6
2.733448797,16.3807,2.849767196,17.7571,7,,16.31039,6
2.750066596,17.1387,2.866371696,16.951,7,,16.31813,6
2.766646196,15.7502,2.883188497,15.8152,7,,16.31288,6
2.783254697,17.9151,2.900223996,17.7925,7,,16.32758,6
2.799878997,16.4962,2.916950696,15.6164,7,,16.32911,5
2.816512497,16.461,2.933680496,18.8567,7,,16.3303,4
2.833144796,16.2019,2.950432997,15.6035,7,,16.32915,5
2.849767196,15.2679,2.967194096,16.4286,7,,16.31976,6
2.866371696,18.8646,2.984583297,17.6781,7,,16.34208,5
2.933680496,55.4996,3.001374898,17.5209,7,,16.68258,4
2.933680496,0.483,3.018145399,15.5652,4,,16.54293,5
2.933680496,1.5807,3.035267099,17.7461,5,,16.41505,6
2.933680496,8.4319,3.0520942,16.1871,6,,16.34739,6
3.001374898,56.4542,3.0689953,16.7128,7,,16.68443,6
3.001374898,1.8358,3.0856986,17.556,4,,16.56069,6
3.001374898,1.5813,3.1023503,16.2978,5,,16.43689,6
3.001374898,6.9914,3.119709199,16.6869,6,,16.35947,6
3.018145399,17.3309,3.136516099,18.221,7,,16.36737,6
3.035267099,16.649,3.1533658,15.8739,7,,16.36964,6
3.0520942,16.8328,3.1706,18.2626,7,,16.37334,6
3.0689953,15.9995,3.187407601,16.3916,7,,16.37038,6
3.0856986,17.4295,3.204228201,16.1135,7,,16.37872,6
3.1023503,16.084,3.221249701,18.1596,7,,16.37641,5
3.119709199,16.5255,3.238456301,18.0643,7,,16.37757,4
3.136516099,19.2866,3.2554992,14.9098,7,,16.39995,6
3.1533658,14.9777,3.2725057,16.8187,7,,16.38909,6
3.1706,14.9288,3.2893797,17.6427,7,,16.37803,6
3.221249701,56.3319,3.306306,16.0871,7,,16.67843,6
3.238456301,2.0121,3.323162801,18.2707,5,,16.56898,6
3.238456301,2.4332,3.3402034,16.8911,5,,16.46427,6
3.238456301,7.1263,3.357101401,16.2041,6,,16.39561,6
3.2554992,17.2362,3.3740768,17.5942,7,,16.40174,6
3.2725057,16.1927,3.3909856,18.8166,7,,16.40023,6
3.2893797,16.6374,3.4093094,15.1974,7,,16.40194,6
3.306306,16.7569,3.426142599,18.2241,7,,16.40447,6
3.323162801,15.1109,3.4429943,17.0302,7,,16.3953,7
3.3402034,18.4048,3.4601406,15.9761,7,,16.40945,6
3.357101401,16.6093,3.476986,17.8044,7,,16.41085,6
3.3740768,15.3695,3.4938063,17.3892,7,,16.40362,7
3.3909856,17.8081,3.510650399,16.7454,7,,16.4133,7
3.4093094,17.5702,3.527528699,16.9002,7,,16.42123,7
3.426142599,14.4135,3.544479999,17.2267,7,,16.40757,7
3.4429943,17.9808,3.561343699,16.4227,7,,16.4182,7
3.4601406,16.7044,3.578385999,17.5348,7,,16.42012,7
3.476986,15.3225,3.595845499,19.5644,7,,16.4128,7
3.4938063,17.6207,3.6145248,15.265,7,,16.4208,7
3.510650399,16.7758,3.631458699,17.9666,7,,16.42314,7
3.527528699,17.4772,3.650145798,18.0886,7,,16.43003,7
3.544479999,16.7127,3.667015198,15.608,7,,16.43186,7
3.561343699,16.8947,3.683899298,16.9752,7,,16.43485,7
3.578385999,14.3921,3.700627198,17.94,7,,16.42175,7
3.595845499,19.4574,3.717370398,15.4329,7,,16.44109,7
3.6145248,15.1662,3.734120497,16.8988,7,,16.43302,7
3.631458699,17.0373,3.751179197,18.565,7,,16.43682,7
3.631458699,16.5432,3.768721597,15.7934,7,,16.43748,7
3.650145798,16.3243,3.785600097,16.8827,8,,16.43678,7
3.667015198,17.261,3.802448097,18.1895,8,,16.44187,7
3.683899298,16.2867,3.819283196,15.4878,8,,16.44092,7
3.700627198,16.7333,3.836169296,19.7331,8,,16.4427,7
3.717370398,17.1315,3.853110296,15.4064,8,,16.44687,7
3.734120497,16.3624,3.869947496,15.7271,8,,16.44637,7
3.751179197,16.4099,3.886789597,16.6998,8,,16.44615,7
3.768721597,17.2917,3.903665797,18.7161,8,,16.45118,7
3.785600097,16.1904,3.921066397,15.4764,8,,16.44964,7
3.802448097,16.5754,3.937959097,18.2886,8,,16.45038,7
3.819283196,17.7495,3.954824097,17.0722,8,,16.45797,7
3.836169296,16.7833,3.971710197,15.1865,8,,16.45987,7
3.853110296,15.6794,3.988456297,18.3871,8,,16.45535,7
3.869947496,16.8733,4.006747597,16.7208,8,,16.45776,7
3.886789597,16.1942,4.023504797,16.8216,8,,16.45625,7
3.903665797,16.9546,4.040344297,18.3483,8,,16.45908,7
3.921066397,16.8093,4.057220997,15.3764,8,,16.46106,7
3.937959097,14.9839,4.074126897,16.9646,8,,16.45276,7
3.954824097,18.0294,4.091016696,18.0181,8,,16.46157,7
3.971710197,16.7326,4.107910996,15.6085,8,,16.46308,7
3.988456297,15.6437,4.124814195,16.8895,8,,16.45855,7
4.006747597,17.7832,4.141575695,18.334,8,,16.46583,7
4.023504797,16.9751,4.158465295,15.4535,8,,16.46861,7
4.040344297,16.374,4.175384195,17.1633,8,,16.4681,7
4.057220997,17.329,4.192396595,18.3412,8,,16.47275,7
4.074126897,16.1637,4.209251295,15.1194,8,,16.47109,7
4.091016696,16.7257,4.226151995,20.1985,8,,16.47245,7
4.107910996,16.7328,4.243390094,15.184,8,,16.47383,8
4.124814195,16.3672,4.260157395,15.5684,8,,16.47327,7
4.141575695,17.2891,4.277028795,18.5099,8,,16.47756,6
4.158465295,16.5345,4.294048994,15.9386,8,,16.47786,6
4.175384195,16.3488,4.311619194,19.5755,8,,16.47719,5
4.192396595,16.588,4.328561393,14.6995,8,,16.47776,5
4.209251295,17.1203,4.345601493,17.3801,8,,16.48108,5
4.226151995,15.0359,4.362741792,18.7771,8,,16.47366,5
4.260157395,37.8876,4.379695093,18.1802,8,,16.58292,6
4.294048994,33.4761,4.396625393,15.3211,7,,16.66867,6
4.311619194,15.5139,4.413572894,18.1413,6,,16.66284,6
4.328561393,17.2284,4.431093994,17.2996,6,,16.66568,6
4.345601493,16.6355,4.448138194,15.8452,6,,16.66553,6
4.362741792,15.3867,4.465278994,17.9885,6,,16.65917,6
4.379695093,18.4222,4.482213994,17.2106,6,,16.6679,6
4.396625393,16.0827,4.499434994,16.2108,6,,16.66501,6
4.413572894,14.9489,4.516470594,17.0091,6,,16.6566,5
4.431093994,16.7052,4.533385394,17.8719,6,,16.65684,4
4.448138194,17.2499,4.550458494,16.253,6,,16.65972,3
4.465278994,17.0463,4.568079095,17.9543,6,,16.66158,6
4.482213994,17.3477,4.585790295,16.9477,6,,16.66488,6
4.533385394,54.2975,4.602759495,16.7285,6,,16.84494,6
4.533385394,2.5934,4.619712695,16.0824,4,,16.77708,6
4.533385394,1.6819,4.636606596,17.9222,5,,16.70554,6
4.550458494,7.3715,4.653521196,17.2912,6,,16.66151,6
4.568079095,16.754,4.670444497,16.8987,6,,16.66194,6
4.568079095,15.7284,4.687362898,17.1097,6,,16.65758,6
4.585790295,17.3105,4.705474097,18.0893,7,,16.66062,6
4.602759495,17.0711,4.722411397,18.3363,7,,16.66252,6
4.619712695,16.6861,4.739328497,16.6945,7,,16.66263,6
4.636606596,15.701,4.756248997,16.9812,7,,16.65822,6
4.653521196,16.9795,4.773171096,16.5176,7,,16.65968,6
4.670444497,17.1243,4.790121797,16.323,7,,16.66179,6
4.687362898,17.275,4.807039096,16.9941,7,,16.66457,6
4.705474097,15.1232,4.823949696,19.8242,7,,16.65763,6
4.722411397,16.8642,4.843844495,17.1298,7,,16.65855,6
4.739328497,16.9406,4.860873995,16.9129,7,,16.65981,6
4.756248997,16.7465,4.877764696,16.921,7,,16.6602,6
4.773171096,16.8672,4.894674695,16.9413,7,,16.66111,6
4.790121797,16.6667,4.911588195,16.8407,7,,16.66114,6
4.807039096,16.4197,4.928510196,15.1538,7,,16.66008,6
4.823949696,19.3253,4.946498496,18.86,7,,16.67172,5
4.843844495,14.6865,4.963576195,17.2521,7,,16.66309,4
4.860873995,16.5249,4.980637196,18.2432,7,,16.66249,4
4.877764696,16.2729,4.997688496,17.325,7,,16.66081,7
4.894674695,16.9792,5.014749197,16.9868,7,,16.66217,7
4.946498496,55.8579,5.031809996,16.8784,7,,16.82968,7
4.963576195,16.7258,5.048859497,17.6333,5,,16.82924,7
4.963576195,2.0551,5.065938597,16.7134,5,,16.76663,7
4.963576195,2.0867,5.082959497,16.9306,6,,16.70469,7
4.980637196,6.7174,5.100013296,17.4963,7,,16.66273,7
4.997688496,17.2028,5.117092396,16.8315,7,,16.66499,7
5.014749197,16.4425,5.134170496,17.6581,7,,16.66406,7
5.031809996,16.6543,5.152317596,17.3395,7,,16.66402,7
5.048859497,17.5126,5.169351896,17.1244,7,,16.66753,7
5.065938597,17.0438,5.186268895,16.9882,7,,16.66908,7
5.082959497,16.7285,5.203185995,15.8347,7,,16.66932,7
5.100013296,17.5491,5.220103995,16.7679,7,,16.67291,6
5.117092396,15.2788,5.237012896,21.1216,7,,16.66724,5
5.134170496,16.2118,5.253960996,12.4454,7,,16.6654,6
5.134170496,15.6144,5.270921096,17.0706,7,,16.66116,7
5.152317596,16.2442,5.287865495,17.134,8,,16.65949,7
5.169351896,17.216,5.304828794,16.7944,8,,16.66171,7
5.237012896,55.8668,5.321788195,17.0235,8,,16.81791,7
5.237012896,3.8361,5.338735494,17.0754,5,,16.76639,7
5.237012896,3.4442,5.355754295,16.968,6,,16.71374,7
5.237012896,3.4852,5.372849695,17.3261,7,,16.66166,7
5.253960996,18.2236,5.390003295,17.0104,8,,16.66778,7
5.270921096,16.62,5.407095596,17.3235,8,,16.66759,7
5.287865495,16.301,5.424051696,16.5708,8,,16.66617,7
5.304828794,16.7491,5.440940296,17.4871,8,,16.66649,7
5.321788195,16.572,5.457907596,16.3045,8,,16.66612,7
5.338735494,16.5917,5.474976995,16.0884,8,,16.66584,7
5.355754295,16.5867,5.493023995,19.204,8,,16.66554,6
5.372849695,17.5595,5.511040594,21.8539,8,,16.66895,5
5.390003295,16.5192,5.527997793,11.9785,8,,16.66838,8
5.407095596,16.188,5.544975094,18.3366,8,,16.66656,7
5.424051696,16.6601,5.561964293,17.596,8,,16.66653,7
5.440940296,16.5116,5.578927893,15.8937,8,,16.66595,7
5.493023995,55.9114,5.595838393,18.5402,8,,16.81294,7
5.511040594,3.3534,5.612767994,17.3585,6,,16.76272,8
5.511040594,2.9907,5.629702795,15.0166,6,,16.71152,7
5.511040594,4.3465,5.646666195,18.0901,7,,16.66572,7
5.527997793,17.1934,5.663660494,17.7909,8,,16.66767,8
5.544975094,15.719,5.680623095,16.2918,8,,16.66418,8
5.561964293,18.0198,5.697597395,17.4665,8,,16.66915,8
5.578927893,16.3817,5.714700395,17.0986,8,,16.6681,8
5.595838393,15.2899,5.731660695,15.7436,8,,16.66309,8
5.612767994,18.4864,5.748630994,18.0926,8,,16.66969,8
5.629702795,15.616,5.765596795,16.917,8,,16.66589,8
5.646666195,15.7893,5.782570095,17.4668,8,,16.66274,8
5.663660494,18.0515,5.799556895,13.9668,8,,16.66771,8
5.680623095,15.968,5.816520595,18.3446,8,,16.66521,7
5.697597395,16.2119,5.833466395,16.8505,8,,16.6636,6
5.714700395,17.8558,5.850485594,17.4818,8,,16.66783,5
5.731660695,17.6756,5.867746194,18.0266,8,,16.67139,8
5.748630994,15.5606,5.884911194,14.3382,8,,16.66748,8
5.765596795,17.3349,5.901893094,18.727,8,,16.66982,7
5.782570095,17.3141,5.918864093,17.5388,8,,16.67207,6
5.833466395,53.2537,5.936921292,17.1732,8,,16.79954,6
5.833466395,3.3713,5.953965192,17.2643,6,,16.75291,8
5.833466395,2.0309,5.971038492,17.0052,7,,16.70197,8
5.850485594,7.031,5.988335391,17.3483,8,,16.66862,8
5.867746194,18.1808,6.005546491,17.0884,8,,16.67382,7
5.918864093,53.9619,6.022760091,18.8173,8,,16.80152,6
5.918864093,3.8151,6.03979209,13.9922,6,,16.75719,8
5.918864093,2.0281,6.05686449,18.0825,7,,16.70709,8
5.918864093,5.0088,6.07392639,16.9976,8,,16.66744,8
5.936921292,16.1704,6.090983591,16.1033,9,,16.66576,7
5.953965192,16.7661,6.109234191,21.8155,9,,16.6661,6
6.022760091,56.3613,6.126864191,14.6515,9,,16.7993,8
6.022760091,2.3028,6.14415899,20.4788,6,,16.75082,7
6.022760091,1.5164,6.16369939,17.9361,7,,16.70004,9
6.022760091,5.4296,6.18071499,16.3982,8,,16.6626,9
6.03979209,18.2145,6.197632491,17.3182,9,,16.66773,9
6.090983591,55.5364,6.21454909,16.4085,9,,16.79601,9
6.109234191,3.0484,6.231454491,17.3253,7,,16.75079,9
6.109234191,2.196,6.248360091,16.1701,7,,16.70307,9
6.14415899,31.3275,6.265242691,17.4314,8,,16.75086,9
6.14415899,2.6664,6.282127292,16.9427,7,,16.70498,9
6.14415899,4.4414,6.299049192,17.5636,8,,16.66517,9
6.16369939,17.3434,6.315963992,15.2751,9,,16.66736,9
6.18071499,16.9586,6.332892192,18.1134,9,,16.6683,9
6.197632491,15.4696,6.349834492,16.9646,9,,16.66445,9
6.21454909,16.3512,6.366751992,16.1839,9,,16.66344,9
6.231454491,17.762,6.383646193,16.964,9,,16.66695,8
6.248360091,17.0388,6.400603692,17.105,9,,16.66814,7
6.265242691,15.5676,6.417675493,17.4222,9,,16.66464,6
6.282127292,16.6964,6.434748392,17.8092,9,,16.66475,9
6.299049192,17.7331,6.451737193,16.5239,9,,16.66812,9
6.315963992,16.4332,6.469933193,18.3584,9,,16.66738,9
6.332892192,16.1126,6.486948393,16.4,9,,16.66564,9
6.349834492,17.4776,6.504389393,16.7335,9,,16.66817,9
6.400603692,55.1884,6.521314093,15.8768,9,,16.78818,9
6.400603692,1.9347,6.538243792,19.0814,7,,16.74205,9
6.400603692,2.5884,6.555449193,16.1953,8,,16.69823,9
6.417675493,7.2367,6.572379793,16.7465,9,,16.66903,9
6.434748392,16.9093,6.589262693,17.5015,9,,16.66976,9
6.451737193,17.8984,6.606195794,17.0961,9,,16.67353,9
6.469933193,15.7881,6.623120294,16.7374,9,,16.67082,9
6.469933193,15.2194,6.640047794,16.9028,9,,16.6664,9
6.486948393,16.3298,6.656944494,17.0143,10,,16.66538,9
6.504389393,17.4748,6.673870894,16.969,10,,16.66783,9
6.521314093,17.2689,6.690916195,16.9852,10,,16.66965,9
6.538243792,15.5819,6.707950195,16.5965,10,,16.66637,9
6.555449193,16.9615,6.724947195,16.7665,10,,16.66726,9
6.572379793,16.7169,6.741887194,17.0859,10,,16.6674,8
6.589262693,16.6459,6.759046094,19.2416,10,,16.66734,7
6.606195794,16.7627,6.776056693,15.125,10,,16.66762,9
6.623120294,16.688,6.793100094,17.0828,10,,16.66768,9
6.640047794,16.9427,6.810172693,16.9465,10,,16.6685,9
6.656944494,16.1524,6.827240493,17.0622,10,,16.66698,9
6.673870894,16.2487,6.844299493,17.2467,10,,16.66575,9
6.690916195,17.3342,6.861318593,16.8989,10,,16.66771,9
6.741887194,55.3111,6.878383193,17.1741,10,,16.7807,9
6.759046094,3.6437,6.895403392,15.8217,8,,16.7424,9
6.759046094,1.5948,6.912449093,18.74,8,,16.69836,9
6.759046094,6.7286,6.929522594,16.8792,9,,16.66947,9
6.776056693,16.766,6.946576293,17.1705,10,,16.66974,9
6.793100094,16.3709,6.963632892,16.524,10,,16.66888,8
6.810172693,16.4738,6.981033893,17.4367,10,,16.66832,7
6.827240493,16.4439,6.997985992,18.4644,10,,16.66768,9
6.844299493,16.6695,7.014906491,16.1716,10,,16.66769,10
6.861318593,17.3931,7.031830491,17.3477,10,,16.66975,10
6.878383193,15.6613,7.048753691,15.652,10,,16.66689,10
6.895403392,18.3829,7.065670592,17.8065,10,,16.67175,10
6.912449093,15.7681,7.082581292,16.882,10,,16.6692,10
6.963632892,55.2001,7.099499992,16.8514,10,,16.77773,10
6.963632892,3.1526,7.116410292,17.8273,8,,16.73946,10
6.963632892,1.7226,7.133335992,15.0713,9,,16.6974,10
6.997985992,20.1393,7.150276291,17.9017,10,,16.70701,10
6.997985992,2.5825,7.167197292,17.0384,9,,16.66767,10
7.014906491,15.9087,7.184141391,16.6015,10,,16.66556,10
7.031830491,17.7716,7.201094191,17.3627,10,,16.66862,10
7.048753691,16.8134,7.217991491,16.184,10,,16.66902,10
7.065670592,15.2337,7.234929591,17.9774,10,,16.66507,10
7.082581292,17.1945,7.252006891,16.7399,10,,16.66652,10
7.099499992,16.1902,7.269939891,17.8708,10,,16.66522,10
7.116410292,18.0897,7.287791492,16.9426,10,,16.66911,10
7.133335992,17.0615,7.304840693,16.8501,10,,16.67018,10
7.150276291,16.1535,7.321943594,17.9533,10,,16.66878,10
7.167197292,16.7914,7.339052593,16.829,10,,16.66911,9
7.184141391,16.3165,7.355970192,18.3462,10,,16.66816,8
7.201094191,17.9224,7.372905092,13.9151,10,,16.67154,10
7.217991491,16.2188,7.389851992,18.743,10,,16.67032,9
7.234929591,16.9299,7.406795292,18.3635,10,,16.67101,8
7.252006891,16.177,7.423728493,13.7999,10,,16.66969,10
7.269939891,16.5206,7.440671894,18.3501,10,,16.6693,10
7.269939891,15.9468,7.457609394,17.0618,10,,16.66737,10
7.287791492,17.4055,7.474647695,17.0092,11,,16.66933,10
7.355970192,55.0602,7.491673795,17.0109,11,,16.7709,10
7.355970192,1.7427,7.508617695,15.3371,8,,16.73124,10
7.355970192,2.1276,7.525589795,18.578,9,,16.69281,10
7.406795292,46.4629,7.542528396,16.7903,10,,16.77095,10
7.406795292,2.6174,7.559473896,16.9934,8,,16.7339,10
7.406795292,1.5546,7.576410096,15.5534,9,,16.69427,10
7.406795292,7.2226,7.593389395,18.6571,10,,16.6696,10
7.423728493,17.9905,7.610393496,16.5491,11,,16.67303,10
7.440671894,14.2906,7.627379396,17.4092,11,,16.66686,10
7.457609394,17.9324,7.644370997,15.3176,11,,16.67013,10
7.474647695,15.858,7.661372396,18.7954,11,,16.66804,10
7.491673795,17.0795,7.678468497,16.6679,11,,16.66909,10
7.508617695,17.3553,7.695400897,17.1013,11,,16.67085,10
7.525589795,15.4407,7.712381997,15.4843,11,,16.66771,10
7.542528396,17.0923,7.729368597,17.435,11,,16.66879,10
7.559473896,17.0635,7.746317697,18.3994,11,,16.66979,10
7.576410096,17.1896,7.763292297,17.0311,11,,16.67111,10
7.593389395,15.9927,7.780271097,15.2973,11,,16.6694,10
7.610393496,16.5164,7.797245297,19.2234,11,,16.66901,10
7.627379396,16.7834,7.814212797,17.0643,11,,16.6693,11
7.644370997,17.5599,7.831178797,16.751,11,,16.67154,11
7.661372396,15.8992,7.848152996,17.4388,11,,16.6696,11
7.678468497,17.6597,7.865123996,15.1303,11,,16.67208,11
7.695400897,16.4639,7.882099697,16.7695,11,,16.67156,10
7.712381997,17.335,7.900408496,21.7221,11,,16.67321,10
7.729368597,17.2149,7.917442096,14.2843,11,,16.67455,11
7.746317697,14.784,7.934422995,17.4288,11,,16.66987,11
7.763292297,16.881,7.951468696,16.9336,11,,16.67039,11
7.780271097,17.5318,7.968526497,18.4779,11,,16.67251,11
7.797245297,14.9348,7.985564697,15.877,11,,16.66824,11
7.814212797,17.0201,8.002512996,17.6999,11,,16.66911,10
7.831178797,16.8007,8.019600497,16.1722,11,,16.66943,11
7.848152996,17.4122,8.037764096,17.412,11,,16.67124,11
7.865123996,17.3041,8.056136496,18.3766,11,,16.67278,11
7.900408496,32.2975,8.073109395,17.1159,11,,16.7107,11
7.900408496,2.4769,8.090079394,17.2017,10,,16.67624,11
7.917442096,14.8471,8.107051895,17.079,11,,16.67182,11
7.934422995,17.1936,8.124017596,15.2327,11,,16.67308,11
7.951468696,16.4346,8.141006996,18.6067,11,,16.6725,11
7.968526497,16.8766,8.157979896,16.7648,11,,16.67299,11
7.985564697,20.1032,8.174945395,17.1334,11,,16.6812,11
8.002512996,14.6663,8.191888395,16.8524,11,,16.67639,11
8.019600497,15.9982,8.209042096,16.6808,11,,16.67478,11
8.037764096,15.7603,8.226025797,17.2594,11,,16.67261,11
8.037764096,16.9652,8.242972697,17.2874,11,,16.6733,11
8.056136496,15.0783,8.259959597,16.8138,12,,16.66953,11
8.073109395,16.441,8.276892797,16.7913,12,,16.66899,11
8.090079394,16.6854,8.293854897,16.8442,12,,16.66903,11
8.107051895,17.5221,8.310787398,17.1716,12,,16.67103,11
8.124017596,17.0137,8.327733298,16.8642,12,,16.67183,11
8.141006996,15.7705,8.344683898,16.9532,12,,16.66973,11
8.157979896,17.6194,8.361814498,16.9443,12,,16.67194,11
8.174945395,15.606,8.378837998,17.0162,12,,16.66946,11
8.191888395,20.7398,8.395804399,17.1516,12,,16.67891,11
8.209042096,13.5658,8.412712799,16.888,12,,16.6717,11
8.226025797,17.5297,8.429638398,16.7855,12,,16.67368,11
8.242972697,16.2537,8.446592498,16.9357,12,,16.67271,11
8.259959597,16.607,8.463488098,16.9555,12,,16.67256,11
8.276892797,16.6093,8.480402197,16.8696,12,,16.67242,11
8.293854897,17.0012,8.497349398,16.9502,12,,16.67317,11
8.310787398,16.2096,8.514234997,16.8666,12,,16.67211,11
8.327733298,16.7124,8.531146297,17.4547,12,,16.6722,11
8.344683898,17.3403,8.548088796,16.99,12,,16.67372,11
8.361814498,16.5804,8.565008295,16.2427,12,,16.67351,11
8.378837998,16.0543,8.581914694,17.117,12,,16.67211,11
8.395804399,16.6038,8.598851695,18.3043,12,,16.67195,11
8.412712799,16.0484,8.615779194,16.1519,12,,16.67055,12
8.429638398,18.2033,8.632703294,18.5818,12,,16.67399,12
8.446592498,15.6462,8.649736294,16.8586,12,,16.67169,12
8.463488098,16.7031,8.666792994,16.333,12,,16.67176,12
8.480402197,21.3619,8.683859793,17.1822,12,,16.68223,12
8.497349398,11.5678,8.700923893,17.6142,12,,16.67084,12
8.514234997,16.7371,8.717983893,16.0865,12,,16.67098,12
8.531146297,16.5711,8.734917793,18.3412,12,,16.67076,12
8.548088796,16.2616,8.751838393,16.1226,12,,16.66986,12
8.565008295,17.5202,8.768777793,17.3105,12,,16.67174,12
8.581914694,15.8611,8.785726293,15.9454,12,,16.66995,12
8.598851695,16.5765,8.802667094,16.3037,12,,16.66974,12
8.615779194,16.673,8.819578694,18.4345,12,,16.66975,12
8.632703294,16.7902,8.836513293,16.9168,12,,16.67002,12
8.649736294,16.6371,8.853469993,16.2819,12,,16.66994,12
8.666792994,17.8565,8.870411993,17.1154,12,,16.67253,12
8.683859793,16.0815,8.887368794,17.25,12,,16.67124,12
8.700923893,16.6407,8.905537893,16.1348,12,,16.67118,12
8.717983893,16.6784,8.922652393,17.7387,12,,16.67119,12
8.734917793,17.8904,8.939575392,16.8248,12,,16.67383,12
8.751838393,16.3108,8.956498792,16.8861,12,,16.67304,11
8.768777793,17.021,8.973421992,18.1346,12,,16.67379,10
8.785726293,16.6449,8.990351993,15.3706,12,,16.67373,11
8.802667094,16.3139,9.007416892,17.4485,12,,16.67296,12
8.819578694,17.6207,9.024356992,16.8677,12,,16.67499,12
8.836513293,17.26,9.041286893,17.1289,12,,16.67623,12
8.853469993,15.7277,9.058190593,17.221,12,,16.67421,12
8.870411993,16.4725,9.075266593,16.3955,12,,16.67379,12
8.887368794,17.3301,9.092176994,17.9042,12,,16.67518,12
8.887368794,14.9104,9.109112894,16.7093,12,,16.67145,12
8.905537893,16.9579,9.126046994,17.223,13,,16.67205,12
8.973421992,55.907,9.142975494,16.7956,13,,16.75465,12
8.973421992,2.5182,9.159878793,16.8967,10,,16.72474,12
8.973421992,1.8986,9.176815194,16.709,11,,16.69366,12
8.973421992,5.8157,9.193752894,18.0356,12,,16.6709,12
8.990351993,18.5729,9.210665894,16.543,13,,16.67487,12
9.007416892,15.3136,9.227682893,16.7668,13,,16.67204,12
9.024356992,17.0257,9.244679393,16.8308,13,,16.67277,12
9.041286893,16.7975,9.261587392,17.4471,13,,16.67303,12
9.058190593,15.6352,9.278519991,16.8742,13,,16.67088,12
9.075266593,16.4814,9.295466391,17.0778,13,,16.67049,12
9.092176994,16.9372,9.31241719,17.0866,13,,16.67104,12
9.109112894,16.6992,9.32934929,16.4236,13,,16.6711,12
9.126046994,16.485,9.34628179,17.0643,13,,16.67072,12
9.142975494,16.8817,9.363221591,17.1032,13,,16.67115,12
9.159878793,16.3393,9.380157491,17.1036,13,,16.67047,12
9.176815194,16.8615,9.397087991,17.8665,13,,16.67086,12
9.193752894,16.7563,9.414011891,16.1204,13,,16.67103,13
9.210665894,16.285,9.431057792,17.173,13,,16.67025,12
9.227682893,17.187,9.448145791,17.2026,13,,16.6713,13
9.244679393,16.7532,9.465196991,17.2235,13,,16.67146,13
9.261587392,16.9652,9.482136791,16.6964,13,,16.67206,13
9.278519991,16.2037,9.49907289,17.0528,13,,16.67111,13
9.295466391,17.2634,9.51599959,16.8718,13,,16.6723,13
9.31241719,17.2411,9.53292779,17.5159,13,,16.67345,13
9.32934929,15.7549,9.549847191,16.2898,13,,16.6716,13
9.34628179,17.7755,9.56677349,16.2556,13,,16.67381,13
9.363221591,15.0131,9.583704091,16.9659,13,,16.6705,13
9.380157491,16.8335,9.600625792,17.3563,13,,16.67082,13
9.397087991,16.912,9.617565693,15.9641,13,,16.6713,13
9.414011891,17.128,9.634514393,17.4267,13,,16.67221,13
9.431057792,16.0722,9.651447692,16.5759,13,,16.67102,13
9.448145791,16.4181,9.668388193,17.3864,13,,16.67052,13
9.465196991,17.0751,9.685396393,15.0407,13,,16.67132,13
9.482136791,16.2969,9.702343992,19.6638,13,,16.67058,12
9.49907289,16.991,9.719264492,15.4748,13,,16.67121,13
9.51599959,16.3942,9.736162392,16.9382,13,,16.67067,13
9.53292779,16.6428,9.753140192,17.9032,13,,16.67061,13
9.549847191,16.9459,9.770108591,15.4297,13,,16.67115,13
9.56677349,18.2401,9.787002492,17.607,13,,16.67421,13
9.583704091,16.5163,9.803957292,16.7618,13,,16.6739,13
9.600625792,15.3473,9.820907592,16.7476,13,,16.67133,13
9.617565693,16.9779,9.839286893,17.2232,13,,16.67192,13
9.634514393,17.5955,9.856189994,18.85,13,,16.67371,13
9.651447692,16.0521,9.873083794,16.1742,13,,16.67251,13
9.668388193,16.9873,9.890587994,16.8239,13,,16.67311,13
9.702343992,33.61,9.907540295,17.0943,13,,16.70568,13
9.702343992,1.7102,9.924439094,17.6622,12,,16.6769,13
9.719264492,14.3308,9.941665295,17.1953,13,,16.67241,13
9.736162392,16.8342,9.958648195,16.5658,13,,16.67272,13
9.753140192,18.5819,9.975622994,15.3897,13,,16.67636,13
9.770108591,15.1394,9.992565095,16.9548,13,,16.67343,13
9.787002492,16.3907,10.00955569,18.55,13,,16.6729,13
9.803957292,17.1617,10.0265285,15.4675,13,,16.67382,13
9.820907592,16.6394,10.0434997,18.7761,13,,16.67376,13
9.839286893,15.6067,10.0605063,16.8222,13,,16.67174,13
9.856189994,19.9084,10.0774937,17.055,13,,16.67785,13
9.873083794,17.1711,10.0946094,15.4541,13,,16.67878,13
9.873083794,14.1185,10.1116968,17.0097,13,,16.67396,13
9.890587994,15.5032,10.128688,18.3409,14,,16.67177,13
9.907540295,16.3971,10.1456764,17.197,14,,16.67125,13
9.924439094,16.8631,10.1626568,15.4713,14,,16.67161,13
9.941665295,17.0238,10.1796412,18.6684,14,,16.67227,13
9.958648195,16.6567,10.1966058,16.8629,14,,16.67224,13
9.975622994,17.4413,10.2135973,17.0714,14,,16.67367,13
9.992565095,16.572,10.231758,19.2338,14,,16.67348,13
10.00955569,17.4866,10.2487837,16.2155,14,,16.67499,14
10.0265285,16.1391,10.2657568,15.3276,14,,16.674,13
10.0434997,15.9652,10.2827354,17.6119,14,,16.67269,13
10.0605063,16.732,10.3012243,22.7159,14,,16.6728,13
10.0774937,15.8565,10.3182477,14.0825,14,,16.6713,14
10.0946094,18.3784,10.3352328,17.0774,14,,16.67443,14
10.1116968,17.2277,10.3522118,16.8635,14,,16.67544,14
10.128688,15.2399,10.36918789,17.0029,14,,16.67282,14
10.1456764,16.6366,10.38617519,17.0173,14,,16.67275,14
10.1626568,17.5995,10.40321229,17.5442,14,,16.67444,14
10.1796412,15.9196,10.42022879,17.2395,14,,16.67307,14
10.1966058,17.6775,10.43728399,16.1689,14,,16.67489,14
10.2135973,15.1826,10.45426949,17.2899,14,,16.67219,14
10.231758,16.2146,10.47130969,17.0769,14,,16.67136,14
10.2487837,17.6019,10.4898717,17.2764,14,,16.67304,14
10.2657568,17.1727,10.5077035,16.7816,14,,16.67394,14
10.3012243,32.4336,10.52469969,18.186,14,,16.70228,14
10.3012243,3.3996,10.54166499,17.489,13,,16.6784,14
10.3182477,15.3333,10.558633,16.617,14,,16.67599,14
10.3352328,16.3935,10.5756003,17.0908,14,,16.67549,14
10.3522118,16.5977,10.5925951,15.4247,14,,16.67535,14
10.36918789,16.3488,10.6095361,18.4685,14,,16.67476,14
10.38617519,17.1565,10.6264975,18.2494,14,,16.67562,14
10.40321229,15.7766,10.6434952,15.5467,14,,16.67402,14
10.42022879,17.2471,10.6605128,15.8698,14,,16.67504,14
10.43728399,16.4718,10.6775879,18.3114,14,,16.67468,14
10.45426949,17.26,10.6945548,16.7992,14,,16.67571,14
10.47130969,16.3629,10.7114959,17.4025,14,,16.67516,14
10.47130969,15.0844,10.728519,16.9335,14,,16.67236,14
10.4898717,17.7307,10.7454672,16.5974,15,,16.67422,14
10.5077035,16.6477,10.7624226,16.1256,15,,16.67418,14
10.52469969,15.3978,10.779476,18.0536,15,,16.67194,14
10.54166499,16.8595,10.7964177,18.1665,15,,16.67227,14
10.558633,17.4113,10.8133642,16.5391,15,,16.67356,14
10.5756003,16.3854,10.830308,14.5547,15,,16.67306,14
10.5925951,17.491,10.84724479,18.7887,15,,16.67448,13
10.6095361,15.5541,10.8649226,18.6862,15,,16.67253,12
10.6264975,17.2834,10.88188079,17.5744,15,,16.67359,14
10.6434952,16.262,10.8988107,15.113,15,,16.67288,15
10.6605128,17.2711,10.91573439,16.7456,15,,16.67391,14
10.6775879,15.5393,10.93266419,17.8722,15,,16.67196,14
10.7114959,24.7375,10.94971789,16.9138,15,,16.68584,15
10.7114959,9.281,10.96675539,17.0769,14,,16.67312,15
10.728519,18.1203,10.98367819,16.4331,15,,16.6756,15
10.7454672,16.3028,11.00060219,18.671,15,,16.67496,15
10.7624226,17.7828,11.01752589,16.6604,15,,16.67686,15
10.779476,15.0126,11.03446719,16.1549,15,,16.67402,15
10.7964177,17.1788,11.05139289,17.2498,15,,16.67487,15
10.84724479,56.721,11.06833479,16.2175,15,,16.74298,15
10.8649226,2.9721,11.08526489,18.3041,13,,16.7196,15
10.8649226,2.4088,11.10219179,15.9714,13,,16.69534,15
10.88188079,16.8317,11.11912689,17.0154,14,,16.69558,15
10.88188079,2.9939,11.13605289,16.9379,14,,16.67243,15
10.8988107,18.3115,11.15297439,16.2648,15,,16.67519,15
10.91573439,15.8261,11.16992119,18.5354,15,,16.67377,15
10.93266419,15.635,11.18685529,16.1247,15,,16.67202,15
10.94971789,16.5701,11.20377029,16.3872,15,,16.67185,15
10.96675539,16.4759,11.22071349,18.3301,15,,16.67152,15
10.98367819,16.7222,11.23762509,16.3264,15,,16.6716,15
11.00060219,17.8825,11.25458429,17.3577,15,,16.67363,15
11.01752589,15.4301,11.27261309,17.3557,15,,16.67155,15
11.03446719,17.7829,11.28957749,17.5662,15,,16.6734,15
11.05139289,16.0342,11.30780359,16.2029,15,,16.67234,15
11.06833479,16.5607,11.32476309,16.666,15,,16.67216,15
11.08526489,17.2068,11.34170329,17.4503,15,,16.67304,15
11.10219179,16.1361,11.35866529,17.0108,15,,16.67215,15
11.11912689,17.6106,11.37559159,18.0782,15,,16.6737,15
11.13605289,15.7281,11.39253219,17.0088,15,,16.67214,15
11.15297439,16.8509,11.40943929,16.251,15,,16.67244,15
11.16992119,18.4107,11.42638729,16.7087,15,,16.67529,15
11.18685529,16.5355,11.44334099,17.1185,15,,16.67506,15
11.20377029,16.3561,11.46028159,16.8589,15,,16.67454,15
11.22071349,17.5886,11.47720009,16.8785,15,,16.67603,15
11.23762509,16.1484,11.49412699,17.2729,15,,16.67517,15
11.25458429,17.5644,11.51106259,16.9379,15,,16.67662,15
11.27261309,16.8698,11.52798669,16.2167,15,,16.67694,15
11.28957749,18.2816,11.54490469,16.3183,15,,16.67954,15
11.28957749,13.2441,11.56184629,17.0331,15,,16.67397,15
11.30780359,16.5989,11.57878709,16.883,16,,16.67385,15
11.32476309,15.5156,11.59572009,17.1783,16,,16.67198,15
11.34170329,17.0098,11.61266689,16.7519,16,,16.67253,14
11.35866529,16.9094,11.62998949,18.8645,16,,16.67291,13
11.37559159,16.7394,11.64690519,16.4242,16,,16.67301,15
11.39253219,16.5924,11.66384968,16.7147,16,,16.67289,15
11.40943929,16.4855,11.68091698,16.5126,16,,16.67258,15
11.42638729,16.7068,11.69784458,15.5187,16,,16.67264,15
11.44334099,18.266,11.71479239,18.7747,16,,16.67518,15
11.46028159,16.5178,11.73174038,16.5773,16,,16.67493,15
11.47720009,16.0717,11.74867808,16.9944,16,,16.67397,15
11.49412699,16.7293,11.76561208,15.9588,16,,16.67406,15
11.51106259,19.7031,11.78257678,20.1491,16,,16.67887,15
11.52798669,15.0052,11.79951878,14.9433,16,,16.67622,16
11.54490469,16.0083,11.81657188,17.8814,16,,16.67516,15
11.56184629,15.3736,11.83362248,16.7754,16,,16.6731,15
11.61266689,55.8096,11.85055508,16.2636,16,,16.73483,16
11.62998949,3.7893,11.86748268,17.388,14,,16.71445,15
11.62998949,1.458,11.88440328,15.6267,14,,16.69046,16
11.64690519,15.0012,11.90132108,17.7538,15,,16.68781,15
11.64690519,7.1075,11.91825478,16.9733,15,,16.67279,14
11.66384968,17.163,11.93591678,17.6832,16,,16.67356,13
11.68091698,16.4723,11.95284778,16.3948,16,,16.67324,16
11.69784458,17.0817,11.96977258,17.1064,16,,16.67388,16
11.71479239,17.295,11.98670238,17.9521,16,,16.67485,16
11.73174038,16.4007,12.00373788,16.8039,16,,16.67442,16
11.74867808,17.5472,12.02067418,17.3599,16,,16.67578,16
11.78257678,28.3773,12.03763508,15.7561,16,,16.69392,16
11.78257678,2.7328,12.05459008,17.9381,15,,16.67231,16
11.79951878,16.8616,12.07156118,16.0819,16,,16.6726,16
11.81657188,17.951,12.08851278,17.881,16,,16.67457,15
11.83362248,15.6605,12.10542778,14.6698,16,,16.67301,14
11.85055508,17.3011,12.12244868,18.4393,16,,16.67398,13
11.86748268,16.0251,12.13940248,16.7607,16,,16.67298,13
11.91825478,56.421,12.15741598,17.7392,16,,16.73394,16
11.91825478,3.4904,12.17437428,17.753,14,,16.71366,16
11.91825478,1.9221,12.19127718,16.877,15,,16.69104,16
11.93591678,5.5089,12.20829308,16.3291,16,,16.67397,16
11.95284778,17.0938,12.22522138,16.8018,16,,16.67461,16
11.96977258,16.3317,12.24322368,19.3767,16,,16.67409,16
11.98670238,16.1964,12.26157598,17.4542,16,,16.67336,16
12.00373788,16.1153,12.27852288,17.068,16,,16.67252,16
12.02067418,18.1294,12.29547308,15.4391,16,,16.67472,16
12.03763508,16.6705,12.31245818,18.6487,16,,16.67472,16
12.05459008,16.5761,12.32943838,16.871,16,,16.67457,16
12.10542778,56.7149,12.34641888,16.7617,16,,16.73496,16
12.12244868,14.817,12.36340808,15.6051,14,,16.73207,16
12.12244868,2.078,12.38040618,18.7187,14,,16.71004,16
12.12244868,2.8221,12.39739328,16.7304,15,,16.68918,16
12.13940248,6.5499,12.41439098,17.1656,16,,16.67398,16
12.15741598,16.9809,12.43137078,16.8729,16,,16.67444,16
12.17437428,18.637,12.44834308,15.7529,16,,16.67738,16
12.19127718,17.8706,12.46533578,16.7594,16,,16.67916,16
12.20829308,14.5123,12.48232118,18.5547,16,,16.67593,16
12.22522138,16.7996,12.49929088,16.5443,16,,16.67611,16
12.24322368,18.3927,12.51628168,17.7919,16,,16.67866,16
12.24322368,14.6576,12.53326478,15.0323,16,,16.67566,16
12.26157598,16.5286,12.55028398,20.2732,17,,16.67545,16
12.27852288,15.7811,12.56726918,17.0094,17,,16.67412,16
12.29547308,18.7106,12.58424907,16.4414,17,,16.67713,17
12.31245818,14.8402,12.60121137,17.0225,17,,16.67442,17
12.32943838,17.2631,12.61822337,17.1137,17,,16.67529,17
12.34641888,15.4511,12.63519477,16.7991,17,,16.67349,17
12.36340808,17.8552,12.65216397,17.5929,17,,16.67522,17
12.38040618,15.104,12.66927967,15.5146,17,,16.67292,17
12.39739328,17.012,12.68624557,16.8019,17,,16.67342,17
12.41439098,17.3572,12.70326537,16.8933,17,,16.67442,17
12.43137078,16.8694,12.72027447,18.9263,17,,16.6747,17
12.44834308,16.9208,12.73725867,16.2001,17,,16.67506,17
12.46533578,17.0372,12.75421817,17.4224,17,,16.67559,17
12.48232118,15.6206,12.77119117,17.3364,17,,16.67405,17
12.49929088,16.6527,12.78816427,16.9838,17,,16.67402,17
12.51628168,17.024,12.80513957,16.7101,17,,16.67453,17
12.53326478,17.7804,12.82267877,17.8212,17,,16.67613,17
12.55028398,15.3696,12.83981477,16.311,17,,16.67424,17
12.56726918,16.6602,12.85850487,18.763,17,,16.67422,17
12.58424907,16.229,12.87639107,16.519,17,,16.67358,17
12.60121137,16.5551,12.89333197,18.4372,17,,16.67341,17
12.61822337,17.8189,12.91030327,16.8193,17,,16.67505,17
12.63519477,16.8247,12.92728467,17.1248,17,,16.67527,17
12.65216397,16.7644,12.94425857,16.4245,17,,16.6754,17
12.66927967,16.5127,12.96119967,17.1377,17,,16.67517,17
12.68624557,16.8886,12.97818197,16.2198,17,,16.67547,17
12.70326537,16.0633,12.99515617,17.7466,17,,16.6746,17
12.72027447,16.204,13.01214747,17.6456,17,,16.67393,17
12.73725867,17.1728,13.02914157,16.801,17,,16.67464,17
12.75421817,17.3373,13.04608577,16.6702,17,,16.67558,17
12.77119117,17.9162,13.06310908,17.0796,17,,16.67734,17
12.78816427,15.5872,13.08006087,16.7952,17,,16.67579,17
12.80513957,16.6799,13.09697667,16.3984,17,,16.6758,17
12.82267877,18.8363,13.11391727,16.8374,17,,16.67885,17
12.83981477,14.3019,13.13082937,17.1206,17,,16.6755,17
12.85850487,17.0891,13.14777327,17.6037,17,,16.67608,17
12.85850487,14.9177,13.16471547,16.8625,17,,16.67361,17
12.87639107,17.2595,13.18166227,17.1618,18,,16.67443,17
12.89333197,16.3512,13.19860067,16.8499,18,,16.67398,17
12.91030327,16.7012,13.21553837,16.779,18,,16.67402,17
12.92728467,17.0397,13.23248337,16.9467,18,,16.67453,17
12.94425857,16.2534,13.24942167,17.0949,18,,16.67394,17
12.97818197,23.4591,13.26634817,17.0976,18,,16.6834,17
12.97818197,10.8761,13.28329757,15.37,17,,16.67531,17
12.99515617,15.1757,13.30022247,16.8818,18,,16.67323,16
13.01214747,17.2293,13.31722507,19.2023,18,,16.674,15
13.02914157,16.7671,13.33416277,16.4238,18,,16.67413,18
13.04608577,16.5144,13.35108817,15.2809,18,,16.67391,18
13.06310908,16.6285,13.36802177,17.817,18,,16.67385,17
13.08006087,16.8437,13.38496447,16.7831,18,,16.67408,17
13.09697667,16.4227,13.40189047,16.6198,18,,16.67373,18
13.11391727,17.18,13.41881997,17.9011,18,,16.67443,18
13.13082937,18.1209,13.43574627,16.3156,18,,16.67642,18
13.14777327,15.063,13.45266757,17.7943,18,,16.6742,18
13.16471547,17.406,13.46961037,13.7689,18,,16.67521,17
13.18166227,16.2275,13.48772637,19.9131,18,,16.67459,16
13.19860067,19.3687,13.50468127,18.0966,18,,16.67828,15
13.21553837,14.6066,13.52175747,16.4687,18,,16.67545,18
13.23248337,16.1806,13.53869427,18.112,18,,16.67477,18
13.24942167,15.8794,13.55563197,16.4977,18,,16.67369,18
13.30022247,56.6306,13.57259037,17.0984,18,,16.72805,18
13.31722507,4.5829,13.58954077,16.9018,16,,16.71155,18
13.31722507,2.2646,13.60645087,16.8175,16,,16.69195,18
13.31722507,2.9553,13.62340387,17.0876,17,,16.67334,18
13.33416277,17.1709,13.64171457,17.1084,18,,16.67401,18
13.35108817,17.9631,13.65999257,17.581,18,,16.67575,18
13.36802177,16.6411,13.67702467,17.0521,18,,16.6757,18
13.38496447,15.0359,13.69393197,16.9367,18,,16.67349,18
13.40189047,17.0305,13.71087177,17.9667,18,,16.67398,18
13.41881997,17.6514,13.72781877,17.3568,18,,16.67529,18
13.43574627,15.8891,13.74476687,16.9565,18,,16.67423,18
13.48772637,56.2997,13.76170377,16.39,18,,16.72735,18
13.48772637,1.8962,13.77863137,17.0119,16,,16.7075,18
13.48772637,1.8872,13.79558967,16.6336,17,,16.68768,18
13.50468127,6.8401,13.81250027,16.9433,18,,16.67454,18
13.52175747,16.6913,13.82940607,16.9166,18,,16.67456,18
13.53869427,17.8749,13.84633667,16.8543,18,,16.67616,18
13.55563197,16.5326,13.86330287,17.0556,18,,16.67597,18
13.57259037,16.7131,13.88022677,16.8642,18,,16.67602,18
13.58954077,16.824,13.89715907,17.0101,18,,16.67621,18
13.60645087,16.6596,13.91408537,16.9293,18,,16.67619,18
13.62340387,17.5662,13.93099437,16.9883,18,,16.67737,18
13.64171457,14.9577,13.94790487,17.0092,18,,16.67509,18
13.64171457,16.8121,13.96480977,16.8956,18,,16.67528,18
13.65999257,15.3066,13.98171527,17.1675,19,,16.67347,18
13.67702467,16.8354,13.99862237,16.6382,19,,16.67369,18
13.69393197,16.7356,14.01551607,17.4385,19,,16.67377,18
13.71087177,16.6362,14.03245407,17.1292,19,,16.67372,18
13.72781877,16.7561,14.04938287,16.7675,19,,16.67383,18
13.74476687,16.4737,14.06631897,16.8776,19,,16.67356,18
13.76170377,16.8355,14.08327357,17.1614,19,,16.67377,18
13.77863137,16.5821,14.10020147,15.3757,19,,16.67366,18
13.79558967,17.7258,14.11714497,16.8716,19,,16.67503,18
13.81250027,15.783,14.13404367,17.0363,19,,16.67387,18
13.82940607,16.7694,14.15094137,18.1253,19,,16.67399,18
13.84633667,16.578,14.16785717,17.7847,19,,16.67386,19
13.86330287,16.5583,14.18478487,16.678,19,,16.67372,19
13.88022677,17.4925,14.20172307,15.8036,19,,16.67478,19
13.89715907,15.9098,14.21867067,16.4438,19,,16.67379,18
13.91408537,17.0897,14.23558117,16.6865,19,,16.67432,18
13.93099437,16.3475,14.25251137,16.8273,19,,16.6739,17
13.94790487,16.6581,14.26947247,18.4992,19,,16.67388,16
13.96480977,16.949,14.28643547,16.4925,19,,16.67424,19
13.98171527,17.2755,14.30337487,16.7689,19,,16.67501,19
13.99862237,16.1491,14.32030297,18.3995,19,,16.67433,19
14.01551607,18.2304,14.33723827,15.1577,19,,16.67633,19
14.03245407,14.7244,14.35416807,18.2252,19,,16.67383,19
14.04938287,16.8901,14.37109307,16.158,19,,16.67411,19
14.06631897,17.777,14.38802297,18.5148,19,,16.67551,18
14.08327357,15.2187,14.40508967,15.5582,19,,16.67366,19
14.10020147,17.7471,14.42202807,16.573,19,,16.67502,19
14.11714497,16.1463,14.43895787,17.4646,19,,16.67435,19
14.13404367,16.4891,14.45587917,17.5349,19,,16.67412,19
14.15094137,16.0463,14.47281347,16.2574,19,,16.67332,19
14.16785717,16.8943,14.48977907,17.0196,19,,16.6736,19
14.18478487,16.7817,14.50669757,17.1368,19,,16.67374,19
14.20172307,17.4108,14.52366977,16.0031,19,,16.67467,19
14.25251137,55.7953,14.54060947,18.1626,19,,16.72406,19
14.25251137,2.3866,14.55771147,16.1429,17,,16.70598,19
14.26947247,3.879,14.57478587,16.8957,18,,16.68983,19
14.26947247,5.3073,14.59242417,17.6444,18,,16.67551,19
14.28643547,15.6696,14.60937747,17.6047,19,,16.67425,19
14.30337487,16.4442,14.62631827,14.1176,19,,16.67396,18
14.32030297,16.4734,14.64327417,20.4249,19,,16.67371,17
14.33723827,16.5123,14.66075337,14.7348,19,,16.6735,17
14.35416807,17.0388,14.67795237,17.6617,19,,16.67396,19
14.38802297,32.4684,14.69529407,17.5932,19,,16.69368,19
14.38802297,2.5356,14.71232407,17.0618,18,,16.67603,19
14.40508967,15.1449,14.72932487,16.7883,19,,16.67412,19
14.42202807,16.6274,14.74627497,16.8863,19,,16.67406,19
14.43895787,17.9812,14.76325787,16.9922,19,,16.67569,19
14.45587917,16.7686,14.78021327,18.1826,19,,16.6758,19
14.47281347,17.5855,14.79718947,16.9189,19,,16.67693,19
14.48977907,16.6508,14.81413887,15.7833,19,,16.6769,19
14.50669757,15.9001,14.83113207,18.1728,19,,16.67594,19
14.52366977,16.1141,14.84807087,15.6887,19,,16.67524,19
14.54060947,17.7649,14.86505617,18.2673,19,,16.67658,19
14.55771147,16.8952,14.88203557,17.1872,19,,16.67685,19
14.57478587,15.5399,14.89897787,17.3562,19,,16.67546,19
14.59242417,17.8301,14.91595517,17.4077,19,,16.67687,19
14.64327417,54.6764,14.93292377,16.9369,19,,16.7235,19
14.64327417,2.0427,14.94985847,15.8874,17,,16.70551,19
14.64327417,2.3378,14.96683737,17.1745,18,,16.68792,19
14.64327417,6.7315,14.98377887,17.2126,19,,16.67575,19
14.66075337,17.1409,15.00080667,17.3567,20,,16.67632,19
14.67795237,16.1043,15.01777347,17.8093,20,,16.67562,19
14.69529407,16.1112,15.03475427,17.1881,20,,16.67493,20
14.71232407,17.5733,15.05174097,16.9574,20,,16.67603,20
14.72932487,15.6245,15.06871177,16.9639,20,,16.67475,20
14.74627497,16.8735,15.08568717,17.0517,20,,16.67499,20
14.76325787,17.0294,15.10266227,16.7739,20,,16.67542,20
14.78021327,15.6853,15.11968317,17.3129,20,,16.67422,20
14.79718947,17.3334,15.13665427,16.6967,20,,16.67502,20
14.81413887,17.6202,15.15362957,16.1831,20,,16.67616,20
14.83113207,15.1533,15.17062927,17.2072,20,,16.67432,20
14.84807087,17.3538,15.18760097,16.226,20,,16.67514,20
14.86505617,18.8494,15.20457787,16.1573,20,,16.67776,20
14.88203557,14.8197,15.22155737,16.8032,20,,16.67552,19
14.89897787,16.8097,15.23852657,15.3216,20,,16.67569,18
14.91595517,15.9218,15.25638027,19.8114,20,,16.67478,17
14.93292377,16.6475,15.27336117,17.5293,20,,16.67475,20
14.94985847,16.6585,15.29035267,18.1526,20,,16.67473,20
14.96683737,17.4439,15.30750117,16.8418,20,,16.67565,20
14.98377887,17.1096,15.32459717,15.5891,20,,16.67617,20
15.00080667,15.0951,15.34165057,17.2972,20,,16.67428,20
15.01777347,16.7337,15.35874047,16.6019,20,,16.67435,20
15.03475427,16.8888,15.37578117,17.6318,20,,16.67461,20
15.05174097,16.4352,15.39361087,16.8789,20,,16.67432,20
15.06871177,16.6803,15.41165847,16.806,20,,16.67433,20
15.08568717,16.8918,15.42863137,17.5977,20,,16.67459,20
15.10266227,17.1624,15.44660307,19.0201,20,,16.67517,20
15.11968317,15.8524,15.46368897,15.3784,20,,16.67419,20
15.13665427,16.9457,15.48073027,16.9371,20,,16.67451,20
15.15362957,18.4374,15.49764847,16.9234,20,,16.67659,20
15.17062927,14.9738,15.51458957,18.3491,20,,16.67459,20
15.18760097,17.4416,15.53156447,17.436,20,,16.67549,20
15.23852657,55.6759,15.54853297,16.5461,20,,16.72132,20
15.23852657,3.3042,15.56550967,15.5189,18,,16.70557,20
15.23852657,2.1756,15.58249827,17.0344,19,,16.68854,20
15.25638027,5.8384,15.59947997,17.123,20,,16.67583,20
15.27336117,16.6805,15.61642207,16.7491,20,,16.67584,20
15.29035267,17.8353,15.63333917,17.2291,20,,16.67719,20
15.30750117,17.6578,15.65199647,19.2201,20,,16.67834,20
15.32459717,15.5205,15.66893287,16.0438,20,,16.67698,20
15.34165057,17.4976,15.68587927,16.941,20,,16.67794,20
15.35874047,14.1269,15.70282667,16.966,20,,16.67497,20
15.37578117,18.7384,15.72096897,19.8403,20,,16.67737,19
15.37578117,14.3909,15.73794017,16.8126,20,,16.67472,18
15.39361087,18.0189,15.75487167,17.0026,21,,16.67628,21
15.41165847,14.9802,15.77179717,16.093,21,,16.67431,20
15.44660307,23.3855,15.78875077,17.4342,21,,16.68207,20
15.44660307,11.1632,15.80570997,16.6787,20,,16.6757,21
15.46368897,15.8585,15.82264227,16.919,21,,16.67476,21
15.48073027,17.2731,15.83957297,19.3474,21,,16.67545,20
15.49764847,17.0146,15.85650017,14.5954,21,,16.67584,21
15.51458957,15.6411,15.87343877,17.114,21,,16.67465,21
15.53156447,16.4257,15.89037807,16.8856,21,,16.67436,21
15.54853297,17.0931,15.90731127,16.8575,21,,16.67484,21
15.56550967,16.8686,15.92425987,16.8531,21,,16.67506,21
15.58249827,17.1852,15.94121617,18.1423,21,,16.67565,21
15.59947997,16.2467,15.95811167,15.9975,21,,16.67516,21
15.61642207,16.717,15.97506047,17.5364,21,,16.6752,21
15.65199647,27.2927,15.99198947,17.1529,21,,16.68731,21
15.65199647,5.247,16.00896727,15.44,20,,16.67428,21
15.66893287,18.712,16.02677407,18.7587,21,,16.6766,20
15.72096897,54.2033,16.04397687,17.1012,21,,16.71924,21
15.72096897,3.3248,16.06092137,16.5559,19,,16.70404,21
15.72096897,1.5875,16.07847607,17.8205,20,,16.6869,21
15.73794017,5.6599,16.09543057,16.7697,21,,16.67441,21
15.75487167,18.7049,16.11235637,17.2266,21,,16.67671,21
15.77179717,16.0329,16.12925847,16.4604,21,,16.67598,21
15.78875077,15.9596,16.14615087,17.1764,21,,16.67517,21
15.80570997,16.5297,16.16311467,16.4345,21,,16.67501,21
15.83957297,32.8885,16.18002687,17.7353,21,,16.69327,21
15.83957297,3.0677,16.19707247,16.7014,20,,16.67794,21
15.85650017,14.2458,16.21398707,16.6156,21,,16.67521,21
15.87343877,17.4159,16.23092517,17.1706,21,,16.67604,21
15.89037807,16.0406,16.24782927,17.0711,21,,16.67533,21
15.90731127,16.5804,16.26475057,16.7573,21,,16.67522,21
15.92425987,17.2628,16.28167607,16.7071,21,,16.67588,21
15.94121617,16.5338,16.29861227,17.1467,21,,16.67572,21
15.95811167,16.6863,16.31554347,17.1265,21,,16.67573,21
15.97506047,16.8109,16.33247907,17.0218,21,,16.67588,21
15.99198947,16.7236,16.34941807,17.3012,21,,16.67593,21
16.00896727,31.745,16.36635617,16.8311,21,,16.6927,21
16.02677407,2.5476,16.38341577,16.911,21,,16.67698,21
16.02677407,14.6383,16.40048217,17.2697,21,,16.67472,21
16.04397687,16.4914,16.41741657,16.937,22,,16.67451,21
16.06092137,18.0366,16.43435477,16.6714,22,,16.67602,21
16.07847607,16.0319,16.45129647,17.4266,22,,16.67531,21
16.09543057,16.3662,16.46824037,14.9975,22,,16.67497,21
16.11235637,16.6831,16.48519057,16.9539,22,,16.67498,21
16.12925847,17.1183,16.50336347,20.2994,22,,16.67547,20
16.14615087,16.2775,16.52080927,17.6799,22,,16.67503,19
16.16311467,16.697,16.53789967,18.3657,22,,16.67505,21
16.18002687,16.4469,16.55489607,15.1713,22,,16.6748,22
16.19707247,16.4122,16.57187527,17.6487,22,,16.67451,21
16.21398707,17.7708,16.58883897,17.5123,22,,16.67571,22
16.23092517,16.5869,16.60576977,14.5578,22,,16.67562,22
16.24782927,16.1088,16.62269827,16.9349,22,,16.675,21
16.26475057,16.9922,16.63962387,18.7082,22,,16.67534,21
16.28167607,17.7334,16.65655167,16.6949,22,,16.6765,22
16.29861227,15.1447,16.67348347,16.2863,22,,16.67483,22
16.31554347,16.9081,16.69041857,16.6672,22,,16.67508,22
16.33247907,18.6889,16.70735027,16.8417,22,,16.67727,22
16.34941807,15.7032,16.72427577,16.984,22,,16.67621,22
16.36635617,15.0245,16.74121707,17.1091,22,,16.67442,22
16.38341577,18.6077,16.75814337,16.7022,22,,16.67652,22
16.40048217,15.2902,16.77504497,16.9664,22,,16.67502,22
16.41741657,16.7261,16.79200467,17.8994,22,,16.67507,22
16.43435477,18.6564,16.80894217,14.7545,22,,16.67721,22
16.45129647,15.5168,16.82713407,19.8523,22,,16.67596,21
16.50336347,56.6082,16.84408207,17.5495,22,,16.71904,20
16.50336347,2.1045,16.86232757,19.249,20,,16.70329,20
16.52080927,2.9494,16.87928927,15.1746,21,,16.68848,22
16.53789967,18.3135,16.89623887,16.4684,21,,16.69023,22
16.53789967,3.7359,16.91321287,17.3407,21,,16.67632,22
16.55489607,16.8603,16.93017437,17.2137,22,,16.67652,22
16.57187527,15.5809,16.94710817,16.6002,22,,16.67534,22
16.58883897,17.3867,16.96404947,17.417,22,,16.6761,22
16.60576977,16.7631,16.98099027,16.5535,22,,16.6762,22
16.62269827,16.7581,16.99793567,17.0148,22,,16.67628,22
16.63962387,15.3624,17.01487177,17.2208,22,,16.67488,22
16.65655167,16.6922,17.03180137,16.5987,22,,16.6749,22
16.67348347,17.0222,17.04872937,17.1162,22,,16.67527,22
16.69041857,17.2352,17.06567047,16.871,22,,16.67586,22
16.70735027,16.124,17.08264577,17.2838,22,,16.67528,22
16.72427577,17.9772,17.09964027,16.2791,22,,16.67666,22
16.74121707,16.3964,17.11661867,16.9974,22,,16.67636,22
16.75814337,16.5573,17.13360067,17.4118,22,,16.67624,22
16.77504497,16.4022,17.15069437,15.5238,22,,16.67595,22
16.79200467,17.1201,17.16766977,17.0048,22,,16.67642,22
16.84408207,54.3495,17.18466887,17.5272,22,,16.7162,22
16.86232757,16.6087,17.20364307,21.5613,20,,16.71608,22
16.86232757,1.5398,17.22066087,14.0921,20,,16.70009,23
16.86232757,1.1951,17.23765937,17.2252,21,,16.68377,22
16.86232757,8.5079,17.25466387,16.8071,22,,16.67517,22
16.87928927,16.8868,17.27166387,18.3578,23,,16.6754,22
16.89623887,17.0341,17.28880767,17.12,23,,16.67577,22
16.91321287,15.8328,17.30590647,17.5421,23,,16.67489,22
16.93017437,16.5218,17.32288927,15.7471,23,,16.67473,23
16.94710817,17.2859,17.34135847,22.5212,23,,16.67537,22
16.96404947,16.3122,17.35966757,15.5587,23,,16.67499,23
16.98099027,16.7302,17.37678747,17.4747,23,,16.67505,23
16.99793567,16.4675,17.39387707,16.3193,23,,16.67483,23
17.01487177,16.8462,17.41217177,18.9168,23,,16.67501,23
17.03180137,17.1385,17.43009007,16.1854,23,,16.67549,23
17.04872937,16.1001,17.44861647,21.6623,23,,16.67489,23
17.06567047,17.3481,17.46562417,13.4294,23,,16.67559,23
17.08264577,16.8591,17.48259457,17.6319,23,,16.67578,23
17.09964027,16.1457,17.49958717,19.4527,23,,16.67523,23
17.11661867,16.6988,17.51659237,13.6609,23,,16.67526,23
17.13360067,17.8941,17.53357907,16.9454,23,,16.67652,23
17.15069437,16.226,17.55056107,17.1063,23,,16.67605,23
17.16766977,17.1376,17.56757137,17.4603,23,,16.67653,23
17.20364307,28.3628,17.58455877,16.4111,23,,16.68858,23
17.20364307,3.1752,17.60154507,17.1671,22,,16.67466,23
17.22066087,18.4418,17.61856786,16.8788,23,,16.67648,23
17.23765937,17.3295,17.63555936,16.9937,23,,16.67715,23
17.25466387,16.4173,17.65253796,17.8527,23,,16.67688,23
17.27166387,16.8909,17.67062046,21.2352,23,,16.6771,23
17.28880767,16.0653,17.68768666,13.8861,23,,16.67647,24
17.30590647,16.3265,17.70475516,16.7481,23,,16.67612,23
17.34135847,33.5831,17.72174166,16.6938,23,,16.6934,23
17.34135847,2.8933,17.73871606,18.7186,22,,16.67931,23
17.35966757,15.1029,17.75569126,16.5993,23,,16.6777,22
17.37678747,16.4577,17.77340036,16.898,23,,16.67747,21
17.39387707,15.1573,17.79040666,20.4187,23,,16.67593,23
17.41217177,20.1115,17.80740616,14.4998,23,,16.67942,24
17.41217177,14.174,17.82437576,17.0431,23,,16.67687,24
17.44861647,24.4766,17.84130447,17.2257,24,,16.68479,24
17.44861647,7.7746,17.85832107,16.9649,23,,16.67576,24
17.46562417,17.0276,17.87528327,16.4488,24,,16.67611,24
17.49958717,25.5449,17.89226117,17.4099,24,,16.68509,24
17.49958717,8.6872,17.90920117,16.3198,23,,16.677,24
17.51659237,16.4823,17.92617007,16.2328,24,,16.67681,24
17.53357907,17.247,17.94423807,20.1084,24,,16.67738,23
17.55056107,16.397,17.96248007,15.9727,24,,16.6771,24
17.56757137,19.8255,17.97974897,16.9997,24,,16.68027,24
17.58455877,14.122,17.99669067,18.2799,24,,16.6777,24
17.60154507,15.3914,18.01362497,16.2299,24,,16.6764,23
17.61856786,16.272,18.03078107,20.0344,24,,16.676,22
17.63555936,17.1141,18.04774757,15.8036,24,,16.67644,23
17.67062046,28.7352,18.06470257,16.6448,24,,16.68852,24
17.67062046,3.8374,18.08160097,15.6805,23,,16.67566,24
17.68768666,19.1244,18.09852846,18.9825,24,,16.6781,24
17.70475516,15.5628,18.11546946,15.4328,24,,16.67699,24
17.75569126,53.8572,18.13239256,17.2034,24,,16.7141,24
17.75569126,2.3851,18.14933756,16.8236,22,,16.69981,24
17.75569126,3.3102,18.16641016,17.9596,23,,16.68647,24
17.79040666,21.7142,18.18346496,15.9692,24,,16.69148,24
17.79040666,3.0264,18.20039756,16.9675,23,,16.67789,24
17.80740616,14.8916,18.21733456,16.8999,24,,16.67612,24
17.82437576,16.9584,18.23427186,17.1039,24,,16.6764,24
17.84130447,16.5465,18.25122116,17.124,24,,16.67627,24
17.85832107,16.6134,18.26816526,16.6455,24,,16.67621,24
17.87528327,17.2516,18.28511596,16.8882,24,,16.67678,24
17.89226117,16.9459,18.30206416,17.0426,24,,16.67704,24
17.90920117,15.6473,18.31901306,16.8922,24,,16.67603,24
17.94423807,34.5441,18.33594526,16.9243,24,,16.69365,24
17.94423807,1.5861,18.35289416,15.5054,23,,16.67876,24
17.94423807,13.5271,18.36984496,16.9929,24,,16.67566,24
17.96248007,17.1395,18.38678726,16.9723,25,,16.67612,24
18.03078107,55.0369,18.40372866,18.509,25,,16.7138,24
18.03078107,2.9844,18.42065406,16.8058,22,,16.70033,24
18.03078107,3.3673,18.43760326,17.0503,23,,16.68726,24
18.04774757,11.1677,18.45454106,17.0552,24,,16.68185,24
18.06470257,16.2542,18.47147896,16.7821,24,,16.68143,24
18.06470257,11.2763,18.48841296,15.4357,24,,16.67615,24
18.08160097,15.5216,18.50534986,16.8659,25,,16.67502,24
18.09852846,17.9048,18.52228886,17.0138,25,,16.67622,24
18.11546946,17.1126,18.53922736,17.7475,25,,16.67665,24
18.13239256,15.3638,18.55614706,14.8471,25,,16.67537,25
18.14933756,17.2969,18.57308666,16.9166,25,,16.67597,24
18.16641016,16.8812,18.59002986,17.5979,25,,16.67617,24
18.18346496,18.4575,18.60696176,17.0234,25,,16.6779,24
18.20039756,14.4086,18.62386996,17.15,25,,16.6757,24
18.21733456,16.9843,18.64080236,16.0183,25,,16.676,25
18.23427186,16.1658,18.65775676,17.9188,25,,16.6755,24
18.25122116,16.6255,18.67467436,16.7667,25,,16.67546,25
18.26816526,16.9666,18.69162156,16.7863,25,,16.67574,24
18.28511596,16.293,18.70855506,17.3577,25,,16.67537,24
18.30206416,16.9404,18.72551216,17.5871,25,,16.67562,25
18.31901306,16.8697,18.74249376,16.6611,25,,16.67581,25
18.33594526,17.872,18.75944007,16.4147,25,,16.67696,25
18.35289416,15.9818,18.77638707,17.2648,25,,16.67629,25
18.36984496,16.8979,18.79335157,16.883,25,,16.67651,25
18.38678726,16.602,18.81031147,16.9773,25,,16.67643,25
18.40372866,15.8397,18.82725517,16.2455,25,,16.67563,24
18.42065406,17.6316,18.84417677,18.0194,25,,16.67655,23
18.43760326,16.7946,18.86108407,16.8492,25,,16.67666,22
18.45454106,15.573,18.87805067,16.1675,25,,16.67561,25
18.47147896,16.4244,18.89515577,18.8398,25,,16.67537,24
18.48841296,16.9339,18.91295927,15.4642,25,,16.67561,25
18.50534986,18.0409,18.92990887,18.0755,25,,16.67691,25
18.52228886,15.7236,18.94683507,15.6233,25,,16.67601,25
18.53922736,15.7339,18.96377277,18.3471,25,,16.67511,25
18.55614706,18.0102,18.98066397,15.5322,25,,16.67638,25
18.57308666,16.6991,18.99760477,18.3804,25,,16.6764,25
18.59002986,16.4589,19.01453487,15.5198,25,,16.67619,25
18.60696176,26.156,19.03146707,18.3356,25,,16.68518,25
18.62386996,6.6692,19.04853957,15.8126,25,,16.6757,25
18.64080236,18.7359,19.06558617,18.6313,25,,16.67764,25
18.65775676,15.2329,19.08251137,15.5178,25,,16.67628,25
18.67467436,18.0039,19.09947147,18.1762,25,,16.67753,25
18.69162156,17.3246,19.11643447,16.9174,25,,16.67814,25
18.70855506,15.3003,19.13344467,15.858,25,,16.67684,24
18.72551216,17.0961,19.15120027,19.5401,25,,16.67724,23
18.74249376,16.0749,19.16817107,14.7263,25,,16.67667,25
18.75944007,15.4011,19.18514147,18.5319,25,,16.67547,25
18.77638707,17.4723,19.20211727,15.3696,25,,16.67622,25
18.79335157,17.1592,19.21909387,18.6546,25,,16.67667,25
18.84417677,54.955,19.23604977,15.2981,25,,16.71255,25
18.84417677,3.0359,19.25303077,18.5711,23,,16.69974,25
18.84417677,1.708,19.27002697,16.3798,24,,16.68572,25
18.86108407,6.5861,19.28700427,17.4364,25,,16.67628,25
18.87805067,22.0422,19.30392817,15.2047,25,,16.68129,25
18.89515577,11.9341,19.32087207,16.9874,25,,16.67686,25
18.89515577,13.5556,19.33780687,18.4492,25,,16.67395,25
18.91295927,17.4491,19.35473307,16.9571,26,,16.67467,25
18.92990887,16.4953,19.37167177,16.0592,26,,16.67451,25
18.94683507,16.7111,19.38864647,19.0628,26,,16.67454,25
18.96377277,16.576,19.40563317,16.1876,26,,16.67445,26
18.98066397,16.9481,19.42261417,17.9643,26,,16.6747,26
18.99760477,16.2191,19.43957977,14.3804,26,,16.67428,26
19.01453487,16.6486,19.45656827,17.6608,26,,16.67426,25
19.03146707,17.066,19.47355297,18.051,26,,16.67462,26
19.04853957,16.28,19.49237717,17.8487,26,,16.67426,26
19.06558617,16.8459,19.50935866,16.8455,26,,16.67441,26
19.08251137,17.4822,19.52645936,18.3161,26,,16.67516,26
19.13344467,55.2898,19.54351416,17.1395,26,,16.71075,26
19.15120027,1.9946,19.56059956,16.0235,24,,16.6972,26
19.15120027,2.2276,19.57890306,18.869,24,,16.68389,26
19.15120027,6.916,19.59586666,15.2236,25,,16.67491,26
19.16817107,16.4191,19.61284136,17.1454,26,,16.67467,26
19.18514147,15.9982,19.62984856,18.2075,26,,16.67405,26
19.20211727,17.379,19.64682036,15.6867,26,,16.6747,26
19.21909387,16.2704,19.66385166,17.4657,26,,16.67433,26
19.23604977,17.632,19.68085387,19.1123,26,,16.67521,26
19.25303077,17.051,19.69783147,16.0767,26,,16.67555,26
19.27002697,16.8092,19.71484197,15.3942,26,,16.67567,26
19.28700427,15.5231,19.73182337,16.8627,26,,16.67462,26
19.30392817,16.9038,19.74882297,18.5655,26,,16.67483,26
19.32087207,17.0859,19.76582907,17.137,26,,16.6752,26
19.33780687,15.3165,19.78280067,15.3941,26,,16.67397,26
19.35473307,19.4953,19.79980397,17.0395,26,,16.67653,26
19.38864647,26.8768,19.81680607,16.9315,26,,16.6858,26
19.38864647,4.1921,19.83378187,18.5911,25,,16.67446,26
19.40563317,16.0653,19.85232127,16.8579,26,,16.67391,26
19.42261417,17.2647,19.86932347,17.0301,26,,16.67444,26
19.43957977,17.4008,19.88633867,17.821,26,,16.6751,26
19.45656827,16.0335,19.90410907,19.0855,26,,16.67452,26
19.47355297,16.0715,19.92290597,20.2062,26,,16.67397,26
19.49237717,17.6301,19.93994117,15.7939,26,,16.67484,27
19.50935866,16.5511,19.95695657,16.6238,26,,16.67472,27
19.52645936,17.1127,19.97394087,17.1811,26,,16.67512,26
19.54351416,17.5543,19.99104017,18.1462,26,,16.67591,27
19.56059956,15.935,20.00801237,14.6303,26,,16.67525,27
19.56059956,16.0938,20.02499097,17.0537,26,,16.67472,27
19.57890306,16.7389,20.04195657,17.3357,27,,16.67478,27
19.59586666,16.5142,20.05893627,17.4269,27,,16.67464,27
19.61284136,17.5184,20.07748717,17.8097,27,,16.67539,27
19.62984856,14.5096,20.09581557,19.339,27,,16.67345,27
19.64682036,18.26,20.11362527,15.7737,27,,16.67487,27
19.68085387,21.8048,20.13060327,17.0899,27,,16.67946,27
19.68085387,9.9745,20.14756627,17.2623,26,,16.67347,27
19.69783147,19.3539,20.16451817,17.4723,27,,16.67586,27
19.71484197,15.8343,20.18307267,17.7056,27,,16.67511,27
19.73182337,18.2408,20.20004917,16.8241,27,,16.6765,27
19.74882297,13.3592,20.21703456,16.953,27,,16.67355,27
19.76582907,17.2886,20.23399416,18.6101,27,,16.6741,27
19.78280067,17.4378,20.25245527,17.5544,27,,16.67478,27
19.79980397,16.9946,20.26943226,16.3834,27,,16.67506,27
19.81680607,16.2244,20.28640136,18.5473,27,,16.67466,27
19.83378187,15.9558,20.30338436,15.356,27,,16.67403,26
19.85232127,20.1436,20.32068467,18.3216,27,,16.6771,25
19.86932347,15.068,20.33767857,16.1054,27,,16.67567,27
19.90410907,24.2367,20.35464197,16.7423,27,,16.68235,27
19.90410907,9.0712,20.37161277,18.7758,26,,16.67564,27
19.92290597,16.0305,20.38858697,15.1912,27,,16.67507,28
19.93994117,16.7937,20.40555886,16.9243,27,,16.67517,27
19.95695657,17.4392,20.42252487,17.1502,27,,16.67584,27
19.97394087,14.4825,20.43948517,18.4963,27,,16.67392,27
19.99104017,18.2918,20.45795477,17.766,27,,16.67534,28
20.00801237,16.0864,20.47492787,17.2104,27,,16.67482,28
20.02499097,16.7989,20.49189247,16.5067,27,,16.67493,28
20.04195657,17.3352,20.50886626,18.0848,27,,16.67551,28
20.05893627,14.8417,20.52582476,17.7182,27,,16.6739,28
20.07748717,18.3329,20.54279286,15.279,27,,16.67535,28
20.07748717,15.9278,20.55974736,17.1299,27,,16.6747,28
20.09581557,15.6914,20.57671736,17.057,28,,16.67384,28
20.11362527,17.768,20.59366866,17.5291,28,,16.6748,28
20.13060327,16.8276,20.61209426,17.344,28,,16.67493,28
20.14756627,17.9454,20.62900806,17.7332,28,,16.67603,28
20.16451817,13.9671,20.64696616,16.3927,28,,16.67368,28
20.18307267,18.6712,20.66390076,17.0297,28,,16.67542,28
20.20004917,16.169,20.68081526,16.8758,28,,16.67497,28
20.21703456,16.1733,20.69777276,18.5859,28,,16.67454,28
20.23399416,15.659,20.71576976,16.3438,28,,16.67366,28
20.25245527,17.9463,20.73273416,16.9802,28,,16.67476,28
20.30338436,55.7704,20.74966826,16.861,28,,16.70861,28
20.30338436,2.0059,20.76663436,18.2686,26,,16.69589,28
20.32068467,2.2353,20.78462256,16.7182,27,,16.68339,28
20.32068467,6.718,20.80156226,17.5533,27,,16.67479,28
20.33767857,16.9451,20.81869416,17.971,28,,16.67502,28
20.35464197,16.5099,20.83565686,15.6321,28,,16.67488,28
20.37161277,15.0064,20.85275516,18.5797,28,,16.67344,27
20.38858697,18.6038,20.86986076,16.7414,28,,16.6751,27
20.40555886,16.8951,20.88681336,17.9836,28,,16.67529,27
20.42252487,15.7659,20.90484146,15.9782,28,,16.67451,27
20.43948517,15.7634,20.92196296,18.0944,28,,16.67373,27
20.45795477,18.0952,20.93912216,17.4909,28,,16.67495,27
20.47492787,16.6591,20.95625916,16.9038,28,,16.67493,27
20.49189247,16.7998,20.97337196,18.7816,28,,16.67504,27
20.50886626,15.4295,20.99073356,17.3909,28,,16.67397,28
20.52582476,18.5201,21.00782426,16.4074,28,,16.67555,28
20.54279286,16.7785,21.02491386,17.3838,28,,16.67564,27
20.55974736,17.0252,21.04199466,16.9371,28,,16.67594,28
20.57671736,16.5862,21.05907656,17.5818,28,,16.67586,28
20.59366866,15.4612,21.07612176,16.5744,28,,16.67483,28
20.61209426,17.6432,21.09325146,17.2662,28,,16.67565,28
20.62900806,16.7896,21.11061257,17.7538,28,,16.67575,28
20.62900806,16.2705,21.12771027,16.2818,28,,16.67541,28
20.64696616,15.8807,21.14482707,16.9827,29,,16.67473,28
20.66390076,16.872,21.16195526,17.5111,29,,16.6749,28
20.68081526,16.0596,21.17933427,17.796,29,,16.67438,28
20.69777276,15.6317,21.19717087,16.3102,29,,16.67349,28
20.71576976,18.1013,21.21428837,16.7034,29,,16.6747,28
20.73273416,16.9192,21.23123257,17.014,29,,16.67491,28
20.74966826,16.3138,21.24845677,17.1054,29,,16.6746,28
20.76663436,16.0981,21.26539687,17.4708,29,,16.67412,28
20.78462256,17.7478,21.28233287,16.4311,29,,16.67502,28
20.80156226,16.4343,21.29927517,17.4048,29,,16.67482,28
20.83565686,35.016,21.31638387,17.2271,29,,16.69026,28
20.85275516,16.3053,21.33331097,16.7545,28,,16.68993,28
20.86986076,15.698,21.35024417,15.9729,28,,16.6891,28
20.88681336,18.4015,21.36717367,17.0305,28,,16.69054,28
20.90484146,16.7857,21.38412037,18.3806,28,,16.69062,28
20.92196296,15.3903,21.40106877,17.1465,28,,16.68953,28
20.93912216,18.4829,21.41805247,16.7974,28,,16.69103,28
20.95625916,15.0289,21.43503157,15.4412,28,,16.68964,28
20.97337196,16.4189,21.45198557,16.9745,28,,16.68941,28
20.99073356,16.9074,21.46890277,18.0168,28,,16.68959,28
21.00782426,18.084,21.48596317,17.0033,28,,16.69076,28
21.02491386,14.6523,21.50299877,17.1843,28,,16.68906,28
21.04199466,17.0826,21.51991877,17.0283,28,,16.68939,28
21.05907656,17.6691,21.53686687,15.6225,28,,16.6902,28
21.07612176,15.3998,21.55379227,16.9597,28,,16.68913,28
21.09325146,18.1493,21.57071327,16.8712,28,,16.69034,28
21.11061257,16.8383,21.58764437,18.0194,28,,16.69047,28
21.12771027,16.1236,21.60460827,17.7709,28,,16.68999,28
21.14482707,16.5022,21.62157137,16.7018,28,,16.68984,28
21.16195526,17.321,21.63852417,15.3289,28,,16.69036,28
21.17933427,17.8092,21.65548627,17.5416,28,,16.69129,28
21.17933427,14.1134,21.67247777,20.1048,28,,16.68916,28
21.19717087,16.7879,21.68947917,15.6779,29,,16.68924,29
21.21428837,16.9685,21.70647057,16.715,29,,16.68947,28
21.23123257,17.4339,21.72350037,15.0657,29,,16.69008,28
21.24845677,16.7677,21.74049107,17.243,29,,16.69015,28
21.26539687,16.5622,21.75745237,18.7192,29,,16.69004,28
21.28233287,16.909,21.77444217,17.6877,29,,16.69022,28
21.29927517,15.9111,21.79148177,16.6964,29,,16.68958,29
21.31638387,17.2842,21.80847247,15.7503,29,,16.69007,29
21.33331097,15.1715,21.82544567,17.0019,29,,16.68882,28
21.35024417,17.3286,21.84243487,18.5456,29,,16.68935,28
21.36717367,16.0206,21.85953677,17.7857,29,,16.6888,29
21.38412037,17.324,21.87650937,14.8079,29,,16.68932,29
21.40106877,16.215,21.89364307,19.3951,29,,16.68893,28
21.41805247,17.2472,21.91063027,16.0263,29,,16.68939,29
21.43503157,16.4585,21.92763447,17.0349,29,,16.6892,29
21.45198557,16.603,21.94467667,15.6448,29,,16.68913,29
21.46890277,16.6107,21.96168077,15.8463,29,,16.68907,28
21.48596317,16.6456,21.97866487,18.7905,29,,16.68903,27
21.50299877,16.9966,21.99566497,17.0056,29,,16.68928,26
21.51991877,16.6222,22.01268237,15.5354,29,,16.68922,27
21.53686687,20.0202,22.02963657,17.4179,29,,16.69193,26
21.55379227,14.1172,22.04667017,19.997,29,,16.68984,28
21.57071327,16.2915,22.06374807,15.7896,29,,16.68952,29
21.58764437,16.1397,22.08200287,16.9084,29,,16.68907,29
21.60460827,17.6928,22.09904527,16.552,29,,16.68989,29
21.62157137,15.4879,22.11655317,18.805,29,,16.68891,29
21.63852417,17.4729,22.13368067,16.6387,29,,16.68955,28
21.67247777,28.5283,22.15066887,17.5468,29,,16.69912,27
21.67247777,3.9441,22.16783977,15.8057,28,,16.68881,28
21.68947917,17.1327,22.18496937,18.8557,29,,16.68917,29
21.70647057,17.291,22.20195527,16.4858,29,,16.68966,29
21.72350037,18.4051,22.21919387,17.3322,29,,16.69104,29
21.74049107,14.5776,22.23619077,15.1101,29,,16.68934,29
21.75745237,16.9645,22.25317087,16.8448,29,,16.68956,29
21.77444217,16.5554,22.27016467,18.7312,29,,16.68945,29
21.79148177,16.2762,22.28715107,17.8212,29,,16.68912,29
21.80847247,18.42,22.30442987,16.2624,29,,16.69051,29
21.82544567,15.2157,22.32142627,17.0384,29,,16.68933,29
21.84243487,16.2728,22.33842787,17.2187,29,,16.68899,29
21.85953677,17.0743,22.35542027,16.8581,29,,16.6893,29
21.89364307,33.2458,22.37241337,17.2024,29,,16.70255,29
21.89364307,2.0288,22.38942017,16.7396,28,,16.69082,29
21.91063027,14.8867,22.40637197,16.8392,29,,16.68938,29
21.92763447,16.7166,22.42329246,17.0177,29,,16.6894,29
21.97866487,55.3637,22.44050177,17.0894,29,,16.72024,29
21.97866487,2.078,22.45755287,17.2514,27,,16.70857,29
22.01268237,31.1133,22.47450257,17.4916,28,,16.72004,29
22.01268237,3.996,22.49144687,16.14,27,,16.70992,29
22.01268237,2.3506,22.50839577,17.5304,28,,16.6985,29
22.04667017,24.3042,22.52534207,16.3492,29,,16.70454,29
22.04667017,2.1759,22.54229857,17.6376,28,,16.69301,29
22.06374807,14.9604,22.55936397,17.3401,29,,16.69164,30
22.06374807,13.8239,22.57647827,17.9208,29,,16.68937,30
22.08200287,16.5305,22.59355387,16.0761,30,,16.68924,30
22.15066887,55.6277,22.61064987,17.1352,30,,16.72005,30
22.15066887,2.4639,22.62759397,16.9308,27,,16.70878,30
22.15066887,3.0349,22.64454357,17.4971,28,,16.69798,30
22.15066887,5.3736,22.66148737,16.1563,29,,16.68904,30
22.18496937,24.4239,22.67843717,17.2319,30,,16.69514,30
22.18496937,9.2465,22.69538157,17.185,29,,16.68927,30
22.20195527,16.2835,22.71234407,17.5376,30,,16.68895,30
22.21919387,16.9474,22.72930477,15.7487,30,,16.68915,30
22.23619077,16.1296,22.74627577,17.3958,30,,16.68871,30
22.25317087,17.1298,22.76324107,18.2617,30,,16.68906,30
22.27016467,17.578,22.78017577,14.6351,30,,16.68976,30
22.28715107,15.8713,22.79709807,17.9866,30,,16.68912,30
22.30442987,17.7462,22.81402347,16.7423,30,,16.68994,30
22.32142627,15.6716,22.83164827,17.3767,30,,16.68915,30
22.33842787,16.6439,22.84858897,16.4319,30,,16.68911,30
22.35542027,17.5958,22.86554887,15.5252,30,,16.68982,29
22.37241337,16.4894,22.88248937,19.9009,30,,16.68966,28
22.38942017,15.3229,22.89942057,14.8388,30,,16.6886,29
22.40637197,17.7461,22.91637567,17.385,30,,16.68942,30
22.42329246,15.9104,22.93332007,16.6198,30,,16.68881,30
22.44050177,17.9124,22.95026397,17.0487,30,,16.68977,30
22.45755287,15.529,22.96721597,16.5222,30,,16.68886,30
22.47450257,17.4119,22.98413127,17.0006,30,,16.68943,30
22.49144687,16.4059,23.00110617,17.4259,30,,16.68921,30
22.50839577,17.7345,23.01802737,16.9159,30,,16.69002,30
22.52534207,15.5202,23.03494277,16.6528,30,,16.68911,30
22.54229857,16.6861,23.05185367,17.1854,30,,16.68911,30
22.55936397,15.6956,23.06878246,15.6251,30,,16.68834,30
22.57647827,18.1506,23.08569137,18.0003,30,,16.68947,30
22.59355387,14.8453,23.10263327,17.7266,30,,16.68804,29
22.61064987,17.0554,23.12099107,18.9264,30,,16.68833,28
22.62759397,17.7459,23.13795157,16.7126,30,,16.68914,30
22.64454357,17.3105,23.15488356,14.8404,30,,16.68962,30
22.66148737,15.5406,23.17182817,18.6599,30,,16.68874,30
22.67843717,17.2609,23.18878877,16.6674,30,,16.68918,30
22.69538157,16.6135,23.20573207,15.4514,30,,16.68912,30
22.71234407,18.3628,23.22268066,16.9709,30,,16.69041,30
22.72930477,15.5561,23.23962096,16.9259,30,,16.68954,30
22.74627577,16.8916,23.25655346,18.5827,30,,16.68969,30
22.76324107,17.2046,23.27364007,17.3096,30,,16.69009,30
22.78017577,16.238,23.29069477,15.1948,30,,16.68974,30
22.79709807,16.7633,23.30938087,18.7173,30,,16.6898,30
22.81402347,18.0036,23.32633967,18.8221,30,,16.6908,30
22.83164827,14.5208,23.34328606,17.2988,30,,16.68914,31
22.88248937,54.6059,23.36022196,15.5227,30,,16.71813,31
22.88248937,2.5194,23.37717946,17.0271,28,,16.70728,30
22.88248937,1.901,23.39413296,18.0999,29,,16.69598,31
22.88248937,7.2762,23.41106986,17.0612,30,,16.6888,31
22.89942057,16.411,23.42801996,15.3638,31,,16.68858,31
22.91637567,16.6419,23.44496726,19.0393,31,,16.68855,31
22.93332007,17.0891,23.46191256,16.6261,31,,16.68885,31
22.95026397,17.0677,23.47907736,17.98,31,,16.68914,31
22.96721597,16.9577,23.49686456,15.5122,31,,16.68934,31
22.98413127,15.2857,23.51405216,18.7505,31,,16.68828,31
23.00110617,17.049,23.53208316,15.6722,31,,16.68855,31
23.01802737,17.3164,23.55016646,18.1075,31,,16.68903,31
23.03494277,15.7876,23.56725776,18.5958,31,,16.68835,31
23.05185367,17.3429,23.58434526,17.2103,31,,16.68884,31
23.10263327,54.9683,23.60141546,16.1307,31,,16.7178,31
23.12099107,1.9077,23.62013586,18.037,29,,16.7066,31
23.12099107,2.5055,23.63722286,18.9222,29,,16.69588,31
23.13795157,18.4502,23.65434556,17.2686,30,,16.6972,31
23.13795157,4.8601,23.67131986,14.9755,30,,16.68827,31
23.15488356,16.4189,23.68839696,17.0331,31,,16.68807,31
23.17182817,17.7178,23.70548966,18.6076,31,,16.68885,31
23.18878877,16.6733,23.72257766,17.2217,31,,16.68883,31
23.20573207,17.1819,23.73952726,15.228,31,,16.68921,31
23.22268066,17.2539,23.75647436,17.7106,31,,16.68963,31
23.23962096,16.2444,23.77343216,18.3774,31,,16.68929,31
23.25655346,16.976,23.79049916,16.2748,31,,16.68951,31
23.27364007,15.8652,23.80745056,15.5701,31,,16.68889,31
23.29069477,15.4102,23.82440806,17.4879,31,,16.68793,31
23.30938087,18.6176,23.84150686,18.173,31,,16.68938,31
23.32633967,15.1463,23.85846046,17.0064,31,,16.68822,31
23.34328606,16.5875,23.87540596,16.8182,31,,16.68815,31
23.36022196,18.2466,23.89236086,17.8144,31,,16.68931,31
23.37717946,15.7262,23.90930596,16.9209,31,,16.68859,32
23.39413296,16.4171,23.92625366,17.3194,31,,16.68839,32
23.41106986,16.6047,23.94321426,14.9899,31,,16.68833,32
23.42801996,16.5561,23.96015866,19.5914,31,,16.68823,31
23.44496726,16.9549,23.97709996,15.8258,31,,16.68843,32
23.46191256,16.6714,23.99404176,17.0874,31,,16.68842,32
23.47907736,16.9727,24.01129956,18.1583,31,,16.68863,32
23.49686456,16.3191,24.02840236,16.3794,31,,16.68835,32
23.51405216,17.6541,24.04539156,17.0082,31,,16.68907,32
23.51405216,15.2253,24.06246276,17.4997,31,,16.68798,32
23.53208316,18.0329,24.07945026,15.9814,32,,16.68898,32
23.55016646,15.4809,24.09644436,17.7142,32,,16.68809,32
23.56725776,16.3586,24.11344386,17.3421,32,,16.68784,32
23.58434526,16.8923,24.13063036,17.285,32,,16.688,32
23.60141546,16.2486,24.14767546,16.2791,32,,16.68767,32
23.62013586,17.3371,24.16469456,17.9939,32,,16.68815,32
23.65434556,25.6216,24.18343986,16.6836,32,,16.69474,32
23.65434556,8.1728,24.20049106,17.141,31,,16.68846,32
23.67131986,17.2194,24.21748946,15.5761,32,,16.68885,32
23.68839696,15.3069,24.23447186,18.9208,32,,16.68783,31
23.70548966,17.2309,24.25145267,18.4867,32,,16.68823,30
23.72257766,16.7969,24.26839917,14.9773,32,,16.68831,31
23.73952726,16.4585,24.28535787,17.0301,32,,16.68814,32
23.77343216,27.8302,24.30234437,16.7901,32,,16.69632,32
23.77343216,6.3065,24.31934977,17.3129,31,,16.6887,32
23.79049916,15.6234,24.33633107,16.6311,32,,16.68792,32
23.80745056,17.8619,24.35334587,17.8385,32,,16.68878,32
23.82440806,16.1791,24.37037747,16.5503,32,,16.68841,32
23.84150686,16.0272,24.38737017,16.7885,32,,16.68792,32
23.85846046,17.2476,24.40438457,17.1551,32,,16.68833,32
23.87540596,16.1658,24.42137967,17.281,32,,16.68795,32
23.89236086,16.8487,24.43838547,16.7836,32,,16.68807,32
23.90930596,16.7477,24.45538287,17.0799,32,,16.68811,32
23.92625366,17.4835,24.47237067,16.8275,32,,16.68869,32
23.96015866,30.6047,24.48939467,17.9943,32,,16.69882,32
23.96015866,2.7849,24.50634917,15.9815,31,,16.6887,32
23.97709996,15.9058,24.52338487,16.9534,32,,16.68813,32
23.99404176,16.1793,24.54045177,17.8972,32,,16.68776,32
24.01129956,19.0009,24.55760607,16.742,32,,16.68944,32
24.02840236,14.6589,24.57456477,17.016,32,,16.68797,32
24.04539156,17.1865,24.59157217,16.8139,32,,16.68833,32
24.06246276,17.9662,24.60856097,17.6706,32,,16.68925,32
24.07945026,16.6467,24.62556817,16.6517,32,,16.68922,32
24.09644436,16.3231,24.64258417,17.1519,32,,16.68896,32
24.11344386,17.2494,24.65958877,16.6692,32,,16.68936,32
24.13063036,17.6469,24.67658717,15.4024,32,,16.69005,31
24.14767546,16.3833,24.69387567,21.1407,32,,16.68983,30
24.16469456,17.1271,24.71232057,16.7026,32,,16.69015,33
24.16469456,14.192,24.72926677,17.1384,32,,16.68835,33
24.18343986,16.8129,24.74620727,16.776,33,,16.68844,33
24.25145267,55.5223,24.76315447,16.2258,33,,16.71638,33
24.25145267,2.6055,24.78009187,16.2171,30,,16.70623,33
24.25145267,2.1328,24.79702937,18.4016,31,,16.69576,33
24.25145267,5.4905,24.81397047,16.9914,32,,16.68772,33
24.26839917,17.3939,24.83094877,16.3799,33,,16.68822,33
24.28535787,17.0105,24.84790267,17.2921,33,,16.68846,33
24.30234437,16.7095,24.86486287,16.7303,33,,16.68847,33
24.31934977,17.8452,24.88284957,16.6699,33,,16.6893,33
24.33633107,14.6761,24.90047367,19.4541,33,,16.68786,33
24.35334587,17.3931,24.91744607,15.3434,33,,16.68836,33
24.37037747,17.0142,24.93434937,17.1577,33,,16.68859,33
24.38737017,17.4056,24.95130647,16.9237,33,,16.68911,33
24.40438457,15.6435,24.96824287,16.8174,33,,16.68836,33
24.42137967,17.3999,24.98519827,16.3856,33,,16.68887,33
24.43838547,16.3909,25.00327707,19.7594,33,,16.68866,33
24.45538287,17.4094,25.02025547,17.373,33,,16.68917,33
24.47237067,15.7898,25.03719807,15.8886,33,,16.68853,33
24.48939467,16.1802,25.05415907,16.606,33,,16.68817,33
24.50634917,16.7392,25.07109987,17.1812,33,,16.6882,33
24.52338487,18.013,25.08806067,16.9905,33,,16.68914,33
24.54045177,15.9841,25.10501097,17.2876,33,,16.68864,33
24.55760607,15.648,25.12195067,16.5637,33,,16.68791,33
24.57456477,18.3691,25.13890507,17.0312,33,,16.6891,33
24.59157217,15.3436,25.15584907,16.8678,33,,16.68814,33
24.60856097,18.047,25.17279517,16.7938,33,,16.68911,33
24.62556817,15.1902,25.18973457,17.53,33,,16.68805,33
24.67658717,56.617,25.20669177,16.7162,33,,16.71625,33
24.67658717,2.4831,25.22360627,16.9641,31,,16.7062,33
24.69387567,4.3165,25.24057577,16.6238,32,,16.69746,33
24.69387567,2.8045,25.25753327,17.3632,32,,16.68767,33
24.71232057,17.5438,25.27447657,15.4099,33,,16.68828,33
24.72926677,16.3797,25.29142707,18.5015,33,,16.68806,33
24.74620727,17.0199,25.30837147,16.7245,33,,16.68829,33
24.76315447,15.9318,25.32531577,16.8807,33,,16.68776,33
24.78009187,17.3689,25.34225717,17.0177,33,,16.68824,33
24.79702937,16.6683,25.35920467,18.4427,33,,16.68822,33
24.81397047,17.007,25.37627827,15.5644,33,,16.68845,34
24.83094877,16.7378,25.39324297,17.3622,33,,16.68848,33
24.84790267,17.5595,25.41018837,16.1517,33,,16.68909,33
24.86486287,16.8031,25.42713197,17.8631,33,,16.68917,33
24.88284957,14.9301,25.44407057,17.1663,33,,16.68794,34
24.90047367,18.185,25.46101907,17.064,33,,16.68899,34
24.90047367,15.105,25.47797127,17.5038,33,,16.68788,34
24.91744607,17.022,25.49492567,16.1589,34,,16.68812,34
24.93434937,17.0404,25.51200947,16.4778,34,,16.68836,34
24.95130647,16.8157,25.52925507,18.1844,34,,16.68845,34
24.96824287,15.39,25.54619437,16.7383,34,,16.68755,34
25.00327707,23.4611,25.56314877,16.9899,34,,16.69226,34
25.00327707,9.3892,25.58008747,16.4998,33,,16.68718,34
25.02025547,18.7283,25.59703677,16.4989,34,,16.6886,34
25.03719807,18.0531,25.61397286,17.8035,34,,16.68955,34
25.05415907,13.7725,25.63092626,17.1338,34,,16.68752,34
25.07109987,18.1853,25.64789426,16.9388,34,,16.68856,34
25.08806067,15.2708,25.66487087,16.2768,34,,16.68758,34
25.10501097,16.7878,25.68178957,17.9348,34,,16.68765,34
25.12195067,17.136,25.69871537,16.6413,34,,16.68796,34
25.13890507,16.6124,25.71684037,17.5327,34,,16.68791,34
25.15584907,17.3507,25.73421637,16.8096,34,,16.68836,34
25.17279517,15.4737,25.75120147,17.0055,34,,16.68752,34
25.18973457,16.9163,25.76816446,16.5266,34,,16.68768,34
25.20669177,16.9164,25.78552397,17.4398,34,,16.68784,34
25.22360627,16.8894,25.80247017,17.5544,34,,16.68798,34
25.24057577,16.2868,25.81941477,16.744,34,,16.6877,34
25.25753327,18.3442,25.83634657,16.8534,34,,16.68884,34
25.27447657,15.4893,25.85330207,16.8364,34,,16.68802,34
25.29142707,15.6427,25.87024827,16.8587,34,,16.6873,34
25.30837147,18.4698,25.88716647,16.9064,34,,16.68852,34
25.32531577,17.6972,25.90408997,16.9526,34,,16.68922,34
25.34225717,14.4611,25.92105037,17.1762,34,,16.68769,34
25.35920467,16.1507,25.93798597,17.3995,34,,16.68732,34
25.37627827,16.8554,25.95494377,16.8766,34,,16.68744,34
25.39324297,17.6538,25.97189197,16.3711,34,,16.6881,34
25.41018837,15.8861,25.98885717,16.8726,34,,16.68755,34
25.42713197,15.9456,26.00577487,16.8695,34,,16.68704,34
25.44407057,17.2891,26.02272087,17.4742,34,,16.68745,34
25.46101907,16.7663,26.03968047,15.3966,34,,16.68751,33
25.47797127,17.7345,26.05879977,22.3687,34,,16.68822,32
25.49492567,16.1507,26.07576127,15.4541,34,,16.68785,34
25.51200947,16.8602,26.09270717,16.8512,34,,16.68797,34
25.52925507,16.1954,26.10965497,16.8215,34,,16.68764,34
25.54619437,17.5663,26.12660647,16.9049,34,,16.68823,34
25.56314877,16.3799,26.14355607,17.7555,34,,16.68802,34
25.58008747,16.1374,26.16005726,15.944,34,,16.68765,34
25.59703677,17.9016,26.17704436,16.842,34,,16.68847,34
25.61397286,16.6753,26.19402116,16.9771,34,,16.68847,34
25.63092626,16.2299,26.21096856,17.3088,34,,16.68815,34
25.64789426,17.0256,26.22791487,17.292,34,,16.68838,34
25.66487087,15.9118,26.24484296,16.9194,34,,16.68786,35
25.68178957,18.0226,26.26178697,16.6594,34,,16.68876,35
25.69871537,16.8179,26.27872726,16.8787,34,,16.68885,35
25.71684037,15.1861,26.29566777,17.4717,34,,16.68783,35
25.71684037,16.1334,26.31276236,17.0211,34,,16.68746,35
25.73421637,17.0119,26.32981136,17.3776,35,,16.68768,35
25.75120147,16.6088,26.34675006,16.4363,35,,16.68762,35
25.76816446,17.6439,26.36370356,15.8693,35,,16.68827,35
25.78552397,15.6088,26.38071306,18.3773,35,,16.68754,35
25.80247017,16.7009,26.39777916,17.5198,35,,16.68755,35
25.81941477,16.8423,26.41477316,17.3601,35,,16.68765,35
25.83634657,17.8616,26.43175926,16.2577,35,,16.68844,35
25.85330207,15.2444,26.44878876,17.6057,35,,16.68747,35
25.87024827,16.2742,26.46580066,16.9155,35,,16.6872,35
25.88716647,17.3754,26.48294106,16.1393,35,,16.68766,35
25.90408997,16.7087,26.49999526,17.4787,35,,16.68767,35
25.92105037,17.9537,26.51781576,16.5542,35,,16.68852,35
25.93798597,15.3038,26.53591296,16.8675,35,,16.68759,35
25.95494377,16.4083,26.55392676,20.5063,35,,16.68741,35
25.97189197,16.9977,26.57093786,15.7654,35,,16.68761,35
25.98885717,16.5131,26.58794556,16.826,35,,16.6875,35
26.05879977,57.724,26.60493886,16.9802,35,,16.71489,35
26.05879977,3.391,26.62192546,16.9515,32,,16.706,35
26.05879977,1.6166,26.63887836,17.9723,33,,16.69594,35
26.05879977,3.8676,26.65586296,16.4597,34,,16.6874,35
26.07576127,17.8351,26.67287976,17.1543,35,,16.68816,35
26.09270717,16.9575,26.68988156,16.9015,35,,16.68834,35
26.10965497,16.5989,26.70686086,17.0747,35,,16.68828,35
26.12660647,16.5466,26.72390416,17.285,35,,16.68819,35
26.14355607,15.6818,26.74091756,16.8202,35,,16.68752,35
26.16005726,17.3304,26.75791886,16.8604,35,,16.68794,35
26.17704436,15.9902,26.77491646,17.0643,35,,16.68748,35
26.19402116,19.0742,26.79196806,17.4719,35,,16.68906,35
26.21096856,15.3171,26.80902926,16.9961,35,,16.68815,35
26.22791487,15.4653,26.82603416,16.696,35,,16.68735,34
26.24484296,16.3661,26.84447396,20.8262,35,,16.68713,33
26.26178697,16.8638,26.86144916,15.7225,35,,16.68725,36
26.27872726,16.6287,26.87843386,17.0792,35,,16.68721,36
26.29566777,16.6419,26.89541926,16.6516,35,,16.68718,36
26.31276236,17.1887,26.91242846,16.4939,35,,16.68751,36
26.32981136,18.3206,26.92945886,16.8725,35,,16.68859,35
26.34675006,14.4149,26.94646016,15.1722,35,,16.68709,34
26.36370356,18.307,26.96346946,18.6469,35,,16.68816,33
26.38071306,15.7169,26.98048336,17.9764,35,,16.68752,36
26.39777916,17.4322,26.99747046,16.9822,35,,16.68801,36
26.41477316,18.3803,27.01445496,17.0722,35,,16.68912,36
26.43175926,15.4298,27.03144516,17.1291,35,,16.68829,36
26.44878876,17.3151,27.04843396,17.8245,35,,16.6887,36
26.46580066,16.0649,27.06542156,15.9945,35,,16.6883,36
26.48294106,16.6855,27.08241596,16.2357,35,,16.68829,36
26.49999526,17.3902,27.09943366,17.5855,35,,16.68875,36
26.51781576,15.3656,27.11640046,16.2823,35,,16.68789,36
26.53591296,16.9561,27.13333275,17.6058,35,,16.68806,36
26.55392676,20.7429,27.15031416,16.9146,35,,16.69071,36
26.55392676,12.3425,27.16726175,16.3955,35,,16.68787,36
26.57093786,17.0268,27.18422306,17.5123,36,,16.68809,36
26.58794556,16.0612,27.20236776,17.0404,36,,16.68769,36
26.60493886,17.2057,27.21928916,16.3302,36,,16.68802,36
26.62192546,15.7245,27.23623796,17.3586,36,,16.6874,36
26.63887836,16.6095,27.25323326,16.8578,36,,16.68734,36
26.65586296,17.0038,27.27015505,16.9282,36,,16.68755,36
26.67287976,16.7715,27.28710395,17.5665,36,,16.6876,36
26.68988156,18.611,27.30405325,16.2398,36,,16.68885,36
26.70686086,14.3838,27.32097065,16.8746,36,,16.68736,36
26.72390416,16.8434,27.33789645,16.9897,36,,16.68746,36
26.74091756,17.4192,27.35484005,16.7194,36,,16.68793,36
26.75791886,16.2297,27.37178465,17.4912,36,,16.68764,36
26.77491646,16.4155,27.38872646,16.7976,36,,16.68746,36
26.82603416,56.1289,27.40566846,16.7572,36,,16.71299,36
26.82603416,2.9199,27.42263145,17.0389,34,,16.70407,36
26.84447396,3.9961,27.43954265,18.1761,35,,16.69585,36
26.84447396,3.8465,27.45649255,16.5286,35,,16.68755,36
26.86144916,16.3706,27.47345135,16.5839,36,,16.68735,36
26.87843386,17.0845,27.49040655,16.9887,36,,16.6876,36
26.89541926,16.2789,27.50736935,17.1601,36,,16.68734,36
26.94646016,55.9656,27.52431115,16.7574,36,,16.71265,35
26.94646016,2.1819,27.54149646,18.2242,34,,16.70329,34
26.94646016,2.4843,27.55845175,18.0992,35,,16.69414,36
26.96346946,6.2974,27.57539095,14.6069,36,,16.68745,36
26.98048336,16.9394,27.59233855,17.0273,36,,16.68762,36
26.99747046,16.0604,27.60928415,16.9435,36,,16.68721,36
27.01445496,16.5248,27.62622886,16.7582,36,,16.68711,36
27.03144516,17.4937,27.64316516,17.1666,36,,16.68763,36
27.04843396,18.6187,27.66015506,16.9772,36,,16.68887,36
27.06542156,15.2644,27.67711106,15.4368,36,,16.68795,36
27.08241596,17.1361,27.69405555,18.569,36,,16.68824,36
27.09943366,17.0177,27.71104016,15.5081,36,,16.68845,36
27.11640046,16.0003,27.72796575,19.8673,36,,16.68801,36
27.13333275,16.9588,27.74507455,16.3159,36,,16.68818,37
27.15031416,17.786,27.76204525,16.691,36,,16.68888,37
27.16726175,14.8152,27.77902926,17.4488,36,,16.68769,37
27.18422306,17.2916,27.79599786,17.0724,36,,16.68807,37
27.18422306,15.5016,27.81300186,16.101,36,,16.68732,37
27.20236776,16.6712,27.82998766,17.7972,37,,16.68731,36
27.21928916,16.9204,27.84696766,17.0017,37,,16.68746,37
27.23623796,16.8235,27.86410266,16.6306,37,,16.68754,37
27.25323326,16.9968,27.88120386,17.5249,37,,16.68774,37
27.27015505,16.1733,27.89820366,16.8433,37,,16.68741,37
27.28710395,16.362,27.91518916,16.4834,37,,16.68721,37
27.30405325,16.9402,27.93216766,17.9891,37,,16.68737,37
27.32097065,16.5443,27.94922326,16.9281,37,,16.68728,37
27.33789645,17.2023,27.96620666,16.9081,37,,16.6876,37
27.35484005,15.8711,27.98319346,17.4915,37,,16.68708,37
27.37178465,16.4655,28.00013756,16.58,37,,16.68694,37
27.38872646,16.9837,28.01707226,16.7747,37,,16.68713,37
27.40566846,16.9886,28.03400856,15.5814,37,,16.68732,37
27.42263145,17.171,28.05159016,17.4072,37,,16.68763,37
27.43954265,16.0299,28.06851456,17.3339,37,,16.68721,37
27.45649255,16.413,28.08545876,16.8827,37,,16.68704,37
27.47345135,16.823,28.10243006,18.4476,37,,16.68713,37
27.52431115,55.56,28.11939016,15.4202,37,,16.71162,37
27.54149646,3.5168,28.13634415,16.7973,35,,16.70331,37
27.54149646,1.4632,28.15329435,17.0654,35,,16.69372,37
27.55845175,17.1302,28.17027375,16.7075,36,,16.69399,37
27.55845175,6.0398,28.18725265,18.0992,36,,16.6873,37
27.57539095,20.6412,28.20422856,15.6645,37,,16.68978,37
27.59233855,10.5134,28.22118325,16.7388,37,,16.68591,37
27.60928415,18.4352,28.23847086,16.3266,37,,16.687,37
27.62622886,15.0295,28.25541716,17.9833,37,,16.68596,37
27.64316516,18.4716,28.27251196,16.1421,37,,16.68708,37
27.66015506,15.2818,28.28960166,19.028,37,,16.6862,36
27.67711106,17.4868,28.30758316,17.7841,37,,16.6867,35
27.69405555,16.3898,28.32495626,17.1599,37,,16.68652,37
27.71104016,16.5985,28.34206176,17.4082,37,,16.68646,37
27.72796575,16.6388,28.35923305,16.8264,37,,16.68643,37
27.74507455,16.3977,28.37636545,15.6198,37,,16.68625,37
27.76204525,15.3976,28.39344485,19.1126,37,,16.68545,37
27.77902926,17.8698,28.41101946,15.5947,37,,16.68619,37
27.79599786,17.0123,28.42809465,18.5347,37,,16.68639,37
27.82998766,30.8062,28.44517256,16.3272,37,,16.69518,37
27.82998766,2.708,28.46224656,17.9399,36,,16.68648,37
27.84696766,16.3186,28.47932546,17.9963,37,,16.68625,37
27.86410266,15.5828,28.49639486,16.0824,37,,16.68556,38
27.88120386,18.1736,28.51345366,17.7541,37,,16.68649,38
27.89820366,16.6511,28.53052976,15.4071,37,,16.68646,38
27.91518916,17.0961,28.54761156,18.7571,37,,16.68672,37
27.93216766,17.0552,28.56470536,15.5478,37,,16.68695,38
27.94922326,17.4326,28.58179376,18.4564,37,,16.68741,38
27.96620666,16.9466,28.59886626,16.6549,37,,16.68757,38
27.98319346,17.0928,28.61701326,19.0873,37,,16.68782,38
27.98319346,12.3208,28.63404876,16.1485,37,,16.68512,38
28.00013756,16.8574,28.65217126,16.4515,38,,16.68523,38
28.01707226,17.1788,28.66925256,18.0312,38,,16.68553,38
28.03400856,17.6512,28.68621165,17.4398,38,,16.68613,38
28.05159016,16.8102,28.70318745,16.6173,38,,16.6862,38
28.06851456,15.0168,28.72020935,15.7707,38,,16.68517,38
28.08545876,17.7927,28.73711745,17.7515,38,,16.68586,38
28.10243006,15.6189,28.75402415,17.3836,38,,16.6852,38
28.11939016,18.2264,28.77098455,16.7147,38,,16.68615,38
28.13634415,15.4234,28.78796415,16.1093,38,,16.68537,38
28.15329435,17.6331,28.80497645,18.4138,38,,16.68596,38
28.17027375,16.9319,28.82195015,17.3776,38,,16.68611,38
28.18725265,16.5501,28.83893975,16.5465,38,,16.68602,38
28.20422856,17.1601,28.85594305,15.4247,38,,16.68631,38
28.22118325,19.6091,28.87291865,18.2404,38,,16.68811,38
28.23847086,13.3835,28.88992835,17.629,38,,16.68608,38
28.28960166,55.8473,28.90694055,16.9597,38,,16.71006,38
28.30758316,2.3089,28.92391615,15.1365,36,,16.70125,38
28.30758316,2.3333,28.94096745,18.8831,36,,16.69246,38
28.30758316,6.1291,28.95799475,17.1458,37,,16.686,38
28.32495626,15.3979,28.97501265,17.7017,38,,16.68522,38
28.34206176,18.3755,28.99204305,15.0705,38,,16.68625,38
28.35923305,17.0464,29.00942185,18.9108,38,,16.68647,38
28.37636545,16.0298,29.02683305,17.2129,38,,16.68607,38
28.39344485,17.0154,29.04401155,17.1433,38,,16.68627,38
28.41101946,17.2866,29.06118595,15.7052,38,,16.68663,38
28.42809465,15.8965,29.07847525,19.3562,38,,16.68615,38
28.46224656,29.1482,29.09583825,17.9771,38,,16.69373,38
28.46224656,5.1374,29.11320775,14.6228,37,,16.68671,39
28.47932546,15.988,29.13018515,18.9432,38,,16.68628,38
28.49639486,15.6346,29.14715935,15.8254,38,,16.68565,39
28.51345366,17.8069,29.16415185,18.4468,38,,16.68633,39
