0.351021499,17162000,0.353515099,46646000,1,0.351021499,0.351021499,1.67E+07
0.353314299,32313600,0.353515099,10269200,2,0.353314299,0.353314299,1.67E+07
0.353314299,571400,0.400007098,11370200,2,0.353314299,0.353314299,1.67E+07
0.353515099,17733700,0.400007098,11367000,3,0.353515099,0.353515099,1.67E+07
0.400007098,22218500,0.421882798,11614700,3,0.400007098,0.400007098,1.67E+07
0.400007098,8223900,0.444505499,9935900,2,0.400007098,0.400007098,1.67E+07
0.444505499,25950300,0.469985699,14848300,3,0.444505499,0.444505499,1.67E+07
0.468282699,10398700,0.486561799,16915100,1,0.468282699,0.468282699,1.67E+07
0.480695499,13680200,0.503189199,16328500,2,0.480695499,0.480695499,1.67E+07
0.498302299,17559600,0.519651299,16785500,2,0.498302299,0.498302299,1.67E+07
0.514533499,16307800,0.536597099,16625500,2,0.514533499,0.514533499,1.67E+07
0.531909499,16077400,0.553206699,16606000,2,0.531909499,0.531909499,1.67E+07
0.548282699,16434100,0.569854799,16649700,2,0.548282699,0.548282699,1.67E+07
0.564872299,17506600,0.586545699,17016900,2,0.564872299,0.564872299,1.67E+07
0.581957599,16117700,0.603314099,16479100,2,0.581957599,0.581957599,1.67E+07
0.597449299,16240300,0.619929499,16577100,2,0.597449299,0.597449299,1.67E+07
0.615353399,17941900,0.636475398,16547400,2,0.615353399,0.615353399,1.67E+07
0.630892498,16048100,0.653255898,16779200,2,0.630892498,0.630892498,1.67E+07
0.636675698,15832000,0.669696098,16664800,2,0.636675698,0.636675698,1.67E+07
0.663821598,17257100,0.686437998,16828000,2,0.663821598,0.663821598,1.67E+07
0.679931198,16524900,0.703229098,16465300,2,0.679931198,0.679931198,1.67E+07
0.697697398,16720700,0.719871598,16659700,2,0.697697398,0.697697398,1.67E+07
0.714898498,16537100,0.736374198,16577500,2,0.714898498,0.714898498,1.67E+07
0.731073898,17873800,0.753250099,16798900,2,0.731073898,0.731073898,1.67E+07
0.747605599,15661800,0.769858199,16608700,2,0.747605599,0.747605599,1.67E+07
0.763355999,17247200,0.786567999,16709600,2,0.763355999,0.763355999,1.67E+07
0.781423499,16674600,0.803301299,16734000,2,0.781423499,0.781423499,1.67E+07
0.798468799,16893800,0.819873699,16596100,2,0.798468799,0.798468799,1.67E+07
0.815410699,16081500,0.836557499,16665400,2,0.815410699,0.815410699,1.67E+07
0.830464999,16344100,0.853163099,16586800,2,0.830464999,0.830464999,1.67E+07
0.846555199,16680600,0.869767699,16651100,2,0.846555199,0.846555199,1.67E+07
0.865309799,17643500,0.886521199,16721600,2,0.865309799,0.865309799,1.67E+07
0.881156499,15944100,0.903161699,16686900,2,0.881156499,0.881156499,1.67E+07
0.898323399,17466100,0.919872199,16710900,2,0.898323399,0.898323399,1.67E+07
0.914528699,15989400,0.936504798,16627000,2,0.914528699,0.914528699,1.67E+07
0.933181398,17621100,0.953239199,16692600,2,0.933181398,0.933181398,1.67E+07
0.947685699,16117900,0.969950298,16772800,2,0.947685699,0.947685699,1.67E+07
0.965255098,16117700,0.986618898,16605200,2,0.965255098,0.965255098,1.67E+07
0.981320398,17109700,1.003086998,16471700,2,0.981320398,0.981320398,1.67E+07
0.998687498,16152000,1.019751498,16666600,2,0.998687498,0.998687498,1.67E+07
1.014507499,16820000,1.036371399,16668200,2,1.014507499,1.014507499,1.67E+07
1.032057199,16589500,1.053170099,16727100,2,1.032057199,1.032057199,1.67E+07
1.047663999,16680000,1.069880199,16746700,2,1.047663999,1.047663999,1.67E+07
1.065152899,16378000,1.086473399,16585900,2,1.065152899,1.065152899,1.67E+07
1.081408099,16262700,1.103073198,16645700,2,1.081408099,1.081408099,1.67E+07
1.098127398,17858300,1.119867799,16762600,2,1.098127398,1.098127398,1.67E+07
1.114220699,15738600,1.136489499,16612100,2,1.114220699,1.114220699,1.67E+07
1.132525799,17563800,1.153167299,16717200,2,1.132525799,1.132525799,1.67E+07
1.148063099,15544000,1.169868299,16645800,2,1.148063099,1.148063099,1.67E+07
1.164355099,17384100,1.186451799,16584400,2,1.164355099,1.164355099,1.67E+07
1.181880099,16416200,1.203069099,16669400,2,1.181880099,1.181880099,1.67E+07
1.198006999,17293300,1.219657699,16854200,2,1.198006999,1.198006999,1.67E+07
1.215564699,16369000,1.236481299,16539900,2,1.215564699,1.215564699,1.67E+07
1.232438599,16914700,1.253215699,16713300,2,1.232438599,1.232438599,1.67E+07
1.248630499,17408700,1.269795599,16730900,2,1.248630499,1.248630499,1.67E+07
1.264791399,16079300,1.286541599,16711600,2,1.264791399,1.264791399,1.67E+07
1.281954499,16185600,1.303181399,16650700,2,1.281954499,1.281954499,1.67E+07
1.298527999,16563600,1.319739498,16592800,2,1.298527999,1.298527999,1.67E+07
1.315431398,18684900,1.336411698,16605000,2,1.315431398,1.315431398,1.67E+07
1.332425598,15043500,1.353046397,16582200,2,1.332425598,1.332425598,1.67E+07
1.351081997,18672200,1.369778997,16729300,2,1.351081997,1.351081997,1.67E+07
1.364878197,14873400,1.386321798,16629300,2,1.364878197,1.364878197,1.67E+07
1.381496198,16735700,1.403083897,16666700,2,1.381496198,1.381496198,1.67E+07
1.398979597,16446300,1.419879897,16836700,2,1.398979597,1.398979597,1.67E+07
1.414835697,17978100,1.436368797,16460600,2,1.414835697,1.414835697,1.67E+07
1.432685297,15549900,1.453038298,16697200,2,1.432685297,1.432685297,1.67E+07
1.448507298,16843000,1.469782697,16814700,2,1.448507298,1.448507298,1.67E+07
1.465859697,16367900,1.486422097,16574300,2,1.465859697,1.465859697,1.67E+07
1.481915997,17284200,1.503234497,16836100,2,1.481915997,1.481915997,1.67E+07
1.498093197,16295000,1.519755397,16539900,2,1.498093197,1.498093197,1.67E+07
1.515737297,16269700,1.536549397,16815200,2,1.515737297,1.515737297,1.67E+07
1.531722097,17135700,1.553086997,16445200,2,1.531722097,1.531722097,1.67E+07
1.549115997,17297100,1.569803797,16716000,2,1.549115997,1.549115997,1.67E+07
1.565150797,15993000,1.586446297,16679400,2,1.565150797,1.565150797,1.67E+07
1.584191197,18050500,1.603100697,16704400,2,1.584191197,1.584191197,1.67E+07
1.598858797,15498400,1.619872897,16820000,2,1.598858797,1.598858797,1.67E+07
1.616513397,16780900,1.636423797,16459600,2,1.616513397,1.616513397,1.67E+07
1.631224297,16921200,1.653070198,16728300,2,1.631224297,1.631224297,1.67E+07
1.649165998,16884900,1.669786197,16661200,2,1.649165998,1.649165998,1.67E+07
1.666375898,17086100,1.686526597,16627500,2,1.666375898,1.666375898,1.67E+07
1.681811797,14549500,1.703039497,16577900,2,1.681811797,1.681811797,1.67E+07
1.698696497,18819600,1.719677397,16663100,2,1.698696497,1.698696497,1.67E+07
1.715373797,16086900,1.736366797,16775400,2,1.715373797,1.715373797,1.67E+07
1.731530497,15723500,1.752990498,16594200,2,1.731530497,1.731530497,1.67E+07
1.749045498,16685300,1.769797598,16643400,2,1.749045498,1.749045498,1.67E+07
1.765089797,16900500,1.779780198,48081700,2,1.765089797,1.765089797,1.67E+07
1.779780198,45510700,1.779780198,11027300,2,1.779780198,1.779780198,1.67E+07
1.779780198,3597400,1.818053998,10897600,2,1.779780198,1.779780198,1.67E+07
1.779780198,1902100,1.818053998,9853900,3,1.779780198,1.779780198,1.67E+07
1.869112399,52940200,1.886570599,36937300,4,1.869112399,1.869112399,1.67E+07
1.883882199,13784300,1.9029925,17270300,1,1.883882199,1.883882199,1.67E+07
1.9015538,17843500,1.919891,16085100,2,1.9015538,1.9015538,1.67E+07
1.9150885,15664300,1.936618699,16830200,2,1.9150885,1.9150885,1.67E+07
1.935828599,18410500,1.953249999,16499600,2,1.935828599,1.935828599,1.67E+07
1.949974899,14258500,1.969955499,16659900,2,1.949974899,1.949974899,1.67E+07
1.966750299,17477800,1.986738498,16762800,2,1.966750299,1.966750299,1.67E+07
1.982989098,16434800,2.003368798,16666800,2,1.982989098,1.982989098,1.67E+07
2.000463398,16499400,2.020021198,16666600,2,2.000463398,2.000463398,1.67E+07
2.016780498,16317600,2.036869298,16886600,2,2.016780498,2.016780498,1.67E+07
2.033241398,17583000,2.053429698,16507100,2,2.033241398,2.033241398,1.67E+07
2.049196998,15750500,2.070225698,16813500,2,2.049196998,2.049196998,1.67E+07
2.066202998,17762800,2.086871698,16648600,2,2.066202998,2.066202998,1.67E+07
2.101566198,33637000,2.103560498,16737500,2,2.101566198,2.101566198,1.67E+07
2.117782398,16268200,2.120347298,16716600,1,2.117782398,2.117782398,1.67E+07
2.133701798,17013500,2.136975298,16631100,1,2.133701798,2.133701798,1.67E+07
2.150207598,15405000,2.153778898,16778000,1,2.150207598,2.150207598,1.67E+07
2.168592598,18780400,2.170470398,16716900,1,2.168592598,2.168592598,1.67E+07
2.183322698,14318000,2.187088198,16716000,1,2.183322698,2.183322698,1.67E+07
2.200909698,18655600,2.203864398,16674800,1,2.200909698,2.200909698,1.67E+07
2.216908698,15001700,2.220665598,17054900,1,2.216908698,2.216908698,1.67E+07
2.233222198,17994400,2.237286498,16368600,1,2.233222198,2.233222198,1.67E+07
2.250273298,16396600,2.254012598,16725600,1,2.250273298,2.250273298,1.67E+07
2.266820098,15516900,2.270696198,16702500,1,2.266820098,2.266820098,1.67E+07
2.284822198,17897000,2.287564898,16850100,1,2.284822198,2.284822198,1.67E+07
2.300331598,15578300,2.304204098,16646400,1,2.300331598,2.300331598,1.67E+07
2.318877098,18509000,2.320952898,16776300,1,2.318877098,2.318877098,1.67E+07
2.334719198,15871700,2.337616798,16663700,1,2.334719198,2.334719198,1.67E+07
2.350922298,17086500,2.354415098,16762800,1,2.350922298,2.350922298,1.67E+07
2.367370898,16409700,2.371116898,16701500,1,2.367370898,2.367370898,1.67E+07
2.384936297,17510400,2.387737597,16620900,1,2.384936297,2.384936297,1.67E+07
2.400684698,16882700,2.404485098,16760400,1,2.400684698,2.400684698,1.67E+07
2.417588898,14938500,2.421261598,16733100,1,2.417588898,2.417588898,1.67E+07
2.435429298,17827300,2.438033198,16801900,1,2.435429298,2.435429298,1.67E+07
2.450606798,15241900,2.454732598,16830900,1,2.450606798,2.450606798,1.67E+07
2.466988399,18469900,2.471484699,16567200,1,2.466988399,2.466988399,1.67E+07
2.484083599,15000400,2.488158399,16728400,1,2.484083599,2.484083599,1.67E+07
2.499917999,18006600,2.504894299,16715600,1,2.499917999,2.499917999,1.67E+07
2.517682699,15604300,2.521526899,16691800,1,2.517682699,2.517682699,1.67E+07
2.533757398,17104700,2.538270398,16706300,1,2.533757398,2.533757398,1.67E+07
2.551555899,17531400,2.554979599,16706600,1,2.551555899,2.551555899,1.67E+07
2.568146699,16730400,2.571768999,16789400,1,2.568146699,2.568146699,1.67E+07
2.584726899,16336200,2.588421799,16655200,1,2.584726899,2.584726899,1.67E+07
2.601533699,17221200,2.605050199,16661500,1,2.601533699,2.601533699,1.67E+07
2.619095698,16441600,2.621763398,16693100,1,2.619095698,2.619095698,1.67E+07
2.635634799,17356700,2.638492299,16761400,1,2.635634799,2.635634799,1.67E+07
2.651518399,16228100,2.655291199,16751100,1,2.651518399,2.651518399,1.67E+07
2.655291199,14428300,2.672002999,16713200,1,2.655291199,2.655291199,1.67E+07
2.684144999,18803100,2.688689499,16750600,1,2.684144999,2.684144999,1.67E+07
2.688689499,14222500,2.7054875,16732600,1,2.688689499,2.688689499,1.67E+07
2.7181485,19078300,2.7221685,16684000,1,2.7181485,2.7181485,1.67E+07
2.734143799,15869300,2.738817799,16616600,1,2.734143799,2.734143799,1.67E+07
2.7514807,18394200,2.755667,16894800,1,2.7514807,2.7514807,1.67E+07
2.7682043,14761100,2.7722098,16552900,1,2.7682043,2.7682043,1.67E+07
2.7863749,18120000,2.7889236,16709600,1,2.7863749,2.7863749,1.67E+07
2.8023803,16172700,2.8056607,16690100,1,2.8023803,2.8023803,1.67E+07
2.8056607,14407400,2.8225403,16952400,1,2.8056607,2.8056607,1.67E+07
2.8365557,19715600,2.839199,16592300,1,2.8365557,2.8365557,1.67E+07
2.839199,14781500,2.855887,16745700,1,2.839199,2.839199,1.67E+07
2.8693312,17972700,2.8725451,16620100,1,2.8693312,2.8693312,1.67E+07
2.8863505,17833400,2.8893258,16835900,1,2.8863505,2.8863505,1.67E+07
2.9022466,15021800,2.9060297,16685500,1,2.9022466,2.9022466,1.67E+07
2.9187921,18242100,2.9227167,16627600,1,2.9187921,2.9187921,1.67E+07
2.9354611,15000800,2.9394055,16779000,1,2.9354611,2.9354611,1.67E+07
2.9523735,18014100,2.9561497,16630300,1,2.9523735,2.9523735,1.67E+07
2.9680159,15642100,2.9729731,16849100,1,2.9680159,2.9680159,1.67E+07
2.986823,17653700,2.9895517,16620900,1,2.986823,2.986823,1.67E+07
3.0179679,31641600,3.0230594,33487500,1,3.0179679,3.0179679,1.67E+07
3.036509299,18908200,3.039733799,16643900,1,3.036509299,3.036509299,1.67E+07
3.066852099,29494900,3.073364099,33658300,1,3.066852099,3.066852099,1.67E+07
3.085914599,19970000,3.090030999,16667000,1,3.085914599,3.085914599,1.67E+07
3.1031,17550400,3.1066957,16665500,1,3.1031,3.1031,1.68E+07
3.120733899,16348300,3.123426199,16730300,1,3.120733899,3.120733899,1.68E+07
3.136708799,16747800,3.140339099,16948900,1,3.136708799,3.136708799,1.68E+07
3.140339099,13966100,3.1570845,16688100,1,3.140339099,3.140339099,1.67E+07
3.170334399,19729400,3.173696699,16633700,1,3.170334399,3.170334399,1.68E+07
3.187274399,16886100,3.190488299,16813400,1,3.187274399,3.187274399,1.68E+07
3.190488299,13562500,3.2073426,16831500,1,3.190488299,3.190488299,1.67E+07
3.2225732,20931900,3.2240319,16689000,1,3.2225732,3.2225732,1.68E+07
3.2382176,16480500,3.2407645,16732800,1,3.2382176,3.2382176,1.68E+07
3.2529971,15611600,3.2575968,16835300,1,3.2529971,3.2529971,1.68E+07
3.2708667,17319000,3.2743293,16733500,1,3.2708667,3.2708667,1.68E+07
3.288532,16564600,3.2909399,16622300,1,3.288532,3.288532,1.68E+07
3.2909399,13540200,3.3077383,16783500,1,3.2909399,3.2909399,1.67E+07
3.3220042,19928500,3.3244179,16678900,1,3.3220042,3.3220042,1.68E+07
3.338296701,16359800,3.341304301,16885900,1,3.338296701,3.338296701,1.68E+07
3.354575601,17112500,3.357952001,16691200,1,3.354575601,3.354575601,1.68E+07
3.371844201,16369000,3.374626001,16683800,1,3.371844201,3.371844201,1.68E+07
3.3885232,16678500,3.3914467,16743200,1,3.3885232,3.3885232,1.68E+07
3.404586401,16917100,3.408115901,16755700,1,3.404586401,3.404586401,1.68E+07
3.4220829,16653100,3.4250701,16893300,1,3.4220829,3.4220829,1.68E+07
3.4385387,17330700,3.4417427,16671900,1,3.4385387,3.4385387,1.68E+07
3.4570302,18400300,3.45843,16768700,1,3.4570302,3.4570302,1.68E+07
3.4723465,15587900,3.4752525,16815400,1,3.4723465,3.4723465,1.68E+07
3.490395701,17957000,3.491913601,16744600,1,3.490395701,3.490395701,1.68E+07
3.518100901,27401800,3.525404401,33390900,1,3.518100901,3.518100901,1.68E+07
3.538210101,22510700,3.542227601,16849100,1,3.538210101,3.538210101,1.68E+07
3.542227601,11542900,3.559014502,16716700,1,3.542227601,3.542227601,1.68E+07
3.573907802,21946100,3.575830902,16930400,1,3.573907802,3.573907802,1.68E+07
3.591536901,16777000,3.592596201,16683200,1,3.591536901,3.591536901,1.68E+07
3.606748301,16991700,3.609168702,16681800,1,3.606748301,3.606748301,1.68E+07
3.622966202,16390200,3.626155502,16978600,1,3.622966202,3.622966202,1.68E+07
3.641352402,17397400,3.642846802,16651000,1,3.641352402,3.641352402,1.68E+07
3.658661302,17323700,3.658661302,16710600,1,3.658661302,3.658661302,1.68E+07
3.674622902,14979200,3.676344802,16858000,1,3.674622902,3.674622902,1.68E+07
3.690477902,15892700,3.693269602,16765500,1,3.690477902,3.690477902,1.68E+07
3.708381401,18030600,3.710000201,16808100,1,3.708381401,3.708381401,1.68E+07
3.723665801,15136400,3.725958601,17139400,1,3.723665801,3.723665801,1.68E+07
3.740837301,18110900,3.743008701,16551700,1,3.740837301,3.740837301,1.68E+07
3.757541302,18654100,3.757541302,16577300,1,3.757541302,3.757541302,1.68E+07
3.774091301,13706800,3.777046801,16703200,1,3.774091301,3.774091301,1.68E+07
3.790684401,18561200,3.793792401,16738300,1,3.790684401,3.790684401,1.68E+07
3.806235601,16048000,3.810407901,16709600,1,3.806235601,3.806235601,1.68E+07
3.810407901,9605500,3.8273227,16869300,1,3.810407901,3.810407901,1.68E+07
3.8407372,23637800,3.8428864,16745800,1,3.8407372,3.8407372,1.68E+07
3.856399801,15587700,3.860978701,16919200,1,3.856399801,3.856399801,1.68E+07
3.876909201,19950000,3.876909201,16622600,1,3.876909201,3.876909201,1.68E+07
3.891590301,14851500,3.894480601,16852300,1,3.891590301,3.891590301,1.68E+07
3.909208201,17921100,3.911110301,16739600,1,3.909208201,3.909208201,1.68E+07
3.924557001,15280700,3.927904501,16638400,1,3.924557001,3.924557001,1.68E+07
3.942156401,17683700,3.944621701,16790200,1,3.942156401,3.942156401,1.68E+07
3.958691401,15407500,3.961562601,16967100,1,3.958691401,3.958691401,1.68E+07
3.9758654,19164100,3.9781458,16684300,1,3.9758654,3.9758654,1.68E+07
3.991579801,14910400,3.994995801,16670600,1,3.991579801,3.991579801,1.68E+07
4.008472101,17041200,4.011615401,16840300,1,4.008472101,4.008472101,1.68E+07
4.025789001,16029200,4.028654501,16887300,1,4.025789001,4.025789001,1.68E+07
4.042621701,16852700,4.045408501,16892800,1,4.042621701,4.042621701,1.68E+07
4.058865002,17783900,4.062163801,16582400,1,4.058865002,4.058865002,1.68E+07
4.077308302,17863900,4.078876702,16816200,1,4.077308302,4.077308302,1.68E+07
4.093164602,14835900,4.095659202,16751900,1,4.093164602,4.093164602,1.68E+07
4.095659202,8628100,4.112486302,16874700,1,4.095659202,4.095659202,1.68E+07
4.112486302,17718300,4.129228002,16646100,1,4.112486302,4.112486302,1.68E+07
4.129228002,16871400,4.145789202,16586000,1,4.129228002,4.129228002,1.68E+07
4.145789202,17250400,4.162639002,16756100,1,4.145789202,4.145789202,1.68E+07
4.162639002,15726100,4.179473101,16992600,1,4.162639002,4.162639002,1.68E+07
4.192442201,25242300,4.196198401,16608400,1,4.192442201,4.192442201,1.68E+07
4.196198401,7782600,4.212943401,16704800,1,4.196198401,4.196198401,1.68E+07
4.212943401,15487100,4.229743401,16854800,1,4.212943401,4.212943401,1.68E+07
4.229743401,17454100,4.246498601,16723100,1,4.229743401,4.229743401,1.68E+07
4.260209501,24907400,4.263326701,16801200,1,4.260209501,4.260209501,1.68E+07
4.276388401,16153900,4.279998901,16629000,1,4.276388401,4.276388401,1.68E+07
4.279998901,8881500,4.296830201,16977100,1,4.279998901,4.279998901,1.68E+07
4.310135901,25980400,4.313436301,16539500,1,4.310135901,4.310135901,1.68E+07
4.313436301,7205300,4.3303483,16870100,1,4.313436301,4.313436301,1.68E+07
4.3439813,25571200,4.3470282,17615000,1,4.3439813,4.3439813,1.68E+07
4.3612525,18200300,4.3637273,16768600,1,4.3612525,4.3612525,1.68E+07
4.3775733,16150500,4.3804126,16524400,1,4.3775733,4.3775733,1.68E+07
4.3956294,17761200,4.3972242,16739100,1,4.3956294,4.3956294,1.68E+07
4.4102587,15361100,4.4139243,16734100,1,4.4102587,4.4102587,1.68E+07
4.426536299,15873600,4.430483099,16661400,1,4.426536299,4.426536299,1.68E+07
4.4448546,18323500,4.447103,16599900,1,4.4448546,4.4448546,1.68E+07
4.4613004,16271900,4.4639679,16864400,1,4.4613004,4.4613004,1.68E+07
4.4639679,6482700,4.4807484,16629800,1,4.4639679,4.4639679,1.68E+07
4.4948937,26477600,4.4973722,16667300,1,4.4948937,4.4948937,1.68E+07
4.51243,17537300,4.514031,16809500,1,4.51243,4.51243,1.68E+07
4.514031,10957500,4.530709,16789500,1,4.514031,4.514031,1.68E+07
4.530709,13374500,4.548334401,16523400,1,4.530709,4.530709,1.68E+07
4.548334401,14789900,4.564998801,16698700,1,4.548334401,4.548334401,1.68E+07
4.579216501,27613200,4.581823901,16870100,1,4.579216501,4.579216501,1.68E+07
4.594669401,15450600,4.598580701,16771000,1,4.594669401,4.594669401,1.68E+07
4.610591701,16833600,4.615193101,16601500,1,4.610591701,4.610591701,1.68E+07
4.6291287,19082900,4.632158701,17019700,1,4.6291287,4.6291287,1.68E+07
4.6450699,14500100,4.6488352,16579600,1,4.6450699,4.6450699,1.68E+07
4.6619925,16948000,4.6655354,16734500,1,4.6619925,4.6619925,1.68E+07
4.677497801,17546800,4.682314801,16988100,1,4.677497801,4.677497801,1.68E+07
4.682314801,6243900,4.697649601,17359500,1,4.682314801,4.682314801,1.68E+07
4.697649601,17003800,4.715892101,16073300,1,4.697649601,4.697649601,1.68E+07
4.728172301,26426300,4.732575901,16611500,1,4.728172301,4.728172301,1.68E+07
4.746879401,18620400,4.749387901,16782300,1,4.746879401,4.746879401,1.68E+07
4.762129101,15025300,4.766209601,16805300,1,4.762129101,4.762129101,1.68E+07
4.779696,18049300,4.7830471,16955000,1,4.779696,4.779696,1.68E+07
4.796790901,15924300,4.799750701,16629800,1,4.796790901,4.796790901,1.68E+07
4.813023801,16133400,4.816345701,16638200,1,4.813023801,4.813023801,1.68E+07
4.829255901,17064900,4.833307301,16868700,1,4.829255901,4.829255901,1.68E+07
4.833307301,5631700,4.8500361,16836600,1,4.833307301,4.833307301,1.68E+07
4.8500361,16776700,4.8667646,16668700,1,4.8500361,4.8500361,1.68E+07
4.8667646,17098600,4.8836065,16840800,1,4.8667646,4.8667646,1.68E+07
4.895921499,27383600,4.900337299,16760500,1,4.895921499,4.895921499,1.68E+07
4.9130096,16093900,4.9168705,16587800,1,4.9130096,4.9130096,1.68E+07
4.9168705,6134000,4.933798699,16853900,1,4.9168705,4.9168705,1.68E+07
4.933798699,17554000,4.950503599,16727700,1,4.933798699,4.933798699,1.68E+07
4.950503599,16354700,4.9672522,16694300,1,4.950503599,4.950503599,1.68E+07
4.9672522,16760600,4.9839862,16880500,1,4.9672522,4.9672522,1.68E+07
4.9839862,16388300,5.0008748,16829900,1,4.9839862,4.9839862,1.68E+07
5.0008748,17302900,5.0175658,16661200,1,5.0008748,5.0008748,1.68E+07
5.0175658,16142300,5.034388,16817900,1,5.0175658,5.0175658,1.68E+07
5.034388,16841800,5.0510462,16664900,1,5.034388,5.034388,1.68E+07
5.0510462,16500500,5.067938201,17408300,1,5.0510462,5.0510462,1.68E+07
5.067938201,16503100,5.0839958,16211900,1,5.067938201,5.067938201,1.68E+07
5.0839958,17077600,5.1012292,16597400,1,5.0839958,5.0839958,1.68E+07
5.1012292,15794100,5.1178973,17696900,1,5.1012292,5.1012292,1.68E+07
5.1178973,16769700,5.1349094,15878200,1,5.1178973,5.1178973,1.68E+07
5.1349094,17420600,5.151604101,16844200,1,5.1349094,5.1349094,1.68E+07
5.151604101,16732800,5.1675881,16941900,1,5.151604101,5.151604101,1.68E+07
5.1675881,17515200,5.1846275,16935000,1,5.1675881,5.1675881,1.68E+07
5.1846275,14963000,5.2014159,16694800,1,5.1846275,5.1846275,1.68E+07
5.2014159,16628700,5.217776499,16378200,1,5.2014159,5.2014159,1.68E+07
5.217776499,17237100,5.235278099,17059200,2,5.217776499,5.217776499,1.68E+07
5.235278099,16244500,5.2522213,16494600,1,5.235278099,5.235278099,1.68E+07
5.2522213,16317400,5.268038399,16676200,1,5.2522213,5.2522213,1.68E+07
5.268038399,17554400,5.2857099,17504900,2,5.268038399,5.268038399,1.68E+07
5.2857099,16655900,5.3021157,16527600,1,5.2857099,5.2857099,1.68E+07
5.3021157,16626500,5.3181634,16139500,2,5.3021157,5.3021157,1.68E+07
5.3181634,16207100,5.334950399,17071700,2,5.3181634,5.3181634,1.68E+07
5.334950399,17012500,5.3524209,17131000,1,5.334950399,5.334950399,1.68E+07
5.3524209,17160800,5.3689675,16218400,2,5.3524209,5.3524209,1.68E+07
5.3689675,16114000,5.3862253,16853900,1,5.3689675,5.3689675,1.68E+07
5.3854329,16612600,5.4022035,16633500,2,5.3854329,5.3854329,1.68E+07
5.4022035,17657700,5.4192008,17046800,2,5.4022035,5.4022035,1.68E+07
5.4192008,16337200,5.4364766,16423700,1,5.4192008,5.4192008,1.68E+07
5.4354464,15948600,5.453281801,16811700,2,5.4354464,5.4354464,1.68E+07
5.452384301,16276200,5.469983,16701900,2,5.452384301,5.452384301,1.68E+07
5.4683641,17100600,5.4863543,17094100,2,5.4683641,5.4683641,1.68E+07
5.4863543,17718300,5.503089,16619400,2,5.4863543,5.4863543,1.68E+07
5.503089,16622700,5.520146399,16465100,1,5.503089,5.503089,1.68E+07
5.520146399,16343400,5.537004099,16973500,1,5.520146399,5.520146399,1.68E+07
5.536022999,16560700,5.553405599,16683400,2,5.536022999,5.536022999,1.68E+07
5.553405599,17100200,5.570495599,16693600,2,5.553405599,5.553405599,1.68E+07
5.570003199,16177500,5.586661699,17390300,2,5.570003199,5.570003199,1.68E+07
5.586661699,19029700,5.603638299,16319300,2,5.586661699,5.586661699,1.68E+07
5.603638299,15342300,5.620772299,16567100,1,5.603638299,5.603638299,1.68E+07
5.618463899,15184400,5.637446599,16650200,1,5.618463899,5.618463899,1.68E+07
5.636754599,17191600,5.654256799,16995700,2,5.636754599,5.636754599,1.68E+07
5.652741298,16789900,5.670832598,16577800,2,5.652741298,5.652741298,1.68E+07
5.669412498,16549000,5.687544298,16741300,2,5.669412498,5.669412498,1.68E+07
5.686215698,16701200,5.704441398,16886500,2,5.686215698,5.686215698,1.68E+07
5.703305498,16858600,5.720971498,16518800,2,5.703305498,5.703305498,1.68E+07
5.719488398,16604700,5.738073599,17112400,2,5.719488398,5.719488398,1.68E+07
5.736400699,16982400,5.754705998,16432900,2,5.736400699,5.736400699,1.68E+07
5.752663698,16268200,5.771370899,16814300,2,5.752663698,5.752663698,1.68E+07
5.770543199,17001100,5.788291298,16850400,2,5.770543199,5.770543199,1.68E+07
5.786255898,16538700,5.804993298,16580400,2,5.786255898,5.786255898,1.68E+07
5.804493898,17418400,5.821629798,16779700,2,5.804493898,5.804493898,1.68E+07
5.819785398,16082000,5.838447198,16691700,2,5.819785398,5.819785398,1.68E+07
5.836520998,16857900,5.855115998,16885600,2,5.836520998,5.836520998,1.68E+07
5.853755398,16314800,5.872064998,17017800,2,5.853755398,5.853755398,1.68E+07
5.870193798,17488100,5.888601999,16459600,2,5.870193798,5.870193798,1.68E+07
5.886730199,16058400,5.905459099,16762200,2,5.886730199,5.886730199,1.68E+07
5.902839399,16449000,5.922202099,16638200,2,5.902839399,5.902839399,1.68E+07
5.919275399,16275300,5.938945399,16770000,2,5.919275399,5.919275399,1.68E+07
5.936535299,16528400,5.955569099,16925000,2,5.936535299,5.936535299,1.68E+07
5.953114399,18785000,5.972345098,16789700,2,5.953114399,5.953114399,1.68E+07
5.968687098,15560200,5.989254598,16999400,2,5.968687098,5.968687098,1.68E+07
5.985834398,16246400,6.005927998,16436400,2,5.985834398,5.985834398,1.68E+07
6.003945298,17973900,6.022353399,16638700,2,6.003945298,6.003945298,1.68E+07
6.021506399,16483800,6.039498899,16985300,2,6.021506399,6.021506399,1.68E+07
6.036365999,15949800,6.056153798,16456200,2,6.036365999,6.036365999,1.68E+07
6.053363698,16754100,6.072043799,17001500,2,6.053363698,6.053363698,1.68E+07
6.072043799,18900300,6.089804299,16670100,2,6.072043799,6.072043799,1.68E+07
6.087168599,14799700,6.106415799,16814200,2,6.087168599,6.087168599,1.68E+07
6.103865199,16820800,6.1233121,16688100,2,6.103865199,6.103865199,1.68E+07
6.106848799,15704400,6.1399231,16868900,2,6.106848799,6.106848799,1.68E+07
6.1373505,17897400,6.1566736,16726800,2,6.1373505,6.1373505,1.68E+07
6.1538933,16725000,6.1734815,16561400,2,6.1538933,6.1538933,1.68E+07
6.1706502,16988800,6.1903285,16988900,2,6.1706502,6.1706502,1.68E+07
6.187073199,15821100,6.206756799,16493800,2,6.187073199,6.187073199,1.68E+07
6.205321299,17408500,6.222860499,16811900,2,6.205321299,6.205321299,1.68E+07
6.2215981,17446500,6.2402229,16683700,2,6.2215981,6.2215981,1.68E+07
6.2365267,14767400,6.257324699,17116900,2,6.2365267,6.2365267,1.68E+07
6.253336999,18789500,6.273941299,16360200,2,6.253336999,6.253336999,1.68E+07
6.271376099,15110000,6.290538799,16806100,2,6.271376099,6.271376099,1.68E+07
6.289261399,17793800,6.307581099,17126000,2,6.289261399,6.289261399,1.68E+07
6.304181999,16009500,6.324168599,16578000,2,6.304181999,6.304181999,1.68E+07
6.320728599,16418300,6.341033998,16719300,2,6.320728599,6.320728599,1.68E+07
6.339031998,18455000,6.357294299,16863700,2,6.339031998,6.339031998,1.68E+07
6.353661299,14641700,6.374632699,16600100,2,6.353661299,6.353661299,1.67E+07
6.371050699,18317800,6.391341099,16901300,2,6.371050699,6.371050699,1.68E+07
6.387126899,14845000,6.407997799,16663000,2,6.387126899,6.387126899,1.67E+07
6.391743499,15811400,6.424537999,16578900,2,6.391743499,6.391743499,1.67E+07
6.408407299,16621100,6.441507299,17150600,2,6.408407299,6.408407299,1.67E+07
6.437578399,19240100,6.458371198,16502300,2,6.437578399,6.437578399,1.68E+07
6.454797798,16066600,6.475107199,16643100,2,6.454797798,6.454797798,1.68E+07
6.471180199,16215200,6.491430899,16625500,2,6.471180199,6.471180199,1.67E+07
6.487655699,18188800,6.508524399,17031200,2,6.487655699,6.487655699,1.68E+07
6.504671499,17476600,6.5249987,16529400,2,6.504671499,6.504671499,1.68E+07
6.5235517,16014400,6.5412864,16775000,2,6.5235517,6.5235517,1.68E+07
6.537673,15264700,6.558733999,16945900,2,6.537673,6.537673,1.67E+07
6.5545702,17806700,6.575323099,16614500,2,6.5545702,6.5545702,1.68E+07
6.572611799,16030200,6.592114099,16701300,2,6.572611799,6.572611799,1.68E+07
6.589328199,17774300,6.608919799,16818900,2,6.589328199,6.589328199,1.68E+07
6.606100199,17034900,6.625794499,16689600,2,6.606100199,6.606100199,1.68E+07
6.625048699,17580200,6.642306198,16672900,2,6.625048699,6.625048699,1.68E+07
6.625794499,12027000,6.659290599,17234100,2,6.625794499,6.625794499,1.67E+07
6.655464199,19310800,6.675678699,16267600,2,6.655464199,6.655464199,1.68E+07
6.672672199,18318800,6.692773099,16759100,2,6.672672199,6.672672199,1.68E+07
6.688708699,15113900,6.709506699,16759900,2,6.688708699,6.688708699,1.68E+07
6.692773099,14872000,6.726218099,16742100,2,6.692773099,6.692773099,1.67E+07
6.721370999,17631000,6.743104999,16789900,2,6.721370999,6.721370999,1.67E+07
6.738463399,18306500,6.759875098,16890200,2,6.738463399,6.738463399,1.68E+07
6.755100598,15265700,6.776418598,16623200,2,6.755100598,6.755100598,1.67E+07
6.773908498,17975800,6.793121899,16639900,2,6.773908498,6.773908498,1.68E+07
6.788581599,15952900,6.809973299,16947300,2,6.788581599,6.788581599,1.67E+07
6.805189399,17632600,6.826691298,16733800,2,6.805189399,6.805189399,1.68E+07
6.822506098,15548500,6.843327498,16624600,2,6.822506098,6.822506098,1.67E+07
6.839039598,17642600,6.860355698,16850700,2,6.839039598,6.839039598,1.68E+07
6.857614998,16923500,6.877042198,16832600,2,6.857614998,6.857614998,1.68E+07
6.872499398,15726900,6.893819798,16760300,2,6.872499398,6.872499398,1.67E+07
6.889321798,18135300,6.910504498,16537200,2,6.889321798,6.889321798,1.68E+07
6.906424998,15650500,6.927232098,16722200,2,6.906424998,6.906424998,1.67E+07
6.922749298,18353100,6.943882798,16742100,2,6.922749298,6.922749298,1.68E+07
6.940202698,14783400,6.960767098,16852900,2,6.940202698,6.940202698,1.67E+07
6.958062498,18581500,6.977622598,16756900,2,6.958062498,6.958062498,1.68E+07
6.972938598,14976600,6.994224097,16813300,2,6.972938598,6.972938598,1.67E+07
6.989533597,16514900,7.011003497,16603100,2,6.989533597,6.989533597,1.67E+07
7.008523797,19118100,7.027809397,16789400,2,7.008523797,7.008523797,1.68E+07
7.023510397,15037100,7.044455597,16785300,2,7.023510397,7.023510397,1.67E+07
7.039946997,17405300,7.061277797,16735000,2,7.039946997,7.039946997,1.68E+07
7.057628497,15801000,7.077986197,16736300,2,7.057628497,7.057628497,1.67E+07
7.073491496,17827800,7.094842096,16976700,2,7.073491496,7.073491496,1.68E+07
7.090172496,15392000,7.111611196,16593500,2,7.090172496,7.090172496,1.67E+07
7.107374796,18492900,7.128084396,16618000,2,7.107374796,7.107374796,1.68E+07
7.123793496,15276100,7.145124295,16992600,2,7.123793496,7.123793496,1.67E+07
7.128084396,13745700,7.161778995,16556200,2,7.128084396,7.128084396,1.67E+07
7.157425095,20136700,7.178460995,16873900,2,7.157425095,7.157425095,1.67E+07
7.173818595,17280100,7.195243795,16566600,2,7.173818595,7.173818595,1.68E+07
7.191121895,16053200,7.211900595,16917900,2,7.191121895,7.191121895,1.67E+07
7.207564695,17477300,7.228561695,16643600,2,7.207564695,7.207564695,1.68E+07
7.224489495,15894200,7.245497195,16777300,2,7.224489495,7.224489495,1.67E+07
7.240990895,17754200,7.262053395,16692000,2,7.240990895,7.240990895,1.68E+07
7.258076695,15519500,7.279109594,17037600,2,7.258076695,7.258076695,1.67E+07
7.276031894,18095800,7.295756894,16613200,2,7.276031894,7.276031894,1.68E+07
7.291593395,15609800,7.312363694,16639400,2,7.291593395,7.291593395,1.67E+07
7.307994794,18137800,7.329272395,16800500,2,7.307994794,7.307994794,1.68E+07
7.324802995,15319800,7.345852094,16739800,2,7.324802995,7.324802995,1.67E+07
7.341623094,16826000,7.362877294,16790300,2,7.341623094,7.341623094,1.67E+07
7.358034194,17507200,7.379469394,16723500,2,7.358034194,7.358034194,1.68E+07
7.375257594,16373300,7.396361094,16763300,2,7.375257594,7.375257594,1.67E+07
7.392973994,17693800,7.413112094,16714600,2,7.392973994,7.392973994,1.68E+07
7.409596594,16395700,7.429596294,16837300,2,7.409596594,7.409596594,1.68E+07
7.413112094,10257300,7.446553194,16834700,2,7.413112094,7.413112094,1.67E+07
7.442437394,22812300,7.463187394,16531300,2,7.442437394,7.442437394,1.68E+07
7.460085894,17621800,7.480047994,16729600,2,7.460085894,7.460085894,1.68E+07
7.475360794,15336700,7.496866294,17018100,2,7.475360794,7.475360794,1.67E+07
7.492263594,16370300,7.513411295,16606300,2,7.492263594,7.492263594,1.67E+07
7.510263395,18412900,7.530333995,16921800,2,7.510263395,7.510263395,1.68E+07
7.525977595,15685200,7.546828595,16447300,2,7.525977595,7.525977595,1.67E+07
7.542666795,18163400,7.563835494,17015000,2,7.542666795,7.542666795,1.68E+07
7.560183294,15737900,7.580511294,16693600,2,7.560183294,7.560183294,1.68E+07
7.576208694,16564200,7.597345994,16654300,2,7.576208694,7.576208694,1.67E+07
7.593959194,17537200,7.614060594,16745400,2,7.593959194,7.593959194,1.68E+07
7.610457894,16190200,7.630520494,16600900,2,7.610457894,7.610457894,1.68E+07
7.626137494,15982900,7.647349194,16798300,2,7.626137494,7.626137494,1.67E+07
7.643572494,17284600,7.664072494,16736100,2,7.643572494,7.643572494,1.67E+07
7.647349194,10983700,7.680958293,16933600,2,7.647349194,7.647349194,1.67E+07
7.676283993,22186900,7.697580594,16561800,2,7.676283993,7.676283993,1.67E+07
7.694366894,17785500,7.714516994,16742900,2,7.694366894,7.694366894,1.68E+07
7.710452494,15432200,7.731324194,17052400,2,7.710452494,7.710452494,1.67E+07
7.726471494,16844500,7.748021694,16624800,2,7.726471494,7.726471494,1.67E+07
7.744420194,17846400,7.764861194,16769200,2,7.744420194,7.744420194,1.68E+07
7.761459394,17482400,7.781508294,16537700,2,7.761459394,7.761459394,1.68E+07
7.777978894,15684100,7.798272694,17005100,2,7.777978894,7.777978894,1.68E+07
7.793715694,16195200,7.814903694,16513400,2,7.793715694,7.793715694,1.67E+07
7.811533294,17684200,7.831657694,16718800,2,7.811533294,7.811533294,1.68E+07
7.828132594,16283600,7.848541093,16932500,2,7.828132594,7.828132594,1.68E+07
7.843855293,16336200,7.865208694,16713100,2,7.843855293,7.843855293,1.67E+07
7.860759794,17112100,7.881894393,16731000,2,7.860759794,7.860759794,1.68E+07
7.878193993,16670800,7.898594093,16718400,2,7.878193993,7.878193993,1.67E+07
7.894217893,16618400,7.915541293,16701500,2,7.894217893,7.894217893,1.67E+07
7.912003493,17427700,7.932187693,16865700,2,7.912003493,7.912003493,1.68E+07
7.928536493,16365300,7.949111293,16767100,2,7.928536493,7.928536493,1.68E+07
7.946886293,17484300,7.965600393,16573100,2,7.946886293,7.946886293,1.68E+07
7.949111293,7718000,7.982564493,17048200,2,7.949111293,7.949111293,1.67E+07
7.965600393,16332300,7.999193393,16454700,2,7.965600393,7.965600393,1.67E+07
7.982564493,17651400,8.016005393,16748000,2,7.982564493,7.982564493,1.67E+07
8.013357193,24815500,8.032649592,16711000,2,8.013357193,8.013357193,1.68E+07
8.016005393,8298900,8.049489492,16950800,2,8.016005393,8.016005393,1.67E+07
8.046323692,25766300,8.066225492,16580600,2,8.046323692,8.046323692,1.68E+07
8.062556992,16018900,8.083028092,16836800,2,8.062556992,8.062556992,1.68E+07
8.079656492,16223700,8.099836792,16762300,2,8.079656492,8.079656492,1.67E+07
8.095281392,16826800,8.116558892,18235000,2,8.095281392,8.095281392,1.67E+07
8.099836792,8914000,8.133220992,15171800,2,8.099836792,8.099836792,1.67E+07
8.116558892,16695600,8.149890192,16873400,2,8.116558892,8.116558892,1.67E+07
8.146064492,24812300,8.166568792,16581200,2,8.146064492,8.146064492,1.67E+07
8.163590792,17559500,8.183400692,17962800,2,8.163590792,8.163590792,1.68E+07
8.180073892,16481000,8.199962092,15585900,2,8.180073892,8.180073892,1.68E+07
8.198085492,17094900,8.216744892,18217200,2,8.198085492,8.198085492,1.68E+07
8.212397492,15354900,8.233542592,16833900,2,8.212397492,8.212397492,1.67E+07
8.229846392,19240400,8.250064592,16617100,2,8.229846392,8.229846392,1.68E+07
8.248242492,16529200,8.266981392,16873200,2,8.248242492,8.248242492,1.68E+07
8.250064592,5529100,8.283555092,16565400,2,8.250064592,8.250064592,1.67E+07
8.281853492,28186300,8.300161793,16586700,2,8.281853492,8.281853492,1.68E+07
8.298789193,15933400,8.316872292,16699500,2,8.298789193,8.298789193,1.68E+07
8.315501192,17510300,8.333713493,16635700,2,8.315501192,8.315501192,1.68E+07
8.333270493,16924400,8.350151993,16600700,2,8.333270493,8.333270493,1.68E+07
8.349574293,16269300,8.367026893,16610000,2,8.349574293,8.349574293,1.68E+07
8.365257993,16811200,8.383581393,16817800,2,8.365257993,8.365257993,1.68E+07
8.367026893,6113900,8.400480993,16788300,2,8.367026893,8.367026893,1.67E+07
8.399775793,27342600,8.416874693,16699800,2,8.399775793,8.399775793,1.68E+07
8.416094593,16323100,8.433610593,16682300,2,8.416094593,8.416094593,1.68E+07
8.431980693,16628800,8.451287392,16397200,2,8.431980693,8.431980693,1.68E+07
8.450196392,18353000,8.466993192,16855800,2,8.450196392,8.450196392,1.68E+07
8.464611292,15054600,8.483750192,16825600,2,8.464611292,8.464611292,1.68E+07
8.481271192,16946700,8.500739792,16207700,2,8.481271192,8.481271192,1.68E+07
8.498093492,16731400,8.517165592,16936200,2,8.498093492,8.498093492,1.68E+07
8.514208192,16201300,8.533780991,16823600,2,8.514208192,8.514208192,1.68E+07
8.531280991,16901000,8.550290492,16663600,2,8.531280991,8.531280991,1.68E+07
8.549660892,16684700,8.568669992,16563200,2,8.549660892,8.549660892,1.68E+07
8.566245592,16579900,8.584011492,16904700,2,8.566245592,8.566245592,1.68E+07
8.568669992,6264400,8.600565492,16746500,2,8.568669992,8.568669992,1.67E+07
8.584011492,16543300,8.618396792,16882000,2,8.584011492,8.584011492,1.67E+07
8.618396792,30220400,8.635721092,16678200,2,8.618396792,8.618396792,1.68E+07
8.631793992,13358300,8.651239093,16707400,2,8.631793992,8.631793992,1.67E+07
8.648930793,18608700,8.669281193,16804500,2,8.648930793,8.648930793,1.68E+07
8.666061693,16183300,8.685948593,16574900,2,8.666061693,8.666061693,1.68E+07
8.669281193,5738200,8.702545793,16631700,2,8.669281193,8.669281193,1.67E+07
8.685948593,17615500,8.719313892,16998200,2,8.685948593,8.685948593,1.67E+07
8.715880792,25913900,8.736190092,16876700,2,8.715880792,8.715880792,1.68E+07
8.732567692,16635000,8.752877592,17034100,2,8.732567692,8.732567692,1.68E+07
8.750404392,17226300,8.769758392,16294200,2,8.750404392,8.750404392,1.68E+07
8.752877592,6588700,8.784090692,16783500,2,8.752877592,8.752877592,1.67E+07
8.769758392,15789900,8.801299091,18514300,2,8.769758392,8.769758392,1.67E+07
8.784090692,17228900,8.819867991,14785300,2,8.784090692,8.784090692,1.67E+07
8.801299091,15226100,8.833988091,16711900,2,8.801299091,8.801299091,1.67E+07
8.819867991,18087500,8.853430991,16809100,2,8.819867991,8.819867991,1.67E+07
8.833988091,21903700,8.870078691,16683400,2,8.833988091,8.833988091,1.67E+07
8.853430991,18979400,8.886784791,16716400,2,8.853430991,8.853430991,1.67E+07
8.885667191,21336200,8.903538292,16754900,2,8.885667191,8.885667191,1.68E+07
8.886784791,6355600,8.920227792,16748400,2,8.886784791,8.886784791,1.67E+07
8.903538292,14853700,8.937168692,17994200,2,8.903538292,8.903538292,1.67E+07
8.920227792,16714900,8.953938292,16054400,2,8.920227792,8.920227792,1.67E+07
8.937168692,17112000,8.970628792,16543100,2,8.937168692,8.937168692,1.67E+07
8.953938292,17395300,8.987371292,16516600,2,8.953938292,8.953938292,1.67E+07
8.970628792,15831800,9.003788593,16774600,2,8.970628792,8.970628792,1.67E+07
8.987371292,16603700,9.020329093,16576000,2,8.987371292,8.987371292,1.67E+07
9.003788593,17444300,9.035712493,17545500,2,9.003788593,9.003788593,1.67E+07
9.020329093,16023400,9.053923193,15981500,2,9.020329093,9.020329093,1.67E+07
9.035712493,16570200,9.070867392,17753800,2,9.035712493,9.035712493,1.67E+07
9.053923193,16766700,9.087542392,16750700,2,9.053923193,9.053923193,1.67E+07
9.070867392,17322500,9.104254192,15799800,2,9.070867392,9.070867392,1.67E+07
9.087542392,17055100,9.120958092,16797600,2,9.087542392,9.087542392,1.67E+07
9.104254192,16474700,9.137804992,16680100,2,9.104254192,9.104254192,1.67E+07
9.120958092,15500400,9.154694092,16920800,2,9.120958092,9.120958092,1.67E+07
9.137804992,18383800,9.171351092,16574000,2,9.137804992,9.137804992,1.67E+07
9.154694092,14243900,9.188131891,17763400,2,9.154694092,9.154694092,1.67E+07
9.171351092,17857500,9.204594692,16536300,2,9.171351092,9.171351092,1.67E+07
9.188131891,16198500,9.221520392,15876600,2,9.188131891,9.188131891,1.67E+07
9.204594692,17651400,9.237954092,18509200,2,9.204594692,9.204594692,1.67E+07
9.221520392,17113200,9.255109092,15323700,2,9.221520392,9.221520392,1.67E+07
9.237954092,15299100,9.271282993,17171000,2,9.237954092,9.237954092,1.67E+07
9.255109092,15962300,9.288156592,16678100,2,9.255109092,9.255109092,1.67E+07
9.271282993,16453000,9.305253592,17006600,2,9.271282993,9.271282993,1.67E+07
9.288156592,19150200,9.321759492,17642900,3,9.288156592,9.288156592,1.67E+07
9.305253592,17487800,9.338839492,15304300,2,9.305253592,9.305253592,1.67E+07
9.321759492,13937400,9.354961792,16570300,2,9.321759492,9.321759492,1.67E+07
9.338839492,17004800,9.371791492,17369100,3,9.338839492,9.338839492,1.67E+07
9.354961792,15764100,9.388715092,15771300,2,9.354961792,9.354961792,1.67E+07
9.371791492,18317900,9.405165392,16931400,2,9.371791492,9.371791492,1.67E+07
9.388715092,15837000,9.422261692,17002700,2,9.388715092,9.388715092,1.67E+07
9.405165392,16703800,9.438413691,16518000,2,9.405165392,9.405165392,1.67E+07
9.422261692,16891100,9.455194592,16637700,2,9.422261692,9.422261692,1.67E+07
9.438413691,15658000,9.472121291,16676900,2,9.438413691,9.438413691,1.67E+07
9.455194592,17705200,9.489033091,16818000,3,9.455194592,9.455194592,1.67E+07
9.472121291,16624400,9.506217391,16800300,2,9.472121291,9.472121291,1.67E+07
9.489033091,17193500,9.522592591,16442900,2,9.489033091,9.489033091,1.67E+07
9.505198391,15003800,9.539328091,16952900,2,9.505198391,9.505198391,1.67E+07
9.522392991,16319500,9.556469991,16646700,3,9.522392991,9.522392991,1.67E+07
9.539328091,17471800,9.572948691,17165300,3,9.539328091,9.539328091,1.67E+07
9.555031591,15731100,9.589226492,16416600,3,9.555031591,9.555031591,1.67E+07
9.572948691,18174400,9.606569592,16652600,3,9.572948691,9.572948691,1.67E+07
9.589226492,16428500,9.623442492,16651900,3,9.589226492,9.589226492,1.67E+07
9.604870692,15457800,9.639394992,16784600,3,9.604870692,9.604870692,1.67E+07
9.621878192,17067100,9.656687993,16754900,3,9.621878192,9.621878192,1.67E+07
9.639394992,17557400,9.673605092,16591500,3,9.639394992,9.639394992,1.67E+07
9.655279493,15551200,9.689557292,16720800,3,9.655279493,9.655279493,1.67E+07
9.671641793,17041700,9.706729893,16872700,3,9.671641793,9.671641793,1.67E+07
9.689557292,17451000,9.723598393,16584700,3,9.689557292,9.689557292,1.67E+07
9.706729893,16836600,9.740611292,17015800,3,9.706729893,9.706729893,1.67E+07
9.722228493,15589900,9.756932393,16994800,3,9.722228493,9.722228493,1.67E+07
9.738393992,16947300,9.774056093,16394000,3,9.738393992,9.738393992,1.67E+07
9.756932393,18114800,9.790697593,16556200,3,9.756932393,9.756932393,1.67E+07
9.772248693,14386300,9.807085593,16668800,3,9.772248693,9.772248693,1.67E+07
9.790697593,18414300,9.824260692,16925800,3,9.790697593,9.790697593,1.67E+07
9.806885993,16236100,9.840869993,16901900,3,9.806885993,9.806885993,1.67E+07
9.823220692,16380000,9.857667993,16455200,3,9.823220692,9.823220692,1.67E+07
9.839908093,17321400,9.874458993,16935300,3,9.839908093,9.839908093,1.67E+07
9.855935693,15936500,9.890952493,16543500,3,9.855935693,9.855935693,1.67E+07
9.872660893,17071800,9.907961593,16784700,3,9.872660893,9.872660893,1.67E+07
9.890055893,17064700,9.924537193,16603700,3,9.890055893,9.890055893,1.67E+07
9.906578993,16567000,9.941329792,16792500,3,9.906578993,9.906578993,1.67E+07
9.921835493,15965600,9.957539592,16782600,3,9.921835493,9.921835493,1.67E+07
9.939298392,16974200,9.974836192,16732300,3,9.939298392,9.939298392,1.67E+07
9.957539592,17995500,9.991334592,16861500,3,9.957539592,9.957539592,1.67E+07
9.973624292,16046400,10.00822719,16615200,3,9.973624292,9.973624292,1.67E+07
9.988982792,16843500,10.02501469,16713700,3,9.988982792,9.988982792,1.67E+07
10.00556199,15339000,10.04180279,16874300,3,10.00556199,10.00556199,1.67E+07
10.02194209,16726100,10.05845139,16582200,3,10.02194209,10.02194209,1.67E+07
10.04027279,17110300,10.07506639,16884000,3,10.04027279,10.04027279,1.67E+07
10.05666489,16952400,10.09179569,16556100,3,10.05666489,10.05666489,1.67E+07
10.07297559,15816400,10.10862899,16701300,3,10.07297559,10.07297559,1.67E+07
10.08947069,17308500,10.12540019,16804200,3,10.08947069,10.08947069,1.67E+07
10.10658429,16670000,10.14217829,16749800,3,10.10658429,10.10658429,1.67E+07
10.12210879,16207700,10.15881649,16677900,3,10.12210879,10.12210879,1.67E+07
10.13956889,17090900,10.17568689,16828600,3,10.13956889,10.13956889,1.67E+07
10.15705399,17336800,10.19238579,16669600,3,10.15705399,10.15705399,1.67E+07
10.17239539,15624200,10.20886669,16764300,3,10.17239539,10.17239539,1.67E+07
10.18887399,16732200,10.22570119,16707000,3,10.18887399,10.18887399,1.67E+07
10.20544919,16674600,10.24261629,16833900,3,10.20544919,10.20544919,1.67E+07
10.22370459,17049100,10.25926909,16600000,3,10.22370459,10.22370459,1.67E+07
10.23973479,16067800,10.27600099,16866000,3,10.23973479,10.23973479,1.67E+07
10.25628969,17510500,10.29271779,16602900,3,10.25628969,10.25628969,1.67E+07
10.27219769,15875400,10.30941679,16697700,3,10.27219769,10.27219769,1.67E+07
10.28911509,17968500,10.32612679,16736300,3,10.28911509,10.28911509,1.67E+07
10.30644109,15339300,10.34300679,16945100,3,10.30644109,10.30644109,1.67E+07
10.32306939,17462400,10.35968629,16582800,3,10.32306939,10.32306939,1.67E+07
10.33960559,16240300,10.37638119,16831600,3,10.33960559,10.33960559,1.67E+07
10.35580779,17483500,10.39303549,16596500,3,10.35580779,10.35580779,1.67E+07
10.37346069,15891100,10.40981789,16735800,3,10.37346069,10.37346069,1.67E+07
10.38889169,17045900,10.42651889,16806400,3,10.38889169,10.38889169,1.67E+07
10.40547749,15884800,10.44333249,16808100,3,10.40547749,10.40547749,1.67E+07
10.42430109,17792300,10.46002389,16576600,3,10.42430109,10.42430109,1.67E+07
10.43884649,15420200,10.47684269,17011000,3,10.43884649,10.43884649,1.67E+07
10.45751779,17801200,10.49365459,16612600,3,10.45751779,10.45751779,1.67E+07
10.47257749,16073100,10.51038989,17005000,3,10.47257749,10.47257749,1.67E+07
10.49079009,17194300,10.52704769,16404100,3,10.49079009,10.49079009,1.67E+07
10.50606429,17137700,10.54359059,16778000,3,10.50606429,10.50606429,1.67E+07
10.52312269,15741000,10.56039499,16642600,3,10.52312269,10.52312269,1.67E+07
10.55616149,33292000,10.57711859,16750900,3,10.55616149,10.55616149,1.67E+07
10.57271069,17424300,10.59386919,16763700,2,10.57271069,10.57271069,1.68E+07
10.58970469,15825000,10.61060189,16732800,2,10.58970469,10.58970469,1.67E+07
10.60646419,17882100,10.62750489,16739700,2,10.60646419,10.60646419,1.68E+07
10.62461989,16534000,10.64417499,16813700,2,10.62461989,10.62461989,1.68E+07
10.63994819,17134700,10.66090389,16736500,2,10.63994819,10.63994819,1.68E+07
10.67350749,33525200,10.67784509,16828700,2,10.67350749,10.67350749,1.68E+07
10.69029469,16681200,10.69463839,16782900,1,10.69029469,10.69029469,1.68E+07
10.70682359,16638600,10.71118869,16633600,1,10.70682359,10.70682359,1.68E+07
10.72553309,16934200,10.72790939,16758300,1,10.72553309,10.72553309,1.68E+07
10.74216189,16627600,10.74471929,16798100,1,10.74216189,10.74216189,1.68E+07
10.75901809,16876800,10.76155179,16946200,1,10.75901809,10.75901809,1.68E+07
10.77429849,16647600,10.77828669,16625300,1,10.77429849,10.77429849,1.68E+07
10.79065759,16710700,10.79515039,16737500,1,10.79065759,10.79065759,1.68E+07
10.80745339,16770600,10.81173939,16756700,1,10.80745339,10.80745339,1.68E+07
10.82438879,16387600,10.82865069,16730500,1,10.82438879,10.82438879,1.68E+07
10.84075939,17280400,10.84551209,17114300,1,10.84075939,10.84075939,1.68E+07
10.85809569,16673500,10.86224219,16564500,1,10.85809569,10.85809569,1.68E+07
10.87639119,17436000,10.87903029,16919600,1,10.87639119,10.87639119,1.68E+07
10.89348689,16558200,10.89578339,16556000,1,10.89348689,10.89348689,1.68E+07
10.90999409,16484500,10.91257569,16899200,1,10.90999409,10.90999409,1.68E+07
10.92511399,16587900,10.92923569,16546600,1,10.92511399,10.92511399,1.68E+07
10.94193369,17023300,10.94602829,16801900,1,10.94193369,10.94193369,1.68E+07
10.96049089,16887900,10.96272069,16803700,1,10.96049089,10.96049089,1.68E+07
10.97526209,16557200,10.97933959,16755900,1,10.97526209,10.97526209,1.68E+07
10.97977269,14735600,10.99638499,16905600,1,10.97977269,10.97977269,1.68E+07
11.01094619,19962400,11.01321789,16888400,1,11.01094619,11.01094619,1.68E+07
11.01321789,12822500,11.02991489,16507100,1,11.01321789,11.01321789,1.68E+07
11.04263999,19749200,11.04610279,16697000,1,11.04263999,11.04263999,1.68E+07
11.05905519,16596000,11.06321459,16750400,1,11.05905519,11.05905519,1.68E+07
11.07735879,16448900,11.08022459,17031800,1,11.07735879,11.07735879,1.68E+07
11.09277849,17600000,11.09702599,16779400,1,11.09277849,11.09277849,1.68E+07
11.10963839,16271700,11.11372089,16669900,1,11.10963839,11.10963839,1.68E+07
11.12624709,16727000,11.13046239,16744200,1,11.12624709,11.12624709,1.68E+07
11.14302669,16993800,11.14728849,16758800,1,11.14302669,11.14302669,1.68E+07
11.15937229,15405200,11.16405359,16778700,1,11.15937229,11.15937229,1.68E+07
11.17849049,18139600,11.18087669,16826000,1,11.17849049,11.17849049,1.68E+07
11.19349689,16690000,11.19731939,16626800,1,11.19349689,11.19349689,1.68E+07
11.21195489,16790200,11.21427149,16712600,1,11.21195489,11.21195489,1.68E+07
11.22780759,16941400,11.23091449,16749900,1,11.22780759,11.22780759,1.68E+07
11.23091449,12561500,11.24790469,16879400,1,11.23091449,11.23091449,1.68E+07
11.26205299,20593000,11.26469049,16883200,1,11.26205299,11.26205299,1.68E+07
11.27801089,16858700,11.28129729,16654900,1,11.27801089,11.27801089,1.68E+07
11.29557199,16668800,11.29818159,16871300,1,11.29557199,11.29557199,1.68E+07
11.31170199,17197000,11.31495439,16617900,1,11.31170199,11.31170199,1.68E+07
11.3288247,16055700,11.3316454,16827400,1,11.3288247,11.3288247,1.68E+07
11.34515559,17267100,11.34855219,16760300,1,11.34515559,11.34515559,1.68E+07
11.36328399,17173000,11.36518239,16817300,1,11.36328399,11.36328399,1.68E+07
11.37979889,16525100,11.38178569,16696700,1,11.37979889,11.37979889,1.68E+07
11.39704539,17246300,11.39869489,16719300,1,11.39704539,11.39704539,1.68E+07
11.41352719,16482400,11.41549079,16753100,1,11.41352719,11.41352719,1.68E+07
11.42965939,17064600,11.43215159,16936600,1,11.42965939,11.42965939,1.68E+07
11.44885999,18263300,11.44909549,17052000,1,11.44885999,11.44885999,1.68E+07
11.46383579,15885200,11.46566979,16299000,1,11.46383579,11.46383579,1.68E+07
11.48107239,16348600,11.48256519,16846400,1,11.48107239,11.48107239,1.68E+07
11.49877619,17680700,11.49898749,16762100,1,11.49877619,11.49877619,1.68E+07
11.51344139,16859600,11.51584459,16855900,1,11.51344139,11.51344139,1.68E+07
11.53057589,16261800,11.53279019,16854400,1,11.53057589,11.53057589,1.68E+07
11.54820549,16330100,11.54968269,16590100,1,11.54820549,11.54820549,1.68E+07
11.56471809,16492300,11.56645459,16771000,1,11.56471809,11.56471809,1.68E+07
11.58024499,16709800,11.58322079,16782900,1,11.58024499,11.58024499,1.68E+07
11.59837549,16968800,11.59992399,16764800,1,11.59837549,11.59837549,1.68E+07
11.61612879,18998400,11.61612879,17394300,1,11.61612879,11.61612879,1.68E+07
11.63084909,15213400,11.63349349,16369800,1,11.63084909,11.63084909,1.68E+07
11.64959579,17931400,11.64959579,16774200,1,11.64959579,11.64959579,1.68E+07
11.66567409,15205500,11.66708499,16571400,1,11.66567409,11.66567409,1.68E+07
11.68219909,16474100,11.68370589,16623000,1,11.68219909,11.68219909,1.68E+07
11.69820889,17132200,11.70036939,16823100,1,11.69820889,11.69820889,1.68E+07
11.71548499,16166700,11.71731049,16985600,1,11.71548499,11.71548499,1.68E+07
11.73397769,18458800,11.73420189,16954600,1,11.73397769,11.73397769,1.68E+07
11.75057279,17503700,11.75057279,16988800,1,11.75057279,11.75057279,1.68E+07
11.75057279,7376000,11.76735469,16136800,1,11.75057279,11.75057279,1.68E+07
11.76735469,16949400,11.78410729,16712100,1,11.76735469,11.76735469,1.68E+07
11.80024499,25188100,11.80119689,17209000,1,11.80024499,11.80024499,1.68E+07
11.81583279,15835400,11.81778389,16474000,1,11.81583279,11.81583279,1.68E+07
11.81778389,7923800,11.83479729,17059900,1,11.81778389,11.81778389,1.68E+07
11.85067739,25944500,11.85157799,16846300,1,11.85067739,11.85067739,1.68E+07
11.86621339,17672700,11.88511349,33285700,1,11.86621339,11.86621339,1.68E+07
11.87455009,7038700,11.90168019,16744400,1,11.87455009,11.87455009,1.68E+07
11.88511349,16681600,11.91825019,16607500,2,11.88511349,11.88511349,1.68E+07
11.90168019,16593000,11.93496269,16720300,2,11.90168019,11.90168019,1.68E+07
11.93250099,25989600,11.95172839,16733700,2,11.93250099,11.93250099,1.68E+07
11.93496269,7479400,11.96891189,17189000,2,11.93496269,11.93496269,1.68E+07
11.95172839,16826300,11.98532779,16449700,2,11.95172839,11.95172839,1.68E+07
11.96891189,16948500,11.99967909,17082500,2,11.96891189,11.96891189,1.68E+07
11.99967909,26949200,12.01908949,16414900,2,11.99967909,11.99967909,1.68E+07
12.01673959,15715400,12.03574649,16642200,2,12.01673959,12.01673959,1.68E+07
12.03342309,16506000,12.05261619,16953700,2,12.03342309,12.03342309,1.68E+07
12.05010019,16189100,12.06862789,16597500,2,12.05010019,12.05010019,1.68E+07
12.06862789,18073600,12.08594249,16856000,2,12.06862789,12.06862789,1.68E+07
12.08429019,14948100,12.10275489,16850700,2,12.08429019,12.08429019,1.68E+07
12.08594249,8362800,12.11949409,16582300,2,12.08594249,12.08594249,1.68E+07
12.11900029,26330200,12.13648149,18795000,2,12.11900029,12.11900029,1.68E+07
12.11949409,6300400,12.15331499,15267700,2,12.11949409,12.11949409,1.68E+07
12.15234439,27967500,12.16979239,17805900,2,12.15234439,12.15234439,1.68E+07
12.16837839,15120300,12.18666529,16746900,2,12.16837839,12.16837839,1.68E+07
12.16979239,6524800,12.20219059,15663600,2,12.16979239,12.16979239,1.68E+07
12.20219059,29170100,12.22011089,17422200,2,12.20219059,12.20219059,1.68E+07
12.21846879,14360100,12.23645359,16917600,1,12.21846879,12.21846879,1.68E+07
12.23486439,17394200,12.25337059,16387600,2,12.23486439,12.23486439,1.68E+07
12.25314509,17339900,12.27003159,16948800,2,12.25314509,12.25314509,1.68E+07
12.26825159,15806000,12.28706579,16646600,2,12.26825159,12.26825159,1.68E+07
12.28612249,17938300,12.30326199,16668300,2,12.28612249,12.28612249,1.68E+07
12.30071219,14474500,12.31998119,16882300,2,12.30071219,12.30071219,1.68E+07
12.30326199,6943300,12.33665599,16704800,2,12.30326199,12.30326199,1.68E+07
12.31998119,17574200,12.35332129,16648500,2,12.31998119,12.31998119,1.68E+07
12.33665599,16450800,12.37035259,16311800,2,12.33665599,12.33665599,1.68E+07
12.35332129,16365400,12.38771949,17684600,2,12.35332129,12.35332129,1.68E+07
12.37035259,16552400,12.40362719,18435100,2,12.37035259,12.37035259,1.68E+07
12.38771949,17924000,12.42077859,14697000,2,12.38771949,12.38771949,1.68E+07
12.40362719,16443700,12.43714599,17276900,2,12.40362719,12.40362719,1.68E+07
12.42077859,16812600,12.45360569,16156200,2,12.42077859,12.42077859,1.68E+07
12.43714599,16964700,12.47035019,16987300,2,12.43714599,12.43714599,1.68E+07
12.45360569,16178400,12.48697029,15984500,2,12.45360569,12.45360569,1.68E+07
12.47035019,17140400,12.50396449,17088400,2,12.47035019,12.47035019,1.68E+07
12.48697029,16343600,12.52080099,16485400,2,12.48697029,12.48697029,1.68E+07
12.50396449,17173000,12.53743099,17476600,2,12.50396449,12.50396449,1.68E+07
12.52080099,16001700,12.55558129,16063000,2,12.52080099,12.52080099,1.68E+07
12.53743099,17819800,12.57220059,16575700,2,12.53743099,12.53743099,1.68E+07
12.55558129,16713000,12.58896559,16599600,2,12.55558129,12.55558129,1.68E+07
12.57220059,15172600,12.60408179,17371200,2,12.57220059,12.57220059,1.68E+07
12.58896559,16924600,12.62249799,16397500,2,12.58896559,12.58896559,1.68E+07
12.60408179,17868300,12.63911339,16526700,2,12.60408179,12.60408179,1.68E+07
12.62249799,16416000,12.65410869,16989400,2,12.62249799,12.62249799,1.68E+07
12.63911339,16675100,12.67272949,16845700,2,12.63911339,12.63911339,1.68E+07
12.65410869,16818300,12.68763699,16473800,2,12.65410869,12.65410869,1.68E+07
12.67272949,16812900,12.70636389,16977500,2,12.67272949,12.67272949,1.68E+07
12.68763699,16706200,12.72315339,16857300,2,12.68763699,12.68763699,1.68E+07
12.70636389,16406900,12.73982059,16732800,2,12.70636389,12.70636389,1.68E+07
12.72315339,15943000,12.75650729,17725100,2,12.72315339,12.72315339,1.68E+07
12.73982059,16271000,12.77299469,15406200,2,12.73982059,12.73982059,1.68E+07
12.75650729,17658300,12.78985349,17008600,2,12.75650729,12.75650729,1.68E+07
12.77299469,15688300,12.80626139,17016600,2,12.77299469,12.77299469,1.68E+07
12.78985349,16871300,12.82322789,16257400,2,12.78985349,12.78985349,1.68E+07
12.80626139,18080500,12.83998559,16884800,2,12.80626139,12.80626139,1.68E+07
12.82322789,15416800,12.85702599,17646600,2,12.82322789,12.82322789,1.68E+07
12.83998559,18334000,12.87378399,16781300,2,12.83998559,12.83998559,1.68E+07
12.85702599,14889400,12.89020649,15809300,2,12.85702599,12.85702599,1.68E+07
12.87378399,17252200,12.90716499,16728200,2,12.87378399,12.87378399,1.68E+07
12.89020649,17084500,12.92403309,17793100,2,12.89020649,12.89020649,1.68E+07
12.90716499,16324600,12.94057499,15687800,2,12.90716499,12.90716499,1.68E+07
12.92403309,16957300,12.95770359,17848700,2,12.92403309,12.92403309,1.68E+07
12.94057499,15750400,12.97435779,15970500,2,12.94057499,12.94057499,1.68E+07
12.95770359,16885700,12.99060829,17688200,2,12.95770359,12.95770359,1.68E+07
12.97435779,15976300,13.00652069,15804200,2,12.97435779,12.97435779,1.68E+07
12.99060829,16532400,13.02361139,16640100,2,12.99060829,12.99060829,1.68E+07
13.00652069,17986800,13.04119809,17547100,3,13.00652069,13.00652069,1.68E+07
13.02361139,16349500,13.05768099,17837700,2,13.02361139,13.02361139,1.68E+07
13.04119809,15563900,13.07501739,14811800,2,13.04119809,13.04119809,1.68E+07
13.05768099,17888500,13.09076149,16620300,3,13.05768099,13.05768099,1.68E+07
13.07501739,17081400,13.10776709,17170800,3,13.07501739,13.07501739,1.68E+07
13.09076149,14501100,13.12530139,17198000,2,13.09076149,13.09076149,1.68E+07
13.10776709,17042100,13.14183679,16711400,2,13.10776709,13.10776709,1.68E+07
13.12530139,17221200,13.15778049,16093100,3,13.12530139,13.12530139,1.68E+07
13.14183679,18222200,13.17507939,17075800,3,13.14183679,13.14183679,1.68E+07
13.15778049,14780500,13.19060529,16344700,2,13.15778049,13.15778049,1.68E+07
13.17507939,17668200,13.20746069,17172700,2,13.17507939,13.17507939,1.68E+07
13.19060529,16423000,13.22567749,17501000,2,13.19060529,13.19060529,1.68E+07
13.20746069,16334100,13.24255659,16036900,2,13.20746069,13.20746069,1.68E+07
13.22567749,17334600,13.25774949,16285600,2,13.22567749,13.22567749,1.68E+07
13.24131799,15525400,13.27517559,16751200,3,13.24131799,13.24131799,1.68E+07
13.25774949,16868500,13.29242979,17073800,3,13.25774949,13.25774949,1.68E+07
13.27517559,16812600,13.30954929,16849100,3,13.27517559,13.27517559,1.68E+07
13.29242979,18785700,13.32560549,16759100,3,13.29242979,13.29242979,1.68E+07
13.30831269,14501500,13.34295699,16545100,2,13.30831269,13.30831269,1.68E+07
13.32560549,17358800,13.35921049,16481300,3,13.32560549,13.32560549,1.68E+07
13.34196029,15940100,13.37659439,17130700,3,13.34196029,13.34196029,1.68E+07
13.35921049,17038700,13.39257289,16493600,3,13.35921049,13.35921049,1.68E+07
13.37490599,16045100,13.40957569,17266100,3,13.37490599,13.37490599,1.68E+07
13.39257289,17643700,13.42670649,16114900,3,13.39257289,13.39257289,1.68E+07
13.40957569,17213500,13.44330339,16792500,3,13.40957569,13.40957569,1.68E+07
13.42560419,16050500,13.45937329,16745700,3,13.42560419,13.42560419,1.68E+07
13.44121979,15715900,13.47706839,16832200,3,13.44121979,13.44121979,1.68E+07
13.45937329,18038500,13.49376329,16765200,3,13.45937329,13.45937329,1.68E+07
13.47543269,15021100,13.51036049,16763500,2,13.47543269,13.47543269,1.68E+07
13.49191619,17067100,13.52731039,16939800,3,13.49191619,13.49191619,1.68E+07
13.50970539,17694600,13.54403939,16466800,3,13.50970539,13.50970539,1.68E+07
13.52436749,15643300,13.56032119,16688800,3,13.52436749,13.52436749,1.68E+07
13.54216129,17013000,13.57762009,16912300,3,13.54216129,13.54216129,1.68E+07
13.55950199,17264900,13.59423839,16642200,3,13.55950199,13.55950199,1.68E+07
13.57568009,16505000,13.61090889,16902700,3,13.57568009,13.57568009,1.68E+07
13.59146809,15691600,13.62736839,16562800,3,13.59146809,13.59146809,1.68E+07
13.60829819,17050700,13.64460929,16975700,3,13.60829819,13.60829819,1.68E+07
13.62649779,17813000,13.66122029,16610600,3,13.62649779,13.62649779,1.68E+07
13.64298719,16665600,13.67812309,16780300,3,13.64298719,13.64298719,1.68E+07
13.66048829,16602400,13.69488449,16845100,3,13.66048829,13.66048829,1.68E+07
13.67737129,16875700,13.71136769,16561300,3,13.67737129,13.67737129,1.68E+07
13.69313999,15774300,13.72838229,16957800,3,13.69313999,13.69313999,1.68E+07
13.71015629,17047100,13.74513519,16790300,3,13.71015629,13.71015629,1.68E+07
13.72729939,17102100,13.76176809,16647500,3,13.72729939,13.72729939,1.68E+07
13.74278209,16480800,13.77838559,16595700,3,13.74278209,13.74278209,1.68E+07
13.75983559,16726700,13.79530859,16826800,3,13.75983559,13.75983559,1.68E+07
13.77600159,16349300,13.81214069,16811400,3,13.77600159,13.77600159,1.68E+07
13.79307059,16244600,13.82864819,16611500,3,13.79307059,13.79307059,1.68E+07
13.81023389,17208000,13.84547669,16738400,3,13.81023389,13.81023389,1.68E+07
13.82656119,16262900,13.86222319,16786800,3,13.82656119,13.82656119,1.68E+07
13.84265379,16933100,13.87915699,17005000,3,13.84265379,13.84265379,1.68E+07
13.86021709,16765800,13.89591109,16738900,3,13.86021709,13.86021709,1.68E+07
13.87703279,16784200,13.91260039,16619500,3,13.87703279,13.87703279,1.68E+07
13.89384859,16815000,13.92918079,16669700,3,13.89384859,13.89384859,1.68E+07
13.90963929,16643800,13.94612719,16867300,3,13.90963929,13.90963929,1.68E+07
13.94380969,33369400,13.96277769,16731000,3,13.94380969,13.94380969,1.68E+07
13.95951779,16790900,13.97952599,16643200,2,13.95951779,13.95951779,1.68E+07
13.97658989,16790200,13.99630779,16761000,2,13.97658989,13.97658989,1.68E+07
13.99364429,16173400,14.01309899,16838600,2,13.99364429,13.99364429,1.68E+07
14.01131529,17699300,14.02980289,16779900,2,14.01131529,14.01131529,1.68E+07
14.02748379,16169400,14.04640449,16762700,2,14.02748379,14.02748379,1.68E+07
14.04423109,16722200,14.06329489,16711900,2,14.04423109,14.04423109,1.68E+07
14.06076559,17254900,14.08025649,17545400,2,14.06076559,14.06076559,1.68E+07
14.07587069,15248000,14.09686669,16066700,2,14.07587069,14.07587069,1.68E+07
14.09457439,18926200,14.11359449,16714200,2,14.09457439,14.09457439,1.68E+07
14.10980879,15703600,14.13046089,16733300,2,14.10980879,14.10980879,1.68E+07
14.12695729,16297500,14.14716759,16798300,2,14.12695729,14.12695729,1.68E+07
14.14500819,17348400,14.16389209,16733000,2,14.14500819,14.14500819,1.68E+07
14.15987279,15488200,14.18072889,16867000,2,14.15987279,14.15987279,1.68E+07
14.17616269,16803900,14.19763239,16832400,2,14.17616269,14.17616269,1.68E+07
14.19352069,17033200,14.21445519,16746800,2,14.19352069,14.19352069,1.68E+07
14.21068609,17035200,14.23109449,16652700,2,14.21068609,14.21068609,1.68E+07
14.22696639,16425400,14.24797749,16896900,2,14.22696639,14.22696639,1.68E+07
14.24523279,17466200,14.26450469,16800000,2,14.24523279,14.24523279,1.68E+07
14.26175649,17581100,14.28128809,16789700,2,14.26175649,14.26175649,1.68E+07
14.27915929,17504200,14.29816109,16839500,2,14.27915929,14.27915929,1.68E+07
14.29488289,15363400,14.31479889,16840400,2,14.29488289,14.29488289,1.68E+07
14.31459069,18898900,14.33171939,16492400,2,14.31459069,14.31459069,1.68E+07
14.32802149,13566800,14.34817489,16709700,2,14.32802149,14.32802149,1.68E+07
14.34485699,17787100,14.36534259,16969300,2,14.34485699,14.34485699,1.68E+07
14.36216379,18082600,14.38205169,16672000,2,14.36216379,14.36216379,1.68E+07
14.37685959,14085900,14.39888419,17108800,2,14.37685959,14.37685959,1.68E+07
14.39525619,18390700,14.41559429,16684900,2,14.39525619,14.39525619,1.68E+07
14.41367459,18099100,14.43222829,16658800,2,14.41367459,14.41367459,1.68E+07
14.42976209,15969700,14.44870429,16569800,2,14.42976209,14.42976209,1.68E+07
14.44662609,17202900,14.46591439,16778800,2,14.44662609,14.44662609,1.68E+07
14.46334809,16567600,14.48273009,16830700,2,14.46334809,14.46334809,1.68E+07
14.47954159,15945300,14.49937949,17040300,2,14.47954159,14.47954159,1.68E+07
14.49566489,16516800,14.51589989,16409400,2,14.49566489,14.49566489,1.68E+07
14.51287879,16908700,14.53263909,16678000,2,14.51287879,14.51287879,1.68E+07
14.52899889,17824200,14.54939159,16912400,2,14.52899889,14.52899889,1.68E+07
14.54644799,16009400,14.56606009,16667100,2,14.54644799,14.54644799,1.68E+07
14.54939159,12595000,14.58242749,17824300,2,14.54939159,14.54939159,1.68E+07
14.58242749,25394700,14.59978269,16138700,2,14.58242749,14.58242749,1.68E+07
14.59978269,14927900,14.61652849,16458700,1,14.59978269,14.59978269,1.68E+07
14.61196969,14766500,14.63337179,16781100,2,14.61196969,14.61196969,1.68E+07
14.63047449,16348600,14.65019339,16859000,2,14.63047449,14.63047449,1.68E+07
14.63337179,12673600,14.66700489,16789600,2,14.63337179,14.63337179,1.68E+07
14.66379259,20446000,14.68374639,16777700,2,14.66379259,14.66379259,1.68E+07
14.68021859,16651200,14.70041269,16713300,2,14.68021859,14.68021859,1.68E+07
14.69813079,18752700,14.71706229,16536400,2,14.69813079,14.69813079,1.68E+07
14.71461459,15343200,14.73401339,17033100,2,14.71461459,14.71461459,1.68E+07
14.73010959,16108300,14.75057059,16632100,2,14.73010959,14.73010959,1.68E+07
14.75033489,18794100,14.76777939,17014100,2,14.75033489,14.75033489,1.68E+07
14.76538909,15050400,14.78440389,16702200,2,14.76538909,14.76538909,1.68E+07
14.78119209,16770400,14.80119289,16507700,2,14.78119209,14.78119209,1.68E+07
14.79825709,16908600,14.81802579,17154000,2,14.79825709,14.79825709,1.68E+07
14.81436019,17406400,14.83448939,16408000,2,14.81436019,14.81436019,1.68E+07
14.83428929,17829100,14.85131259,16707200,2,14.83428929,14.83428929,1.68E+07
14.84885249,15311300,14.86815409,16831800,2,14.84885249,14.84885249,1.68E+07
14.86476669,16344800,14.88472349,16671000,2,14.86476669,14.86476669,1.68E+07
14.86815409,11593600,14.90189839,17061000,2,14.86815409,14.86815409,1.68E+07
14.89831499,22590000,14.91857759,16886800,2,14.89831499,14.89831499,1.68E+07
14.91592619,16632200,14.93507389,16531800,2,14.91592619,14.91592619,1.68E+07
14.93212259,16423300,14.95179639,16625600,2,14.93212259,14.93212259,1.68E+07
14.94851499,16841300,14.96851259,16834600,2,14.94851499,14.94851499,1.68E+07
14.96615389,18204500,14.98553079,16728400,2,14.96615389,14.96615389,1.68E+07
14.96851259,9444500,15.00029669,79287600,2,14.96851259,14.96851259,1.68E+07
14.99848489,21285700,15.00029669,11246400,2,14.99848489,14.99848489,1.68E+07
15.00029669,18037500,15.00029669,11682700,2,15.00029669,15.00029669,1.68E+07
15.00029669,10983600,15.00029669,11100900,3,15.00029669,15.00029669,1.68E+07
15.00029669,33217700,15.00029669,12257700,4,15.00029669,15.00029669,1.68E+07
15.00029669,1317700,15.00029669,13012400,5,15.00029669,15.00029669,1.68E+07
15.00029669,17207900,15.00029669,11069500,6,15.00029669,15.00029669,1.68E+07
15.00029669,22868600,15.00029669,12112600,5,15.00029669,15.00029669,1.68E+07
15.00029669,12868300,15.00029669,12889800,4,15.00029669,15.00029669,1.68E+07
15.00029669,23028300,15.00029669,11706700,4,15.00029669,15.00029669,1.68E+07
15.00029669,12760800,15.00029669,11127700,3,15.00029669,15.00029669,1.68E+07
15.00029669,10876200,15.00029669,12551600,3,15.00029669,15.00029669,1.68E+07
15.00029669,24556900,15.00029669,11628300,3,15.00029669,15.00029669,1.68E+07
15.00029669,7026300,15.00029669,13508500,2,15.00029669,15.00029669,1.68E+07
15.00029669,28600600,15.00029669,16240700,3,15.00029669,15.00029669,1.68E+07
15.00029669,14347400,15.00029669,17090400,1,15.00029669,15.00029669,1.68E+07
15.00029669,14359300,15.00029669,16602500,2,15.00029669,15.00029669,1.68E+07
15.00029669,16925300,15.00029669,16637300,2,15.00029669,15.00029669,1.68E+07
15.00029669,17501200,15.00029669,16954500,2,15.00029669,15.00029669,1.68E+07
15.00029669,17344800,15.00029669,16650300,2,15.00029669,15.00029669,1.68E+07
15.00029669,15165400,15.00029669,16694400,2,15.00029669,15.00029669,1.68E+07
15.00029669,16762100,15.00029669,16885300,2,15.00029669,15.00029669,1.68E+07
15.00029669,16679000,15.00029669,16911300,2,15.00029669,15.00029669,1.68E+07
15.00029669,16716200,15.00029669,16611900,2,15.00029669,15.00029669,1.68E+07
15.00029669,17875900,15.00029669,16781600,2,15.00029669,15.00029669,1.68E+07
15.00029669,16409100,15.00029669,16864900,2,15.00029669,15.00029669,1.68E+07
15.00029669,16969800,15.00029669,16955800,2,15.00029669,15.00029669,1.68E+07
15.00029669,17280900,15.00029669,16388900,2,15.00029669,15.00029669,1.68E+07
15.00029669,16546500,15.00029669,17032400,2,15.00029669,15.00029669,1.68E+07
15.00029669,16230500,15.00029669,16967300,2,15.00029669,15.00029669,1.68E+07
15.00029669,17134700,15.00029669,16451000,2,15.00029669,15.00029669,1.68E+07
15.00029669,16978400,15.00029669,18670500,2,15.00029669,15.00029669,1.68E+07
15.00029669,16646900,15.00029669,14827000,2,15.00029669,15.00029669,1.68E+07
15.00029669,18290900,15.00029669,16654900,2,15.00029669,15.00029669,1.68E+07
15.00029669,15292100,15.00029669,18445600,2,15.00029669,15.00029669,1.68E+07
15.00029669,16777800,15.00029669,16446200,2,15.00029669,15.00029669,1.68E+07
15.00029669,7215600,15.00029669,16961000,2,15.00029669,15.00029669,1.68E+07
15.00029669,25688000,15.00029669,15289700,2,15.00029669,15.00029669,1.68E+07
15.00029669,19528500,15.00029669,17809000,2,15.00029669,15.00029669,1.68E+07
15.00029669,13292500,15.00029669,16617100,1,15.00029669,15.00029669,1.68E+07
15.00029669,18041600,15.00029669,16986600,2,15.00029669,15.00029669,1.68E+07
15.00029669,16566100,15.00029669,16758000,2,15.00029669,15.00029669,1.68E+07
15.00029669,6592300,15.00029669,16635400,2,15.00029669,15.00029669,1.68E+07
15.00029669,16846700,15.00029669,17314300,2,15.00029669,15.00029669,1.68E+07
15.00029669,17142700,15.00029669,15852700,2,15.00029669,15.00029669,1.68E+07
15.00029669,18110000,15.00029669,17476100,2,15.00029669,15.00029669,1.68E+07
15.00029669,16068700,15.00029669,16552200,2,15.00029669,15.00029669,1.68E+07
15.00029669,17650400,15.00029669,16447500,2,15.00029669,15.00029669,1.68E+07
15.00029669,27297200,15.00029669,16337800,2,15.00029669,15.00029669,1.68E+07
15.00029669,13342700,15.00029669,17444800,2,15.00029669,15.00029669,1.68E+07
15.00029669,6867600,15.00029669,16018400,2,15.00029669,15.00029669,1.68E+07
15.00029669,18823300,15.00029669,17241100,2,15.00029669,15.00029669,1.68E+07
15.00029669,16099300,15.00029669,16006900,2,15.00029669,15.00029669,1.68E+07
15.00029669,17153500,15.00029669,16946200,2,15.00029669,15.00029669,1.68E+07
15.00029669,15970200,15.00029669,17275500,2,15.00029669,15.00029669,1.68E+07
15.00029669,16784200,15.00029669,15991200,2,15.00029669,15.00029669,1.68E+07
15.00029669,17441400,15.00029669,16638300,2,15.00029669,15.00029669,1.68E+07
15.00029669,26571300,15.00029669,17139900,2,15.00029669,15.00029669,1.68E+07
15.00029669,15203200,15.00029669,16847800,2,15.00029669,15.00029669,1.68E+07
15.00029669,17116000,15.00029669,16345300,2,15.00029669,15.00029669,1.68E+07
15.00029669,16819000,15.00029669,16760700,2,15.00029669,15.00029669,1.68E+07
15.00029669,6939400,15.00029669,16898400,2,15.00029669,15.00029669,1.68E+07
15.00029669,29104700,15.00029669,16610000,2,15.00029669,15.00029669,1.68E+07
15.00029669,2947800,15.00029669,16923800,2,15.00029669,15.00029669,1.68E+07
15.00029669,17281600,15.00029669,16604800,2,15.00029669,15.00029669,1.68E+07
15.00029669,16437700,15.00029669,16752200,2,15.00029669,15.00029669,1.68E+07
15.00029669,28058800,15.00029669,18068200,2,15.00029669,15.00029669,1.68E+07
15.00029669,6230600,15.00029669,15428800,2,15.00029669,15.00029669,1.68E+07
15.00029669,17021800,15.00029669,16992500,2,15.00029669,15.00029669,1.68E+07
15.00029669,17329700,15.00029669,16523200,2,15.00029669,15.00029669,1.68E+07
15.00029669,15424500,15.00029669,16858700,2,15.00029669,15.00029669,1.68E+07
15.00029669,17063100,15.00029669,17670700,2,15.00029669,15.00029669,1.68E+07
15.00029669,16562900,15.00029669,15944800,2,15.00029669,15.00029669,1.68E+07
15.00029669,17534500,15.00029669,16646800,2,15.00029669,15.00029669,1.68E+07
15.00029669,15537100,15.00029669,17212100,2,15.00029669,15.00029669,1.68E+07
15.00029669,17667200,15.00029669,16558200,2,15.00029669,15.00029669,1.68E+07
15.00029669,15989100,15.00029669,16783700,2,15.00029669,15.00029669,1.68E+07
15.00029669,15618200,15.00029669,16502400,2,15.00029669,15.00029669,1.68E+07
15.00029669,17036600,15.00029669,16670000,2,15.00029669,15.00029669,1.68E+07
15.00029669,16667700,15.00029669,17092800,2,15.00029669,15.00029669,1.68E+07
15.00029669,18357700,15.00029669,18083600,2,15.00029669,15.00029669,1.68E+07
15.00029669,19295500,15.00029669,15286600,2,15.00029669,15.00029669,1.68E+07
15.00029669,12389600,15.00029669,17319600,2,15.00029669,15.00029669,1.68E+07
15.00029669,17581400,15.00029669,16555500,2,15.00029669,15.00029669,1.68E+07
15.00029669,17251900,15.00029669,16572500,2,15.00029669,15.00029669,1.68E+07
15.00029669,16111400,15.00029669,16732600,2,15.00029669,15.00029669,1.68E+07
15.00029669,15690800,15.00029669,16830300,2,15.00029669,15.00029669,1.68E+07
15.00029669,15233800,15.00029669,16390700,2,15.00029669,15.00029669,1.68E+07
15.00029669,17323900,15.00029669,16742100,3,15.00029669,15.00029669,1.68E+07
15.00029669,16365200,15.00029669,16812100,3,15.00029669,15.00029669,1.68E+07
15.00029669,16901400,15.00029669,17036100,3,15.00029669,15.00029669,1.68E+07
15.00029669,17233600,15.00029669,17497600,2,15.00029669,15.00029669,1.68E+07
15.00029669,17468000,15.00029669,16070900,2,15.00029669,15.00029669,1.68E+07
15.00029669,15484400,15.00029669,16839700,2,15.00029669,15.00029669,1.68E+07
15.00029669,16512100,15.00029669,17075400,3,15.00029669,15.00029669,1.68E+07
15.00029669,17447500,15.00029669,16507900,3,15.00029669,15.00029669,1.68E+07
15.00029669,17156800,15.00029669,16613700,3,15.00029669,15.00029669,1.68E+07
15.00029669,16445700,15.00029669,16482300,2,15.00029669,15.00029669,1.68E+07
15.00029669,15934200,15.00029669,16794200,3,15.00029669,15.00029669,1.68E+07
15.00029669,16486400,15.00029669,16456700,3,15.00029669,15.00029669,1.68E+07
15.00029669,17414600,15.00029669,16802800,3,15.00029669,15.00029669,1.68E+07
15.00029669,16537500,15.00029669,17062700,3,15.00029669,15.00029669,1.68E+07
15.00029669,16180700,15.00029669,16566300,2,15.00029669,15.00029669,1.68E+07
15.00029669,17719300,15.00029669,17022200,3,15.00029669,15.00029669,1.68E+07
15.00029669,16480400,15.00029669,16902400,2,15.00029669,15.00029669,1.68E+07
15.00029669,17059500,15.00029669,16426900,3,15.00029669,15.00029669,1.68E+07
15.00029669,16930700,15.00029669,16789800,2,15.00029669,15.00029669,1.68E+07
15.00029669,15359000,15.00029669,16870000,2,15.00029669,15.00029669,1.68E+07
15.00029669,16641400,15.00029669,16378700,3,15.00029669,15.00029669,1.68E+07
15.00029669,18821700,15.00029669,16708400,3,15.00029669,15.00029669,1.68E+07
15.00029669,14394100,15.00029669,17041500,2,15.00029669,15.00029669,1.68E+07
15.00029669,17027900,15.00029669,16607700,3,15.00029669,15.00029669,1.68E+07
15.00029669,16584700,15.00029669,16787700,3,15.00029669,15.00029669,1.68E+07
15.00029669,16654300,15.00029669,16809100,3,15.00029669,15.00029669,1.68E+07
15.00029669,16873400,15.00029669,16494900,3,15.00029669,15.00029669,1.68E+07
15.00029669,16155300,15.00029669,17109200,3,15.00029669,15.00029669,1.68E+07
15.00029669,16668500,15.00029669,16428400,3,15.00029669,15.00029669,1.68E+07
15.00029669,16260900,15.00029669,16977800,3,15.00029669,15.00029669,1.68E+07
15.00029669,17519100,15.00029669,16672100,3,15.00029669,15.00029669,1.68E+07
15.00029669,17771000,15.00029669,17333200,3,15.00029669,15.00029669,1.68E+07
15.00029669,17183800,15.00029669,16065800,3,15.00029669,15.00029669,1.68E+07
15.00029669,15321900,15.00029669,16871900,3,15.00029669,15.00029669,1.68E+07
15.00029669,16803300,15.00029669,16613300,3,15.00029669,15.00029669,1.68E+07
15.00029669,16887900,15.00029669,16852200,3,15.00029669,15.00029669,1.68E+07
15.00029669,16381800,15.00029669,16745400,3,15.00029669,15.00029669,1.68E+07
15.00029669,17149800,15.00029669,16611400,3,15.00029669,15.00029669,1.68E+07
15.00029669,16484900,15.00029669,16968200,3,15.00029669,15.00029669,1.68E+07
15.00029669,16514400,15.00029669,16733900,3,15.00029669,15.00029669,1.68E+07
15.00029669,16708200,15.00029669,16702900,3,15.00029669,15.00029669,1.68E+07
15.00029669,17019400,15.00029669,16787400,3,15.00029669,15.00029669,1.68E+07
15.00029669,16254300,15.00029669,16897500,3,15.00029669,15.00029669,1.68E+07
15.00029669,16354300,15.00029669,16790200,3,15.00029669,15.00029669,1.68E+07
15.00029669,17299000,15.00029669,16573300,3,15.00029669,15.00029669,1.68E+07
15.00029669,17488300,15.00029669,16618600,3,15.00029669,15.00029669,1.68E+07
15.00029669,14932600,15.00029669,16661300,3,15.00029669,15.00029669,1.68E+07
15.00029669,18774000,15.00029669,16762600,3,15.00029669,15.00029669,1.68E+07
15.00029669,15424900,15.00029669,16898600,3,15.00029669,15.00029669,1.68E+07
15.00029669,17487800,15.00029669,16797500,3,15.00029669,15.00029669,1.68E+07
15.00029669,16200300,15.00029669,16582400,3,15.00029669,15.00029669,1.68E+07
15.00029669,16735800,15.00029669,16809800,3,15.00029669,15.00029669,1.68E+07
15.00029669,17318000,15.00029669,16754200,3,15.00029669,15.00029669,1.68E+07
15.00029669,16532200,15.00029669,16728800,3,15.00029669,15.00029669,1.68E+07
15.00029669,16834900,15.00029669,16744000,3,15.00029669,15.00029669,1.68E+07
15.00029669,17659800,15.00029669,16756900,3,15.00029669,15.00029669,1.68E+07
15.00029669,16124100,15.00029669,16825400,3,15.00029669,15.00029669,1.68E+07
15.00029669,16342000,15.00029669,16782500,3,15.00029669,15.00029669,1.68E+07
15.00029669,16955500,15.00029669,16908300,3,15.00029669,15.00029669,1.68E+07
15.00029669,16948800,15.00029669,16651300,3,15.00029669,15.00029669,1.68E+07
15.00029669,16170200,15.00029669,16684300,3,15.00029669,15.00029669,1.68E+07
15.00029669,14682700,15.00029669,16663600,3,15.00029669,15.00029669,1.67E+07
15.00029669,19369400,15.00029669,16737500,3,15.00029669,15.00029669,1.68E+07
15.00029669,16558000,15.00029669,16896300,3,15.00029669,15.00029669,1.68E+07
15.00029669,16597200,15.00029669,16790600,3,15.00029669,15.00029669,1.68E+07
15.00029669,17781700,15.00029669,16525100,3,15.00029669,15.00029669,1.68E+07
15.00029669,15340500,15.00029669,16928300,3,15.00029669,15.00029669,1.68E+07
15.00029669,16355300,15.00029669,16552800,3,15.00029669,15.00029669,1.68E+07
15.00029669,17293800,15.00029669,16734200,3,15.00029669,15.00029669,1.68E+07
15.00029669,17252800,15.00029669,16741800,3,15.00029669,15.00029669,1.68E+07
15.00029669,15537100,15.00029669,16775400,3,15.00029669,15.00029669,1.68E+07
15.00029669,16656100,15.00029669,16929800,3,15.00029669,15.00029669,1.68E+07
15.00029669,16465500,15.00029669,16612000,3,15.00029669,15.00029669,1.67E+07
15.00029669,17813500,15.00029669,16823400,3,15.00029669,15.00029669,1.68E+07
15.00029669,18786800,15.00029669,16900500,3,15.00029669,15.00029669,1.68E+07
15.00029669,15841100,15.00029669,16498100,2,15.00029669,15.00029669,1.68E+07
15.00029669,14453600,15.00029669,16899100,3,15.00029669,15.00029669,1.67E+07
15.00029669,17667400,15.00029669,16683900,3,15.00029669,15.00029669,1.68E+07
15.00029669,16593900,15.00029669,16817800,3,15.00029669,15.00029669,1.68E+07
15.00029669,16816700,15.00029669,16620600,3,15.00029669,15.00029669,1.68E+07
15.00029669,16294200,15.00029669,16793600,3,15.00029669,15.00029669,1.68E+07
15.00029669,16953100,15.00029669,16943600,3,15.00029669,15.00029669,1.68E+07
15.00029669,16916700,15.00029669,16674500,3,15.00029669,15.00029669,1.68E+07
15.00029669,16211600,15.00029669,16889300,3,15.00029669,15.00029669,1.68E+07
15.00029669,17155200,15.00029669,16574500,3,15.00029669,15.00029669,1.68E+07
15.00029669,17003700,15.00029669,16637000,3,15.00029669,15.00029669,1.68E+07
15.00029669,16719400,15.00029669,16723800,3,15.00029669,15.00029669,1.68E+07
15.00029669,16589200,15.00029669,16844100,3,15.00029669,15.00029669,1.68E+07
15.00029669,13215800,15.00029669,16770800,3,15.00029669,15.00029669,1.67E+07
15.00029669,20129500,15.00029669,16707600,3,15.00029669,15.00029669,1.68E+07
15.00029669,16470500,15.00029669,16849400,3,15.00029669,15.00029669,1.68E+07
15.00029669,16986100,15.00029669,16716900,3,15.00029669,15.00029669,1.68E+07
15.00029669,16755900,15.00029669,16765500,3,15.00029669,15.00029669,1.68E+07
15.00029669,16765500,15.00029669,16738000,3,15.00029669,15.00029669,1.68E+07
15.00029669,17460800,15.00029669,16777300,3,15.00029669,15.00029669,1.68E+07
15.00029669,16980100,15.00029669,16719000,3,15.00029669,15.00029669,1.68E+07
15.00029669,16080700,15.00029669,16765700,3,15.00029669,15.00029669,1.68E+07
15.00029669,16759500,15.00029669,16687600,3,15.00029669,15.00029669,1.68E+07
15.00029669,16599300,15.00029669,16789100,3,15.00029669,15.00029669,1.68E+07
15.00029669,16536600,15.00029669,16676700,3,15.00029669,15.00029669,1.68E+07
15.00029669,17203000,15.00029669,16712600,3,15.00029669,15.00029669,1.68E+07
15.00029669,16889800,15.00029669,16769500,3,15.00029669,15.00029669,1.68E+07
15.00029669,16370200,15.00029669,16758100,3,15.00029669,15.00029669,1.68E+07
15.00029669,16886400,15.00029669,17037800,3,15.00029669,15.00029669,1.68E+07
15.00029669,16480800,15.00029669,16586200,3,15.00029669,15.00029669,1.68E+07
15.00029669,16736000,15.00029669,16658000,3,15.00029669,15.00029669,1.68E+07
15.00029669,17388500,15.00029669,16761100,3,15.00029669,15.00029669,1.68E+07
15.00029669,16321300,15.00029669,17035900,3,15.00029669,15.00029669,1.68E+07
15.00029669,16304600,15.00029669,16450800,3,15.00029669,15.00029669,1.68E+07
15.00029669,17283000,15.00029669,16777800,3,15.00029669,15.00029669,1.68E+07
15.00029669,17367400,15.00029669,16834100,3,15.00029669,15.00029669,1.68E+07
15.00029669,15897000,15.00029669,16556800,3,15.00029669,15.00029669,1.68E+07
15.00029669,16901600,15.00029669,16759000,3,15.00029669,15.00029669,1.68E+07
15.00029669,17170200,15.00029669,16769000,3,15.00029669,15.00029669,1.68E+07
15.00029669,16579400,15.00029669,16730200,3,15.00029669,15.00029669,1.68E+07
15.00029669,16827300,15.00029669,16868100,3,15.00029669,15.00029669,1.68E+07
15.00029669,16200900,15.00029669,16780800,3,15.00029669,15.00029669,1.68E+07
15.00029669,16804500,15.00029669,16857500,3,15.00029669,15.00029669,1.68E+07
15.00029669,18015900,15.00029669,16472100,3,15.00029669,15.00029669,1.68E+07
15.00029669,15795200,15.00029669,16965600,3,15.00029669,15.00029669,1.68E+07
15.00029669,16214800,15.00029669,16641400,3,15.00029669,15.00029669,1.68E+07
15.00029669,16399200,15.00029669,17119600,3,15.00029669,15.00029669,1.67E+07
15.00029669,17510100,15.00029669,16305800,3,15.00029669,15.00029669,1.68E+07
15.00029669,16919800,15.00029669,17140800,3,15.00029669,15.00029669,1.68E+07
15.00029669,17365500,15.00029669,16418300,3,15.00029669,15.00029669,1.68E+07
15.00029669,15957500,15.00029669,16754000,3,15.00029669,15.00029669,1.68E+07
15.00029669,17843900,15.00029669,16823600,3,15.00029669,15.00029669,1.68E+07
15.00029669,15819000,15.00029669,16768200,3,15.00029669,15.00029669,1.68E+07
15.00029669,16307700,15.00029669,16721000,3,15.00029669,15.00029669,1.68E+07
15.00029669,17438900,15.00029669,16597800,3,15.00029669,15.00029669,1.68E+07
15.00029669,15792800,15.00029669,16836600,3,15.00029669,15.00029669,1.67E+07
15.00029669,16352300,15.00029669,16922100,3,15.00029669,15.00029669,1.67E+07
15.00029669,17314800,15.00029669,16685900,3,15.00029669,15.00029669,1.68E+07
15.00029669,18355000,15.00029669,16597800,3,15.00029669,15.00029669,1.68E+07
15.00029669,9644700,15.00029669,16826700,3,15.00029669,15.00029669,1.67E+07
15.00029669,21988200,15.00029669,16726600,3,15.00029669,15.00029669,1.67E+07
15.00029669,16988800,15.00029669,16858000,3,15.00029669,15.00029669,1.68E+07
15.00029669,11295600,15.00029669,16550600,3,15.00029669,15.00029669,1.67E+07
15.00029669,21667300,15.00029669,16976600,3,15.00029669,15.00029669,1.67E+07
15.00029669,16927200,15.00029669,16586300,3,15.00029669,15.00029669,1.67E+07
15.00029669,16591700,15.00029669,16915100,3,15.00029669,15.00029669,1.67E+07
15.00029669,16622600,15.00029669,16685900,3,15.00029669,15.00029669,1.67E+07
15.00029669,17326800,15.00029669,16774000,3,15.00029669,15.00029669,1.68E+07
15.00029669,16832700,15.00029669,16718900,3,15.00029669,15.00029669,1.68E+07
15.00029669,16887100,15.00029669,16873500,3,15.00029669,15.00029669,1.68E+07
15.00029669,16545000,15.00029669,16570000,3,15.00029669,15.00029669,1.68E+07
15.00029669,16519800,15.00029669,16715200,3,15.00029669,15.00029669,1.67E+07
15.00029669,16998900,15.00029669,16949000,3,15.00029669,15.00029669,1.68E+07
15.00029669,16885900,15.00029669,16683700,3,15.00029669,15.00029669,1.68E+07
15.00029669,16446300,15.00029669,16766500,3,15.00029669,15.00029669,1.67E+07
15.00029669,10834400,15.00029669,16753700,3,15.00029669,15.00029669,1.67E+07
15.00029669,22656300,15.00029669,16830500,3,15.00029669,15.00029669,1.67E+07
15.00029669,17050200,15.00029669,16531600,3,15.00029669,15.00029669,1.68E+07
15.00029669,16144000,15.00029669,16692500,3,15.00029669,15.00029669,1.67E+07
15.00029669,17229600,15.00029669,16732100,3,15.00029669,15.00029669,1.68E+07
15.00029669,16263400,15.00029669,16777100,3,15.00029669,15.00029669,1.67E+07
15.00029669,17116600,15.00029669,16884500,3,15.00029669,15.00029669,1.67E+07
15.00029669,16484000,15.00029669,16583400,3,15.00029669,15.00029669,1.67E+07
15.00029669,17147300,15.00029669,16877200,3,15.00029669,15.00029669,1.68E+07
15.00029669,8930700,15.00029669,16789500,3,15.00029669,15.00029669,1.67E+07
15.00029669,18072900,15.00029669,16611300,3,15.00029669,15.00029669,1.67E+07
15.00029669,15302500,15.00029669,16824700,3,15.00029669,15.00029669,1.67E+07
15.00029669,26894800,15.00029669,16798900,3,15.00029669,15.00029669,1.68E+07
15.00029669,14557100,15.00029669,16665600,3,15.00029669,15.00029669,1.68E+07
15.00029669,18387100,15.00029669,16740500,3,15.00029669,15.00029669,1.68E+07
15.00029669,16185500,15.00029669,16662200,3,15.00029669,15.00029669,1.68E+07
15.00029669,15772800,15.00029669,17230500,3,15.00029669,15.00029669,1.68E+07
15.00029669,7927300,15.00029669,16375000,3,15.00029669,15.00029669,1.67E+07
15.00029669,17651000,15.00029669,16831600,3,15.00029669,15.00029669,1.67E+07
15.00029669,15322700,15.00029669,16883200,3,15.00029669,15.00029669,1.67E+07
15.00029669,27191100,15.00029669,16631200,3,15.00029669,15.00029669,1.68E+07
15.00029669,7263800,15.00029669,16826800,3,15.00029669,15.00029669,1.67E+07
15.00029669,17208800,15.00029669,18024700,3,15.00029669,15.00029669,1.67E+07
15.00029669,16516400,15.00029669,15453700,3,15.00029669,15.00029669,1.67E+07
15.00029669,16452100,15.00029669,16573700,3,15.00029669,15.00029669,1.67E+07
15.00029669,17250200,15.00029669,16987100,3,15.00029669,15.00029669,1.67E+07
15.00029669,16149800,15.00029669,17976600,3,15.00029669,15.00029669,1.67E+07
15.00029669,16648600,15.00029669,17146700,3,15.00029669,15.00029669,1.67E+07
15.00029669,16149000,15.00029669,14967500,3,15.00029669,15.00029669,1.67E+07
15.00029669,16960000,15.00029669,17875300,3,15.00029669,15.00029669,1.67E+07
15.00029669,17691200,15.00029669,15486400,3,15.00029669,15.00029669,1.67E+07
15.00029669,15583700,15.00029669,16668700,3,15.00029669,15.00029669,1.67E+07
15.00029669,16607100,15.00029669,17650900,3,15.00029669,15.00029669,1.67E+07
15.00029669,17778600,15.00029669,17027200,3,15.00029669,15.00029669,1.67E+07
15.00029669,15794600,15.00029669,16705500,3,15.00029669,15.00029669,1.67E+07
15.00029669,27168500,15.00029669,19679700,3,15.00029669,15.00029669,1.68E+07
15.00029669,6015900,15.00029669,14351500,3,15.00029669,15.00029669,1.67E+07
15.00029669,17105800,15.00029669,16859900,3,15.00029669,15.00029669,1.67E+07
15.00029669,16139900,15.00029669,16008100,3,15.00029669,15.00029669,1.67E+07
15.00029669,17494900,15.00029669,16597400,3,15.00029669,15.00029669,1.67E+07
15.00029669,16450300,15.00029669,16652200,3,15.00029669,15.00029669,1.67E+07
15.00029669,16919600,15.00029669,16833100,3,15.00029669,15.00029669,1.67E+07
15.00029669,16267000,15.00029669,16664700,3,15.00029669,15.00029669,1.67E+07
15.00029669,16597400,15.00029669,16688400,3,15.00029669,15.00029669,1.67E+07
15.00029669,18497400,15.00029669,16519400,3,15.00029669,15.00029669,1.67E+07
15.00029669,15077200,15.00029669,17135500,3,15.00029669,15.00029669,1.67E+07
15.00029669,17100800,15.00029669,16578800,3,15.00029669,15.00029669,1.67E+07
15.00029669,16395300,15.00029669,16610000,3,15.00029669,15.00029669,1.67E+07
15.00029669,16916000,15.00029669,16218300,3,15.00029669,15.00029669,1.67E+07
15.00029669,17223000,15.00029669,16621500,3,15.00029669,15.00029669,1.67E+07
15.00029669,15839300,15.00029669,16842900,3,15.00029669,15.00029669,1.67E+07
15.00029669,25996600,15.00029669,16612400,3,15.00029669,15.00029669,1.67E+07
15.00029669,16905200,15.00029669,16743000,3,15.00029669,15.00029669,1.67E+07
15.00029669,16829200,15.00029669,16744000,3,15.00029669,15.00029669,1.67E+07
15.00029669,6780600,15.00029669,16950400,3,15.00029669,15.00029669,1.67E+07
15.00029669,16256700,15.00029669,16984300,3,15.00029669,15.00029669,1.67E+07
15.00029669,16920100,15.00029669,16365200,3,15.00029669,15.00029669,1.67E+07
15.00029669,17246700,15.00029669,17060400,3,15.00029669,15.00029669,1.67E+07
15.00029669,16959500,15.00029669,16554600,3,15.00029669,15.00029669,1.67E+07
15.00029669,16225300,15.00029669,16966300,3,15.00029669,15.00029669,1.67E+07
15.00029669,24419400,15.00029669,16482100,3,15.00029669,15.00029669,1.67E+07
15.00029669,9278000,15.00029669,17039700,3,15.00029669,15.00029669,1.67E+07
15.00029669,17406300,15.00029669,16248400,3,15.00029669,15.00029669,1.67E+07
15.00029669,16996900,15.00029669,16834100,3,15.00029669,15.00029669,1.67E+07
15.00029669,16130000,15.00029669,16887400,3,15.00029669,15.00029669,1.67E+07
15.00029669,16819200,15.00029669,16618900,3,15.00029669,15.00029669,1.67E+07
15.00029669,17036400,15.00029669,16728800,3,15.00029669,15.00029669,1.67E+07
15.00029669,17095700,15.00029669,16643500,3,15.00029669,15.00029669,1.67E+07
15.00029669,17461900,15.00029669,17036400,3,15.00029669,15.00029669,1.67E+07
15.00029669,15930200,15.00029669,16719200,3,15.00029669,15.00029669,1.67E+07
15.00029669,15743200,15.00029669,17586000,3,15.00029669,15.00029669,1.67E+07
15.00029669,17590000,15.00029669,15988400,3,15.00029669,15.00029669,1.67E+07
15.00029669,16142100,15.00029669,16324900,3,15.00029669,15.00029669,1.67E+07
15.00029669,15532500,15.00029669,16938600,3,15.00029669,15.00029669,1.67E+07
15.00029669,16243600,15.00029669,16563600,3,15.00029669,15.00029669,1.67E+07
15.00029669,17535300,15.00029669,16869400,3,15.00029669,15.00029669,1.67E+07
15.00029669,18182400,15.00029669,16596000,3,15.00029669,15.00029669,1.67E+07
15.00029669,15631900,15.00029669,16756400,3,15.00029669,15.00029669,1.67E+07
15.00029669,16338000,15.00029669,17084300,3,15.00029669,15.00029669,1.67E+07
15.00029669,17022600,15.00029669,16339500,3,15.00029669,15.00029669,1.67E+07
15.00029669,16655100,15.00029669,17151400,3,15.00029669,15.00029669,1.67E+07
15.00029669,15022100,15.00029669,17186400,3,15.00029669,15.00029669,1.67E+07
15.00029669,18932100,15.00029669,17051300,3,15.00029669,15.00029669,1.67E+07
15.00029669,16329100,15.00029669,15965600,3,15.00029669,15.00029669,1.67E+07
15.00029669,18214400,15.00029669,17564600,3,15.00029669,15.00029669,1.67E+07
15.00029669,14893000,15.00029669,16236100,3,15.00029669,15.00029669,1.67E+07
15.00029669,16660600,15.00029669,18033000,3,15.00029669,15.00029669,1.67E+07
15.00029669,18644800,15.00029669,15313400,3,15.00029669,15.00029669,1.67E+07
15.00029669,13637300,15.00029669,17849700,3,15.00029669,15.00029669,1.67E+07
15.00029669,17147800,15.00029669,15037000,3,15.00029669,15.00029669,1.67E+07
15.00029669,15355800,15.00029669,17049700,3,15.00029669,15.00029669,1.67E+07
15.00029669,17809800,15.00029669,16776700,3,15.00029669,15.00029669,1.67E+07
15.00029669,16975200,15.00029669,17419800,3,15.00029669,15.00029669,1.67E+07
15.00029669,15014800,15.00029669,15926200,3,15.00029669,15.00029669,1.67E+07
15.00029669,18506100,15.00029669,16684100,4,15.00029669,15.00029669,1.67E+07
15.00029669,16853100,15.00029669,16860900,3,15.00029669,15.00029669,1.67E+07
15.00029669,14822200,15.00029669,17279400,3,15.00029669,15.00029669,1.67E+07
15.00029669,17476300,15.00029669,16020400,4,15.00029669,15.00029669,1.67E+07
15.00029669,17552200,15.00029669,17967700,3,15.00029669,15.00029669,1.67E+07
15.00029669,15900500,15.00029669,16328500,3,15.00029669,15.00029669,1.67E+07
15.00029669,17073100,15.00029669,16072300,3,15.00029669,15.00029669,1.67E+07
15.00029669,16849400,15.00029669,17006000,3,15.00029669,15.00029669,1.67E+07
15.00029669,15538400,15.00029669,17317400,3,15.00029669,15.00029669,1.67E+07
15.00029669,16773700,15.00029669,16329300,4,15.00029669,15.00029669,1.67E+07
15.00029669,16397900,15.00029669,16263200,4,15.00029669,15.00029669,1.67E+07
15.00029669,18013700,15.00029669,16778200,4,15.00029669,15.00029669,1.67E+07
15.00029669,15586000,15.00029669,16895900,3,15.00029669,15.00029669,1.67E+07
15.00029669,16243500,15.00029669,16640300,4,15.00029669,15.00029669,1.67E+07
15.00029669,16975400,15.00029669,17163300,4,15.00029669,15.00029669,1.67E+07
15.00029669,17479600,15.00029669,16103900,4,15.00029669,15.00029669,1.67E+07
15.00029669,15914100,15.00029669,16863900,3,15.00029669,15.00029669,1.67E+07
15.00029669,19612100,15.00029669,16734200,4,15.00029669,15.00029669,1.67E+07
15.00029669,26909700,15.00029669,16699500,3,15.00029669,15.00029669,1.67E+07
15.00029669,5213200,15.00029669,16642100,3,15.00029669,15.00029669,1.67E+07
15.00029669,14574800,15.00029669,16966200,3,15.00029669,15.00029669,1.67E+07
15.00029669,15979400,15.00029669,16380900,4,15.00029669,15.00029669,1.67E+07
15.00029669,17639900,15.00029669,17008700,4,15.00029669,15.00029669,1.67E+07
15.00029669,16092800,15.00029669,16515400,4,15.00029669,15.00029669,1.67E+07
15.00029669,17084300,15.00029669,16846000,4,15.00029669,15.00029669,1.67E+07
15.00029669,16754800,15.00029669,17347100,4,15.00029669,15.00029669,1.67E+07
15.00029669,15847500,15.00029669,16119400,4,15.00029669,15.00029669,1.67E+07
15.00029669,15965400,15.00029669,16906000,4,15.00029669,15.00029669,1.67E+07
15.00029669,18009900,15.00029669,16776300,4,15.00029669,15.00029669,1.67E+07
15.00029669,15508300,15.00029669,16783300,4,15.00029669,15.00029669,1.67E+07
15.00029669,17547300,15.00029669,16598800,4,15.00029669,15.00029669,1.67E+07
15.00029669,15244000,15.00029669,16705500,4,15.00029669,15.00029669,1.67E+07
15.00029669,18128300,15.00029669,16623500,4,15.00029669,15.00029669,1.67E+07
15.00029669,17184400,15.00029669,16580600,4,15.00029669,15.00029669,1.67E+07
15.00029669,15815600,15.00029669,16727500,4,15.00029669,15.00029669,1.67E+07
15.00029669,15865900,15.00029669,16872500,4,15.00029669,15.00029669,1.67E+07
15.00029669,17850700,15.00029669,16954300,4,15.00029669,15.00029669,1.67E+07
15.00029669,16608200,15.00029669,16594700,4,15.00029669,15.00029669,1.67E+07
15.00029669,17309100,15.00029669,16659900,4,15.00029669,15.00029669,1.67E+07
15.00029669,14761600,15.00029669,16766500,4,15.00029669,15.00029669,1.67E+07
15.00029669,17823800,15.00029669,16953500,4,15.00029669,15.00029669,1.67E+07
15.00029669,15544900,15.00029669,17132900,4,15.00029669,15.00029669,1.67E+07
15.00029669,18689400,15.00029669,16291100,4,15.00029669,15.00029669,1.67E+07
15.00029669,15749100,15.00029669,17152400,4,15.00029669,15.00029669,1.67E+07
15.00029669,17355900,15.00029669,16050100,4,15.00029669,15.00029669,1.67E+07
15.00029669,16577500,15.00029669,23449700,4,15.00029669,15.00029669,1.67E+07
15.00029669,16989000,15.00029669,12661100,4,15.00029669,15.00029669,1.67E+07
15.00029669,16697500,15.00029669,14682500,4,15.00029669,15.00029669,1.67E+07
15.00029669,16246500,15.00029669,16145400,4,15.00029669,15.00029669,1.67E+07
15.00029669,22989400,15.00029669,17459400,4,15.00029669,15.00029669,1.67E+07
15.00029669,10308000,15.00029669,16819100,3,15.00029669,15.00029669,1.67E+07
15.00029669,16889300,15.00029669,16524200,4,15.00029669,15.00029669,1.67E+07
15.00029669,16507600,15.00029669,16258100,4,15.00029669,15.00029669,1.67E+07
15.00029669,17542700,15.00029669,16882400,4,15.00029669,15.00029669,1.67E+07
15.00029669,15970900,15.00029669,16761300,4,15.00029669,15.00029669,1.67E+07
15.00029669,16840100,15.00029669,17529100,4,15.00029669,15.00029669,1.67E+07
15.00029669,16954700,15.00029669,15766000,4,15.00029669,15.00029669,1.67E+07
15.00029669,14736700,15.00029669,16627400,4,15.00029669,15.00029669,1.67E+07
15.00029669,19381300,15.00029669,16688400,4,15.00029669,15.00029669,1.67E+07
15.00029669,16433900,15.00029669,16894200,4,15.00029669,15.00029669,1.67E+07
15.00029669,15273900,15.00029669,16663500,4,15.00029669,15.00029669,1.67E+07
15.00029669,17216500,15.00029669,16832500,4,15.00029669,15.00029669,1.67E+07
15.00029669,17069500,15.00029669,16665900,4,15.00029669,15.00029669,1.67E+07
15.00029669,16478500,15.00029669,16603100,4,15.00029669,15.00029669,1.67E+07
15.00029669,17250500,15.00029669,16733400,4,15.00029669,15.00029669,1.67E+07
15.00029669,15765500,15.00029669,17070300,4,15.00029669,15.00029669,1.67E+07
15.00029669,17637000,15.00029669,16334200,4,15.00029669,15.00029669,1.67E+07
15.00029669,16447000,15.00029669,16852200,4,15.00029669,15.00029669,1.67E+07
15.00029669,15510400,15.00029669,16743900,4,15.00029669,15.00029669,1.67E+07
15.00029669,18793100,15.00029669,16987500,4,15.00029669,15.00029669,1.67E+07
15.00029669,15049700,15.00029669,16762300,4,15.00029669,15.00029669,1.67E+07
15.00029669,18340200,15.00029669,16468600,4,15.00029669,15.00029669,1.67E+07
15.00029669,15062800,15.00029669,16936700,4,15.00029669,15.00029669,1.67E+07
15.00029669,19754500,15.00029669,16493800,4,15.00029669,15.00029669,1.67E+07
15.00029669,13985800,15.00029669,17072300,4,15.00029669,15.00029669,1.67E+07
15.00029669,17062200,15.00029669,16658800,4,15.00029669,15.00029669,1.67E+07
15.00029669,16326000,15.00029669,16460900,4,15.00029669,15.00029669,1.67E+07
15.00029669,20626800,15.00029669,16867500,4,15.00029669,15.00029669,1.67E+07
15.00029669,12727400,15.00029669,16723700,4,15.00029669,15.00029669,1.67E+07
15.00029669,18475500,15.00029669,16786800,4,15.00029669,15.00029669,1.67E+07
15.00029669,14633100,15.00029669,16445500,4,15.00029669,15.00029669,1.67E+07
15.00029669,17905000,15.00029669,16831200,4,15.00029669,15.00029669,1.67E+07
15.00029669,15831000,15.00029669,16871600,4,15.00029669,15.00029669,1.67E+07
15.00029669,19096200,15.00029669,16654500,4,15.00029669,15.00029669,1.67E+07
15.00029669,13886100,15.00029669,16639600,4,15.00029669,15.00029669,1.67E+07
15.00029669,17959400,15.00029669,16855200,4,15.00029669,15.00029669,1.67E+07
15.00029669,15489800,15.00029669,16573400,4,15.00029669,15.00029669,1.67E+07
15.00029669,16921100,15.00029669,16734400,4,15.00029669,15.00029669,1.67E+07
