1.53246668,23595400,1.671889679,53200900,1,1.67E+07,2.36E+07,14
1.53371458,2563400,1.671889679,10922800,2,1.67E+07,1.31E+07,13
1.53828708,4358000,1.671889679,12864100,3,1.66E+07,1.02E+07,13
1.55583948,17078500,1.72587428,13988300,4,1.66E+07,1.19E+07,13
1.57153048,16143500,1.72587428,12769300,5,1.66E+07,1.27E+07,13
1.628289779,56219700,1.763362181,12155500,6,1.67E+07,1.93E+07,12
1.629170879,1756100,1.763362181,10798300,7,1.67E+07,1.91E+07,12
1.660787679,30738700,1.788568982,12485900,8,1.67E+07,2.44E+07,12
1.663014879,2262900,1.811879181,12774400,9,1.67E+07,2.14E+07,12
1.664498379,2083100,1.824657382,12042800,10,1.67E+07,1.86E+07,11
1.669573479,18658900,1.852535481,16912000,11,1.67E+07,1.11E+07,11
1.669573479,15696400,1.869247681,16905300,11,1.67E+07,1.39E+07,11
1.669573479,7890200,1.88626628,16975000,12,1.66E+07,9318300,10
1.669573479,17072100,1.90290458,16807900,13,1.66E+07,1.23E+07,9
1.671889679,16337800,1.91904548,15832200,14,1.66E+07,1.51E+07,11
1.671889679,15523000,1.93609308,16163900,13,1.66E+07,1.45E+07,11
1.72587428,17084100,1.95287768,16856900,13,1.66E+07,1.48E+07,11
1.763362181,15218300,1.969495579,16488400,13,1.66E+07,1.62E+07,11
1.763362181,17963500,1.98614858,16857600,12,1.66E+07,1.64E+07,11
1.788568982,16208300,2.00281068,16580900,12,1.66E+07,1.64E+07,11
1.824657382,17068100,2.019137079,16491000,12,1.66E+07,1.67E+07,11
1.852535481,15581900,2.03593248,16744700,11,1.66E+07,1.64E+07,11
1.90290458,54728000,2.052673179,16607900,11,1.67E+07,2.43E+07,11
1.90290458,2016500,2.069323579,16705300,9,1.67E+07,2.11E+07,11
1.90290458,1148900,2.086055178,16726700,10,1.67E+07,1.81E+07,11
1.91904548,8356900,2.102715879,16648700,11,1.66E+07,1.64E+07,11
1.93609308,17058300,2.119090178,16379100,11,1.66E+07,1.67E+07,11
1.95287768,16713600,2.135886779,16881000,11,1.66E+07,9058840,11
1.969495579,17391800,2.152574378,16471700,11,1.66E+07,1.21E+07,11
1.98614858,16215000,2.169219579,16732700,11,1.66E+07,1.51E+07,11
2.00281068,16632300,2.185928379,16808300,11,1.66E+07,1.68E+07,10
2.019137079,16578300,2.197664079,18675200,11,1.66E+07,1.67E+07,9
2.03593248,16979400,2.21923218,14934000,11,1.66E+07,1.68E+07,11
2.052673179,16013000,2.23577728,16082500,11,1.66E+07,1.65E+07,11
2.069323579,16710100,2.25219948,16650100,11,1.66E+07,1.66E+07,10
2.086055178,17243300,2.26916798,17027900,11,1.66E+07,1.67E+07,11
2.102715879,16093200,2.28578558,16760500,11,1.66E+07,1.66E+07,11
2.119090178,16673000,2.302077681,16205800,11,1.66E+07,1.65E+07,11
2.135886779,17333700,2.31903188,16818700,11,1.66E+07,1.68E+07,11
2.152574378,17338800,2.33564038,16383600,11,1.66E+07,1.69E+07,11
2.197664079,54891700,2.35206378,16877700,11,1.67E+07,2.45E+07,11
2.197664079,1808600,2.36892998,16691900,9,1.67E+07,2.16E+07,11
2.197664079,1565100,2.38571428,16553600,10,1.67E+07,1.86E+07,11
2.21923218,7410900,2.40230468,16523500,11,1.66E+07,1.66E+07,11
2.24829178,26264700,2.41899968,16696200,11,1.67E+07,1.84E+07,11
2.25219948,8224400,2.43569208,16691800,11,1.66E+07,9054740,11
2.26916798,14036000,2.45220378,16550400,11,1.66E+07,1.15E+07,11
2.28578558,17213800,2.468969281,17141600,11,1.66E+07,1.46E+07,11
2.302077681,16114600,2.48561808,16336100,11,1.66E+07,1.64E+07,11
2.31903188,17682800,2.502210881,16495700,11,1.66E+07,1.47E+07,11
2.33564038,16173600,2.518786481,16578600,11,1.66E+07,1.62E+07,11
2.35206378,16109900,2.535314881,16840400,11,1.66E+07,1.67E+07,11
2.36892998,18113300,2.552118281,16482900,11,1.66E+07,1.68E+07,11
2.38571428,15303800,2.568700981,16633300,11,1.66E+07,1.67E+07,11
2.40230468,17257500,2.585125182,16741500,11,1.66E+07,1.66E+07,10
2.41899968,16117500,2.602098382,16912900,11,1.66E+07,1.66E+07,11
2.43569208,16475900,2.618730282,16332000,11,1.66E+07,1.67E+07,11
2.45220378,16992800,2.635165781,16695000,11,1.66E+07,1.64E+07,11
2.468969281,16927700,2.652119381,16726900,11,1.66E+07,1.68E+07,11
2.48561808,17152700,2.668545681,16447800,11,1.66E+07,1.67E+07,11
2.502210881,16388700,2.685391781,16784300,11,1.66E+07,1.68E+07,11
2.518786481,15975400,2.701983881,16593100,11,1.66E+07,1.67E+07,11
2.535314881,16528800,2.71868988,16710700,11,1.66E+07,1.66E+07,11
2.552118281,17860600,2.735146981,16541200,11,1.66E+07,1.68E+07,11
2.582986782,28567000,2.751851381,16615600,11,1.67E+07,1.91E+07,11
2.585125182,5237200,2.768610981,16838800,11,1.66E+07,1.68E+07,11
2.602098382,15047100,2.785308481,16674600,11,1.66E+07,1.66E+07,11
2.618730282,16789800,2.80188538,16534400,11,1.66E+07,1.67E+07,11
2.635165781,16104700,2.81855528,16655000,11,1.66E+07,1.63E+07,11
2.652119381,17176300,2.83522678,16671500,11,1.66E+07,1.41E+07,11
2.668545681,17904200,2.85171998,16494600,11,1.66E+07,1.66E+07,11
2.685391781,16094900,2.868253281,16766900,11,1.66E+07,1.68E+07,11
2.701983881,16250900,2.885083781,16593600,11,1.66E+07,1.67E+07,11
2.71868988,16752600,2.901697081,16614800,11,1.66E+07,1.68E+07,11
2.735146981,16658000,2.918472081,16782200,11,1.66E+07,1.67E+07,11
2.751851381,15865100,2.935140781,16664900,11,1.66E+07,1.63E+07,11
2.768610981,17458900,2.951664281,16520700,11,1.66E+07,1.66E+07,11
2.785308481,17246400,2.968369381,16705600,11,1.66E+07,1.68E+07,11
2.80188538,16098500,2.984937481,16567600,11,1.66E+07,1.67E+07,11
2.81855528,17109900,3.001542281,16604600,11,1.66E+07,1.68E+07,11
2.83522678,16971200,3.012031481,44550800,11,1.66E+07,1.70E+07,11
2.85171998,15162000,3.012031481,11710500,11,1.66E+07,1.65E+07,13
2.868253281,16946900,3.046231881,9860400,11,1.66E+07,1.65E+07,12
2.885083781,17254900,3.067851781,9812200,11,1.66E+07,1.67E+07,11
2.901697081,17252700,3.077665381,12302900,11,1.66E+07,1.67E+07,10
2.918472081,16315100,3.101561381,11911100,11,1.66E+07,1.66E+07,10
2.935140781,16802800,3.118293481,16603500,11,1.66E+07,1.69E+07,10
2.951664281,16588800,3.134847781,16615700,11,1.66E+07,1.68E+07,10
2.968369381,16539800,3.151641581,16789200,11,1.66E+07,1.67E+07,9
2.984937481,16120200,3.168286282,16587500,11,1.66E+07,1.65E+07,9
3.001542281,17544000,3.184812982,16549900,11,1.66E+07,1.67E+07,9
3.012031481,17753700,3.201651182,16815100,11,1.66E+07,1.69E+07,9
3.012031481,15047600,3.218311182,16663400,12,1.66E+07,1.66E+07,8
3.012031481,17603800,3.235045181,16730700,13,1.66E+07,1.68E+07,9
3.077665381,34229900,3.251621281,16577600,13,1.67E+07,2.04E+07,9
3.101561381,18012600,3.268353982,16731300,11,1.67E+07,2.05E+07,8
3.118293481,15487300,3.285013982,16681200,10,1.67E+07,2.01E+07,7
3.151641581,33978100,3.301803682,16769400,10,1.67E+07,2.39E+07,8
3.168286282,16801500,3.318344682,16541100,9,1.67E+07,2.37E+07,9
3.184812982,16313800,3.335036681,16693700,9,1.67E+07,2.01E+07,9
3.218311182,36345300,3.351598281,16632300,9,1.67E+07,2.38E+07,8
3.218311182,2086800,3.368427081,16755200,8,1.67E+07,2.11E+07,7
3.235045181,11695600,3.384423881,16938100,9,1.67E+07,1.66E+07,7
3.285013982,54531500,3.401889081,16553000,9,1.67E+07,2.42E+07,9
3.285013982,2796600,3.418610582,16721100,7,1.67E+07,2.15E+07,9
3.298608282,1405100,3.435237782,16598000,8,1.67E+07,1.45E+07,9
3.301803682,7325300,3.451818781,16577000,9,1.67E+07,1.56E+07,9
3.318344682,16067600,3.468541581,16836100,9,1.67E+07,1.64E+07,9
3.368427081,56564600,3.485304781,16654300,9,1.67E+07,1.68E+07,9
3.368627281,3524300,3.501934681,16590200,7,1.67E+07,1.70E+07,9
3.384423881,2916200,3.518625381,16732100,8,1.67E+07,1.73E+07,9
3.384423881,4241900,3.535382881,16762800,8,1.67E+07,1.67E+07,9
3.401889081,17196700,3.551900381,16511100,9,1.67E+07,1.69E+07,9
3.418610582,16387100,3.568672382,16771800,9,1.67E+07,8853240,9
3.435237782,16481500,3.585436382,16763600,9,1.67E+07,1.14E+07,9
3.451818781,17031800,3.602071382,16642800,9,1.67E+07,1.43E+07,9
3.468541581,17221400,3.618590082,16580600,9,1.67E+07,1.69E+07,9
3.485304781,16018300,3.635436782,16777800,9,1.67E+07,1.66E+07,9
3.501934681,16153700,3.652169582,16732600,9,1.67E+07,1.66E+07,8
3.518625381,16745200,3.668727582,16557500,9,1.67E+07,1.66E+07,7
3.535382881,16401800,3.685487682,16761100,9,1.67E+07,1.65E+07,7
3.551900381,16720500,3.702215082,16727900,9,1.67E+07,1.64E+07,9
3.568672382,17433400,3.718823382,16657600,9,1.67E+07,1.67E+07,9
3.585436382,16700400,3.735582182,16743700,9,1.67E+07,1.68E+07,9
3.602071382,16344900,3.752115282,16590900,9,1.67E+07,1.67E+07,9
3.618590082,16506100,3.768676282,16573600,9,1.67E+07,1.67E+07,9
3.668727582,56824300,3.785574582,16763200,9,1.67E+07,2.48E+07,9
3.681795982,2495600,3.802284782,16740700,7,1.67E+07,2.18E+07,9
3.684067182,2350700,3.818941482,16643500,8,1.67E+07,1.89E+07,9
3.685487682,6101300,3.835496482,16567600,9,1.67E+07,1.69E+07,9
3.702215082,16122400,3.852298282,16800900,9,1.67E+07,1.68E+07,9
3.718823382,16585900,3.868886982,16589500,9,1.67E+07,8731180,9
3.735582182,16233500,3.885689682,16818800,9,1.67E+07,1.15E+07,9
3.752115282,16075600,3.902252782,16547400,9,1.67E+07,1.42E+07,9
3.768676282,16566200,3.919089182,16842300,9,1.67E+07,1.63E+07,9
3.785574582,16923200,3.935654583,16606600,9,1.67E+07,1.65E+07,9
3.802284782,17391200,3.952222883,16575700,9,1.67E+07,1.66E+07,9
3.818941482,16112000,3.968996483,17657000,9,1.67E+07,1.66E+07,8
3.835496482,16320800,3.985701083,15766700,9,1.67E+07,1.67E+07,7
3.852298282,17180400,4.002422482,16726700,9,1.67E+07,1.68E+07,7
3.868886982,16727600,4.019160282,16751500,9,1.67E+07,1.67E+07,9
3.885689682,16923000,4.035874182,16731900,9,1.67E+07,1.67E+07,9
3.902252782,16423700,4.052539081,16590300,9,1.67E+07,1.67E+07,9
3.919089182,20539600,4.069209282,16694400,9,1.67E+07,1.76E+07,9
3.935654583,13320700,4.085766982,16569700,9,1.67E+07,1.68E+07,9
3.985701083,56388800,4.102562882,16829000,9,1.67E+07,2.47E+07,9
3.999024582,2280000,4.119199682,16627300,7,1.67E+07,2.18E+07,9
4.000506682,1996700,4.135972382,16777900,8,1.67E+07,1.89E+07,9
4.002422482,5174000,4.152593382,16652900,9,1.67E+07,1.58E+07,9
4.019160282,17294500,4.169310283,16656500,9,1.67E+07,1.66E+07,9
4.035874182,16605000,4.186028983,16769600,9,1.67E+07,8670040,9
4.052539081,16832500,4.202446782,16474400,9,1.67E+07,1.16E+07,9
4.069209282,17099400,4.219209882,16921600,9,1.67E+07,1.46E+07,9
4.085766982,16178400,4.235849382,16536100,9,1.67E+07,1.68E+07,9
4.102562882,17380500,4.252636381,16684500,9,1.67E+07,1.68E+07,9
4.119199682,15667200,4.269309282,16722100,9,1.67E+07,1.66E+07,9
4.135972382,17256100,4.286112582,16745100,9,1.67E+07,1.67E+07,9
4.152593382,16085400,4.302694082,16624100,9,1.67E+07,1.65E+07,8
4.169310283,17724100,4.319270381,16636900,9,1.67E+07,1.68E+07,7
4.186028983,17977000,4.335179181,16916500,9,1.67E+07,1.69E+07,7
4.202446782,15018500,4.352653081,16418200,9,1.67E+07,1.68E+07,9
4.219209882,17264100,4.369461881,16790800,9,1.67E+07,1.68E+07,9
4.235849382,16583300,4.386159381,16727700,9,1.67E+07,1.69E+07,9
4.252636381,16405900,4.402858482,16596700,9,1.67E+07,1.66E+07,9
4.269309282,16777900,4.419369381,16581200,9,1.67E+07,1.64E+07,9
4.319270381,56876100,4.436178882,16869300,9,1.67E+07,2.48E+07,9
4.334057681,2891700,4.452948782,16660300,7,1.67E+07,2.19E+07,9
4.335179181,3262100,4.469538981,16661200,8,1.67E+07,1.92E+07,9
4.335179181,3804400,4.486142681,16567200,8,1.67E+07,1.67E+07,8
4.352653081,15638100,4.502863781,16665700,9,1.67E+07,1.65E+07,7
4.369461881,17230400,4.519650981,17844600,9,1.67E+07,8565340,6
4.386159381,17632400,4.536350081,15792300,9,1.67E+07,1.15E+07,9
4.402858482,17393600,4.552946781,16488000,9,1.67E+07,1.43E+07,9
4.419369381,14612500,4.569712281,16882100,9,1.67E+07,1.65E+07,9
4.436178882,17717400,4.586275881,16434200,9,1.67E+07,1.69E+07,9
4.452948782,16070700,4.603071381,16835400,9,1.67E+07,1.67E+07,9
4.502863781,57322600,4.619720081,16778800,9,1.67E+07,2.46E+07,9
4.516024681,2849600,4.636398081,16472800,7,1.67E+07,2.17E+07,9
4.519650981,3266700,4.653183082,16874400,8,1.67E+07,1.94E+07,9
4.519650981,4039900,4.669643282,16587600,8,1.67E+07,1.67E+07,9
4.536350081,17287800,4.686557682,16711500,9,1.67E+07,1.70E+07,9
4.552946781,15795300,4.702972582,16552700,9,1.67E+07,8647860,9
4.569712281,15878600,4.719893982,16817800,9,1.67E+07,1.13E+07,9
4.586275881,17812100,4.736314181,16909500,9,1.67E+07,1.42E+07,9
4.603071381,15680600,4.753064581,16263000,9,1.67E+07,1.65E+07,9
4.619720081,17043900,4.769840881,16843200,9,1.67E+07,1.64E+07,9
4.636398081,17734800,4.786413181,16601100,9,1.67E+07,1.68E+07,9
4.653183082,16908800,4.803272581,16793600,9,1.67E+07,1.70E+07,9
4.669643282,15748700,4.819935981,16695800,9,1.67E+07,1.66E+07,9
4.686557682,18229900,4.836668381,16749200,9,1.67E+07,1.71E+07,9
4.702972582,15718200,4.853389281,16756400,9,1.67E+07,1.69E+07,9
4.719893982,16831100,4.869845282,16382300,9,1.67E+07,1.67E+07,9
4.736314181,16419500,4.886678081,16899600,9,1.67E+07,1.66E+07,9
4.753064581,15895200,4.903307281,16588200,9,1.67E+07,1.66E+07,9
4.769840881,17659200,4.919877581,16522000,9,1.67E+07,1.65E+07,9
4.786413181,15529400,4.936696681,16723300,9,1.67E+07,1.65E+07,9
4.803272581,16749300,4.953440381,16761500,9,1.67E+07,1.65E+07,9
4.819935981,16760300,4.970098981,16624400,9,1.67E+07,1.65E+07,9
4.836668381,17001200,4.986828981,16728600,9,1.67E+07,1.67E+07,9
4.853389281,17361800,5.003396081,16602400,9,1.67E+07,1.67E+07,9
4.869845282,16293500,5.020215081,16826100,9,1.67E+07,1.68E+07,9
4.886678081,17242100,5.036712481,16513900,9,1.67E+07,1.69E+07,9
4.903307281,15658600,5.053545581,16896400,9,1.67E+07,1.67E+07,9
4.919877581,16331300,5.070110081,16477900,9,1.67E+07,1.66E+07,9
4.936696681,16529000,5.086939081,16899300,9,1.67E+07,1.64E+07,9
4.953440381,16341500,5.103429881,16420400,9,1.67E+07,1.64E+07,9
4.970098981,17098700,5.12028498,16807900,9,1.67E+07,1.64E+07,9
4.986828981,16084100,5.136827381,16590200,9,1.67E+07,1.65E+07,9
5.003396081,16401300,5.15350318,16721400,9,1.67E+07,1.65E+07,9
5.020215081,16780700,5.17025148,16734300,9,1.67E+07,1.65E+07,9
5.036712481,17224700,5.186972279,16683200,9,1.67E+07,1.67E+07,9
5.053545581,16333100,5.203598579,16632000,9,1.67E+07,1.66E+07,9
5.070110081,17061800,5.22024558,16646900,9,1.67E+07,1.68E+07,9
5.086939081,16512400,5.236960279,16714800,9,1.67E+07,1.68E+07,9
5.103429881,16616500,5.253692779,16748400,9,1.67E+07,1.67E+07,9
5.12028498,17044800,5.27042278,16713700,9,1.67E+07,1.67E+07,9
5.136827381,16282400,5.28706158,16621300,9,1.67E+07,1.67E+07,9
5.15350318,16667800,5.303658579,16583800,9,1.67E+07,1.66E+07,9
5.17025148,16584600,5.320411279,16799000,9,1.67E+07,1.66E+07,9
5.186972279,16294600,5.33710508,16681100,9,1.67E+07,1.66E+07,9
5.203598579,17495500,5.35382898,16813200,9,1.67E+07,1.67E+07,9
5.22024558,16649500,5.37040148,16492200,9,1.67E+07,1.67E+07,9
5.236960279,15891000,5.38701718,16604000,9,1.67E+07,1.66E+07,9
5.253692779,17117200,5.40386418,16847600,9,1.67E+07,1.67E+07,9
5.27042278,16513300,5.420434779,16546800,9,1.67E+07,1.67E+07,9
5.28706158,16979800,5.437168979,16774100,9,1.67E+07,1.66E+07,9
5.303658579,16435000,5.453867479,16681600,9,1.67E+07,1.66E+07,9
5.320411279,16962400,5.470463278,16595800,9,1.67E+07,1.68E+07,9
5.33710508,17607600,5.487138578,16675700,9,1.67E+07,1.69E+07,9
5.35382898,15473200,5.503910879,16739100,9,1.67E+07,1.67E+07,9
5.37040148,16713000,5.520653879,16784300,9,1.67E+07,1.66E+07,9
5.38701718,16559900,5.537209779,16560800,9,1.67E+07,1.67E+07,8
5.40386418,16704100,5.553874778,16640200,9,1.67E+07,1.66E+07,7
5.420434779,16997200,5.570581779,16764600,9,1.67E+07,1.65E+07,7
5.437168979,18187300,5.587438279,16810200,9,1.67E+07,1.70E+07,7
5.453867479,15168900,5.604072978,16644900,9,1.67E+07,1.67E+07,7
5.470463278,16660000,5.620660878,16593600,9,1.67E+07,1.67E+07,9
5.487138578,16996400,5.637341579,16665000,9,1.67E+07,1.68E+07,9
5.503910879,16521000,5.654047779,16736800,9,1.67E+07,1.67E+07,9
5.553874778,56446200,5.670803778,16696300,9,1.67E+07,2.44E+07,9
5.554062778,2535600,5.687429578,16635600,7,1.67E+07,2.18E+07,9
5.587438279,30763100,5.704167978,16735700,8,1.67E+07,2.47E+07,9
5.600561178,2802400,5.720879078,16703300,7,1.67E+07,2.18E+07,9
5.602124478,2310300,5.737445178,16596700,8,1.67E+07,1.90E+07,8
5.604072978,4402800,5.754109877,16665800,9,1.67E+07,8562840,7
5.620660878,17666800,5.770855477,16744700,9,1.67E+07,1.16E+07,7
5.637341579,17248600,5.787509877,16660000,9,1.67E+07,8886180,9
5.654047779,15778900,5.804205577,16688900,9,1.67E+07,1.15E+07,9
5.670803778,19184600,5.820934877,16711400,9,1.67E+07,1.49E+07,9
5.687429578,14444800,5.837596277,16637800,9,1.67E+07,1.69E+07,9
5.704167978,16768500,5.854304877,16797900,9,1.67E+07,1.67E+07,9
5.754109877,55995400,5.870923377,16515200,9,1.67E+07,2.44E+07,9
5.754109877,2370800,5.887659777,16758000,7,1.67E+07,2.18E+07,9
5.768188477,1450200,5.904276078,16646400,8,1.67E+07,1.82E+07,8
5.770855477,6876100,5.921100478,16836700,9,1.67E+07,1.67E+07,7
5.787509877,16593800,5.937612877,16506900,9,1.67E+07,1.67E+07,7
5.804205577,15778600,5.954223777,16670700,9,1.67E+07,8613900,9
5.820934877,16925000,5.971066977,16766300,9,1.67E+07,1.15E+07,9
5.837596277,17300600,5.987731377,16710100,9,1.67E+07,1.47E+07,9
5.854304877,16384500,6.004513776,16751000,9,1.67E+07,1.66E+07,9
5.870923377,17521300,6.020996076,17142900,9,1.67E+07,1.68E+07,9
5.921100478,55658300,6.037783877,16148900,9,1.67E+07,2.48E+07,9
5.921100478,2337100,6.054384277,16600500,7,1.67E+07,2.18E+07,9
5.935158477,1626600,6.071089077,16682900,8,1.67E+07,1.87E+07,9
5.937612877,7035500,6.087746777,16661300,9,1.67E+07,1.68E+07,9
5.954223777,15961100,6.104555177,16833600,9,1.67E+07,1.65E+07,9
5.971066977,17288300,6.121215577,16649000,9,1.67E+07,8849720,9
5.987731377,16226500,6.137834877,16604700,9,1.67E+07,1.16E+07,9
6.004513776,17198000,6.154471077,16644600,9,1.67E+07,1.47E+07,9
6.020996076,16629700,6.171297677,16831100,9,1.67E+07,1.67E+07,9
6.037783877,16290200,6.187892277,16595600,9,1.67E+07,1.67E+07,9
6.054384277,16226700,6.204581376,16673400,9,1.67E+07,1.65E+07,9
6.071089077,16907500,6.221201476,16642600,9,1.67E+07,1.67E+07,9
6.087746777,17194000,6.238007376,16782300,9,1.67E+07,1.66E+07,9
6.104555177,16088500,6.254734676,16815700,9,1.67E+07,1.65E+07,9
6.121215577,17587200,6.271306776,16500800,9,1.67E+07,1.68E+07,9
6.137834877,16330000,6.287879376,16628100,9,1.67E+07,1.68E+07,9
6.154471077,16964500,6.304769476,16817500,9,1.67E+07,1.68E+07,9
6.171297677,16430300,6.321416776,16630300,9,1.67E+07,1.67E+07,9
6.187892277,16039100,6.338052976,16653500,9,1.67E+07,1.67E+07,9
6.204581376,17529200,6.354661875,16637300,9,1.67E+07,1.67E+07,9
6.221201476,15768600,6.370925775,16662600,9,1.67E+07,1.65E+07,9
6.238007376,16964200,6.388033875,16735300,9,1.67E+07,1.65E+07,8
6.254734676,16775000,6.404796075,16708700,9,1.67E+07,1.66E+07,7
6.271306776,17253100,6.421537274,16862100,9,1.67E+07,1.69E+07,8
6.287879376,15974100,6.438144675,16486800,9,1.67E+07,1.65E+07,9
6.304769476,16765400,6.454883774,16739000,9,1.67E+07,1.67E+07,9
6.321416776,17411200,6.471207574,16535000,9,1.67E+07,1.68E+07,9
6.338052976,15799000,6.488293374,16877400,9,1.67E+07,1.66E+07,9
6.354661875,16911900,6.504860074,16668100,9,1.67E+07,1.66E+07,9
6.404796075,56055800,6.521437174,16523100,9,1.67E+07,2.46E+07,9
6.404796075,2065500,6.538085274,16735100,7,1.67E+07,2.16E+07,9
6.404996075,1533900,6.554950175,16807400,8,1.67E+07,1.85E+07,8
6.421537274,7346100,6.571512075,16662300,9,1.67E+07,1.68E+07,7
6.438144675,17343800,6.588354375,16709200,9,1.67E+07,1.69E+07,8
6.454883774,16089600,6.604936075,16543500,9,1.67E+07,8875780,7
6.471207574,21919500,6.621484576,16734200,9,1.67E+07,1.28E+07,7
6.488293374,13485500,6.638478176,16917300,9,1.67E+07,1.52E+07,9
6.504860074,15461800,6.654984276,16483900,9,1.67E+07,1.69E+07,8
6.521437174,16219900,6.671836776,16772400,9,1.67E+07,1.66E+07,9
6.571512075,54678400,6.688509975,16720700,9,1.67E+07,2.44E+07,9
6.571512075,3066000,6.705180075,16682500,7,1.67E+07,2.06E+07,9
6.604936075,30308700,6.721729775,16536800,8,1.67E+07,2.39E+07,9
6.604936075,3235600,6.738396575,16654800,7,1.67E+07,2.15E+07,9
6.619531676,2007000,6.755284076,16903800,8,1.67E+07,1.87E+07,9
6.621484576,6510000,6.771831176,16597800,9,1.67E+07,9025460,9
6.652591476,26512200,6.788517776,16945700,9,1.67E+07,1.37E+07,9
6.654984276,7717800,6.805298076,16519500,9,1.67E+07,9196520,9
6.671836776,17264400,6.821952676,16755000,9,1.67E+07,1.20E+07,9
6.688509975,17221300,6.838491277,16483300,9,1.67E+07,1.50E+07,9
6.705180075,16836500,6.855329677,16765800,9,1.67E+07,1.71E+07,9
6.721729775,16869400,6.871972677,16623500,9,1.67E+07,1.52E+07,9
6.738396575,15092200,6.888387777,16538800,9,1.67E+07,1.67E+07,8
6.755284076,18181500,6.905350577,16894000,9,1.67E+07,1.68E+07,7
6.771831176,15534500,6.921857677,16466800,9,1.67E+07,1.65E+07,9
6.788517776,17731900,6.938675678,16885300,9,1.67E+07,1.67E+07,9
6.805298076,15899200,6.955308878,16616700,9,1.67E+07,1.65E+07,9
6.821952676,17410400,6.971989578,16758600,9,1.67E+07,1.70E+07,9
6.838491277,16246200,6.988522178,16602600,9,1.67E+07,1.66E+07,9
6.855329677,15316000,7.005329277,16682800,9,1.67E+07,1.65E+07,9
6.905350577,54207500,7.022101278,16740400,9,1.67E+07,2.38E+07,9
6.905350577,3145500,7.038821977,16872500,7,1.67E+07,2.13E+07,9
6.905350577,1972500,7.055581577,16589300,8,1.67E+07,1.82E+07,9
6.921857677,6872200,7.072064377,16433700,9,1.67E+07,1.63E+07,9
6.938675678,16433800,7.088885777,16737700,9,1.67E+07,1.65E+07,9
6.955308878,17802800,7.105456377,16672800,9,1.67E+07,9245360,9
6.971989578,16478100,7.122138776,16728000,9,1.67E+07,1.19E+07,9
6.988522178,17634400,7.138929076,16706600,9,1.67E+07,1.50E+07,9
7.005329277,15974500,7.155511376,16699000,9,1.67E+07,1.69E+07,9
7.022101278,17866200,7.172287276,16827000,9,1.67E+07,1.72E+07,9
7.038821977,15124600,7.189009276,16572300,9,1.67E+07,1.66E+07,9
7.055581577,17394100,7.205624176,16639400,9,1.67E+07,1.68E+07,9
7.072064377,16032100,7.222378075,16657100,9,1.67E+07,1.65E+07,9
7.088885777,16283500,7.239001976,16645900,9,1.67E+07,1.65E+07,8
7.105456377,17375400,7.255653375,16660000,9,1.67E+07,1.64E+07,7
7.122138776,16147500,7.272345475,16676200,9,1.67E+07,1.66E+07,8
7.138929076,16512600,7.288932775,17163600,9,1.67E+07,1.65E+07,9
7.155511376,16624700,7.305803575,16361000,9,1.67E+07,1.66E+07,9
7.172287276,16512800,7.321401776,16627000,9,1.67E+07,1.66E+07,8
7.189009276,17814000,7.339036675,16619400,9,1.67E+07,1.67E+07,8
7.205624176,15606800,7.355762176,16624200,9,1.67E+07,1.66E+07,9
7.255653375,55548900,7.372474276,16734400,9,1.67E+07,2.44E+07,9
7.255653375,2120300,7.389196976,16755000,7,1.67E+07,2.15E+07,9
7.269295275,2670900,7.405888576,16695500,8,1.67E+07,1.88E+07,9
7.272345475,5676200,7.422584977,16679400,9,1.67E+07,1.63E+07,9
7.288932775,16728300,7.439236077,16645400,9,1.67E+07,1.65E+07,9
7.321401776,32890400,7.455774077,16532800,9,1.67E+07,1.20E+07,9
7.321401776,9796500,7.472606778,16823200,8,1.67E+07,1.36E+07,9
7.339036675,8233400,7.489241878,16707700,9,1.67E+07,1.47E+07,9
7.355762176,16439700,7.505976778,16693200,9,1.67E+07,1.68E+07,9
7.372474276,15908600,7.522621578,16568100,9,1.67E+07,1.67E+07,9
7.389196976,16945700,7.539195178,16620000,9,1.67E+07,1.35E+07,9
7.405888576,18071900,7.555959378,16783200,9,1.67E+07,1.51E+07,9
7.422584977,16780800,7.572703378,16673700,9,1.67E+07,1.68E+07,9
7.439236077,15309800,7.589280378,16577400,9,1.67E+07,1.66E+07,9
7.455774077,16337700,7.605869878,16665400,9,1.67E+07,1.67E+07,9
7.472606778,16797800,7.622739078,16885800,9,1.67E+07,1.67E+07,9
7.489241878,16575200,7.639224478,16516700,9,1.67E+07,1.64E+07,9
7.505976778,16636900,7.656080978,16790800,9,1.67E+07,1.63E+07,9
7.522621578,16782700,7.672672979,16582200,9,1.67E+07,1.66E+07,9
7.539195178,16814900,7.689317778,16647300,9,1.67E+07,1.67E+07,9
7.555959378,17096900,7.706158678,16867200,9,1.67E+07,1.68E+07,9
7.572703378,16380600,7.722650978,16466700,9,1.67E+07,1.67E+07,9
7.589280378,16833300,7.739512778,16899800,9,1.67E+07,1.68E+07,9
7.605869878,16655400,7.756123178,16552900,9,1.67E+07,1.68E+07,9
7.622739078,16378500,7.772606977,16595900,9,1.67E+07,1.67E+07,9
7.639224478,16782500,7.789520677,16936800,9,1.67E+07,1.66E+07,9
7.656080978,16633400,7.806116178,16499700,9,1.67E+07,1.67E+07,9
7.672672979,16633300,7.822820178,16682400,9,1.67E+07,1.66E+07,9
7.689317778,16635500,7.839604478,16808300,9,1.67E+07,1.66E+07,9
7.706158678,17365100,7.856202278,16605700,9,1.67E+07,1.68E+07,9
7.722650978,16027400,7.872832578,16629300,9,1.67E+07,1.67E+07,9
7.739512778,16855700,7.889529378,16677900,9,1.67E+07,1.67E+07,9
7.756123178,17098400,7.906046778,16602000,9,1.67E+07,1.68E+07,9
7.772606977,16552600,7.922926678,16783900,9,1.67E+07,1.68E+07,9
7.789520677,16674700,7.939563778,16656300,9,1.67E+07,1.66E+07,9
7.806116178,16495900,7.956322977,16747700,9,1.67E+07,1.67E+07,9
7.822820178,16071200,7.973009877,16678100,9,1.67E+07,1.66E+07,8
7.839604478,16919300,7.989665278,16694400,9,1.67E+07,1.65E+07,9
7.856202278,17021200,8.006354478,16636800,9,1.67E+07,1.66E+07,8
7.872832578,16656500,8.022932278,16597100,9,1.67E+07,1.66E+07,7
7.889529378,16766200,8.039789678,16852600,9,1.67E+07,1.67E+07,8
7.906046778,16655700,8.056458478,16683700,9,1.67E+07,1.68E+07,9
7.922926678,16340500,8.073121178,16662900,9,1.67E+07,1.67E+07,9
7.939563778,17146900,8.089777778,16666500,9,1.67E+07,1.67E+07,9
7.956528077,25979100,8.106514678,16729100,9,1.67E+07,1.86E+07,9
7.973009877,6943900,8.123088178,16635100,9,1.67E+07,1.66E+07,9
8.022932278,56229800,8.139738178,16570600,9,1.67E+07,2.45E+07,9
8.022932278,2716400,8.156369478,16649700,7,1.67E+07,2.18E+07,9
8.036890578,2257600,8.173048377,16696300,8,1.67E+07,1.88E+07,9
8.039789678,6317400,8.189714977,16674900,9,1.67E+07,1.49E+07,9
8.056458478,16670400,8.206422077,16656900,9,1.67E+07,1.68E+07,9
8.073121178,16771700,8.223119977,16703700,9,1.67E+07,8946700,9
8.089777778,17337400,8.239705077,16663300,9,1.67E+07,1.19E+07,9
8.106514678,16271600,8.256462677,16785500,9,1.67E+07,1.47E+07,9
8.123088178,15763600,8.273236777,16650400,9,1.67E+07,1.66E+07,8
8.139738178,16281100,8.289944478,16729000,9,1.67E+07,1.65E+07,7
8.156369478,16822700,8.306511777,16570700,9,1.67E+07,1.65E+07,9
8.173048377,16526100,8.323222977,16847900,9,1.67E+07,1.63E+07,9
8.189714977,16777600,8.339784476,16892500,9,1.67E+07,1.64E+07,9
8.206422077,16625100,8.356700776,16457000,9,1.67E+07,1.66E+07,9
8.223119977,19939300,8.373260777,16678400,9,1.67E+07,1.73E+07,9
8.239705077,13682900,8.390040676,16704000,9,1.67E+07,1.67E+07,9
8.289944478,56346700,8.406717277,16630100,9,1.67E+07,2.47E+07,9
8.289944478,1776100,8.423439276,16734700,7,1.67E+07,2.17E+07,9
8.289944478,1098000,8.440078876,16774300,8,1.67E+07,1.86E+07,9
8.306511777,7586100,8.456750476,16484900,9,1.67E+07,1.61E+07,8
8.323222977,17663200,8.473459777,16742900,9,1.67E+07,1.69E+07,7
8.339784476,16728000,8.473660177,16680000,9,1.67E+07,8970280,9
8.356700776,16523200,8.506617877,16695300,9,1.67E+07,1.19E+07,9
8.373260777,16052400,8.523557577,16756800,9,1.67E+07,1.49E+07,8
8.390040676,16975300,8.540193077,16604100,9,1.67E+07,1.68E+07,7
8.406717277,15894100,8.556350377,16672500,9,1.67E+07,1.64E+07,9
8.423439276,17087300,8.573396977,16572600,9,1.67E+07,1.65E+07,9
8.473459777,54508500,8.590199877,16891500,9,1.67E+07,2.41E+07,9
8.473459777,1866700,8.606774677,16533100,7,1.67E+07,2.13E+07,9
8.473459777,1398300,8.623349877,16632700,8,1.67E+07,1.82E+07,9
8.473660177,9156400,8.640015777,16687200,9,1.67E+07,1.68E+07,9
8.540193077,55815400,8.656999777,16813600,9,1.67E+07,2.45E+07,9
8.540193077,1436600,8.673546077,16547600,7,1.67E+07,1.39E+07,9
8.540193077,1578300,8.690254777,16797600,8,1.67E+07,1.39E+07,9
8.556350377,8349900,8.706732676,16530900,9,1.67E+07,1.53E+07,9
8.573396977,15590100,8.723678476,16902600,9,1.67E+07,1.66E+07,9
8.590199877,16846700,8.740336376,16632500,9,1.67E+07,8760320,9
8.606774677,17211900,8.756775176,16513800,9,1.67E+07,1.19E+07,9
8.623349877,17003500,8.757119176,17236700,9,1.67E+07,1.50E+07,9
8.640015777,16677500,8.774354876,16462100,9,1.67E+07,1.67E+07,9
8.656999777,16291600,8.790814976,17378300,9,1.67E+07,1.68E+07,9
8.673546077,16337500,8.808192476,16198200,9,1.67E+07,1.67E+07,9
8.690254777,17236100,8.824384776,16860900,9,1.67E+07,1.67E+07,9
8.706732676,16821900,8.841246775,17127400,9,1.67E+07,1.67E+07,9
8.723678476,16707300,8.858378976,17756500,9,1.67E+07,1.67E+07,9
8.740336376,17160900,8.875871775,17442000,9,1.67E+07,1.69E+07,9
8.756775176,18044200,8.893572475,18624100,9,1.67E+07,1.72E+07,9
8.757119176,15843300,8.912179475,16683200,9,1.67E+07,1.69E+07,9
8.774354876,16777300,8.928886774,13193700,9,1.67E+07,1.69E+07,9
8.790814976,16318400,8.942079174,15218200,9,1.67E+07,1.68E+07,9
8.808192476,16229000,8.973707974,16790800,9,1.67E+07,1.66E+07,9
8.824384776,18222900,8.990498974,16751300,9,1.67E+07,1.67E+07,9
8.841246775,16172300,9.007108073,16622900,9,1.67E+07,1.67E+07,9
8.858378976,17324800,9.023719473,17022200,9,1.67E+07,1.69E+07,9
8.875871775,17004300,9.040126673,16330000,9,1.67E+07,1.70E+07,9
8.875871775,14555600,9.056778773,16704500,9,1.67E+07,1.67E+07,9
8.893572475,16952900,9.057490273,17986600,10,1.67E+07,1.64E+07,9
8.928886774,17680400,9.075420073,15959600,10,1.67E+07,1.67E+07,9
8.942079174,16413800,9.106793773,16110500,9,1.67E+07,1.65E+07,9
8.973707974,15762800,9.123991173,16716100,9,1.67E+07,1.63E+07,9
8.990498974,16957400,9.140444173,16835700,9,1.67E+07,1.68E+07,9
9.007108073,16507900,9.157340172,16522700,9,1.67E+07,1.67E+07,9
9.023719473,16389300,9.173962372,17043800,9,1.67E+07,1.64E+07,9
9.040126673,16382000,9.190375772,16500100,9,1.67E+07,1.64E+07,9
9.056778773,17558300,9.206984473,16535000,9,1.67E+07,1.68E+07,8
9.057490273,17582900,9.223818972,16534200,9,1.67E+07,1.69E+07,7
9.075420073,16387700,9.224259172,16814200,9,1.67E+07,1.69E+07,9
9.106793773,16993200,9.241076772,16846600,9,1.67E+07,1.70E+07,9
9.123991173,16423500,9.257924172,17024400,9,1.67E+07,1.70E+07,9
9.140444173,16304100,9.274942872,16191500,9,1.67E+07,1.67E+07,9
9.157340172,16653800,9.307005172,16559800,9,1.67E+07,1.66E+07,9
9.173962372,16762200,9.324164672,17189600,9,1.67E+07,1.66E+07,9
9.223818972,55432300,9.340729272,16852900,9,1.67E+07,2.43E+07,9
9.223818972,1859000,9.341730072,18417100,7,1.67E+07,2.14E+07,9
9.223818972,1597800,9.360160272,18928200,8,1.67E+07,1.85E+07,9
9.224259172,8134600,9.379088472,17195400,9,1.67E+07,1.68E+07,9
9.241076772,16881300,9.396284872,15120100,9,1.67E+07,1.68E+07,8
9.257924172,16616100,9.411405572,19052300,9,1.67E+07,9017760,10
9.274942872,15630300,9.430455471,15639100,9,1.67E+07,1.18E+07,10
9.307005172,17793100,9.446088572,17033500,9,1.67E+07,1.50E+07,10
9.324164672,22420900,9.463110472,17300300,9,1.67E+07,1.79E+07,10
9.340729272,11303100,9.480430872,15646700,9,1.67E+07,1.68E+07,10
9.341730072,16733700,9.496076972,15816200,9,1.67E+07,1.68E+07,9
9.360160272,18216100,9.511889373,13432500,9,1.67E+07,1.73E+07,9
9.396284872,33386100,9.541137673,15981000,9,1.67E+07,2.04E+07,9
9.396284872,2933800,9.557708973,16590200,8,1.67E+07,1.65E+07,9
9.396284872,8672200,9.574278573,16738000,9,1.67E+07,1.60E+07,9
9.411405572,17489800,9.591033273,16594600,10,1.67E+07,1.61E+07,9
9.430455471,16235000,9.607806772,16786100,10,1.67E+07,1.57E+07,9
9.446088572,16458600,9.624432873,16605400,10,1.67E+07,1.24E+07,9
9.463110472,17447200,9.641161972,16796800,10,1.67E+07,1.53E+07,9
9.496076972,16965900,9.657794972,16565800,10,1.67E+07,1.69E+07,9
9.511889373,16986300,9.674458872,16710300,10,1.67E+07,1.68E+07,9
9.541137673,16382100,9.691270372,16747200,9,1.67E+07,1.68E+07,9
9.557708973,16180900,9.707720972,16585900,9,1.67E+07,1.68E+07,9
9.574278573,15826500,9.724543972,16729200,9,1.67E+07,1.65E+07,9
9.591033273,17969100,9.741342472,16724400,9,1.67E+07,1.67E+07,9
9.607806772,17016900,9.757744372,16604000,9,1.67E+07,1.67E+07,9
9.624432873,16023000,9.774610372,16708900,9,1.67E+07,1.66E+07,9
9.641161972,17328900,9.791297372,16692500,9,1.67E+07,1.68E+07,9
9.657794972,16706200,9.808042672,16799800,9,1.67E+07,1.70E+07,9
9.674458872,17389400,9.824595472,16573600,9,1.67E+07,1.69E+07,9
9.691270372,15913300,9.841354972,16704600,9,1.67E+07,1.67E+07,9
9.707720972,16255600,9.858041772,16643400,9,1.67E+07,1.67E+07,9
9.724543972,16874600,9.874634173,16676600,9,1.67E+07,1.66E+07,9
9.741342472,16847500,9.891349172,16644000,9,1.67E+07,1.67E+07,9
9.757744372,17152100,9.908108573,16768200,9,1.67E+07,1.66E+07,9
9.774610372,15758500,9.924559073,16531600,9,1.67E+07,1.66E+07,9
9.791297372,16924500,9.941300573,16681500,9,1.67E+07,1.67E+07,9
9.808042672,16737300,9.958154073,16797500,9,1.67E+07,1.67E+07,9
9.824595472,16419900,9.974873674,16844300,9,1.67E+07,1.66E+07,9
9.841354972,16654500,9.991377074,16512700,9,1.67E+07,1.65E+07,9
9.858041772,16956800,10.00800957,16697500,9,1.67E+07,1.67E+07,9
9.874634173,18360700,10.02475427,16562000,9,1.67E+07,1.70E+07,9
9.891349172,15077400,10.04159557,16813000,9,1.67E+07,1.67E+07,9
9.908108573,16805400,10.05827137,16772400,9,1.67E+07,1.68E+07,9
9.924559073,16441600,10.07480267,16574900,9,1.67E+07,1.67E+07,9
9.941300573,16723300,10.09158607,16761800,9,1.67E+07,1.67E+07,9
9.958154073,17079200,10.10816077,16580300,9,1.67E+07,1.64E+07,9
9.974873674,16846100,10.12486557,16603000,9,1.67E+07,1.68E+07,9
9.991377074,16441000,10.14151577,16725100,9,1.67E+07,1.67E+07,9
10.00800957,17239300,10.15832567,16795900,9,1.67E+07,1.69E+07,9
10.02475427,16450600,10.17499207,16785700,9,1.67E+07,1.68E+07,9
10.04159557,16006600,10.19161967,16550900,9,1.67E+07,1.66E+07,9
10.05827137,16081300,10.20820777,16647700,9,1.67E+07,1.64E+07,9
10.07480267,16301400,10.22502597,16703700,9,1.67E+07,1.64E+07,9
10.09158607,17062600,10.24168907,16596900,9,1.67E+07,1.64E+07,9
10.10816077,17251200,10.25824827,16639900,9,1.67E+07,1.65E+07,9
10.12486557,16707100,10.27483197,16645300,9,1.67E+07,1.67E+07,9
10.14151577,16509000,10.29158417,16764000,9,1.67E+07,1.68E+07,9
10.15832567,16989400,10.30842567,16695900,9,1.67E+07,1.69E+07,9
10.17499207,16407700,10.32502407,16632900,9,1.67E+07,1.68E+07,9
10.19161967,16561700,10.34183797,16885700,9,1.67E+07,1.66E+07,9
10.20820777,17384000,10.35846757,16666200,9,1.67E+07,1.68E+07,9
10.22502597,16246200,10.37491777,16459100,9,1.67E+07,1.67E+07,9
10.24168907,16874000,10.39184397,16892500,9,1.67E+07,1.67E+07,9
10.25824827,16411800,10.40839407,16584200,9,1.67E+07,1.67E+07,9
10.27483197,17120100,10.42524457,16738600,9,1.67E+07,1.68E+07,9
10.29158417,16015400,10.44190807,16657100,9,1.67E+07,1.65E+07,9
10.30842567,17195500,10.45855197,16644400,9,1.67E+07,1.67E+07,9
10.32502407,16852400,10.47514537,16660000,9,1.67E+07,1.67E+07,9
10.34183797,16009600,10.49179317,16640600,9,1.67E+07,1.66E+07,9
10.35846757,17088400,10.50851087,16645000,9,1.67E+07,1.66E+07,9
10.37491777,16626900,10.52527487,16837500,9,1.67E+07,1.68E+07,9
10.39184397,16581500,10.54189427,16681500,9,1.67E+07,1.66E+07,9
10.40839407,17435600,10.55861527,16602000,9,1.67E+07,1.67E+07,9
10.42524457,15496300,10.57524017,16662900,9,1.67E+07,1.66E+07,9
10.44190807,17107700,10.59202137,16707800,9,1.67E+07,1.66E+07,9
10.45855197,17200400,10.60861537,16606600,9,1.67E+07,1.68E+07,9
10.47514537,16081100,10.62536217,16746600,9,1.67E+07,1.67E+07,9
10.49179317,17296600,10.64206997,16727200,9,1.67E+07,1.66E+07,9
10.50851087,15516400,10.65871188,16662000,9,1.67E+07,1.66E+07,9
10.52527487,17063300,10.67531837,16669800,9,1.67E+07,1.66E+07,9
10.54189427,16793000,10.69193517,16603200,9,1.67E+07,1.66E+07,9
10.55861527,16263700,10.70880608,16792600,9,1.67E+07,1.66E+07,9
10.57524017,16947700,10.72529307,16591200,9,1.67E+07,1.65E+07,9
10.59202137,16896600,10.74213347,16855200,9,1.67E+07,1.68E+07,9
10.60861537,17314500,10.75878517,16493600,9,1.67E+07,1.68E+07,9
10.62536217,16874800,10.77547107,16782000,9,1.67E+07,1.69E+07,9
10.64206997,15498500,10.79209637,16592400,9,1.67E+07,1.67E+07,9
10.65871188,17142200,10.80883297,16734100,9,1.67E+07,1.67E+07,9
10.67531837,16347000,10.82542747,16643100,9,1.67E+07,1.66E+07,9
10.69193517,16762400,10.84203757,16639100,9,1.67E+07,1.65E+07,9
10.70880608,17076800,10.85876277,16637100,9,1.67E+07,1.66E+07,9
10.72529307,15621900,10.87555578,16839400,9,1.67E+07,1.66E+07,9
10.74213347,16859600,10.89220737,16626900,9,1.67E+07,1.65E+07,9
10.75878517,16949600,10.90881068,16646000,9,1.67E+07,1.67E+07,9
10.77547107,17330200,10.92564297,16878000,9,1.67E+07,1.68E+07,9
10.79209637,16677300,10.94224987,16461500,9,1.67E+07,1.67E+07,9
10.80883297,15895200,10.95896428,16850100,9,1.67E+07,1.67E+07,9
10.82542747,17177600,10.97570918,16696100,9,1.67E+07,1.68E+07,9
10.84203757,16307700,10.99226488,16519600,9,1.67E+07,1.67E+07,9
10.85876277,17487900,11.00887728,16641000,9,1.67E+07,1.67E+07,9
10.87555578,16557600,11.02557778,16654900,9,1.67E+07,1.67E+07,9
10.89220737,15878800,11.04242318,16823700,9,1.67E+07,1.67E+07,9
10.90881068,17225600,11.05893228,16626800,9,1.67E+07,1.67E+07,9
10.92564297,16068800,11.07572608,16830500,9,1.67E+07,1.66E+07,9
10.94224987,17599100,11.09218808,16423400,9,1.67E+07,1.67E+07,9
10.95896428,16739700,11.10897908,16730300,9,1.67E+07,1.67E+07,9
10.97570918,16475200,11.12570858,16696000,9,1.67E+07,1.68E+07,9
10.99226488,16349400,11.14250348,16813800,9,1.67E+07,1.66E+07,8
11.00887728,16392900,11.15899848,16568400,9,1.67E+07,1.67E+07,7
11.02557778,17853000,11.15928788,16769100,9,1.67E+07,1.68E+07,9
11.04242318,16158900,11.19243898,16913300,9,1.67E+07,1.66E+07,9
11.05893228,16707700,11.20900458,16315000,9,1.67E+07,1.67E+07,9
11.07572608,16399200,11.22573188,16646300,9,1.67E+07,1.67E+07,9
11.09218808,15741900,11.24248508,16953600,9,1.67E+07,1.66E+07,9
11.10897908,17567000,11.25913488,16475000,9,1.67E+07,1.65E+07,9
11.15899848,54978500,11.27580058,16688200,9,1.67E+07,2.43E+07,9
11.15899848,1176100,11.29245658,16810400,7,1.67E+07,2.12E+07,9
11.15899848,1861900,11.30861218,16496300,8,1.67E+07,1.83E+07,9
11.15928788,8914900,11.32588268,16909000,9,1.67E+07,1.69E+07,9
11.19243898,16633300,11.34254178,16576100,9,1.67E+07,1.67E+07,8
11.20900458,16215500,11.35920638,16571300,9,1.67E+07,8960340,7
11.22573188,16979100,11.37593388,16812900,9,1.67E+07,1.21E+07,9
11.24248508,17129800,11.39272318,16685700,9,1.67E+07,1.52E+07,9
11.25913488,16103900,11.40932178,16677800,9,1.67E+07,1.66E+07,9
11.27580058,17196200,11.42580868,16576800,9,1.67E+07,1.67E+07,9
11.29245658,16791900,11.44258238,16705600,9,1.67E+07,1.68E+07,9
11.30861218,16554600,11.44286608,19274100,9,1.67E+07,1.68E+07,9
11.35920638,54312800,11.46213538,15396400,9,1.67E+07,2.42E+07,8
11.35920638,2121000,11.47744648,18826200,7,1.67E+07,2.14E+07,9
11.35920638,2002100,11.49634818,17549500,8,1.67E+07,1.84E+07,9
11.37593388,8988400,11.51388388,16631100,9,1.67E+07,1.68E+07,10
11.39272318,15348200,11.53053958,17173200,9,1.67E+07,1.66E+07,10
11.40932178,18234700,11.54770268,15833400,9,1.67E+07,9338880,10
11.42580868,15443700,11.56354498,14753700,9,1.67E+07,1.20E+07,9
11.44258238,18859400,11.57829948,16793300,9,1.67E+07,1.54E+07,9
11.46213538,32714300,11.59509078,16813400,9,1.67E+07,2.01E+07,9
11.46213538,3001700,11.61190458,16618000,8,1.67E+07,1.77E+07,9
11.47744648,14167800,11.62851978,20031600,9,1.67E+07,1.68E+07,9
11.49634818,16283500,11.64853878,16002100,9,1.67E+07,1.70E+07,9
11.49634818,15131200,11.66455628,16319100,9,1.67E+07,1.63E+07,9
11.51388388,16511700,11.68086788,17033300,10,1.67E+07,1.30E+07,10
11.53053958,15793900,11.69787708,15945400,10,1.67E+07,1.56E+07,10
11.56354498,20031900,11.71385468,15189800,10,1.67E+07,1.68E+07,9
11.57829948,16273300,11.72904408,15889000,9,1.67E+07,1.67E+07,9
11.59509078,16949800,11.74493288,15026600,9,1.67E+07,1.71E+07,9
11.61190458,17574400,11.77617628,16915700,9,1.67E+07,1.73E+07,9
11.62851978,15486700,11.77687018,17441600,9,1.67E+07,1.73E+07,9
11.64853878,15748800,11.79431468,17850100,10,1.67E+07,1.64E+07,9
11.66455628,17707300,11.81216318,19015500,10,1.67E+07,1.67E+07,10
11.66455628,15385300,11.83118338,17135800,9,1.67E+07,1.64E+07,10
11.68086788,15629100,11.84831918,17234800,10,1.67E+07,1.60E+07,9
11.71385468,19121900,11.86555488,16234500,10,1.67E+07,1.67E+07,9
11.72904408,16309900,11.88179018,16401800,9,1.67E+07,1.68E+07,10
11.74493288,16633500,11.89817298,16065500,9,1.67E+07,1.66E+07,10
11.77617628,16398200,11.91425768,16728500,9,1.67E+07,1.68E+07,9
11.77687018,16785000,11.93098758,16909900,9,1.67E+07,1.70E+07,9
11.79431468,17487300,11.94787518,17636800,9,1.67E+07,1.67E+07,9
11.79431468,13548700,11.96550928,16622900,9,1.67E+07,1.62E+07,10
11.81216318,17422200,11.98215618,15766900,10,1.67E+07,1.63E+07,10
11.84831918,18579300,11.99792028,15927100,10,1.67E+07,1.68E+07,10
11.86555488,16268900,12.01384258,14065300,10,1.67E+07,1.67E+07,9
11.86555488,15762800,12.04327278,16116100,10,1.67E+07,1.63E+07,9
11.88179018,16405000,12.05984648,16411000,10,1.67E+07,1.69E+07,9
11.91425768,17039600,12.07608608,16376100,10,1.67E+07,1.68E+07,9
11.93098758,17235600,12.09332358,16843400,10,1.67E+07,1.65E+07,9
11.94787518,17503400,12.09366508,17497100,9,1.67E+07,1.68E+07,9
11.94787518,15155200,12.11115598,16133200,10,1.67E+07,1.67E+07,8
11.96550928,16016100,12.12728908,21230200,10,1.67E+07,1.66E+07,9
11.98215618,16472200,12.14842608,17037800,10,1.67E+07,1.65E+07,9
12.01384258,18704000,12.16555898,14893600,10,1.67E+07,1.68E+07,9
12.04327278,15992900,12.18045258,15956800,9,1.67E+07,1.65E+07,9
12.05984648,17129700,12.19640928,14176300,9,1.67E+07,1.69E+07,9
12.07608608,17033000,12.22669048,16293900,9,1.67E+07,1.71E+07,9
12.09332358,15911400,12.24331648,16639700,9,1.67E+07,1.70E+07,9
12.11115598,32879800,12.25995008,16713400,9,1.67E+07,1.98E+07,9
12.11115598,2364900,12.27684088,16871600,8,1.67E+07,1.71E+07,9
12.12728908,15257100,12.29352938,16619100,9,1.67E+07,1.67E+07,9
12.14842608,16703000,12.31010848,16661100,10,1.67E+07,1.66E+07,9
12.16555898,19967100,12.32675828,16565300,10,1.67E+07,1.74E+07,9
12.18045258,12997800,12.34337198,16696900,9,1.67E+07,1.35E+07,9
12.19640928,15686700,12.36024668,16818500,9,1.67E+07,1.61E+07,9
12.22669048,16403300,12.37681538,16646900,9,1.67E+07,1.64E+07,9
12.24331648,15537600,12.39348968,16725300,9,1.67E+07,1.61E+07,9
12.25995008,17025000,12.41018098,16680300,9,1.67E+07,1.55E+07,9
12.27684088,16678300,12.42664218,16481600,9,1.67E+07,1.63E+07,9
12.29352938,16393100,12.44351218,16801000,9,1.67E+07,1.64E+07,9
12.31010848,16947300,12.46019608,16647400,9,1.67E+07,1.65E+07,9
12.32675828,16634400,12.47697728,16670200,9,1.67E+07,1.67E+07,9
12.34337198,17273600,12.49363048,16752000,9,1.67E+07,1.68E+07,9
12.36024668,16277700,12.51024418,16651900,9,1.67E+07,1.67E+07,9
12.37681538,16770000,12.52686008,16589100,9,1.67E+07,1.68E+07,9
12.39348968,16599000,12.54345338,16628900,9,1.67E+07,1.67E+07,9
12.41018098,16416300,12.56034338,16775600,9,1.67E+07,1.67E+07,8
12.42664218,17093600,12.57700878,16762000,9,1.67E+07,1.66E+07,7
12.44351218,16597600,12.59363938,16535900,9,1.67E+07,1.67E+07,9
12.46019608,16530900,12.61037078,16826800,9,1.67E+07,1.66E+07,9
12.47697728,16513000,12.62705238,16708800,9,1.67E+07,1.66E+07,9
12.49363048,16822400,12.64364308,16554300,9,1.67E+07,1.67E+07,9
12.51024418,17083500,12.66043878,16740000,9,1.67E+07,1.67E+07,9
12.52686008,16340200,12.67695328,16508700,9,1.67E+07,1.67E+07,9
12.57700878,55594500,12.69365528,16701200,9,1.67E+07,2.45E+07,9
12.57700878,1012100,12.71005958,17235300,7,1.67E+07,2.14E+07,9
12.57700878,1369900,12.72716698,16266800,8,1.67E+07,1.83E+07,9
12.59363938,8911500,12.74375858,16615100,9,1.67E+07,1.66E+07,9
12.61037078,15924100,12.76026088,16594000,9,1.67E+07,1.66E+07,9
12.62705238,16810600,12.77715048,16833600,9,1.67E+07,8805640,9
12.64364308,16387800,12.79362078,16509100,9,1.67E+07,1.19E+07,9
12.66043878,16940400,12.81045598,16864900,9,1.67E+07,1.50E+07,9
12.67695328,16643800,12.82704268,16527000,9,1.67E+07,1.65E+07,9
12.69365528,16144400,12.84365678,16654600,9,1.67E+07,1.66E+07,9
12.71005958,17125600,12.86061308,16852700,9,1.67E+07,1.66E+07,9
12.72716698,16979400,12.87730668,16707600,9,1.67E+07,1.68E+07,9
12.74375858,17067000,12.89386838,16567800,9,1.67E+07,1.68E+07,9
12.76026088,17330900,12.91060458,16733600,9,1.67E+07,1.69E+07,9
12.77715048,15976800,12.92719438,16575700,9,1.67E+07,1.69E+07,9
12.79362078,16148800,12.94389108,16684400,9,1.67E+07,1.67E+07,9
12.81045598,17908100,12.96059848,16711200,9,1.67E+07,1.69E+07,9
12.82704268,17138100,12.97722518,16614000,9,1.67E+07,1.69E+07,9
12.84365678,15283700,12.99398998,16879100,9,1.67E+07,1.65E+07,9
12.86061308,17067300,13.01043078,16495100,9,1.67E+07,1.67E+07,9
12.87730668,16289400,13.02735058,16763900,9,1.67E+07,1.67E+07,9
12.89386838,17489900,13.04393868,16603200,9,1.67E+07,1.67E+07,9
12.91060458,16290400,13.06067368,16806100,9,1.67E+07,1.65E+07,9
12.92719438,16637600,13.07722218,16627400,9,1.67E+07,1.68E+07,9
12.94389108,16030200,13.09406628,16737000,9,1.67E+07,1.65E+07,9
12.96059848,17574500,13.11067848,16567800,9,1.67E+07,1.68E+07,9
12.97722518,16028600,13.12747078,16779200,9,1.67E+07,1.65E+07,9
12.99398998,16596900,13.14415708,17188400,9,1.67E+07,1.66E+07,9
13.01043078,16869900,13.16047438,16027100,9,1.67E+07,1.66E+07,9
13.02735058,16824100,13.17708128,16745800,9,1.67E+07,1.68E+07,9
13.04393868,16737300,13.19419698,16850400,9,1.67E+07,1.66E+07,9
13.06067368,16793200,13.21074208,16519800,9,1.67E+07,1.68E+07,9
13.07722218,16585200,13.22757088,16840500,9,1.67E+07,1.68E+07,9
13.09406628,16048400,13.24420848,16608900,9,1.67E+07,1.66E+07,9
13.11067848,17040200,13.26086458,16772800,9,1.67E+07,1.66E+07,9
13.12747078,17546100,13.27748238,16463800,9,1.67E+07,1.68E+07,9
13.14415708,27184800,13.29407858,16661700,9,1.67E+07,1.89E+07,9
13.16047438,6159400,13.31083458,16689400,9,1.67E+07,1.68E+07,9
13.17708128,15621600,13.32759508,16755400,9,1.67E+07,1.67E+07,9
13.19419698,16929200,13.34421828,16665800,9,1.67E+07,1.67E+07,9
13.21074208,16361700,13.36084018,16655800,9,1.67E+07,1.65E+07,8
13.22757088,17056600,13.37762568,16794900,9,1.67E+07,1.44E+07,9
13.24420848,16535000,13.39430138,16675900,9,1.67E+07,1.65E+07,9
13.26086458,16578800,13.41099258,16604900,9,1.67E+07,1.67E+07,9
13.27748238,16430900,13.42752098,16597300,9,1.67E+07,1.66E+07,9
13.29407858,16070900,13.44427998,16664500,9,1.67E+07,1.65E+07,9
13.31083458,17465300,13.46105578,16815900,9,1.67E+07,1.66E+07,9
13.32759508,16194600,13.47763038,16593900,9,1.67E+07,1.65E+07,9
13.34421828,29583100,13.49429178,16680700,9,1.67E+07,1.91E+07,9
13.36084018,4215300,13.51110318,16758500,9,1.67E+07,1.67E+07,9
13.37762568,17167300,13.52768698,16603500,9,1.67E+07,1.69E+07,9
13.39430138,16453400,13.54443238,16766800,9,1.67E+07,1.67E+07,9
13.41099258,17020100,13.56116208,16711400,9,1.67E+07,1.69E+07,9
13.42752098,16761400,13.57777908,16594500,9,1.67E+07,1.43E+07,9
13.44427998,16622700,13.59450118,16718700,9,1.67E+07,1.68E+07,9
13.46105578,15837300,13.61113728,16591200,9,1.67E+07,1.65E+07,9
13.47763038,16618700,13.62788948,16759200,9,1.67E+07,1.66E+07,9
13.49429178,17034400,13.64455308,16768400,9,1.67E+07,1.66E+07,9
13.51110318,16370900,13.66110048,16523400,9,1.67E+07,1.65E+07,9
13.52768698,17483700,13.67788908,16805100,9,1.67E+07,1.67E+07,9
13.54443238,16104900,13.69460688,16720700,9,1.67E+07,1.67E+07,9
13.56116208,16847300,13.71117568,16547800,9,1.67E+07,1.68E+07,9
13.57777908,16908500,13.72792948,16781800,9,1.67E+07,1.67E+07,8
13.59450118,16458900,13.74456668,16519400,9,1.67E+07,1.68E+07,7
13.61113728,16674100,13.76132868,16809200,9,1.67E+07,1.66E+07,7
13.62788948,16697800,13.77793638,16673700,9,1.67E+07,1.67E+07,7
13.64455308,17044800,13.79461428,16602900,9,1.67E+07,1.68E+07,6
13.66110048,16507700,13.81144488,16868600,9,1.67E+07,1.67E+07,5
13.67788908,16720600,13.82816778,16699200,9,1.67E+07,1.67E+07,7
13.69460688,16597200,13.84473938,16653100,9,1.67E+07,1.67E+07,7
13.74456668,50789800,13.86148768,16714000,9,1.67E+07,2.35E+07,7
13.76132868,16396400,13.87818938,16642100,7,1.67E+07,2.34E+07,7
13.81144488,56198600,13.89501288,16921000,7,1.68E+07,3.13E+07,7
13.81144488,1533900,13.91159368,16498200,5,1.67E+07,2.83E+07,7
13.81144488,1287100,13.92837878,16811200,6,1.67E+07,2.52E+07,7
13.82816778,7668600,13.94501658,16685600,7,1.67E+07,1.66E+07,7
13.84473938,16837000,13.96174008,16670100,7,1.67E+07,1.67E+07,7
13.86148768,17106500,13.96196308,17965200,7,1.67E+07,8886620,7
13.87818938,16330200,13.97990118,16517700,7,1.67E+07,1.18E+07,7
13.89501288,16542100,14.01194148,15971700,7,1.67E+07,1.49E+07,7
13.91159368,17094100,14.02841218,16409800,7,1.67E+07,1.68E+07,7
13.92837878,16094000,14.04498858,16973200,7,1.67E+07,1.66E+07,7
13.94501658,17108800,14.06193548,16465300,7,1.67E+07,1.66E+07,7
13.96174008,18517800,14.07883088,18111100,7,1.67E+07,1.71E+07,7
13.96196308,16673900,14.09553238,15608500,7,1.67E+07,1.71E+07,7
13.97990118,15263900,14.11213618,16419400,7,1.67E+07,1.67E+07,6
14.01194148,17562200,14.12903118,17958800,7,1.67E+07,1.70E+07,5
14.02841218,15362700,14.13035558,15928300,7,1.67E+07,1.67E+07,7
14.04498858,17111800,14.16204028,16495700,7,1.67E+07,1.64E+07,6
14.06193548,17169300,14.17909548,17509500,7,1.67E+07,1.65E+07,5
14.07883088,16764500,14.18028698,15820000,7,1.67E+07,1.68E+07,7
14.12903118,53721900,14.21237288,17570800,7,1.68E+07,2.40E+07,7
14.12903118,2213900,14.22871268,16681400,5,1.67E+07,2.14E+07,7
14.12903118,1428900,14.24557688,16800200,6,1.67E+07,1.83E+07,7
14.17909548,46273900,14.26216998,16921700,7,1.68E+07,2.41E+07,7
14.17909548,1699000,14.26406788,15649800,5,1.67E+07,2.11E+07,7
14.17909548,1626500,14.29606508,18439300,6,1.67E+07,1.06E+07,7
14.18028698,9408300,14.31257638,15165400,7,1.67E+07,1.21E+07,7
14.21237288,16009600,14.32939548,18488500,7,1.67E+07,1.50E+07,7
14.22871268,16802100,14.33179918,15720000,7,1.67E+07,9109100,7
14.24557688,16034700,14.34754388,16321700,7,1.67E+07,1.20E+07,7
14.26216998,17858500,14.37947568,18043500,7,1.67E+07,1.52E+07,7
14.26406788,15123500,14.38187098,15344000,7,1.67E+07,1.64E+07,7
14.29606508,19747000,14.41269058,17847500,7,1.67E+07,1.71E+07,7
14.31257638,16333600,14.41508758,17443400,7,1.67E+07,1.70E+07,7
14.32939548,15003400,14.43245758,14764000,7,1.67E+07,1.68E+07,7
14.33179918,17323500,14.46321408,17021100,7,1.67E+07,1.67E+07,7
14.34754388,17164800,14.46429728,16584200,7,1.67E+07,1.71E+07,7
14.37947568,15629400,14.48087688,19347500,7,1.67E+07,1.63E+07,8
14.38187098,16739300,14.50026038,15528300,7,1.67E+07,1.64E+07,7
14.41269058,18801700,14.51578778,15539700,7,1.67E+07,1.71E+07,7
14.41508758,14669100,14.54567138,16481000,7,1.67E+07,1.66E+07,7
14.43245758,18787600,14.56320158,16812600,8,1.67E+07,1.69E+07,7
14.46321408,17018600,14.56461808,17153900,7,1.67E+07,1.72E+07,7
14.46429728,17692400,14.59689208,17896500,7,1.67E+07,1.74E+07,7
14.46429728,12296700,14.59966968,17171600,7,1.67E+07,1.61E+07,8
14.50026038,17613500,14.61682528,15114600,8,1.67E+07,1.67E+07,7
14.50026038,15393600,14.63195048,16543400,8,1.67E+07,1.60E+07,7
14.54567138,18771700,14.64850348,17141500,8,1.67E+07,1.64E+07,7
14.56320158,15790100,14.66562758,15321800,7,1.67E+07,1.60E+07,7
14.56320158,15884000,14.69697548,17424200,7,1.67E+07,1.67E+07,7
14.59689208,20330800,14.69836048,17613700,8,1.67E+07,1.72E+07,7
14.59689208,13226100,14.71600408,16522100,7,1.67E+07,1.68E+07,7
14.61682528,19067700,14.73250458,20321600,8,1.67E+07,1.69E+07,8
14.63195048,15829500,14.75284638,17415200,7,1.67E+07,1.69E+07,8
14.64850348,15772000,14.77025978,14769300,7,1.67E+07,1.68E+07,7
14.66562758,19095700,14.78503278,17377700,7,1.67E+07,1.66E+07,8
14.69697548,16112400,14.80240858,15945600,7,1.67E+07,1.72E+07,8
14.69697548,14815200,14.81835438,15475900,7,1.67E+07,1.63E+07,8
14.71600408,21201800,14.83381138,15364700,8,1.67E+07,1.74E+07,7
14.71600408,11651200,14.84919368,18083300,7,1.67E+07,1.66E+07,8
14.73250458,17756900,14.86727788,14613300,8,1.67E+07,1.63E+07,7
14.77025978,22504100,14.88187448,18834500,8,1.67E+07,1.76E+07,8
14.77025978,11105000,14.90072568,14767000,7,1.67E+07,1.68E+07,7
14.78503278,17694500,14.91547078,17327100,8,1.67E+07,1.61E+07,7
14.80240858,15604700,14.93282018,18617800,8,1.67E+07,1.69E+07,8
14.83381138,17517500,14.95143038,15648700,8,1.67E+07,1.69E+07,7
14.83381138,15153000,14.96707828,16633300,7,1.67E+07,1.54E+07,7
14.86727788,20530200,14.98369588,16608200,8,1.67E+07,1.73E+07,8
14.86727788,13457900,15.01285428,14539800,7,1.67E+07,1.65E+07,7
14.90072568,19674200,15.03145578,16823100,8,1.67E+07,1.73E+07,7
14.91547078,17810400,15.04770568,16943600,7,1.67E+07,1.73E+07,7
14.91547078,10600300,15.06420398,16868300,7,1.67E+07,1.64E+07,7
14.95143038,19080400,15.08149188,16248700,8,1.67E+07,1.61E+07,7
14.96707828,16635300,15.09830558,16797500,8,1.67E+07,1.68E+07,7
14.96707828,14398700,15.11491838,16557600,8,1.67E+07,1.57E+07,7
15.01285428,18166700,15.13176308,17947400,8,1.67E+07,1.58E+07,7
15.03145578,17969100,15.14805508,15644300,7,1.67E+07,1.73E+07,7
15.04770568,15785700,15.16438718,17518500,7,1.67E+07,1.66E+07,7
15.06420398,18347500,15.18194238,16703500,7,1.67E+07,1.69E+07,7
15.08149188,15735500,15.19859968,16244600,7,1.67E+07,1.72E+07,7
15.09830558,17423000,15.21522788,16369100,7,1.67E+07,1.71E+07,7
15.11491838,15553100,15.23158828,17356200,7,1.67E+07,1.66E+07,7
15.13176308,18016400,15.24787648,16233400,7,1.67E+07,1.70E+07,7
15.14805508,14274900,15.26443418,16870800,7,1.67E+07,1.62E+07,7
15.16438718,16912700,15.28123268,16551400,7,1.67E+07,1.64E+07,7
15.18194238,16717100,15.29800178,17478200,7,1.67E+07,1.63E+07,7
15.19688728,15572100,15.31484228,15972300,7,1.67E+07,1.63E+07,7
15.21497968,16534500,15.33126958,17491300,8,1.67E+07,1.60E+07,7
15.23158828,16665700,15.34794528,16017400,8,1.67E+07,1.65E+07,7
15.24787648,18269800,15.36462348,16456300,8,1.67E+07,1.68E+07,7
15.26443418,15854300,15.38133278,17544500,7,1.67E+07,1.66E+07,7
15.28123268,16830600,15.39906398,15746700,8,1.67E+07,1.68E+07,7
15.29800178,17168300,15.41464468,17570900,7,1.67E+07,1.70E+07,7
15.31484228,16039200,15.43238428,15778000,8,1.67E+07,1.68E+07,7
15.33126958,16777100,15.44914258,17788100,8,1.67E+07,1.65E+07,7
15.34794528,16698900,15.46539158,16189500,8,1.67E+07,1.67E+07,7
15.36462348,16488000,15.48245978,16172200,8,1.67E+07,1.66E+07,7
15.38133278,17515500,15.49818908,16888800,8,1.67E+07,1.67E+07,7
15.39906398,15750700,15.51610908,16693300,8,1.67E+07,1.66E+07,7
15.41464468,17651100,15.53265728,17273500,8,1.67E+07,1.68E+07,7
15.43238428,15659000,15.54947078,16077500,8,1.67E+07,1.66E+07,7
15.44914258,17840900,15.56599818,17518400,8,1.67E+07,1.69E+07,7
15.46539158,16246600,15.58270828,15796800,8,1.67E+07,1.66E+07,7
15.48149098,15831200,15.59964458,16861400,8,1.67E+07,1.66E+07,7
15.49690348,17011200,15.61521388,16806500,8,1.67E+07,1.65E+07,7
15.51393108,16622000,15.63303198,16756100,8,1.67E+07,1.67E+07,7
15.53265728,17519900,15.64977918,18202700,8,1.67E+07,1.66E+07,7
15.54802388,15504300,15.66637398,14998700,8,1.67E+07,1.65E+07,7
15.56599818,17086000,15.68146998,17052900,8,1.67E+07,1.67E+07,7
15.58151958,16488800,15.69878988,16384600,8,1.67E+07,1.66E+07,7
15.59828728,16511200,15.71496888,17542300,8,1.67E+07,1.66E+07,7
15.61521388,19114700,15.73323398,15875500,8,1.67E+07,1.69E+07,7
15.63189268,14671700,15.74973278,17532400,7,1.67E+07,1.68E+07,7
15.64977918,18757500,15.76639078,16599400,8,1.67E+07,1.71E+07,7
15.65162898,13778200,15.78347218,16053000,7,1.67E+07,1.66E+07,7
15.68146998,18215700,15.80015338,16676400,8,1.67E+07,1.69E+07,7
15.69878988,16313100,15.81688838,16759500,8,1.67E+07,1.63E+07,7
15.71496888,17601300,15.83346388,16537500,8,1.67E+07,1.69E+07,7
15.73205628,15317200,15.85028818,16924000,8,1.67E+07,1.62E+07,7
15.74973278,18186300,15.86684768,16511900,8,1.67E+07,1.71E+07,7
15.76639078,17488000,15.88366638,16745500,7,1.67E+07,1.70E+07,7
15.78201648,13527200,15.90037368,16801600,7,1.67E+07,1.64E+07,7
15.79858858,16637500,15.91697568,16572400,8,1.67E+07,1.62E+07,7
15.81531578,17573000,15.93387328,16950900,8,1.67E+07,1.67E+07,7
15.83300268,16759500,15.94990988,17052800,8,1.67E+07,1.64E+07,7
15.84826618,17190900,15.96730379,16295900,8,1.67E+07,1.63E+07,7
15.86496498,15599700,15.98376008,16528500,8,1.67E+07,1.68E+07,7
15.88314508,17455000,16.00062658,16853300,8,1.67E+07,1.69E+07,7
15.89817588,16276600,16.01739228,16673600,8,1.67E+07,1.67E+07,7
15.91563988,17279300,16.03403728,16712100,8,1.67E+07,1.68E+07,7
15.93256398,17023000,16.05083858,16813100,8,1.67E+07,1.67E+07,7
15.94990988,17214000,16.06735178,16480400,8,1.67E+07,1.70E+07,7
15.96629489,15994100,16.08409998,16793700,8,1.67E+07,1.68E+07,7
15.98220008,16354400,16.10096118,16801300,8,1.67E+07,1.68E+07,6
15.99859778,16166100,16.11747218,16567200,8,1.67E+07,1.66E+07,5
16.01518908,16955600,16.13427928,16730300,8,1.67E+07,1.65E+07,8
16.03140658,16495800,16.15097789,16692500,8,1.67E+07,1.64E+07,7
16.04916628,17150200,16.16773739,16791400,8,1.67E+07,1.66E+07,7
16.06571068,16143000,16.18440888,16671300,8,1.67E+07,1.66E+07,6
16.11747218,55654300,16.20110289,16689100,8,1.67E+07,2.45E+07,5
16.11747218,1362100,16.21778369,16680100,5,1.67E+07,2.14E+07,8
16.11747218,1554600,16.23453168,16748100,6,1.67E+07,1.84E+07,7
16.11747218,8336200,16.24985228,16694400,7,1.67E+07,1.66E+07,7
16.14801419,15959200,16.26752579,17492300,8,1.67E+07,1.66E+07,7
16.20110289,55718800,16.28461458,15896400,8,1.67E+07,1.66E+07,7
16.20110289,1848300,16.30092189,16882500,5,1.67E+07,1.67E+07,7
16.20110289,1321800,16.31802799,16531300,6,1.67E+07,1.66E+07,7
16.20110289,7947900,16.33469019,16684900,7,1.67E+07,1.66E+07,7
16.23197818,16744100,16.34906809,16863200,8,1.67E+07,1.67E+07,7
16.24985228,20461800,16.36807359,16545900,8,1.67E+07,9664780,7
16.26752579,15583100,16.38492468,16802900,7,1.67E+07,1.24E+07,7
16.28315338,15146400,16.40152908,16604000,8,1.67E+07,1.52E+07,7
16.30092189,17638500,16.41834979,16778800,8,1.67E+07,1.71E+07,7
16.31802799,16434200,16.43497359,16693500,8,1.67E+07,1.71E+07,7
16.33346389,15466900,16.45155319,17118400,8,1.67E+07,1.61E+07,8
16.34906809,17248000,16.46847679,17240400,8,1.67E+07,1.64E+07,7
16.35176829,16117000,16.48510559,15745000,8,1.67E+07,1.66E+07,8
16.36807359,16682300,16.50179919,16686700,8,1.67E+07,1.64E+07,7
16.38512468,16137600,16.51833539,16793100,8,1.67E+07,1.63E+07,8
16.41636489,16806000,16.53524039,16654900,8,1.67E+07,1.66E+07,8
16.43277019,17423000,16.55188659,16665400,8,1.67E+07,1.66E+07,7
16.43497359,15281600,16.56878859,16883300,8,1.67E+07,1.65E+07,7
16.46847679,20413700,16.58533989,16553300,8,1.67E+07,1.72E+07,8
16.46847679,13570000,16.60207699,16734400,7,1.67E+07,1.67E+07,7
16.49884389,18339900,16.61879609,16744800,8,1.67E+07,1.70E+07,7
16.50179919,14265900,16.63561649,16828900,8,1.67E+07,1.64E+07,7
16.51833539,16566000,16.65217359,16523000,8,1.67E+07,1.66E+07,7
16.54895939,17638600,16.66901489,16891700,8,1.67E+07,1.61E+07,7
16.56638889,17253700,16.68556739,16509000,8,1.67E+07,1.68E+07,7
16.56878859,15679300,16.70227609,16703200,8,1.67E+07,1.63E+07,7
16.58553999,16545300,16.71913769,16875200,8,1.67E+07,1.67E+07,7
16.61598309,17767900,16.73575319,16600400,8,1.67E+07,1.70E+07,8
16.63331099,17264700,16.75246709,16714000,8,1.67E+07,1.69E+07,7
16.63561649,15822400,16.76910069,16634000,8,1.67E+07,1.66E+07,7
16.66587229,16753700,16.78595669,16856700,8,1.67E+07,1.68E+07,8
16.66926159,16267400,16.80266649,16721800,8,1.67E+07,1.68E+07,7
16.68556739,16270800,16.81934709,16667700,8,1.67E+07,1.65E+07,7
16.71583049,17335800,16.83606929,16723000,8,1.67E+07,1.65E+07,7
16.71913769,15866400,16.85269849,17216100,8,1.67E+07,1.65E+07,7
16.75013439,18522900,16.86936849,16082600,8,1.67E+07,1.69E+07,8
16.75266719,16003400,16.88602649,16682300,8,1.67E+07,1.68E+07,7
16.76910069,15427900,16.90277699,16713800,8,1.67E+07,1.66E+07,7
16.79939889,17636500,16.91949319,16729400,8,1.67E+07,1.67E+07,7
16.81694019,17796700,16.93635909,16813800,8,1.67E+07,1.71E+07,6
16.83330699,15906700,16.95294109,16620200,8,1.67E+07,1.66E+07,5
16.84946419,16418800,16.96963619,16658400,8,1.67E+07,1.66E+07,8
16.85269849,15972000,16.98642949,16842500,8,1.67E+07,1.67E+07,7
16.88354789,17153500,17.00312929,16700200,8,1.67E+07,1.66E+07,7
16.90003779,17278300,17.01972379,16584700,8,1.67E+07,1.65E+07,7
16.95294109,54121500,17.03660379,16889300,8,1.67E+07,2.42E+07,8
16.95294109,2189000,17.05315779,16536800,5,1.67E+07,2.13E+07,7
16.95294109,1410100,17.06995519,16815800,6,1.67E+07,1.84E+07,8
16.95294109,8100200,17.08658469,16647700,7,1.67E+07,1.66E+07,7
16.98353089,16845200,17.10339169,16806400,8,1.67E+07,1.65E+07,7
17.00119489,18313200,17.11998209,16572100,8,1.67E+07,9371540,7
17.00332939,15577500,17.13666839,16794300,8,1.67E+07,1.20E+07,8
17.01972379,15289100,17.15353329,17239600,8,1.67E+07,1.48E+07,8
17.03680389,17376500,17.17014159,16780000,8,1.67E+07,1.67E+07,8
17.05315779,16513200,17.17098749,16007900,8,1.67E+07,1.66E+07,8
17.08358279,16977500,17.20341329,16827900,8,1.67E+07,1.63E+07,8
17.08658469,16791000,17.20382169,17133900,8,1.67E+07,1.66E+07,8
17.11715259,17735600,17.22095359,16222600,8,1.67E+07,1.71E+07,8
17.11998209,14999000,17.25363369,16815400,8,1.67E+07,1.66E+07,8
17.13666839,16812400,17.27011689,16770100,8,1.67E+07,1.67E+07,8
17.15353329,16574000,17.28717278,16580300,8,1.67E+07,1.66E+07,8
17.17014159,16810600,17.30319619,16678100,8,1.67E+07,1.66E+07,8
17.17098749,17432900,17.32061179,16985400,8,1.67E+07,1.65E+07,8
17.20341329,15729100,17.33538919,16467600,8,1.67E+07,1.67E+07,7
17.20382169,16935100,17.35329938,16692400,8,1.67E+07,1.67E+07,8
17.22095359,16925800,17.37057158,16633600,8,1.67E+07,1.68E+07,8
17.25363369,15720900,17.38728698,17136700,8,1.67E+07,1.65E+07,8
17.27011689,17438200,17.40409598,16365900,8,1.67E+07,1.65E+07,8
17.28717278,16560200,17.42082338,16786700,8,1.67E+07,1.67E+07,8
17.30319619,16563900,17.43693458,16544500,8,1.67E+07,1.66E+07,8
17.33538919,23988700,17.45389558,16909000,8,1.67E+07,1.81E+07,7
17.33538919,10341900,17.47083688,16991400,7,1.67E+07,1.70E+07,6
17.35329938,16870000,17.48710268,16379100,8,1.67E+07,1.69E+07,5
17.37057158,16843600,17.48791098,22215900,8,1.67E+07,1.69E+07,8
17.38728698,16150600,17.51012768,16900400,8,1.67E+07,1.68E+07,8
17.40409598,16604200,17.52702998,17532000,8,1.67E+07,1.54E+07,8
17.42082338,16202800,17.54456078,20204200,8,1.67E+07,1.65E+07,8
17.48710268,57762900,17.56476528,17218600,8,1.67E+07,2.47E+07,8
17.48710268,2872600,17.58197468,14211700,5,1.67E+07,2.19E+07,7
17.48710268,3280100,17.59619678,16831400,6,1.67E+07,1.93E+07,8
17.48710268,2587200,17.61302728,16624600,7,1.67E+07,1.65E+07,8
17.48791098,16867900,17.62965278,16901400,8,1.67E+07,1.67E+07,8
17.51012768,16923700,17.64655198,17758600,8,1.67E+07,8506300,8
17.52702998,18646900,17.66424998,16756800,8,1.67E+07,1.17E+07,8
17.54456078,16135200,17.68106578,17351600,8,1.67E+07,1.42E+07,8
17.58197468,30688000,17.69841888,15052600,8,1.67E+07,1.99E+07,7
17.58197468,3454900,17.71346638,18148600,7,1.67E+07,1.72E+07,6
17.59619678,15622500,17.73162128,20101600,8,1.67E+07,1.69E+07,9
17.61302728,15891600,17.75172268,16401800,8,1.67E+07,1.64E+07,9
17.62965278,18244700,17.76812388,14370000,8,1.67E+07,1.68E+07,8
17.64655198,16113500,17.78249568,17829600,8,1.67E+07,1.39E+07,8
17.66424998,17068600,17.80028818,16773000,8,1.67E+07,1.66E+07,8
17.71346638,52533200,17.81706208,15592800,8,1.67E+07,2.40E+07,7
17.71346638,2854000,17.83262568,15425600,6,1.67E+07,2.14E+07,6
17.71346638,1675900,17.84811668,16270400,7,1.67E+07,1.80E+07,8
17.71346638,7284400,17.86438198,15360700,8,1.67E+07,1.63E+07,8
17.73162128,16910000,17.87974758,14723000,9,1.67E+07,1.63E+07,8
17.76812388,19434800,17.89447238,13563600,9,1.67E+07,9631820,8
17.78249568,15568200,17.92194178,14676600,8,1.67E+07,1.22E+07,8
17.83262568,53732000,17.93861748,16097000,8,1.67E+07,2.26E+07,8
17.83262568,1316500,17.95527678,16659800,6,1.67E+07,2.14E+07,8
17.83262568,1256500,17.97202048,16746400,7,1.67E+07,1.83E+07,8
17.84811668,9636300,17.98870538,16652500,8,1.67E+07,1.63E+07,8
17.86438198,15917500,18.00556218,16885900,8,1.67E+07,1.64E+07,8
17.87974758,16209100,18.02206458,16512600,8,1.67E+07,8867180,7
17.89447238,17155400,18.03895948,16883700,8,1.67E+07,1.20E+07,8
17.92194178,17269600,18.05556458,16583100,8,1.67E+07,1.52E+07,8
17.93861748,15966000,18.07228188,16742300,8,1.67E+07,1.65E+07,8
17.95527678,17184500,18.08904888,16764300,8,1.67E+07,1.68E+07,8
17.97202048,16909500,18.10474538,16769600,8,1.67E+07,1.69E+07,7
17.98870538,16497700,18.12241458,16596000,8,1.67E+07,1.68E+07,8
18.00576248,17436700,18.13906758,16671500,8,1.67E+07,1.68E+07,8
18.02206458,16061800,18.15585808,16788600,8,1.67E+07,1.68E+07,8
18.03895948,17002800,18.17250088,16626600,8,1.67E+07,1.68E+07,8
18.05556458,16219600,18.18923198,16730500,8,1.67E+07,1.66E+07,7
18.07228188,16545200,18.20599288,16761200,8,1.67E+07,1.67E+07,8
18.10474538,21453600,18.22254788,16562500,8,1.67E+07,1.75E+07,7
18.10474538,11397600,18.23928998,16734300,8,1.67E+07,1.65E+07,7
18.12241458,18115600,18.25614298,16862800,8,1.67E+07,1.67E+07,8
18.13906758,16070400,18.27279488,16642000,8,1.67E+07,1.67E+07,8
18.15585808,16075600,18.28924398,16602700,8,1.67E+07,1.66E+07,8
18.18647688,19990000,18.30621108,16837100,8,1.67E+07,1.63E+07,8
18.18923198,13822600,18.32295768,16723100,8,1.67E+07,1.68E+07,8
18.20599288,17837500,18.33960318,16655700,8,1.67E+07,1.68E+07,7
18.22254788,16581100,18.35636348,16707300,8,1.67E+07,1.69E+07,8
18.23928998,15978000,18.37296818,16685000,8,1.67E+07,1.68E+07,8
18.25614298,16033700,18.38972158,16823100,8,1.67E+07,1.61E+07,8
18.27279488,17865800,18.40642348,16605600,8,1.67E+07,1.69E+07,7
18.28924398,15515300,18.42317818,16775500,8,1.67E+07,1.64E+07,6
18.30621108,15993200,18.43935968,17515900,8,1.67E+07,1.63E+07,5
18.33590968,20145100,18.45646108,15741900,8,1.67E+07,1.71E+07,8
18.33960318,13971500,18.47328538,16821200,8,1.67E+07,1.67E+07,8
18.35636348,16164100,18.48985788,16568900,8,1.67E+07,1.64E+07,8
18.37296818,16864100,18.50668948,16833100,8,1.67E+07,1.66E+07,8
18.43935968,56573900,18.52332709,16636700,8,1.67E+07,2.47E+07,8
18.43935968,2083900,18.53996569,16652000,6,1.67E+07,2.11E+07,8
18.43935968,1135000,18.55678749,16807300,6,1.67E+07,1.86E+07,8
18.43935968,7287700,18.57333959,16552100,7,1.67E+07,1.68E+07,8
18.45646108,16113800,18.59000829,16725700,8,1.67E+07,1.66E+07,8
18.47328538,17335300,18.60674759,16741500,8,1.67E+07,8791140,8
18.48985788,16029200,18.62347249,16700100,8,1.67E+07,1.16E+07,8
18.50668948,17099300,18.64015529,16657200,8,1.67E+07,1.48E+07,8
18.52332709,17153300,18.65701809,16871300,8,1.67E+07,1.67E+07,8
18.53996569,16066000,18.67355849,16526500,8,1.67E+07,1.67E+07,7
18.55678749,16453500,18.69027919,16703900,8,1.67E+07,1.66E+07,6
18.57333959,16976100,18.70686619,17421000,8,1.67E+07,1.67E+07,5
18.59000829,16941200,18.72383799,16247900,8,1.67E+07,1.67E+07,8
18.60674759,15978600,18.74040269,16475000,8,1.67E+07,1.65E+07,8
18.62347249,16526700,18.75720949,17043500,8,1.67E+07,1.66E+07,8
18.64015529,17047500,18.77394829,16564500,8,1.67E+07,1.67E+07,8
18.70656639,55488600,18.79065109,16608800,8,1.67E+07,2.44E+07,8
18.70686619,3258200,18.80721809,16617700,6,1.67E+07,2.17E+07,8
18.70686619,1360600,18.82385379,16698500,6,1.67E+07,1.87E+07,8
18.70686619,7192100,18.84074439,16764000,7,1.67E+07,1.69E+07,8
18.72383799,17264400,18.85739359,16788400,8,1.67E+07,1.69E+07,8
18.74040269,15525300,18.87408489,16614700,8,1.67E+07,8920120,8
18.75720949,17085600,18.89067499,16642700,8,1.67E+07,1.17E+07,8
18.77394829,15928400,18.90761159,16862700,8,1.67E+07,1.46E+07,8
18.79065109,16733900,18.92420779,16596100,8,1.67E+07,1.65E+07,8
18.80721809,17436200,18.94090739,16716600,8,1.67E+07,1.65E+07,8
18.82385379,16340100,18.95750739,16620100,8,1.67E+07,1.67E+07,8
18.84074439,17482500,18.97432359,16851500,8,1.67E+07,1.68E+07,8
18.85739359,16115100,18.99097229,16571900,8,1.67E+07,1.68E+07,8
18.87408489,17336600,19.00765709,16765800,8,1.67E+07,1.69E+07,8
18.89067499,15839500,19.02438539,16687000,8,1.67E+07,1.66E+07,8
18.90761159,17964900,19.04110959,16734000,8,1.67E+07,1.69E+07,7
18.92420779,15617900,19.05771729,16679800,8,1.67E+07,1.66E+07,6
18.94090739,16576200,19.07459579,16770900,8,1.67E+07,1.67E+07,5
18.95750739,16095500,19.09119959,16639400,8,1.67E+07,1.64E+07,8
18.97432359,17176600,19.10803489,16744800,8,1.67E+07,1.67E+07,8
18.99097229,16695400,19.12459838,16681600,8,1.67E+07,1.64E+07,8
19.00765709,17242900,19.14122489,16618700,8,1.67E+07,1.68E+07,8
19.07459579,55822600,19.15812789,16903400,8,1.67E+07,2.46E+07,7
19.07459579,2393600,19.17470318,16605500,6,1.67E+07,2.19E+07,8
19.07459579,1643000,19.19136408,16647200,6,1.67E+07,1.88E+07,8
19.07459579,6416700,19.20827138,16806000,7,1.67E+07,1.67E+07,7
19.09119959,16184900,19.22478609,16591200,8,1.67E+07,1.65E+07,6
19.10803489,17318900,19.24136749,17618000,8,1.67E+07,8791420,5
19.12459838,16546400,19.25791139,16090000,8,1.67E+07,1.16E+07,8
19.15497019,21267000,19.27499779,16512800,8,1.67E+07,1.55E+07,8
19.15812789,11704000,19.29179219,16698400,8,1.67E+07,1.66E+07,8
19.17470318,16445600,19.30829019,16598000,8,1.67E+07,1.67E+07,8
19.22504229,56480500,19.32511879,16752900,8,1.67E+07,2.45E+07,8
19.24136749,4492600,19.34181459,16679700,6,1.67E+07,2.21E+07,8
19.24136749,1476100,19.35854999,16729900,6,1.67E+07,1.81E+07,8
19.24136749,4504100,19.37533029,16949700,7,1.67E+07,1.67E+07,8
19.25791139,17362900,19.39151149,17849400,8,1.67E+07,1.69E+07,7
19.27499779,16103900,19.40874859,15491100,8,1.67E+07,8787920,8
19.29179219,17714800,19.42539979,16591800,8,1.67E+07,1.14E+07,8
19.30829019,16100900,19.44205438,16698500,8,1.67E+07,1.44E+07,8
19.32511879,16400700,19.45884058,16710100,8,1.67E+07,1.67E+07,8
19.34181459,17870900,19.47551988,16678100,8,1.67E+07,1.68E+07,8
19.35854999,15345300,19.49222228,16789100,8,1.67E+07,1.67E+07,8
19.39151149,25055500,19.50891948,16652100,8,1.67E+07,1.82E+07,8
19.39151149,8952200,19.50912978,17932400,7,1.67E+07,1.67E+07,8
19.40874859,16547900,19.54216009,15639500,8,1.67E+07,1.68E+07,8
19.42539979,17322600,19.55903499,16537500,8,1.67E+07,1.66E+07,8
19.44205438,16233700,19.57554338,16570900,8,1.67E+07,1.68E+07,8
19.45884058,16307700,19.59246448,16938900,8,1.67E+07,1.51E+07,8
19.47551988,17304900,19.60917328,16618400,8,1.67E+07,1.67E+07,8
19.49222228,17067600,19.62577128,16641400,8,1.67E+07,1.68E+07,8
19.50891948,19555600,19.64241189,16751400,8,1.67E+07,1.73E+07,8
19.50912978,14070100,19.65896968,16537200,8,1.67E+07,1.69E+07,8
19.54216009,16896700,19.67580179,16719600,8,1.67E+07,1.70E+07,8
19.55903499,15384000,19.69266259,16814200,8,1.67E+07,1.66E+07,8
19.57554338,16131800,19.70915649,16587000,8,1.67E+07,1.64E+07,8
19.59246448,16603800,19.72602458,16763100,8,1.67E+07,1.58E+07,8
19.60917328,16170100,19.74278959,16752900,8,1.67E+07,1.62E+07,8
19.62577128,16787300,19.75947339,16737900,8,1.67E+07,1.62E+07,8
19.64241189,16889600,19.77618389,16757800,8,1.67E+07,1.65E+07,8
19.65896968,16707600,19.79285649,16594700,8,1.67E+07,1.66E+07,8
19.67580179,17388000,19.80946279,16745500,8,1.67E+07,1.68E+07,8
19.69266259,16314100,19.82604539,16580700,8,1.67E+07,1.68E+07,8
19.70915649,16835900,19.82635629,17155700,8,1.67E+07,1.68E+07,8
19.72602458,17720200,19.84349849,17980800,8,1.67E+07,1.70E+07,8
19.74278959,16076200,19.86148149,16563100,8,1.67E+07,1.69E+07,8
19.75947339,16185400,19.87804189,15762800,8,1.67E+07,1.66E+07,8
19.77618389,16566700,19.89379149,16232800,8,1.67E+07,1.67E+07,8
19.79285649,17297800,19.92629499,16525100,8,1.67E+07,1.68E+07,7
19.80946279,17468900,19.94239999,17169400,8,1.67E+07,1.67E+07,6
19.82604539,16037100,19.94373259,17563600,8,1.67E+07,1.67E+07,6
19.82635629,16352400,19.96129479,18391200,8,1.67E+07,1.67E+07,8
19.84349849,17098000,19.97968619,16115900,8,1.67E+07,1.69E+07,8
19.86148149,16599500,19.99580219,17183700,8,1.67E+07,1.67E+07,8
19.87804189,16712100,20.01298839,17677300,8,1.67E+07,1.66E+07,8
19.94239999,55646800,20.03066509,15909100,8,1.67E+07,2.45E+07,8
19.94373259,4500200,20.04657559,17143300,6,1.67E+07,2.21E+07,8
19.94373259,2954700,20.06371619,17749800,6,1.67E+07,1.93E+07,8
19.94373259,3547200,20.08146609,16981100,7,1.67E+07,1.67E+07,8
19.96129479,16370800,20.09844839,18382700,8,1.67E+07,1.66E+07,8
19.97968619,16544700,20.11682099,16048500,8,1.67E+07,8783520,7
19.99580219,17137000,20.13287539,16386600,8,1.67E+07,1.13E+07,6
20.01298839,17298100,20.14926469,20484600,8,1.67E+07,1.42E+07,8
20.03066509,15817600,20.16975119,17174600,8,1.67E+07,1.66E+07,8
20.04657559,17342800,20.18692569,16846800,8,1.67E+07,1.68E+07,8
20.06371619,16666000,20.20376999,15692200,8,1.67E+07,1.69E+07,8
20.08146609,16730200,20.21946539,17337800,8,1.67E+07,1.68E+07,7
20.13287539,58694700,20.23679399,17206100,8,1.67E+07,2.51E+07,6
20.13287539,1971900,20.25400639,21340900,6,1.67E+07,2.23E+07,9
20.13287539,2177500,20.27533959,19811000,7,1.67E+07,1.92E+07,9
20.14926469,3059100,20.27533959,15855300,8,1.67E+07,1.65E+07,8
20.16975119,17173100,20.29516049,21971100,9,1.67E+07,1.66E+07,9
20.18692569,16919800,20.29516049,16461500,9,1.67E+07,8260280,9
20.23679399,55146000,20.33298469,17828500,9,1.67E+07,1.89E+07,9
20.23679399,2493000,20.33298469,17564100,6,1.67E+07,1.90E+07,9
20.23679399,1984100,20.36727409,19211200,7,1.67E+07,1.87E+07,10
20.23679399,6226700,20.36727409,16634300,8,1.67E+07,1.66E+07,9
20.25400639,16804400,20.40405219,14476400,9,1.67E+07,1.65E+07,8
20.27533959,29060800,20.40405219,17050400,9,1.67E+07,1.13E+07,7
20.27533959,5887400,20.43513469,19160900,8,1.67E+07,1.20E+07,10
20.29516049,16887500,20.43513469,15829800,9,1.67E+07,1.50E+07,10
20.29516049,19709700,20.47122239,17544700,9,1.67E+07,1.77E+07,9
20.33298469,16860300,20.47122239,15770000,9,1.67E+07,1.77E+07,10
20.33298469,13934000,20.50397779,12779000,9,1.67E+07,1.47E+07,9
20.33298469,14184200,20.50397779,15166700,9,1.67E+07,1.63E+07,9
20.40405219,55866200,20.53254629,14537900,10,1.67E+07,2.41E+07,9
20.40405219,2463400,20.53254629,13555600,7,1.67E+07,2.07E+07,9
20.40405219,1535200,20.56244609,15410000,8,1.67E+07,1.76E+07,8
20.40405219,7109600,20.59169129,15462100,9,1.67E+07,1.62E+07,9
20.43513469,16577000,20.60697659,13421900,10,1.67E+07,1.67E+07,8
20.47122239,17336000,20.62056369,14869100,10,1.67E+07,9004240,8
20.47122239,16019000,20.63535829,14664500,10,1.67E+07,1.17E+07,8
20.50397779,17881500,20.64959279,14852100,10,1.67E+07,1.50E+07,8
20.50397779,15744400,20.66434579,15903200,9,1.67E+07,1.67E+07,8
20.53254629,16133300,20.67988729,14596300,9,1.67E+07,1.66E+07,8
20.56244609,24802200,20.71156289,16069700,9,1.67E+07,1.81E+07,8
20.56244609,9216300,20.72821779,17082900,8,1.67E+07,1.68E+07,8
20.60697659,16836100,20.74403129,16109900,9,1.67E+07,1.65E+07,8
20.62056369,17216600,20.76162779,16815800,9,1.67E+07,1.68E+07,8
20.63535829,15886000,20.77724449,16773200,8,1.67E+07,1.68E+07,8
20.64959279,17284300,20.79490559,16793600,8,1.67E+07,1.53E+07,8
20.66434579,20743400,20.81122779,16513700,8,1.67E+07,1.76E+07,8
20.67988729,11422400,20.82820059,16799600,8,1.67E+07,1.65E+07,8
20.71156289,15276500,20.84515739,16877200,8,1.67E+07,1.61E+07,8
20.72821779,16129400,20.86120019,16334700,8,1.67E+07,1.62E+07,8
20.74403129,18398000,20.87802219,16670700,8,1.67E+07,1.64E+07,8
20.76162779,15813600,20.89507429,17097800,8,1.67E+07,1.54E+07,8
20.77724449,16395600,20.91179589,16705900,8,1.67E+07,1.64E+07,8
20.79490559,17471200,20.92856869,16374200,8,1.67E+07,1.68E+07,7
20.81122779,16492800,20.94525449,16685500,8,1.67E+07,1.69E+07,8
20.82820059,16213800,20.96191009,16721400,8,1.67E+07,1.65E+07,8
20.84515739,15363000,20.97869919,16753700,8,1.67E+07,1.64E+07,8
20.86120019,17348000,20.99544769,16659000,8,1.67E+07,1.66E+07,8
20.87802219,17535600,21.01109229,17437400,8,1.67E+07,1.66E+07,8
20.89507429,16190300,21.01301889,17690900,8,1.67E+07,1.65E+07,8
20.92856869,30628500,21.04540139,15213100,8,1.67E+07,1.94E+07,7
20.92856869,2852100,21.06219629,16536400,7,1.67E+07,1.69E+07,8
20.94525449,17614900,21.07888689,16637000,8,1.67E+07,1.70E+07,8
20.96191009,16457900,21.09518699,16780600,8,1.67E+07,1.67E+07,8
20.97869919,15839900,21.11230589,16683400,8,1.67E+07,1.67E+07,8
20.99544769,16861100,21.12889019,17002300,8,1.67E+07,1.39E+07,8
21.01109229,16953500,21.14518149,16211900,8,1.67E+07,1.67E+07,8
21.04374429,26489800,21.16152539,17158800,8,1.67E+07,1.85E+07,8
21.04540139,6818600,21.17909799,16484800,8,1.67E+07,1.66E+07,8
21.06219629,16463100,21.19573779,16559600,8,1.67E+07,1.67E+07,8
21.07888689,16638400,21.21221229,16824300,8,1.67E+07,1.67E+07,8
21.09518699,17940500,21.22911849,16631100,8,1.67E+07,1.69E+07,8
21.11230589,17922900,21.24533909,17077300,8,1.67E+07,1.52E+07,8
21.12889019,13901300,21.26208749,16568500,8,1.67E+07,1.66E+07,8
21.14518149,16568200,21.27831719,16282400,8,1.67E+07,1.66E+07,8
21.16152539,17473400,21.29583909,16762500,8,1.67E+07,1.68E+07,8
21.17909799,16854800,21.31269489,16811500,8,1.67E+07,1.65E+07,8
21.19573779,16566200,21.31293559,20993900,8,1.67E+07,1.63E+07,8
21.21221229,17758400,21.33391459,22100700,8,1.67E+07,1.70E+07,9
21.22911849,15886700,21.35601889,14688500,8,1.67E+07,1.69E+07,9
21.24533909,17751000,21.37071099,13684000,8,1.67E+07,1.70E+07,8
21.26208749,15830800,21.38364409,15454400,8,1.67E+07,1.68E+07,8
21.27831719,16512500,21.39984729,15457900,8,1.67E+07,1.67E+07,8
21.29583909,15656400,21.41530559,15580100,8,1.67E+07,1.63E+07,7
21.31269489,17776400,21.43029559,17921400,8,1.67E+07,1.67E+07,8
21.31293559,17059100,21.44744929,16190400,8,1.67E+07,1.66E+07,8
21.31293559,17663300,21.46400619,17830200,8,1.67E+07,1.69E+07,8
21.33391459,15226900,21.48231829,15113300,9,1.67E+07,1.67E+07,8
21.37071099,17206600,21.49705609,16229800,9,1.67E+07,1.70E+07,8
21.38364409,15913400,21.52951969,15671100,8,1.67E+07,1.66E+07,8
21.41530559,30159800,21.54641939,17212500,8,1.67E+07,1.92E+07,8
21.41530559,3541300,21.56262669,16248100,7,1.67E+07,1.64E+07,8
21.43029559,15620300,21.57967889,16639400,8,1.67E+07,1.65E+07,8
21.44744929,16679800,21.59631199,16667500,8,1.67E+07,1.64E+07,8
21.46400619,16872800,21.61330559,16965400,8,1.67E+07,1.66E+07,8
21.48231829,16522100,21.62985309,16595600,8,1.67E+07,1.38E+07,8
21.49705609,16359700,21.64667059,16685400,8,1.67E+07,1.64E+07,8
