1.56757228,21482600,1.57002588,52238800,1,1.67E+07,2.15E+07,4
1.56962628,2678400,1.57002588,13295700,2,1.67E+07,1.21E+07,5
1.56982588,9862300,1.57002588,10601500,3,1.67E+07,1.13E+07,4
1.56982588,24622200,1.622874581,12772400,3,1.67E+07,1.47E+07,4
1.57002588,21983600,1.622874581,12236800,4,1.67E+07,1.61E+07,4
1.57002588,2558500,1.65954328,11021100,4,1.66E+07,1.23E+07,3
1.57002588,22561500,1.682802979,12698600,5,1.67E+07,1.63E+07,3
1.622874581,11660200,1.69550178,13300300,4,1.67E+07,1.67E+07,3
1.65954328,23466900,1.70879878,12890700,4,1.67E+07,1.64E+07,3
1.682802979,14329000,1.736332979,14869900,3,1.67E+07,1.49E+07,3
1.69550178,11686800,1.75313178,16708400,3,1.67E+07,1.67E+07,2
1.70879878,13477200,1.769792179,16712900,3,1.66E+07,1.49E+07,2
1.74933118,24642500,1.786494779,16701200,3,1.67E+07,1.75E+07,2
1.765374279,16067400,1.803009879,16530600,3,1.67E+07,1.60E+07,2
1.782251479,16948600,1.819745079,16762500,3,1.67E+07,1.66E+07,2
1.799304479,15882300,1.836331279,16513900,3,1.67E+07,1.74E+07,3
1.815881479,17654300,1.853067179,16764800,3,1.67E+07,1.82E+07,2
1.819745079,7544200,1.86965778,16589800,3,1.66E+07,1.48E+07,2
1.849552479,25066100,1.88639758,16748300,3,1.67E+07,1.66E+07,2
1.86780878,18140000,1.903071779,16703700,3,1.67E+07,1.69E+07,1
1.903071779,46062600,1.919677279,16568000,3,1.67E+07,2.29E+07,1
1.903308279,2815200,1.936298179,16634900,1,1.67E+07,1.99E+07,2
1.917456979,2384100,1.952925379,16591500,2,1.67E+07,1.89E+07,2
1.932500979,14231200,1.96949688,16627600,3,1.67E+07,1.67E+07,2
1.949288979,16826100,1.98629028,16761700,3,1.67E+07,1.65E+07,2
1.96681998,16718100,2.00291588,16623400,3,1.67E+07,1.06E+07,2
1.98265798,16745700,2.01963838,16753000,3,1.67E+07,1.34E+07,2
1.99927228,16704800,2.03625478,16586200,3,1.67E+07,1.62E+07,2
2.01774788,17477000,2.05282648,16570500,3,1.67E+07,1.69E+07,2
2.03377788,16002500,2.06957358,16747100,3,1.67E+07,1.67E+07,1
2.08118188,48235200,2.08623108,17281900,3,1.67E+07,2.30E+07,0
2.08484158,2836500,2.102884981,16151300,1,1.67E+07,2.03E+07,2
2.08623108,3085000,2.11961368,16625500,2,1.67E+07,1.75E+07,2
2.099522781,12848800,2.136206981,16575800,2,1.67E+07,1.66E+07,2
2.11615208,16609100,2.152834381,16587500,3,1.67E+07,1.67E+07,3
2.132174281,15512400,2.169431181,16669300,3,1.67E+07,1.02E+07,2
2.136206981,7662200,2.18622468,16737700,3,1.66E+07,1.11E+07,2
2.165524581,25747800,2.20282188,16619200,3,1.67E+07,1.57E+07,2
2.183577281,17898800,2.21947828,16624300,3,1.67E+07,1.67E+07,2
2.19778708,14369500,2.23618908,16743200,3,1.67E+07,1.62E+07,2
2.21562968,18230200,2.25283418,16644800,3,1.67E+07,1.68E+07,2
2.23231808,16696400,2.26949088,16656500,3,1.67E+07,1.86E+07,2
2.24933158,17066200,2.28609738,16621000,3,1.67E+07,1.69E+07,2
2.26444108,15050100,2.30277908,16667600,3,1.67E+07,1.63E+07,2
2.28380078,18181900,2.319420981,16644700,3,1.67E+07,1.70E+07,2
2.30257948,18768500,2.336035581,16566400,3,1.67E+07,1.72E+07,2
2.315642681,13083200,2.352711181,16685100,3,1.67E+07,1.64E+07,2
2.332244581,16642500,2.369240081,16585000,3,1.67E+07,1.63E+07,2
2.347378281,15107000,2.386069181,16825700,3,1.67E+07,1.64E+07,2
2.364245181,17466700,2.402642181,16558700,3,1.67E+07,1.62E+07,2
2.380472981,16791500,2.419380781,16738800,3,1.67E+07,1.58E+07,2
2.397289181,16541200,2.435898682,16516300,3,1.67E+07,1.65E+07,2
2.413466381,16552300,2.452620782,16729800,3,1.67E+07,1.65E+07,2
2.430640682,17161800,2.469236281,16564100,3,1.67E+07,1.69E+07,2
2.448651982,17018700,2.485792981,16615800,3,1.67E+07,1.68E+07,2
2.463897081,15058900,2.502519981,16743700,3,1.67E+07,1.65E+07,2
2.480618381,17596000,2.51928568,16741200,3,1.67E+07,1.67E+07,2
2.497415681,15882600,2.53595228,16659300,3,1.67E+07,1.65E+07,2
2.51552688,18057800,2.55260598,16660600,3,1.67E+07,1.67E+07,2
2.53065418,15111400,2.56918948,16644800,3,1.67E+07,1.63E+07,2
2.54772028,17112800,2.58584378,16648300,3,1.67E+07,1.68E+07,2
2.56383928,17465800,2.60227198,16530100,3,1.67E+07,1.67E+07,3
2.58118418,17164300,2.61908798,16652100,3,1.67E+07,1.70E+07,3
2.58584378,7704400,2.63584748,16759200,3,1.66E+07,1.49E+07,2
2.60227198,16103800,2.65248178,16639800,3,1.66E+07,1.51E+07,2
2.63057778,24572000,2.66903768,16581700,3,1.67E+07,1.66E+07,2
2.64716008,16549700,2.685813579,16678200,3,1.67E+07,1.64E+07,2
2.66312838,17271500,2.702256579,16528500,3,1.67E+07,1.64E+07,2
2.680900979,16321700,2.718924179,16801200,3,1.67E+07,1.82E+07,2
2.69733648,17505600,2.735759679,16747900,3,1.67E+07,1.84E+07,3
2.713751079,15458400,2.752398479,16603000,3,1.67E+07,1.66E+07,2
2.718924179,10729200,2.768728679,16600900,3,1.66E+07,1.55E+07,3
2.747026379,23725600,2.785547179,17125500,3,1.67E+07,1.67E+07,3
2.752398479,8840300,2.802205279,16049300,3,1.66E+07,1.53E+07,3
2.768728679,16318800,2.818722779,16723600,3,1.66E+07,1.50E+07,2
2.785547179,16795200,2.835623778,17005700,3,1.66E+07,1.53E+07,3
2.813879779,24663600,2.852145079,16404100,3,1.67E+07,1.81E+07,3
2.818722779,8102200,2.868896079,16615200,3,1.66E+07,1.49E+07,3
2.835623778,17052600,2.885524378,16766900,3,1.66E+07,1.66E+07,2
2.852145079,17413600,2.902234978,16516200,3,1.66E+07,1.68E+07,3
2.879797778,23621400,2.918782478,16665000,3,1.67E+07,1.82E+07,3
2.885524378,9567300,2.935514678,16684300,3,1.66E+07,1.52E+07,3
2.902234978,15074300,2.952123778,16538100,3,1.66E+07,1.65E+07,2
2.918782478,16918600,2.968659078,19011000,3,1.66E+07,1.65E+07,2
2.946955978,25531300,2.985443778,14532400,3,1.67E+07,1.81E+07,2
2.968659078,22231600,3.001863978,16343100,3,1.67E+07,1.79E+07,2
2.981263178,12559800,3.018684979,16825600,3,1.67E+07,1.85E+07,2
2.997494878,15360800,3.035263379,16445300,3,1.67E+07,1.85E+07,2
3.013180079,16286300,3.052013179,16770100,3,1.67E+07,1.84E+07,2
3.029897979,16279800,3.068617379,16588900,3,1.67E+07,1.65E+07,2
3.046861779,17330600,3.085410978,16814900,3,1.67E+07,1.56E+07,2
3.063260979,16251200,3.101947578,16630800,3,1.67E+07,1.63E+07,2
3.079476578,16009900,3.118705378,16908300,3,1.67E+07,1.64E+07,3
3.096931378,17638100,3.135260779,16245300,3,1.67E+07,1.67E+07,2
3.101947578,8088200,3.151935279,16842900,3,1.66E+07,1.51E+07,2
3.130624079,25571900,3.168527878,16744000,3,1.67E+07,1.67E+07,3
3.146778979,16021000,3.185288379,16470300,3,1.67E+07,1.67E+07,2
3.151935279,9632400,3.201883979,16890900,3,1.66E+07,1.54E+07,3
3.179588579,23747800,3.218523679,16374500,3,1.67E+07,1.66E+07,2
3.185288379,9673600,3.235183379,16621700,3,1.66E+07,1.69E+07,1
3.230356679,39440700,3.251804179,16620500,3,1.67E+07,1.97E+07,2
3.231808779,1566700,3.268582979,16779700,2,1.67E+07,1.68E+07,2
3.246063679,16803600,3.285149779,16624600,3,1.67E+07,1.82E+07,2
3.263550479,16081000,3.301761578,16737300,3,1.67E+07,1.67E+07,2
3.280460979,15680200,3.318507578,16589700,3,1.67E+07,1.79E+07,3
3.296684378,17612400,3.335058878,16523400,3,1.67E+07,1.35E+07,2
3.301761578,9549500,3.351640778,16652700,3,1.66E+07,1.51E+07,2
3.330253878,23910200,3.368300478,16665000,3,1.67E+07,1.66E+07,2
3.346098878,14872500,3.385088678,16792200,3,1.67E+07,1.63E+07,3
3.362482778,17259600,3.401533177,16904100,3,1.67E+07,1.66E+07,2
3.368300478,12143800,3.418344677,16272700,3,1.66E+07,1.55E+07,2
3.396500477,21903000,3.435031978,16686000,3,1.67E+07,1.80E+07,2
3.401858677,15228600,3.451616077,17090900,3,1.67E+07,1.63E+07,3
3.429126878,17404500,3.468337678,16202800,3,1.67E+07,1.68E+07,2
3.435031978,8999300,3.485038677,16725800,3,1.66E+07,1.51E+07,2
3.463431077,24307800,3.501609577,16570100,3,1.67E+07,1.76E+07,1
3.511622177,50434600,3.518329177,16709600,3,1.67E+07,2.33E+07,0
3.514539477,1349200,3.534971477,16642200,1,1.67E+07,2.05E+07,2
3.516246977,1558100,3.551549577,16671200,2,1.67E+07,1.73E+07,2
3.529101277,13069100,3.568315977,16622700,3,1.67E+07,1.81E+07,2
3.546044777,16191900,3.584789977,16529700,3,1.67E+07,1.65E+07,2
3.564104477,17870400,3.595588777,43386600,3,1.67E+07,1.00E+07,2
3.579794477,15704100,3.595588777,11120500,3,1.67E+07,1.29E+07,4
3.584995277,16308700,3.628370378,10590500,3,1.67E+07,1.58E+07,4
3.595588777,16283900,3.650081878,10930000,3,1.67E+07,1.65E+07,3
3.595588777,18376900,3.661005278,10767000,4,1.67E+07,1.69E+07,2
3.595588777,10367700,3.684846278,13276200,4,1.66E+07,1.54E+07,1
3.684846278,43690800,3.701342678,16508900,4,1.67E+07,2.10E+07,1
3.696849578,12880900,3.717923478,17397500,2,1.67E+07,2.03E+07,1
3.714250878,18439400,3.734771179,16025600,2,1.67E+07,2.08E+07,2
3.717923478,8751200,3.751265279,16771300,2,1.67E+07,1.88E+07,1
3.748329979,24467100,3.768116178,16519600,2,1.67E+07,2.16E+07,1
3.765258778,15835600,3.784757178,16665700,2,1.67E+07,1.61E+07,1
3.780538178,16299800,3.801488378,16753900,2,1.67E+07,1.68E+07,1
3.797958478,17215600,3.817946978,16543400,2,1.67E+07,1.65E+07,1
3.813777878,16718100,3.834743578,16691700,2,1.67E+07,1.81E+07,1
3.831859478,17094700,3.851546478,16801200,2,1.67E+07,1.66E+07,1
3.848238978,16893600,3.868121378,16583900,2,1.67E+07,1.68E+07,1
3.864808178,16287600,3.884790678,16676100,2,1.67E+07,1.68E+07,1
3.881283878,16325200,3.901368778,16617900,2,1.67E+07,1.67E+07,1
3.897938778,15883800,3.918250678,16839200,2,1.67E+07,1.65E+07,1
3.914784378,16932700,3.934752878,16509400,2,1.67E+07,1.65E+07,1
3.931495478,17562000,3.951531778,16737300,2,1.67E+07,1.66E+07,1
3.948391778,16816800,3.968228178,16753300,2,1.67E+07,1.67E+07,2
3.951531778,9765800,3.984776079,16554400,2,1.67E+07,1.54E+07,1
3.980946879,22683400,4.001422679,16684000,2,1.67E+07,1.68E+07,1
3.998341179,16639800,4.018110379,16721000,2,1.67E+07,1.67E+07,1
4.013889179,16632500,4.034851779,16629900,2,1.67E+07,1.65E+07,1
4.030419079,16667400,4.051553379,16704600,2,1.67E+07,1.65E+07,1
4.048552779,16913100,4.068278079,16720900,2,1.67E+07,1.79E+07,1
4.064553679,16009200,4.084899879,16659100,2,1.67E+07,1.66E+07,1
4.080479379,16750000,4.101634378,16759100,2,1.67E+07,1.66E+07,1
4.098109778,18010600,4.118311679,16615800,2,1.67E+07,1.69E+07,1
4.113704879,15590200,4.134847679,16535500,2,1.67E+07,1.67E+07,1
4.131659979,16773300,4.151644479,16796400,2,1.67E+07,1.66E+07,1
4.148642479,16932000,4.168180579,16577500,2,1.67E+07,1.68E+07,1
4.165052779,16431100,4.184916779,16695100,2,1.67E+07,1.67E+07,1
4.182673179,17615100,4.20151118,16594600,2,1.67E+07,1.67E+07,1
4.19877398,16104900,4.21832768,16843300,2,1.67E+07,1.68E+07,1
4.21559088,16819200,4.23487378,16526300,2,1.67E+07,1.68E+07,1
4.23133058,17002600,4.251674081,16792800,2,1.67E+07,1.68E+07,1
4.248678781,16961200,4.26829998,16626600,2,1.67E+07,1.69E+07,1
4.263527081,14763200,4.28499788,16765100,2,1.67E+07,1.63E+07,1
4.28130128,17909900,4.30152038,16457800,2,1.67E+07,1.67E+07,1
4.29722558,15659900,4.31823458,16660900,2,1.67E+07,1.65E+07,1
4.31456358,17717700,4.33498478,16801800,2,1.67E+07,1.66E+07,1
4.33028638,15810200,4.35154568,16543400,2,1.67E+07,1.64E+07,1
4.34716198,17152600,4.36822338,16798600,2,1.67E+07,1.69E+07,1
4.36477018,18386800,4.38504968,16722100,2,1.67E+07,1.69E+07,2
4.36822338,9123200,4.401493981,16559800,2,1.67E+07,1.56E+07,1
4.398433681,22355100,4.418366181,16850200,2,1.67E+07,1.66E+07,1
4.416210981,17768900,4.434833581,16458500,2,1.67E+07,1.70E+07,1
4.430796881,15352400,4.451560981,16724300,2,1.67E+07,1.66E+07,1
4.448085381,17577800,4.46828168,16639300,2,1.67E+07,1.64E+07,1
4.46489178,16884900,4.48505668,16848300,2,1.67E+07,1.80E+07,1
4.48230818,16274400,4.50173758,16621900,2,1.67E+07,1.68E+07,2
4.48505668,12868500,4.51837758,16625300,2,1.67E+07,1.58E+07,1
4.51407818,20853800,4.53494928,16582600,2,1.67E+07,1.69E+07,2
4.51837758,11149800,4.55170318,16743400,2,1.67E+07,1.56E+07,1
4.54823298,21682600,4.56841068,16666200,2,1.67E+07,1.66E+07,1
4.56497338,16902000,4.58495668,16678900,2,1.67E+07,1.67E+07,1
4.58068788,16175900,4.60169198,16643300,2,1.67E+07,1.74E+07,1
4.59868238,17547200,4.61827808,16586900,2,1.67E+07,1.67E+07,1
4.61430248,15914600,4.63509188,16794500,2,1.67E+07,1.76E+07,1
4.63103968,16439100,4.65178338,16710300,2,1.67E+07,1.66E+07,1
4.64831378,17386900,4.66834438,16609300,2,1.67E+07,1.67E+07,1
4.66488438,15644700,4.68506368,16754100,2,1.67E+07,1.66E+07,1
4.68168538,16849200,4.70174998,16603400,2,1.67E+07,1.64E+07,1
4.69965348,17960600,4.718443479,16739600,2,1.67E+07,1.69E+07,1
4.713492279,15862100,4.735086479,16578700,2,1.67E+07,1.67E+07,1
4.731761779,16213700,4.751693779,16763900,2,1.67E+07,1.65E+07,1
4.747131679,16337600,4.767105179,16883200,2,1.67E+07,1.66E+07,1
4.765019379,18281400,4.783906379,16347600,2,1.67E+07,1.69E+07,1
4.782576379,17473600,4.801804979,17011600,2,1.67E+07,1.68E+07,1
4.800492379,17631700,4.818299379,16350900,2,1.67E+07,1.72E+07,2
4.801804979,9605300,4.83483188,16647100,2,1.67E+07,1.59E+07,2
4.818299379,14936600,4.851655979,16583700,2,1.67E+07,1.56E+07,1
4.848129679,23427700,4.86819188,16690900,2,1.67E+07,1.66E+07,1
4.86791678,18493500,4.88506188,16955100,2,1.67E+07,1.68E+07,1
4.88115118,14224600,4.90086048,16610000,2,1.67E+07,1.61E+07,1
4.90086048,19806800,4.91823658,16460300,2,1.67E+07,1.82E+07,2
4.90086048,9466900,4.93486668,16760800,2,1.67E+07,1.71E+07,1
4.93280958,23144000,4.95173818,16822800,2,1.67E+07,1.70E+07,1
4.94917438,14614700,4.968326879,16441900,2,1.67E+07,1.63E+07,1
4.965535079,17684600,4.98506078,16768900,2,1.67E+07,1.69E+07,1
4.98094528,14977400,5.00186538,16942500,2,1.67E+07,1.60E+07,1
4.99902488,17231700,5.01840468,16400200,2,1.67E+07,1.75E+07,1
5.01750228,18486600,5.034956481,16778600,2,1.67E+07,1.66E+07,1
5.032115481,15621700,5.05175008,16525900,2,1.67E+07,1.68E+07,1
5.04947668,17413500,5.06832618,16659100,2,1.67E+07,1.67E+07,1
5.09746418,47600200,5.10154458,33846200,2,1.67E+07,2.33E+07,0
5.09969268,1585500,5.11776288,17541400,1,1.67E+07,2.01E+07,2
5.10154458,2625300,5.135228281,15511500,2,1.67E+07,1.70E+07,2
5.11638388,15345100,5.151898681,16652400,3,1.67E+07,1.69E+07,2
5.132964381,16348900,5.168269081,16435200,3,1.67E+07,1.67E+07,2
5.149402381,15312200,5.185093481,16735800,3,1.67E+07,1.02E+07,2
5.166004981,17773400,5.201707381,16605000,3,1.67E+07,1.35E+07,2
5.182274081,16108500,5.21847808,16770300,3,1.67E+07,1.62E+07,2
5.199356681,18106100,5.23517688,16619300,3,1.67E+07,1.67E+07,2
5.21574818,16770800,5.25196668,16819900,3,1.67E+07,1.68E+07,2
5.23164878,14633100,5.26846668,16576500,3,1.67E+07,1.67E+07,2
5.24889138,16095800,5.28381688,16879000,3,1.67E+07,1.63E+07,2
5.26541408,17669600,5.30182808,16365400,3,1.67E+07,1.67E+07,2
5.28128288,17166600,5.318528879,16864000,3,1.67E+07,1.65E+07,2
5.29879908,15799400,5.335319679,16666400,3,1.67E+07,1.63E+07,2
5.315752779,16221000,5.351853879,16528000,3,1.67E+07,1.66E+07,2
5.33159188,17419100,5.368652079,16859600,3,1.67E+07,1.69E+07,2
5.348797679,16636000,5.385177479,16435300,3,1.67E+07,1.66E+07,2
5.366242179,16501600,5.401948279,16829600,3,1.67E+07,1.65E+07,2
5.381634779,16330000,5.41865028,16757500,3,1.67E+07,1.66E+07,2
5.398092479,16920200,5.43535398,16728000,3,1.67E+07,1.68E+07,3
5.41440298,16677200,5.45201798,16553900,3,1.67E+07,1.66E+07,2
5.41865028,12188000,5.46852748,16591000,3,1.67E+07,1.57E+07,2
5.44823128,20793800,5.485298181,16752400,3,1.67E+07,1.66E+07,2
5.46469438,16744800,5.501990981,16723400,3,1.67E+07,1.67E+07,3
5.483590481,17611800,5.51872108,16563000,3,1.67E+07,1.68E+07,2
5.485298181,10237800,5.53522628,16597200,3,1.67E+07,1.55E+07,2
5.51490838,21977300,5.55205958,16778300,3,1.67E+07,1.75E+07,2
5.53306348,17225100,5.56850968,16507400,3,1.67E+07,1.68E+07,3
5.54966428,16601700,5.58539518,16884800,3,1.67E+07,1.67E+07,2
5.55205958,10710100,5.601902581,16487400,3,1.67E+07,1.54E+07,2
5.58084528,21773400,5.61857298,16702400,3,1.67E+07,1.77E+07,2
5.598881381,18050100,5.63523298,16594300,3,1.67E+07,1.69E+07,2
5.61442508,14970700,5.65206058,16825000,3,1.67E+07,1.64E+07,2
5.63182478,17507200,5.668589981,16548600,3,1.67E+07,1.66E+07,2
5.64852628,17139900,5.685252281,16677600,3,1.67E+07,1.79E+07,2
5.665342381,16445900,5.702005681,16703700,3,1.67E+07,1.68E+07,2
5.681858081,16232000,5.718664681,16698000,3,1.67E+07,1.65E+07,2
5.697469881,16459700,5.735242081,16616500,3,1.67E+07,1.68E+07,2
5.716290181,17343100,5.752008881,16796000,3,1.67E+07,1.67E+07,2
5.732134781,15844200,5.768644881,16551800,3,1.67E+07,1.65E+07,2
5.747984881,16804300,5.783597082,17001200,3,1.67E+07,1.65E+07,2
5.764217181,16620900,5.802065781,16414100,3,1.67E+07,1.66E+07,2
5.781789982,17100300,5.818681881,16681700,3,1.67E+07,1.67E+07,2
5.800120781,18399600,5.83532378,16574500,3,1.67E+07,1.70E+07,1
5.84934888,49267500,5.85218628,16872500,3,1.67E+07,2.36E+07,0
5.85200368,1748000,5.868728681,16566000,1,1.67E+07,2.06E+07,3
5.85218628,1823600,5.885356081,16564400,2,1.67E+07,1.77E+07,2
5.85218628,8062700,5.90209348,16820100,2,1.67E+07,1.59E+07,1
5.91715618,55234800,5.91857448,16991200,3,1.67E+07,2.32E+07,0
5.91857448,2121400,5.935518479,16413000,1,1.67E+07,1.38E+07,3
5.91857448,2000100,5.952151879,16600900,1,1.67E+07,1.38E+07,2
5.91857448,6607200,5.968773379,16625500,2,1.67E+07,1.48E+07,2
5.950029079,22129100,5.985507179,16758700,3,1.67E+07,1.76E+07,2
5.965621379,17340600,6.002163479,16711800,3,1.67E+07,1.00E+07,2
5.981835979,15184200,6.018821579,16576300,3,1.67E+07,1.27E+07,2
5.997956079,17438600,6.035451479,16580100,3,1.67E+07,1.57E+07,2
6.015528079,16508200,6.052128479,16744400,3,1.67E+07,1.77E+07,2
6.032666479,17076800,6.068803179,16629200,3,1.67E+07,1.67E+07,2
6.048027179,16166200,6.085475779,16697600,3,1.67E+07,1.65E+07,2
6.064699279,16664000,6.102106379,16677300,3,1.67E+07,1.68E+07,2
6.082128579,16423400,6.118815079,16678200,3,1.67E+07,1.66E+07,2
6.098066279,17249200,6.135568879,16737300,3,1.67E+07,1.67E+07,2
6.115636579,16389700,6.152237478,16709800,3,1.67E+07,1.66E+07,2
6.132036179,17033000,6.168821679,16502900,3,1.67E+07,1.68E+07,2
6.147887878,16344700,6.185426078,16674500,3,1.67E+07,1.67E+07,2
6.164872279,16875200,6.202187378,16732000,3,1.67E+07,1.68E+07,2
6.182139678,16101800,6.218751178,16627200,3,1.67E+07,1.65E+07,2
6.199975778,17126300,6.235625778,16883000,3,1.67E+07,1.67E+07,2
6.215419978,16219300,6.252306078,16608200,3,1.67E+07,1.65E+07,2
6.233205278,17012500,6.268725478,16521000,3,1.67E+07,1.67E+07,2
6.249248078,16884400,6.285485278,16651400,3,1.67E+07,1.67E+07,2
6.266669978,16570400,6.302306977,16828700,3,1.67E+07,1.68E+07,2
6.281143578,15720500,6.318809277,16527700,3,1.67E+07,1.65E+07,2
6.298567977,16991800,6.335608077,16785900,3,1.67E+07,1.66E+07,2
6.314653977,16967000,6.352155277,16532400,3,1.67E+07,1.66E+07,2
6.331885277,16340100,6.368820377,16737000,3,1.67E+07,1.65E+07,2
6.348688677,16936000,6.385602277,16705700,3,1.67E+07,1.66E+07,2
6.366072077,16448700,6.402256078,16690400,3,1.67E+07,1.67E+07,2
6.383132577,17059800,6.418854178,16568200,3,1.67E+07,1.68E+07,2
6.398025478,16982700,6.435485478,16701800,3,1.67E+07,1.68E+07,2
6.415580378,16427300,6.452189079,16638700,3,1.67E+07,1.68E+07,3
6.432246678,17978900,6.468967278,16773600,3,1.67E+07,1.70E+07,2
6.435485478,10915000,6.485645079,16635700,3,1.67E+07,1.59E+07,2
6.464648478,20981500,6.502215179,16619100,3,1.67E+07,1.67E+07,2
6.482320979,16643100,6.519021879,16801200,3,1.67E+07,1.66E+07,2
6.498613579,16431900,6.535684478,16741800,3,1.67E+07,1.66E+07,2
6.514448679,17002400,6.552392278,16684200,3,1.67E+07,1.64E+07,2
6.531188579,16294800,6.568914978,16465000,3,1.67E+07,1.75E+07,2
6.548167978,17108800,6.585745179,16849700,3,1.67E+07,1.67E+07,2
6.566831978,16932000,6.602391778,16692700,3,1.67E+07,1.68E+07,2
6.583278879,17306800,6.619030878,16521600,3,1.67E+07,1.69E+07,2
6.599784778,15652800,6.635537278,16632800,3,1.67E+07,1.67E+07,2
6.615872478,16873100,6.652273578,16774500,3,1.67E+07,1.68E+07,2
6.632705678,17777500,6.669066278,16670100,3,1.67E+07,1.69E+07,2
6.647781778,15495900,6.685684278,16582500,3,1.67E+07,1.66E+07,2
6.665861078,16738600,6.702274777,16635300,3,1.67E+07,1.65E+07,2
6.682478678,16503800,6.719016277,16741800,3,1.67E+07,1.67E+07,2
6.698037877,16837000,6.735737677,16720900,3,1.67E+07,1.67E+07,3
6.715495477,16355600,6.752276777,16645300,3,1.67E+07,1.64E+07,2
6.719016277,12005600,6.768944777,16590700,3,1.67E+07,1.57E+07,2
6.748681277,20313300,6.784349277,17353300,3,1.67E+07,1.64E+07,2
6.765606477,18012300,6.802472177,16144900,3,1.67E+07,1.67E+07,2
6.781067577,15418400,6.819010977,16557900,3,1.67E+07,1.64E+07,2
6.800746177,19515600,6.835770777,16741000,3,1.67E+07,1.71E+07,2
6.815063877,14305000,6.852281777,16538700,3,1.67E+07,1.75E+07,2
6.832388977,17200500,6.869024077,16812900,3,1.67E+07,1.69E+07,2
6.848889077,15803400,6.885664778,16586800,3,1.67E+07,1.64E+07,2
6.865622477,17463600,6.902364278,16662600,3,1.67E+07,1.69E+07,2
6.882691578,16330900,6.919151378,16834500,3,1.67E+07,1.62E+07,3
6.898408078,16752000,6.935768178,16577500,3,1.67E+07,1.67E+07,2
6.902364278,12914000,6.952402478,16588700,3,1.67E+07,1.59E+07,3
6.931866477,20695500,6.968982677,17860500,3,1.67E+07,1.68E+07,2
6.935768178,10958900,6.985790477,15624900,3,1.67E+07,1.55E+07,2
6.964992177,21928000,7.002485878,16682500,3,1.67E+07,1.66E+07,2
6.982646177,17368800,7.019032878,16473600,3,1.67E+07,1.68E+07,2
6.998496578,15964700,7.035786978,16773300,3,1.67E+07,1.74E+07,2
7.015173478,17036300,7.052354478,16602400,3,1.67E+07,1.67E+07,3
7.032348578,16775000,7.069086077,16657400,3,1.67E+07,1.78E+07,2
7.035786978,11997800,7.085808877,16762600,3,1.67E+07,1.58E+07,2
7.065023277,20877900,7.102520177,16716300,3,1.67E+07,1.65E+07,1
7.118205277,52233400,7.119049477,17032700,3,1.67E+07,2.38E+07,0
7.119049477,1476900,7.134857277,16269800,1,1.67E+07,2.07E+07,3
7.119049477,2442000,7.152474777,16682000,2,1.67E+07,1.78E+07,2
7.119049477,5292400,7.169174376,16618300,2,1.67E+07,1.65E+07,2
7.149046477,22774400,7.185764777,16609200,3,1.67E+07,1.68E+07,3
7.166101376,16746800,7.202523676,16749600,3,1.67E+07,9746500,2
7.169174376,10787900,7.219209477,16696000,3,1.67E+07,1.16E+07,3
7.199251576,21503400,7.235834276,16684100,3,1.67E+07,1.54E+07,2
7.202523676,14536100,7.252476676,16568000,3,1.67E+07,1.73E+07,2
7.233101076,19381300,7.269239876,16776600,3,1.67E+07,1.66E+07,3
7.249148276,16935400,7.284912076,16792500,3,1.67E+07,1.66E+07,2
7.252476676,11871500,7.301490576,16679700,3,1.67E+07,1.68E+07,2
7.282145676,22283600,7.318274775,16714700,3,1.67E+07,1.70E+07,2
7.300064876,15851200,7.334873575,16522700,3,1.67E+07,1.73E+07,2
7.317713375,17659400,7.351487775,16641300,3,1.67E+07,1.69E+07,2
7.332377075,15764500,7.368079575,16781500,3,1.67E+07,1.67E+07,2
7.349406375,16892200,7.385139075,16810600,3,1.67E+07,1.77E+07,2
7.365456075,16486500,7.401460275,16452600,3,1.67E+07,1.65E+07,3
7.383372975,17528700,7.418493975,16792600,3,1.67E+07,1.69E+07,2
7.385139075,11885100,7.435264875,16671700,3,1.67E+07,1.57E+07,2
7.416251775,20961300,7.451515275,16633500,3,1.67E+07,1.68E+07,2
7.433403575,17451400,7.468199375,16680500,3,1.67E+07,1.69E+07,2
7.449660875,14939600,7.485033675,16660000,3,1.67E+07,1.66E+07,2
7.466367875,17807500,7.501890275,16768000,3,1.67E+07,1.66E+07,2
7.483116775,16493700,7.518246375,16588000,3,1.67E+07,1.75E+07,2
7.501122175,17143700,7.534997974,16682700,3,1.67E+07,1.68E+07,2
7.515870975,15724500,7.551837375,16670400,3,1.67E+07,1.64E+07,2
7.532519174,16879900,7.568336075,16673800,3,1.67E+07,1.68E+07,2
7.548769475,17521300,7.585287174,16834000,3,1.67E+07,1.68E+07,2
7.566466375,15244700,7.601894575,16587600,3,1.67E+07,1.65E+07,2
7.582616574,17291800,7.618379075,16689300,3,1.67E+07,1.65E+07,2
7.601299575,17499000,7.635096975,17454300,3,1.67E+07,1.69E+07,1
7.653220075,53045500,7.668237675,32354700,3,1.67E+07,2.41E+07,0
7.655286975,2096200,7.685911375,16862100,1,1.67E+07,2.10E+07,3
7.657254175,2966800,7.702516675,16430100,2,1.67E+07,1.86E+07,3
7.661010875,2380800,7.718585975,16978800,3,1.67E+07,1.56E+07,3
7.681775475,22663500,7.735404775,16714800,4,1.67E+07,1.66E+07,3
7.700277775,18099800,7.752152375,16660700,4,1.67E+07,9641420,3
7.716563675,15092000,7.768835675,16675700,4,1.67E+07,1.22E+07,3
7.732838675,17089200,7.785438575,16751200,4,1.67E+07,1.51E+07,3
7.750422975,16832500,7.800306675,16705600,4,1.67E+07,1.80E+07,3
7.767066275,15623000,7.816077374,16613000,4,1.67E+07,1.65E+07,3
7.784740975,17723200,7.835273975,16706600,4,1.67E+07,1.65E+07,4
7.800306675,17552000,7.852495774,16191300,4,1.67E+07,1.70E+07,3
7.816077374,17401400,7.868603074,17129500,4,1.67E+07,1.70E+07,4
7.816077374,10726100,7.885411174,16769300,4,1.67E+07,1.58E+07,3
7.849337474,21879900,7.900791274,16608400,4,1.67E+07,1.71E+07,3
7.852495774,10209900,7.917973774,17367400,4,1.67E+07,1.56E+07,3
7.885411174,25990900,7.933248374,15860200,4,1.67E+07,1.72E+07,3
7.900791274,15445600,7.952776274,16782600,3,1.67E+07,1.69E+07,3
7.917973774,16397700,7.967270574,16520500,3,1.67E+07,1.80E+07,3
7.933248374,16020000,7.984108774,16801100,4,1.67E+07,1.68E+07,3
7.951410974,14929500,8.001940874,16596200,4,1.67E+07,1.78E+07,4
7.967270574,18188600,8.019437873,16557300,4,1.67E+07,1.62E+07,3
7.984108774,16833000,8.035231474,16525500,4,1.67E+07,1.65E+07,3
7.984108774,10497500,8.051895273,16770300,4,1.67E+07,1.53E+07,3
8.018087473,22160100,8.068559074,16682400,4,1.67E+07,1.65E+07,3
8.032195174,14646100,8.085296074,16559500,4,1.67E+07,1.65E+07,3
8.050368073,16585700,8.101824374,16665600,4,1.67E+07,1.61E+07,3
8.065475274,16657300,8.118601874,16827100,4,1.67E+07,1.61E+07,3
8.081893574,16809000,8.135227674,16605700,4,1.67E+07,1.74E+07,3
8.099181774,16110700,8.152036674,16714300,4,1.67E+07,1.62E+07,3
8.114910974,16738800,8.168567474,16675500,4,1.67E+07,1.66E+07,3
8.132063774,16994600,8.185326774,16850800,4,1.67E+07,1.67E+07,3
8.149697674,16851400,8.201918973,16453100,4,1.67E+07,1.67E+07,3
8.166662674,16945200,8.218826374,16799500,4,1.67E+07,1.67E+07,3
8.184325974,16849200,8.235399174,16515200,4,1.67E+07,1.69E+07,3
8.198917973,16509200,8.252105774,16783800,4,1.67E+07,1.68E+07,3
8.218128674,17294400,8.268747973,16704800,4,1.67E+07,1.69E+07,3
8.232331174,16060600,8.285547973,16581000,4,1.67E+07,1.67E+07,3
8.249301474,16115300,8.302226273,16827700,4,1.67E+07,1.66E+07,3
8.266743673,17329900,8.318832873,16543700,4,1.67E+07,1.67E+07,3
8.283230673,16331600,8.335494173,16756000,4,1.67E+07,1.66E+07,3
8.298618373,16745400,8.352191973,16703400,4,1.67E+07,1.65E+07,3
8.317498473,16817300,8.368972473,16615900,4,1.67E+07,1.67E+07,2
8.333245873,16606400,8.384609674,16429400,4,1.67E+07,1.68E+07,1
8.384609674,52228200,8.402278874,16842400,4,1.67E+07,2.37E+07,4
8.384609674,2903100,8.418739574,16712700,2,1.67E+07,2.11E+07,3
8.384609674,1280300,8.435554074,16724100,2,1.67E+07,1.80E+07,3
8.384609674,5958400,8.452304674,16630500,3,1.67E+07,1.58E+07,3
8.416278474,20697800,8.468963974,16796900,4,1.67E+07,1.66E+07,3
8.433790874,16599300,8.485618074,16720800,4,1.67E+07,9487780,3
8.450010274,17127200,8.502350074,16530300,4,1.67E+07,1.23E+07,4
8.467296374,16385900,8.518975374,16668600,4,1.67E+07,1.54E+07,3
8.485080574,17780900,8.535950874,16957900,4,1.67E+07,1.77E+07,3
8.485618074,13442000,8.552595574,16395600,4,1.67E+07,1.63E+07,3
8.516274774,18580600,8.568971574,16779000,4,1.67E+07,1.67E+07,3
8.533302174,18182400,8.585696373,16605300,4,1.67E+07,1.69E+07,3
8.552145474,16859800,8.602455673,16769300,4,1.67E+07,1.70E+07,3
8.567485374,15361400,8.619022873,16677500,4,1.67E+07,1.65E+07,3
8.584425573,16925400,8.635691272,16600100,4,1.67E+07,1.72E+07,3
8.599996473,16362400,8.652447873,16670400,4,1.67E+07,1.67E+07,3
8.615658173,16905000,8.669000872,16724300,4,1.67E+07,1.65E+07,3
8.633629172,16772900,8.685759672,16750100,4,1.67E+07,1.65E+07,2
8.650861973,16378500,8.702045172,16151500,4,1.67E+07,1.67E+07,1
8.701644572,50807100,8.719090372,17182000,4,1.67E+07,2.34E+07,3
8.702045172,2864500,8.735861772,16587700,2,1.67E+07,2.07E+07,3
8.702045172,2200300,8.752498672,16653600,2,1.67E+07,1.78E+07,4
8.718616672,11895000,8.769165472,16732100,3,1.67E+07,1.68E+07,3
8.734492772,15875700,8.785822872,16617300,4,1.67E+07,1.67E+07,3
8.735861772,12262500,8.802572673,17732900,4,1.67E+07,9019600,3
8.767518272,20810500,8.819263072,15838800,4,1.67E+07,1.26E+07,3
8.783362572,16958200,8.835859072,16566900,4,1.67E+07,1.56E+07,3
8.801071173,16555800,8.852580372,16728800,4,1.67E+07,1.65E+07,4
8.817927872,17672100,8.869137072,16304500,4,1.67E+07,1.69E+07,3
8.834692072,15940000,8.885784472,16890900,4,1.67E+07,1.76E+07,3
8.835859072,11880500,8.902633672,16826800,4,1.67E+07,1.58E+07,3
8.869137072,23314300,8.919154072,16621000,4,1.67E+07,1.71E+07,3
8.884260172,14381200,8.935873772,16751200,4,1.67E+07,1.66E+07,3
8.900388872,17025500,8.952673472,16585000,4,1.67E+07,1.65E+07,3
8.917784672,16494400,8.969345872,16612900,4,1.67E+07,1.66E+07,3
8.933608472,16694500,8.985969572,16724500,4,1.67E+07,1.76E+07,3
8.951498272,17008600,9.002917772,16788000,4,1.67E+07,1.63E+07,3
8.967050772,16537100,9.019414472,16679000,4,1.67E+07,1.68E+07,3
8.983506072,16284200,9.036255071,16688200,4,1.67E+07,1.66E+07,3
9.000648472,16343200,9.052660072,16609600,4,1.67E+07,1.66E+07,3
9.017594072,16949300,9.069468871,16676700,4,1.67E+07,1.66E+07,3
9.034358171,16730600,9.086117272,16709000,4,1.67E+07,1.66E+07,3
9.050335672,16822900,9.102721071,16672000,4,1.67E+07,1.66E+07,3
9.067939671,16781900,9.119522971,16633600,4,1.67E+07,1.67E+07,3
9.085514672,17551300,9.136130271,16757800,4,1.67E+07,1.70E+07,2
9.101443371,15952300,9.152755671,16670600,4,1.67E+07,1.68E+07,3
9.134559171,33095300,9.169610471,16613000,4,1.67E+07,2.00E+07,2
9.136130271,12486400,9.186040471,16767500,3,1.67E+07,1.92E+07,2
9.168023371,20988600,9.202787771,16508300,3,1.67E+07,2.00E+07,2
9.184729871,17612200,9.219415371,16807400,3,1.67E+07,2.00E+07,2
9.201276971,15632700,9.236084571,16604900,3,1.67E+07,2.00E+07,2
9.217375371,16820100,9.252859172,16750300,3,1.67E+07,1.67E+07,3
9.234680371,17365600,9.269510272,16790300,3,1.67E+07,1.77E+07,2
9.236084571,12304900,9.286343272,16588700,3,1.67E+07,1.59E+07,2
9.267235572,20627300,9.302928472,16574700,3,1.67E+07,1.66E+07,2
9.285266572,16890700,9.319553172,16687500,3,1.67E+07,1.68E+07,2
9.300872472,16524700,9.336438272,16805300,3,1.67E+07,1.67E+07,2
9.316034472,16225500,9.352967172,16624800,3,1.67E+07,1.65E+07,2
9.334037672,17482500,9.369657472,16599300,3,1.67E+07,1.76E+07,2
9.351633972,16144700,9.386328172,16732100,3,1.67E+07,1.67E+07,2
9.368163872,17232700,9.402963272,16718500,3,1.67E+07,1.67E+07,2
9.383627572,16466600,9.419729072,16611100,3,1.67E+07,1.67E+07,2
9.401531072,16182900,9.436550271,16790200,3,1.67E+07,1.67E+07,2
9.418372772,16847800,9.452982971,16644800,3,1.67E+07,1.66E+07,2
9.435093271,16704500,9.469758071,16637800,3,1.67E+07,1.67E+07,2
9.451047971,15983300,9.486366571,16610000,3,1.67E+07,1.64E+07,2
9.468287571,17232700,9.503090071,16801200,3,1.67E+07,1.66E+07,3
9.483922671,15667600,9.519817571,16692100,3,1.67E+07,1.65E+07,2
9.486366571,14329300,9.536462771,16658800,3,1.67E+07,1.60E+07,2
9.518126771,20771100,9.553030371,16617300,3,1.67E+07,1.68E+07,2
9.533374771,15293700,9.569801471,16726300,3,1.67E+07,1.67E+07,2
9.550630671,17439300,9.586410071,16757700,3,1.67E+07,1.67E+07,2
9.566484371,15736600,9.603158771,16543200,3,1.67E+07,1.67E+07,2
9.585179171,17655600,9.619787971,16818100,3,1.67E+07,1.74E+07,3
9.600177171,16080300,9.636469171,16555400,3,1.67E+07,1.64E+07,3
9.603158771,14046600,9.653044471,16705600,3,1.67E+07,1.62E+07,2
9.619787971,16141600,9.669918371,16692500,3,1.67E+07,1.59E+07,1
9.685999871,54532600,9.686421171,16881800,3,1.67E+07,2.37E+07,0
9.686421171,2529400,9.703101571,16384400,1,1.67E+07,2.07E+07,3
9.686421171,1928700,9.719937271,16716400,1,1.67E+07,1.78E+07,2
9.686421171,7999500,9.736605071,16667700,2,1.67E+07,1.66E+07,2
9.717472971,19063800,9.753126871,16771600,3,1.67E+07,1.72E+07,2
9.734054271,17485900,9.76984137,16648000,3,1.67E+07,9801460,2
9.751225171,16208500,9.786621771,16723400,3,1.67E+07,1.25E+07,2
9.76685387,16813200,9.803361371,16589300,3,1.67E+07,1.55E+07,2
9.78318207,16496300,9.820025971,19029400,3,1.67E+07,1.72E+07,2
9.800861771,17291800,9.836851671,14502100,3,1.67E+07,1.69E+07,3
9.817231571,16175000,9.853764871,17041700,3,1.67E+07,1.66E+07,2
9.820025971,13583400,9.870120671,16480600,3,1.67E+07,1.61E+07,3
9.852259271,20707200,9.886696171,16524300,3,1.67E+07,1.69E+07,3
9.853764871,13769000,9.903541671,16769000,3,1.67E+07,1.63E+07,2
9.870120671,15651200,9.920362171,16682000,3,1.67E+07,1.60E+07,2
9.901833671,21191700,9.937610771,16884100,3,1.67E+07,1.70E+07,2
9.917833971,15955900,9.95356407,16455400,3,1.67E+07,1.75E+07,2
9.936988271,18151300,9.970719971,16894300,3,1.67E+07,1.69E+07,2
9.95117987,15132900,9.986961471,16718800,3,1.67E+07,1.72E+07,2
9.968782971,17931800,10.00361457,16382600,3,1.67E+07,1.77E+07,3
9.985735771,16841600,10.02025687,16810100,3,1.67E+07,1.68E+07,2
9.986961471,11984500,10.03724227,16848500,3,1.67E+07,1.60E+07,2
10.01781027,20022400,10.05407317,16696100,3,1.67E+07,1.64E+07,2
10.03422227,16863700,10.07083987,16437500,3,1.67E+07,1.67E+07,2
10.05407317,19095200,10.08709217,16688600,3,1.67E+07,1.70E+07,3
10.06923617,15308600,10.10351437,16520400,3,1.67E+07,1.67E+07,2
10.07083987,12647800,10.12037147,16812900,3,1.67E+07,1.68E+07,2
10.10117077,19337100,10.13702107,16964400,3,1.67E+07,1.67E+07,2
10.11759047,16946800,10.15440777,16512900,3,1.67E+07,1.67E+07,2
10.13571517,17846100,10.17033177,16541900,3,1.67E+07,1.64E+07,2
10.15277447,16900300,10.18702037,16699400,3,1.67E+07,1.67E+07,2
10.16890317,15098700,10.20410617,16822400,3,1.67E+07,1.72E+07,2
10.18487167,17156400,10.21918357,16490600,3,1.67E+07,1.68E+07,2
10.20201377,17298200,10.23735117,17223700,3,1.67E+07,1.69E+07,2
10.21918357,19351700,10.25388467,16314900,3,1.67E+07,1.72E+07,2
10.23604667,14623000,10.27050677,16764300,2,1.67E+07,1.67E+07,2
10.25161517,15410200,10.28702477,16386000,3,1.67E+07,1.68E+07,1
10.30308377,50400500,10.30369677,16916900,3,1.67E+07,2.34E+07,0
10.30369677,2878000,10.32028117,16449900,1,1.67E+07,2.05E+07,3
10.30369677,2510700,10.33719597,16903200,1,1.67E+07,1.72E+07,3
10.30369677,5953200,10.35270587,16467300,2,1.67E+07,1.54E+07,2
10.32028117,17136500,10.37050927,16838400,3,1.67E+07,1.58E+07,3
10.35270587,22132000,10.38806367,16806300,3,1.67E+07,1.01E+07,2
10.35270587,11969300,10.40430487,16499700,3,1.67E+07,1.19E+07,2
10.38781137,22047200,10.41951087,16869600,3,1.67E+07,1.58E+07,2
10.40133207,15839100,10.43726127,16807200,3,1.67E+07,1.78E+07,3
10.41951087,18349400,10.45470647,17258500,3,1.67E+07,1.81E+07,2
10.41951087,10482100,10.47012287,15764400,2,1.67E+07,1.57E+07,2
10.45470647,23581400,10.48746437,16785900,3,1.67E+07,1.81E+07,2
10.47012287,15579600,10.50500827,16666300,2,1.67E+07,1.68E+07,2
10.48603967,15305700,10.52149957,16660100,3,1.67E+07,1.67E+07,2
10.50299537,17403800,10.53739207,16617200,3,1.67E+07,1.65E+07,2
10.52036917,16927000,10.55509247,16913100,3,1.67E+07,1.78E+07,2
10.53739207,17071600,10.56999187,17168100,3,1.67E+07,1.65E+07,2
10.55232917,16461700,10.58842767,15908900,3,1.67E+07,1.66E+07,2
10.56999187,17823400,10.60517737,16848300,3,1.67E+07,1.71E+07,2
10.58613457,14308800,10.62177057,16539100,2,1.67E+07,1.65E+07,1
10.63711037,50178700,10.63859077,16825400,3,1.67E+07,2.32E+07,0
10.63859077,2899500,10.65514517,16529400,1,1.67E+07,2.03E+07,3
10.63859077,1933800,10.67180947,16688700,1,1.67E+07,1.74E+07,2
10.63859077,5439500,10.68865157,16833700,2,1.67E+07,1.50E+07,2
10.67007457,23637400,10.70526467,16655100,3,1.67E+07,1.68E+07,2
10.68448277,14652800,10.72202937,16763400,3,1.67E+07,9712600,2
10.70367887,17974600,10.73868587,16623100,3,1.67E+07,1.27E+07,2
10.71891127,16517200,10.75538107,16792800,3,1.67E+07,1.56E+07,2
10.73671417,17293600,10.77205917,16572200,3,1.67E+07,1.80E+07,2
10.75274527,15246300,10.78878027,16727200,3,1.67E+07,1.63E+07,2
10.76897867,18067900,10.80535637,16570600,3,1.67E+07,1.70E+07,2
10.78443817,15706600,10.82090167,17548000,3,1.67E+07,1.66E+07,2
10.80349357,16980200,10.83878647,15858700,3,1.67E+07,1.67E+07,2
10.81887937,16550300,10.85545647,16717600,3,1.67E+07,1.65E+07,2
10.83571607,17845800,10.87218027,16755500,3,1.67E+07,1.70E+07,2
10.85248497,15427400,10.88885417,16657600,3,1.67E+07,1.65E+07,2
10.86999137,16666100,10.90555407,16715800,3,1.67E+07,1.67E+07,2
10.88515547,16962000,10.92228077,16724800,3,1.67E+07,1.67E+07,2
10.90249007,16299500,10.93880857,16474000,3,1.67E+07,1.66E+07,2
10.91809757,16645300,10.95545797,16685700,3,1.67E+07,1.64E+07,2
10.93486647,16919500,10.97230267,16898200,3,1.67E+07,1.67E+07,2
10.95144507,16194900,10.98896997,17099600,3,1.67E+07,1.66E+07,2
10.96877237,16677800,11.00555607,16116500,3,1.67E+07,1.65E+07,2
10.98896997,19997800,11.02223467,16665300,3,1.67E+07,1.73E+07,2
11.00267537,13914900,11.03899077,16750200,2,1.67E+07,1.67E+07,2
11.01981057,16233500,11.05561747,16676500,3,1.67E+07,1.66E+07,2
11.03661207,16803700,11.07225237,16665600,3,1.67E+07,1.67E+07,2
11.05373087,17126500,11.08916777,16849900,3,1.67E+07,1.68E+07,2
11.07029067,17280900,11.10586167,16657000,3,1.67E+07,1.63E+07,1
11.11977057,49893000,11.12138547,16723900,3,1.67E+07,2.35E+07,0
11.12138547,2525000,11.13918857,16718800,1,1.67E+07,2.07E+07,3
11.12138547,2877600,11.15580597,16494400,1,1.67E+07,1.79E+07,2
11.12138547,6397200,11.17265057,16808700,2,1.67E+07,1.58E+07,2
11.15426207,22435800,11.18927677,16692800,3,1.67E+07,1.68E+07,2
11.16821997,15095000,11.20594977,16608500,3,1.67E+07,9866120,2
11.18524787,16805200,11.22266417,16690100,3,1.67E+07,1.27E+07,2
11.20382777,16778200,11.23925807,16625400,3,1.67E+07,1.55E+07,2
11.22074647,17937300,11.25602287,16736400,3,1.67E+07,1.78E+07,2
11.23654337,14792000,11.27262407,16745600,3,1.67E+07,1.63E+07,2
11.25296177,16381300,11.28946357,16731000,3,1.67E+07,1.65E+07,2
11.26920097,16309000,11.30607137,16585700,3,1.67E+07,1.64E+07,1
11.32100397,51783100,11.32245507,17484200,3,1.67E+07,2.34E+07,0
11.32245507,2676200,11.33948737,15968500,1,1.67E+07,2.04E+07,2
11.32245507,2546500,11.35612447,16667700,1,1.67E+07,1.79E+07,2
11.33746137,12338700,11.37288637,16759200,2,1.67E+07,1.71E+07,2
11.35273927,15270700,11.38952367,16617900,3,1.67E+07,1.69E+07,2
11.37077257,16909700,11.40614577,16632900,3,1.67E+07,9948360,2
11.38643037,16486600,11.42300987,16861900,3,1.67E+07,1.27E+07,2
11.40317627,16911300,11.43961197,16584900,3,1.67E+07,1.56E+07,1
11.45305477,49539500,11.45627037,16710100,3,1.67E+07,2.30E+07,0
11.45606017,2350600,11.47306537,16813100,1,1.67E+07,2.04E+07,3
11.45627037,2804200,11.48964857,16492100,2,1.67E+07,1.76E+07,2
11.45627037,7178000,11.50644587,16819200,2,1.67E+07,1.58E+07,2
11.48705607,21812600,11.52315917,16721900,3,1.67E+07,1.67E+07,2
11.50390407,16032100,11.53960617,16539100,3,1.67E+07,1.00E+07,2
11.52171577,17817200,11.55649207,16788100,3,1.67E+07,1.31E+07,2
11.53739567,15719000,11.57304217,16612400,3,1.67E+07,1.57E+07,2
11.55522897,17784100,11.58981347,16706600,3,1.67E+07,1.78E+07,2
11.57062307,15405400,11.60642777,16666000,3,1.67E+07,1.66E+07,2
11.58741887,16808000,11.62311697,16645900,3,1.67E+07,1.67E+07,2
11.60356657,16916800,11.63987027,16744400,3,1.67E+07,1.65E+07,2
11.62091807,16577000,11.65650427,16675300,3,1.67E+07,1.67E+07,2
11.63767947,16774300,11.67318957,16644700,3,1.67E+07,1.65E+07,3
11.65431527,16652400,11.68998587,16822000,3,1.67E+07,1.67E+07,2
11.65650427,12216300,11.70670257,16689700,3,1.67E+07,1.58E+07,2
11.68744577,20924000,11.72333467,16677600,3,1.67E+07,1.66E+07,2
11.70353067,17826400,11.73989737,16550600,3,1.67E+07,1.69E+07,2
11.72118977,15887000,11.75671726,16810100,3,1.67E+07,1.67E+07,2
11.73699177,16724400,11.77345986,16708500,3,1.67E+07,1.67E+07,2
11.75414726,16238500,11.79007687,16634300,3,1.67E+07,1.75E+07,2
11.76994416,16858200,11.80664147,16654600,3,1.67E+07,1.67E+07,2
11.78702567,16949100,11.82234087,18396800,3,1.67E+07,1.65E+07,2
11.80437897,16413300,11.84022626,15937600,3,1.67E+07,1.66E+07,2
11.81903927,17317900,11.85677096,15770900,3,1.67E+07,1.68E+07,2
11.84022626,19422600,11.87357136,16730700,3,1.67E+07,1.74E+07,3
11.85487756,15090600,11.89009966,16627000,3,1.67E+07,1.70E+07,2
11.85677096,9755300,11.90680506,16617600,3,1.67E+07,1.56E+07,2
11.88696856,21929000,11.92351736,16710300,3,1.67E+07,1.67E+07,2
11.90457556,17382700,11.94019656,16667600,3,1.67E+07,1.67E+07,2
11.92019316,15799500,11.95693936,16730800,3,1.67E+07,1.60E+07,2
11.93787916,17442500,11.97358466,16658800,3,1.67E+07,1.65E+07,2
11.95413146,16309300,11.99025036,16664200,3,1.67E+07,1.78E+07,2
11.97009116,16331300,12.00696036,16703200,3,1.67E+07,1.67E+07,2
11.98804316,17712300,12.02374476,16791300,3,1.67E+07,1.67E+07,2
12.00361196,15622500,12.04031146,16582600,3,1.67E+07,1.67E+07,2
12.02289586,18412200,12.05716636,16799300,3,1.67E+07,1.69E+07,2
12.03706896,15044800,12.07383766,16712200,3,1.67E+07,1.66E+07,2
12.05466276,16712900,12.09047106,16579100,3,1.67E+07,1.67E+07,2
12.07084866,17172400,12.10707136,16653600,3,1.67E+07,1.66E+07,2
12.08805586,16965200,12.12383016,16770100,3,1.67E+07,1.69E+07,2
12.10393236,16105600,12.14035756,16601800,3,1.67E+07,1.64E+07,2
12.12151996,16629200,12.15730276,16890600,3,1.67E+07,1.67E+07,2
12.13748956,16816600,12.17389906,16527500,3,1.67E+07,1.67E+07,2
12.15428496,16712400,12.19055736,16690700,3,1.67E+07,1.66E+07,2
12.17156246,17391800,12.20726266,16763600,3,1.67E+07,1.67E+07,2
12.18827446,15828600,12.22399827,16682400,3,1.67E+07,1.67E+07,2
12.20480316,17308800,12.24059786,16600900,3,1.67E+07,1.68E+07,2
12.22168087,16095300,12.25726556,16730600,3,1.67E+07,1.67E+07,1
12.27110796,50431600,12.27316006,17291500,3,1.67E+07,2.34E+07,0
12.27316006,2667400,12.29076706,16138200,1,1.67E+07,2.05E+07,3
12.27316006,2506200,12.30733666,16621100,1,1.67E+07,1.78E+07,2
12.27316006,6045800,12.32409416,16701900,2,1.67E+07,1.55E+07,2
12.30475186,22643400,12.34077996,16691100,3,1.67E+07,1.69E+07,2
12.32054726,15714300,12.35753836,16717000,3,1.67E+07,9915420,2
12.33862406,16921800,12.37403646,16626700,3,1.67E+07,1.28E+07,2
12.35305526,16461800,12.39083556,16718600,3,1.67E+07,1.56E+07,2
12.37175426,17364200,12.40764876,16866000,3,1.67E+07,1.78E+07,2
12.38827876,15832600,12.42419056,16528800,3,1.67E+07,1.65E+07,2
12.40589686,17612200,12.44098656,16767900,3,1.67E+07,1.68E+07,2
12.41981186,14890200,12.45772526,16726700,3,1.67E+07,1.64E+07,2
12.43877836,17993600,12.47436726,16642400,3,1.67E+07,1.67E+07,2
12.45338926,16632500,12.49102616,16859600,3,1.67E+07,1.66E+07,1
12.50596256,50541400,12.50761856,18166400,3,1.67E+07,2.35E+07,0
12.50761856,5552100,12.52347676,15213900,1,1.67E+07,2.11E+07,2
12.50761856,1804500,12.54108816,16553800,1,1.67E+07,1.85E+07,3
12.52347676,12497300,12.55787096,16824600,2,1.67E+07,1.74E+07,2
12.52347676,8613900,12.57447896,16584000,2,1.67E+07,1.58E+07,2
12.55543906,22956200,12.59120786,16661300,3,1.67E+07,1.03E+07,2
12.57211676,15889300,12.60779656,16751100,3,1.67E+07,1.24E+07,3
12.58795496,15809400,12.62431236,16519800,3,1.67E+07,1.52E+07,3
12.59120786,11393500,12.64117416,16696000,3,1.67E+07,1.49E+07,2
12.60779656,17035800,12.65623406,18791800,3,1.67E+07,1.66E+07,2
12.63977636,22324400,12.67441396,14584900,3,1.67E+07,1.65E+07,2
12.65623406,20310900,12.69108536,17503500,3,1.67E+07,1.74E+07,2
12.67410336,14024200,12.70792946,16052500,2,1.67E+07,1.70E+07,2
12.69108536,17899400,12.72459736,17459700,3,1.67E+07,1.83E+07,2
12.70486036,14484100,12.74129226,15748400,3,1.67E+07,1.78E+07,2
12.72213266,16816700,12.75795316,16813000,3,1.67E+07,1.67E+07,2
12.73894706,17927800,12.77457976,16625000,3,1.67E+07,1.62E+07,2
12.75532996,14198300,12.79058876,17081000,3,1.67E+07,1.63E+07,2
12.77224416,18240200,12.80792546,16249000,3,1.67E+07,1.63E+07,2
12.79058876,18098400,12.82422776,16785400,3,1.67E+07,1.71E+07,2
12.80503366,14407700,12.84131266,16706500,3,1.67E+07,1.66E+07,2
12.82127506,17302700,12.85820306,16670000,3,1.67E+07,1.64E+07,2
12.84096006,17503900,12.87468276,16581800,3,1.67E+07,1.71E+07,2
12.85413796,14421500,12.89156796,16946800,3,1.67E+07,1.63E+07,2
12.87257686,17753900,12.90830276,16646100,3,1.67E+07,1.63E+07,2
12.88864256,16622900,12.92479146,16421400,3,1.67E+07,1.67E+07,2
12.90577706,17543900,12.94168246,16996500,3,1.67E+07,1.68E+07,2
12.92237656,16566800,12.95808706,16440700,3,1.67E+07,1.66E+07,2
12.93879486,14973700,12.97480536,16781900,3,1.67E+07,1.67E+07,2
12.95484746,17440900,12.99152626,16585100,3,1.67E+07,1.66E+07,3
12.97106576,16889800,13.00847236,16953900,3,1.67E+07,1.67E+07,3
12.97480536,11217100,13.02508416,16506900,3,1.67E+07,1.54E+07,2
12.99152626,14938000,13.04177316,16804900,3,1.67E+07,1.51E+07,2
13.02306926,25132800,13.05756366,16652300,3,1.67E+07,1.71E+07,2
13.03797686,14909500,13.07496466,16494900,3,1.67E+07,1.66E+07,3
13.05756366,18142800,13.09172576,16742700,3,1.67E+07,1.69E+07,2
13.05756366,10135400,13.10831746,16659400,3,1.67E+07,1.67E+07,2
13.08931806,22766500,13.12416976,16716900,3,1.67E+07,1.82E+07,2
13.10626216,15805500,13.14163406,16585800,3,1.67E+07,1.64E+07,2
13.12279726,17811800,13.15854576,16830100,3,1.67E+07,1.69E+07,3
13.13847716,16603800,13.17534186,16809500,3,1.67E+07,1.66E+07,3
13.14163406,10890300,13.19186536,16520000,3,1.67E+07,1.68E+07,2
13.15854576,18006700,13.20858996,16760300,3,1.67E+07,1.58E+07,3
13.18953416,21473400,13.22508836,16521400,3,1.67E+07,1.70E+07,3
13.19186536,11789900,13.24194126,16705000,3,1.67E+07,1.58E+07,2
13.20858996,16291100,13.25864966,16657300,3,1.67E+07,1.57E+07,2
13.23782556,19892300,13.27530396,16760900,3,1.67E+07,1.75E+07,2
13.25427386,16485600,13.29203346,16683200,3,1.67E+07,1.72E+07,2
13.27205756,18484100,13.30882286,16847500,3,1.67E+07,1.66E+07,2
13.28877696,14723900,13.32547616,16636900,3,1.67E+07,1.72E+07,1
13.33999706,51220100,13.34186216,16883300,3,1.67E+07,2.42E+07,0
13.34073006,1589500,13.35881126,16510400,1,1.67E+07,2.05E+07,3
13.34186216,2686700,13.37539746,16529400,2,1.67E+07,1.77E+07,3
13.34186216,5161500,13.39214196,16700000,2,1.67E+07,1.51E+07,2
13.35881126,19811300,13.40887256,16733900,3,1.67E+07,1.61E+07,2
13.38871066,20633200,13.42564526,16864100,3,1.67E+07,9976440,2
13.40521336,16128700,13.44223346,16453100,3,1.67E+07,1.29E+07,2
13.42105856,16379600,13.45896746,16775100,3,1.67E+07,1.56E+07,2
13.43904996,17760100,13.47560606,16656500,3,1.67E+07,1.81E+07,2
13.45447196,15367900,13.49223396,16632400,3,1.67E+07,1.73E+07,2
13.47271886,17227600,13.50892136,16769800,3,1.67E+07,1.66E+07,2
13.48909826,17489200,13.52565616,16693400,3,1.67E+07,1.68E+07,2
13.50634906,17422600,13.54227616,16578700,3,1.67E+07,1.71E+07,2
13.52272836,16078100,13.55897646,16678200,3,1.67E+07,1.67E+07,2
13.53868156,16071500,13.57575706,16780600,3,1.67E+07,1.69E+07,2
13.55509496,16018700,13.59235766,16699700,3,1.67E+07,1.66E+07,2
13.57239566,17773600,13.60918716,16817800,3,1.67E+07,1.67E+07,2
13.58870816,15139300,13.62566996,16453700,3,1.67E+07,1.62E+07,2
13.60510786,17573000,13.64248866,16746100,3,1.67E+07,1.65E+07,2
13.62241566,17232200,13.65911526,16639800,3,1.67E+07,1.67E+07,2
13.63872856,16156900,13.67595916,16874300,3,1.67E+07,1.68E+07,2
13.65669626,17009100,13.69253646,16512200,3,1.67E+07,1.66E+07,2
13.67144236,15777700,13.70915056,16673400,3,1.67E+07,1.67E+07,2
13.68819126,17080800,13.72602586,16857900,3,1.67E+07,1.67E+07,2
13.70612086,17387000,13.74267896,16647100,3,1.67E+07,1.67E+07,2
13.72281396,16598200,13.75940966,16816600,3,1.67E+07,1.68E+07,2
13.73943886,16781100,13.77610706,16610100,3,1.67E+07,1.67E+07,2
13.75861176,18878800,13.79256396,16526600,3,1.67E+07,1.73E+07,2
13.77386776,15444800,13.80940536,16773000,3,1.67E+07,1.70E+07,2
13.78907406,15452600,13.82598446,16633400,3,1.67E+07,1.66E+07,2
13.80492666,16151100,13.84277286,16778300,3,1.67E+07,1.65E+07,2
13.82369526,18237500,13.85936706,16541300,3,1.67E+07,1.68E+07,2
13.83966136,15769000,13.87614386,16784700,3,1.67E+07,1.62E+07,3
13.85629196,18205800,13.89277266,16628600,3,1.67E+07,1.68E+07,2
13.85936706,9605700,13.90959996,16827300,3,1.67E+07,1.56E+07,2
13.88972686,22750300,13.92628816,16688900,3,1.67E+07,1.69E+07,2
13.90517486,16157800,13.94281426,16694600,3,1.67E+07,1.65E+07,2
13.92286516,16855000,13.95957746,16595300,3,1.67E+07,1.67E+07,2
13.93963906,16657900,13.97620156,16624400,3,1.67E+07,1.64E+07,2
13.95698296,16490100,13.99304326,16841000,3,1.67E+07,1.78E+07,2
13.97413326,17166100,14.00961866,16574900,3,1.67E+07,1.67E+07,2
13.98826116,16006100,14.02631446,16648400,3,1.67E+07,1.66E+07,2
14.00638746,18308200,14.04303996,16774200,3,1.67E+07,1.69E+07,1
14.05502426,48941300,14.05980756,17441400,3,1.67E+07,2.34E+07,0
14.05930866,1949600,14.07636556,15888600,1,1.67E+07,2.05E+07,2
14.05980756,3473900,14.09304636,16654000,2,1.67E+07,1.77E+07,2
14.07510076,12343600,14.10982496,16803200,2,1.67E+07,1.70E+07,2
14.08866426,16245000,14.12646866,16614200,3,1.67E+07,1.66E+07,2
14.10637016,16190000,14.14308346,16638200,3,1.67E+07,1.00E+07,2
14.12314366,17932900,14.15982116,16740200,3,1.67E+07,1.32E+07,2
14.13968746,15290300,14.17659036,16768900,3,1.67E+07,1.56E+07,2
14.15557326,15510800,14.19322046,16683600,3,1.67E+07,1.62E+07,2
14.17306036,16759900,14.20990246,16627600,3,1.67E+07,1.63E+07,2
14.18894896,16975000,14.22663916,16738000,3,1.67E+07,1.65E+07,2
14.20634786,17383600,14.24337796,16744100,3,1.67E+07,1.64E+07,2
14.22490676,17560800,14.25996146,16667500,3,1.67E+07,1.68E+07,2
14.24107656,17024600,14.27672566,16674600,3,1.67E+07,1.71E+07,2
14.25627466,14285300,14.29337606,16609300,3,1.67E+07,1.66E+07,2
14.27386706,18402300,14.31010526,16770500,3,1.67E+07,1.69E+07,1
14.32330896,48576000,14.32611776,16729300,3,1.67E+07,2.32E+07,0
14.32497836,2311300,14.34352486,16690400,1,1.67E+07,2.01E+07,3
14.32611776,2009700,14.36017276,16650400,2,1.67E+07,1.71E+07,2
14.32611776,7275000,14.37685776,16704700,2,1.67E+07,1.57E+07,2
14.35588956,22360000,14.39348426,16605400,3,1.67E+07,1.65E+07,1
14.40724636,50845600,14.41019456,17317700,3,1.67E+07,1.70E+07,0
14.40979426,1742800,14.42691346,16134200,1,1.67E+07,1.68E+07,3
14.41019456,2111200,14.44362646,16705200,2,1.67E+07,1.69E+07,2
14.41019456,5222800,14.46019946,16581600,2,1.67E+07,1.65E+07,2
14.43947666,23751800,14.47701006,16785700,3,1.67E+07,1.67E+07,2
14.45685516,16676100,14.49364866,16657500,3,1.67E+07,9900940,2
14.47284086,16054000,14.51032356,16657300,3,1.67E+07,1.28E+07,2
14.48925706,17800100,14.52702376,16702300,3,1.67E+07,1.59E+07,2
14.50611336,16892500,14.54366906,16678500,3,1.67E+07,1.82E+07,3
14.52276486,17048500,14.56045346,16749100,3,1.67E+07,1.69E+07,3
14.52702376,9359500,14.57709476,16649900,3,1.67E+07,1.54E+07,2
14.54366906,17725500,14.59375296,16669000,3,1.67E+07,1.58E+07,3
14.57366246,22220900,14.61036636,16593700,3,1.67E+07,1.66E+07,2
14.57709476,9425000,14.62720356,16849100,3,1.67E+07,1.52E+07,2
14.60622686,23336600,14.64369786,16482600,3,1.67E+07,1.64E+07,2
14.62345996,17050400,14.66051346,16840200,3,1.67E+07,1.80E+07,2
14.63909736,15599000,14.67712056,16619600,3,1.67E+07,1.75E+07,2
14.65603596,18204300,14.69395046,16754900,3,1.67E+07,1.67E+07,2
14.67393336,15597300,14.71052136,16652700,3,1.67E+07,1.80E+07,2
14.69060926,16709900,14.72723086,16666500,3,1.67E+07,1.66E+07,2
14.70750276,17733900,14.74393516,16776400,3,1.67E+07,1.68E+07,2
14.72264916,16639300,14.76057346,16565000,3,1.67E+07,1.70E+07,2
14.74085876,15874400,14.77730476,16767700,3,1.67E+07,1.65E+07,2
14.75616546,16889300,14.79407416,16702700,3,1.67E+07,1.68E+07,1
14.80728406,50855100,14.81058606,16560200,3,1.67E+07,2.36E+07,0
14.81038636,1806400,14.82739146,16755100,1,1.67E+07,2.04E+07,3
14.81058606,2681700,14.84406206,16689700,2,1.67E+07,1.76E+07,2
14.81058606,4638200,14.86076126,16684400,2,1.67E+07,1.54E+07,3
14.84099646,23314300,14.87743316,16768800,3,1.67E+07,1.67E+07,2
14.84406206,11062300,14.89418796,16710500,3,1.67E+07,8700580,3
14.87383526,21779700,14.91015856,16876300,3,1.67E+07,1.27E+07,2
14.87743316,10475300,14.92747546,16449300,3,1.67E+07,1.43E+07,2
14.91015856,26903100,14.94411016,16572500,3,1.67E+07,1.87E+07,2
14.92311266,14349000,14.96089786,16793100,2,1.67E+07,1.69E+07,3
14.94084996,15234000,14.97744986,16548600,3,1.67E+07,1.77E+07,2
14.94411016,10611800,14.99416456,16768600,3,1.67E+07,1.55E+07,2
14.97514146,24798600,15.01093316,16711900,3,1.67E+07,1.84E+07,2
14.98964636,14367600,15.02751096,16577200,3,1.67E+07,1.59E+07,2
15.00759516,17058200,15.04413526,16868100,3,1.67E+07,1.64E+07,2
15.02554026,17866700,15.06083716,16529300,3,1.67E+07,1.69E+07,2
15.04026456,16388900,15.07737566,16667600,3,1.67E+07,1.81E+07,2
15.05892556,17987900,15.09435226,16815800,3,1.67E+07,1.67E+07,2
15.07529276,17251500,15.11112236,16717200,3,1.67E+07,1.73E+07,3
15.09019906,15360000,15.12777736,16738500,3,1.67E+07,1.70E+07,2
15.09435226,10494200,15.14425156,16465600,3,1.67E+07,1.55E+07,2
15.12451146,22592100,15.16096896,16848600,3,1.67E+07,1.67E+07,2
15.14159646,17427800,15.17781466,16641700,3,1.67E+07,1.66E+07,2
15.15725126,15360000,15.19443866,16909700,3,1.67E+07,1.62E+07,2
15.17437146,17080500,15.21121086,16579600,3,1.67E+07,1.66E+07,2
15.19293376,17444200,15.22782956,16680500,3,1.67E+07,1.80E+07,2
15.20742206,15592600,15.24426396,17178100,3,1.67E+07,1.66E+07,2
15.22446306,17355000,15.26128296,16147200,3,1.67E+07,1.66E+07,2
15.24288656,18168900,15.27797296,16777600,3,1.67E+07,1.71E+07,3
15.25864546,17153900,15.29456906,16575600,3,1.67E+07,1.71E+07,2
15.26128296,7858000,15.31109996,16628200,3,1.67E+07,1.52E+07,1
15.32333276,55619200,15.32709386,16632200,3,1.67E+07,2.32E+07,0
15.32709386,3397200,15.34453316,16775100,1,1.67E+07,2.04E+07,2
15.32709386,2771200,15.36143136,16832200,1,1.67E+07,1.74E+07,2
15.34264936,12793500,15.37812166,16782700,2,1.67E+07,1.65E+07,2
15.35942306,16579600,15.39455496,16430400,3,1.67E+07,1.82E+07,2
15.37565676,15500200,15.41133656,16688900,3,1.67E+07,1.02E+07,2
15.39110416,16705600,15.42817366,16825200,3,1.67E+07,1.29E+07,2
15.40843016,17572800,15.44405096,16740500,3,1.67E+07,1.58E+07,2
15.42561606,17586300,15.46133566,16433500,3,1.67E+07,1.68E+07,2
15.44405096,16467300,15.47803706,16770100,3,1.67E+07,1.68E+07,2
15.46011026,16052100,15.49487036,16815900,3,1.67E+07,1.69E+07,2
15.47452036,15783200,15.51166466,16677900,3,1.67E+07,1.67E+07,2
15.49122766,16943500,15.52835126,16770200,3,1.67E+07,1.66E+07,2
15.50785436,17449200,15.54491126,16492000,3,1.67E+07,1.65E+07,2
15.52655516,16274700,15.56003386,16640500,3,1.67E+07,1.65E+07,2
15.54376916,18275500,15.57834146,16892200,3,1.67E+07,1.69E+07,3
15.56003386,16835700,15.59496846,16598400,3,1.67E+07,1.72E+07,3
15.56003386,7778000,15.61059116,17179700,3,1.67E+07,1.53E+07,2
15.57834146,16476400,15.62819486,16056000,3,1.67E+07,1.51E+07,2
15.60823766,24609100,15.64509786,16954500,3,1.67E+07,1.68E+07,2
15.62545216,16232200,15.66095306,16617500,3,1.67E+07,1.64E+07,2
15.64135196,16168300,15.67835466,16665700,3,1.67E+07,1.63E+07,2
15.65948476,17945200,15.69507116,16533300,3,1.67E+07,1.83E+07,2
15.67650546,16945000,15.71034646,16846900,3,1.67E+07,1.84E+07,2
15.69273696,15060900,15.72850736,17978300,3,1.67E+07,1.65E+07,2
15.71034646,19036200,15.74336176,15570100,3,1.67E+07,1.70E+07,2
15.72633296,15243800,15.76178676,16343300,3,1.67E+07,1.68E+07,2
15.74336176,17238900,15.77857426,16751400,3,1.67E+07,1.67E+07,2
15.75982456,16668400,15.79526596,16708500,3,1.67E+07,1.66E+07,2
15.77690786,16455400,15.81187376,16648800,3,1.67E+07,1.69E+07,2
15.79367166,16141700,15.82860186,16804500,3,1.67E+07,1.63E+07,2
15.80856766,16627000,15.84523676,16571000,3,1.67E+07,1.66E+07,2
15.82515756,16795800,15.86193356,16641800,3,1.67E+07,1.65E+07,2
15.84256326,16569000,15.87869396,16751000,3,1.67E+07,1.65E+07,3
15.85762936,16209100,15.89539416,16695000,3,1.67E+07,1.65E+07,2
15.86193356,10113600,15.91205336,16669400,3,1.67E+07,1.53E+07,2
15.89419106,24174800,15.92882916,16752200,3,1.67E+07,1.68E+07,2
15.90989216,15733000,15.94538136,16564900,3,1.67E+07,1.66E+07,2
15.92675966,16856800,15.96222866,16847300,3,1.67E+07,1.66E+07,2
15.94202806,17777400,15.97891266,16683800,3,1.67E+07,1.69E+07,1
15.97619066,31657100,15.99545596,16549600,3,1.67E+07,2.12E+07,1
15.99327066,17112900,16.01218336,16767200,2,1.67E+07,1.98E+07,1
16.00790806,16510900,16.02880546,16804400,2,1.67E+07,2.00E+07,1
16.02619596,17282600,16.04562396,16912400,2,1.67E+07,2.01E+07,1
16.04260756,17023400,16.06234936,16403500,2,1.67E+07,1.99E+07,1
16.05809316,16432600,16.07910496,16755500,2,1.67E+07,1.69E+07,1
16.07616376,17398000,16.09577606,16873500,2,1.67E+07,1.69E+07,1
16.09336216,16319400,16.11253006,16525800,2,1.67E+07,1.69E+07,2
16.09577606,7917500,16.12910136,16597600,2,1.67E+07,1.50E+07,1
16.12605256,24586700,16.14575556,16850100,2,1.67E+07,1.65E+07,1
16.14279056,16979700,16.16253066,16870800,2,1.67E+07,1.66E+07,1
16.15802076,16785000,16.17927296,16471100,2,1.67E+07,1.65E+07,1
16.17650716,17082800,16.19569616,16662700,2,1.67E+07,1.67E+07,1
16.19269916,16766300,16.21279716,17085200,2,1.67E+07,1.84E+07,2
16.19569616,8811800,16.22945936,16800400,2,1.67E+07,1.53E+07,1
16.22675666,25697400,16.24606676,16280100,2,1.67E+07,1.70E+07,1
16.24480356,16634000,16.26286256,16706700,2,1.67E+07,1.70E+07,2
16.24606676,7944000,16.27951936,16684300,2,1.67E+07,1.52E+07,1
16.27652716,24296100,16.29606896,16634600,2,1.67E+07,1.67E+07,1
16.29310586,17250000,16.31294466,16800000,2,1.67E+07,1.84E+07,2
16.29606896,8454400,16.32957196,16703300,2,1.67E+07,1.49E+07,1
16.32559606,24320300,16.34635196,16713800,2,1.67E+07,1.65E+07,1
16.34425356,17482400,16.36299156,16701700,2,1.67E+07,1.84E+07,1
16.36135066,16070200,16.37957776,16658800,2,1.67E+07,1.67E+07,1
16.37665036,16127000,16.39647356,16798600,2,1.67E+07,1.65E+07,1
16.39466416,17185500,16.41305656,16572200,2,1.67E+07,1.82E+07,1
16.41050776,15851600,16.42977126,16681500,2,1.67E+07,1.65E+07,1
16.42877026,18230300,16.44664006,16862400,2,1.67E+07,1.67E+07,1
16.44490556,16908900,16.46324906,16609500,2,1.67E+07,1.69E+07,2
16.44664006,7438900,16.48002636,16781800,2,1.67E+07,1.51E+07,1
16.47673416,24795200,16.49670666,16742200,2,1.67E+07,1.66E+07,2
16.48002636,9115200,16.51337636,16571700,2,1.67E+07,1.53E+07,1
16.54105236,54069600,16.54671856,33377500,2,1.67E+07,2.25E+07,0
16.54223476,2272400,16.56352466,16834700,1,1.67E+07,1.95E+07,2
16.54529576,2517100,16.58017336,16670900,2,1.67E+07,1.86E+07,2
16.55995436,15298200,16.59689476,16666300,3,1.67E+07,1.67E+07,2
16.57906376,18653500,16.61355716,17391700,3,1.67E+07,1.86E+07,2
16.59392766,15106600,16.63022776,15941200,3,1.67E+07,1.08E+07,2
16.61235666,17410100,16.64693956,16718100,3,1.67E+07,1.38E+07,2
16.62736066,16168100,16.66362876,16719500,3,1.67E+07,1.65E+07,2
16.64314096,16371500,16.68043946,16777600,3,1.67E+07,1.67E+07,2
16.66215836,17293900,16.69709506,16622800,3,1.67E+07,1.65E+07,2
16.67479846,14872700,16.71379056,16726000,3,1.67E+07,1.64E+07,2
16.69214116,16509600,16.73048186,16677700,3,1.67E+07,1.62E+07,2
16.70872726,16626000,16.74714486,16771300,3,1.67E+07,1.63E+07,2
16.72549496,16604100,16.76381766,16627400,3,1.67E+07,1.64E+07,1
