1.540618583,18350100,1.550406382,53405100,1,1.67E+07,1.84E+07,4
1.548133682,8905900,1.550406382,14998700,2,1.67E+07,1.36E+07,5
1.550206382,36407700,1.550406382,10898500,3,1.67E+07,2.12E+07,4
1.550206382,2263200,1.604430583,12003100,3,1.67E+07,1.65E+07,4
1.550406382,21784500,1.604430583,12233400,4,1.67E+07,1.75E+07,4
1.550406382,5722600,1.642348585,12065700,4,1.67E+07,1.50E+07,3
1.550406382,19053700,1.642348585,13805800,5,1.67E+07,1.70E+07,3
1.604430583,14251500,1.666621885,12473300,4,1.67E+07,1.26E+07,3
1.642348585,25209600,1.666621885,12170400,4,1.67E+07,1.72E+07,3
1.642348585,11901300,1.692900085,11870600,3,1.67E+07,1.52E+07,2
1.666621885,13021900,1.716934585,13253700,3,1.67E+07,1.67E+07,2
1.692900085,23031700,1.730181085,12310200,3,1.67E+07,1.75E+07,2
1.716934585,11110200,1.756136984,14901100,2,1.67E+07,1.69E+07,1
1.756136984,24501200,1.774128684,16883800,2,1.67E+07,1.67E+07,1
1.769519084,13125900,1.790585184,16715400,2,1.67E+07,1.70E+07,2
1.774128684,11157600,1.807532184,16893000,2,1.67E+07,1.66E+07,1
1.804174084,24143500,1.825363885,17802000,2,1.67E+07,1.68E+07,1
1.820619885,16252200,1.841540385,16273000,2,1.67E+07,1.78E+07,1
1.838109485,17554600,1.858967085,17216300,2,1.67E+07,1.64E+07,1
1.854610685,16309900,1.877009185,18001200,2,1.67E+07,1.71E+07,1
1.871146885,16311700,1.891660585,15130300,2,1.67E+07,1.81E+07,2
1.877009185,9241300,1.903425885,17758200,2,1.67E+07,1.51E+07,2
1.891660585,16465300,1.922522385,13728500,2,1.67E+07,1.52E+07,1
1.922522385,26753900,1.938492785,15216100,2,1.67E+07,1.70E+07,1
1.936366685,13052500,1.955088485,16244700,1,1.67E+07,1.64E+07,1
1.951754685,16010600,1.971694085,16766200,2,1.67E+07,1.63E+07,2
1.955088485,11851400,1.989479884,17789700,2,1.67E+07,1.68E+07,1
1.983579684,19613800,2.005235184,15650500,2,1.67E+07,1.75E+07,1
2.002782184,18691300,2.021540184,16465300,2,1.67E+07,1.58E+07,1
2.018078084,15328300,2.037912384,16180900,2,1.67E+07,1.63E+07,1
2.034285684,16521800,2.055327484,17556100,2,1.67E+07,1.64E+07,1
2.050271084,16601100,2.072080084,16584000,2,1.67E+07,1.74E+07,1
2.067418784,16527800,2.087451984,15418000,2,1.67E+07,1.67E+07,2
2.072080084,12243600,2.104052584,16534800,2,1.67E+07,1.54E+07,1
2.100886184,20768500,2.120058584,16007100,2,1.67E+07,1.65E+07,1
2.104252384,14293600,2.136348084,16826900,2,1.67E+07,1.61E+07,1
2.132312084,17345400,2.152543284,15933700,2,1.67E+07,1.62E+07,1
2.149961284,17293600,2.169645284,17011700,2,1.67E+07,1.64E+07,1
2.164963184,15547200,2.186051283,16219400,2,1.67E+07,1.70E+07,1
2.181925283,17103200,2.203031283,16994900,2,1.67E+07,1.63E+07,1
2.199143783,17472400,2.219576883,16792200,2,1.67E+07,1.70E+07,1
2.214179083,15479400,2.236033283,16195100,2,1.67E+07,1.66E+07,1
2.231791383,16717700,2.252599783,16800400,2,1.67E+07,1.65E+07,1
2.248361683,16959200,2.269615383,17068100,2,1.67E+07,1.67E+07,1
2.281522082,33025700,2.286446282,16804200,2,1.67E+07,1.99E+07,0
2.283549182,2268300,2.303246982,16801500,1,1.67E+07,1.69E+07,1
2.299414082,15156700,2.319888483,16380100,2,1.67E+07,1.68E+07,1
2.313533883,15831500,2.336432582,16824000,2,1.67E+07,1.66E+07,1
2.331823482,16220600,2.348985583,12377700,2,1.67E+07,1.65E+07,2
2.336432582,13997800,2.361505483,12717600,2,1.67E+07,1.27E+07,1
2.361505483,17514000,2.377653583,16043900,2,1.67E+07,1.57E+07,1
2.377653583,15306100,2.393292483,15512100,1,1.67E+07,1.58E+07,1
2.404551783,26755100,2.411352083,18476400,1,1.67E+07,1.80E+07,0
2.411352083,6864700,2.427495583,15902800,1,1.67E+07,1.61E+07,1
2.439496283,27772900,2.446265883,18733400,1,1.67E+07,1.88E+07,0
2.445278483,5577400,2.460185783,13761700,1,1.67E+07,1.65E+07,1
2.473197483,28204400,2.479063083,19443700,2,1.67E+07,1.90E+07,0
2.479063083,5323300,2.494196383,14576100,1,1.67E+07,1.47E+07,1
2.505076582,25943000,2.512227582,19029900,2,1.67E+07,1.86E+07,0
2.512227582,7726200,2.527284282,14059100,1,1.67E+07,1.46E+07,1
2.527284282,16319000,2.543552882,16582000,2,1.67E+07,1.67E+07,1
2.557061182,27361000,2.560548482,16722100,1,1.67E+07,1.65E+07,0
2.573376082,16452300,2.579175482,18802300,1,1.67E+07,1.88E+07,0
2.578409182,5488300,2.589523081,10381900,1,1.67E+07,1.47E+07,1
2.601239081,23707200,2.607536481,17746800,2,1.67E+07,1.79E+07,0
2.617663681,16373500,2.625509881,18176400,1,1.67E+07,1.79E+07,0
2.638446981,20190400,2.641962581,16232300,1,1.67E+07,1.64E+07,0
2.652848781,14568500,2.658093881,16128000,1,1.67E+07,1.61E+07,0
2.66921248,15583900,2.67623008,18113400,1,1.67E+07,1.81E+07,0
2.68682488,18040800,2.69316508,16947400,1,1.67E+07,1.70E+07,0
2.70329808,17566900,2.71022248,17046200,1,1.67E+07,1.72E+07,0
2.71022248,7761500,2.72499718,14771800,1,1.67E+07,1.47E+07,1
2.73649648,23823100,2.74155378,16581500,1,1.67E+07,1.66E+07,0
2.75377988,17173100,2.75851138,16933100,1,1.67E+07,1.69E+07,0
2.75851138,9720300,2.77351058,15027400,1,1.67E+07,1.52E+07,1
2.78546038,21973600,2.78981178,16310700,1,1.67E+07,1.61E+07,0
2.80101088,15722700,2.80748248,17634400,1,1.67E+07,1.77E+07,0
2.80748248,13152600,2.82300618,15523000,1,1.67E+07,1.55E+07,1
2.83348678,20216900,2.83920328,16204300,1,1.67E+07,1.62E+07,0
2.850392379,15787900,2.856477779,17266000,1,1.67E+07,1.74E+07,0
2.867137879,17132300,2.872386379,16674200,1,1.67E+07,1.64E+07,0
2.883893178,17521200,2.885806879,46465200,1,1.67E+07,1.68E+07,0
2.885806879,27242800,2.885806879,10587900,1,1.67E+07,1.96E+07,2
2.885806879,615200,2.91980108,9927300,2,1.67E+07,1.57E+07,2
2.885806879,17440800,2.91980108,10528400,3,1.67E+07,1.60E+07,1
2.967464081,38023900,2.967464081,17557600,3,1.67E+07,2.02E+07,0
2.98198038,14411400,2.98768028,19469300,1,1.67E+07,1.95E+07,0
3.00097048,18966100,3.00565788,18001200,1,1.67E+07,1.79E+07,0
3.00565788,12921100,3.025908981,20207600,1,1.67E+07,2.04E+07,1
3.03962938,25039000,3.04779128,22889600,1,1.67E+07,2.19E+07,0
3.06613628,27284500,3.06759018,18793200,1,1.67E+07,1.97E+07,0
3.08213348,16073600,3.08751618,20082900,1,1.67E+07,2.01E+07,0
3.08751618,14430800,3.10659658,19000200,1,1.67E+07,1.91E+07,1
3.120253179,23849700,3.127972979,21373500,1,1.67E+07,2.13E+07,0
3.14124648,21382200,3.14814908,21216700,1,1.67E+07,2.06E+07,0
3.14814908,5459600,3.164364779,16429800,1,1.67E+07,1.62E+07,1
3.164364779,18611800,3.180989379,16165200,2,1.67E+07,1.67E+07,1
3.180989379,17110900,3.198239479,17291900,1,1.67E+07,1.73E+07,1
3.198239479,14384000,3.214136079,15740100,1,1.67E+07,1.54E+07,1
3.214136079,16812900,3.228769879,13992700,2,1.67E+07,1.45E+07,1
3.247940079,33699700,3.260062379,31171700,1,1.67E+07,2.01E+07,0
3.250529579,1776300,3.278194379,18153100,1,1.67E+07,1.68E+07,1
3.274309779,23795600,3.296584879,19175900,2,1.67E+07,1.81E+07,1
3.291271379,17798300,3.313082279,16373400,2,1.67E+07,1.88E+07,2
3.296584879,5294400,3.326526379,12781500,2,1.67E+07,1.65E+07,2
3.313082279,16524700,3.33878348,13195600,3,1.67E+07,1.30E+07,1
3.33878348,25783200,3.35514768,15424200,2,1.67E+07,1.78E+07,1
3.35310668,13343500,3.37050228,15308800,2,1.67E+07,1.57E+07,1
3.36743048,15552000,3.38758458,17134000,2,1.67E+07,1.53E+07,1
3.37065628,13950000,3.40482668,17235800,2,1.67E+07,1.70E+07,1
3.39820908,18201600,3.42069438,15869700,2,1.67E+07,1.74E+07,1
3.41882128,18028600,3.43693598,16243800,2,1.67E+07,1.58E+07,1
3.43280208,15083900,3.45323558,16319400,2,1.67E+07,1.62E+07,1
3.44935278,16381400,3.47019218,16965000,2,1.67E+07,1.63E+07,1
3.46728368,16963500,3.48692588,16701900,2,1.67E+07,1.69E+07,1
3.48337048,16945400,3.50333638,16411000,2,1.67E+07,1.67E+07,1
3.501446781,17229600,3.52006718,16753000,2,1.67E+07,1.65E+07,1
3.51681108,16287900,3.53701058,16921600,2,1.67E+07,1.68E+07,1
3.533444181,16766400,3.553719381,16710200,2,1.67E+07,1.68E+07,1
3.549517781,16411800,3.570326281,16605700,2,1.67E+07,1.67E+07,1
3.566886181,16938700,3.586989381,16661600,2,1.67E+07,1.67E+07,1
3.583796881,16693200,3.603848081,16837600,2,1.67E+07,1.66E+07,1
3.601369281,16823300,3.620449281,16622900,2,1.67E+07,1.67E+07,1
3.618128381,16759900,3.63676378,16313600,2,1.67E+07,1.67E+07,1
3.620449281,14499600,3.653441781,16681200,2,1.67E+07,1.63E+07,1
3.649735581,18172900,3.66994498,16500400,2,1.67E+07,1.66E+07,1
3.66649368,16577400,3.68653078,16575900,2,1.67E+07,1.66E+07,1
3.68318168,16683200,3.70315968,16640200,2,1.67E+07,1.65E+07,1
3.70086588,16801300,3.719996381,16836600,2,1.67E+07,1.65E+07,1
3.716512881,16591600,3.736685981,16689300,2,1.67E+07,1.70E+07,1
3.733418281,16743400,3.753472281,16788100,2,1.67E+07,1.67E+07,1
3.750881881,16695900,3.77023468,16762600,2,1.67E+07,1.67E+07,1
3.76694828,16716500,3.786517181,16281200,2,1.67E+07,1.67E+07,1
3.77023468,14917300,3.80307028,16582400,2,1.67E+07,1.63E+07,1
3.799718081,18248800,3.819762981,16661700,2,1.67E+07,1.67E+07,1
3.816407581,16640100,3.836273081,16510900,2,1.67E+07,1.66E+07,1
3.832890981,16401900,3.853021081,16806600,2,1.67E+07,1.66E+07,1
3.849902681,16790100,3.870162281,17081500,2,1.67E+07,1.66E+07,1
3.867788981,18059000,3.887006481,16841300,2,1.67E+07,1.72E+07,1
3.883821081,16185500,3.903943981,16984700,2,1.67E+07,1.68E+07,1
3.900110981,17082100,3.920871082,16892600,2,1.67E+07,1.69E+07,1
3.916602282,16722200,3.937732281,16851700,2,1.67E+07,1.70E+07,1
3.934150182,16046000,3.954448181,16717100,2,1.67E+07,1.68E+07,1
3.950221181,17461800,3.971215181,16858200,2,1.67E+07,1.67E+07,1
3.967174381,16791200,3.988037981,16731700,2,1.67E+07,1.68E+07,1
3.984403581,17226400,4.004735781,16698200,2,1.67E+07,1.68E+07,1
4.001548181,15376200,4.021709381,16950100,2,1.67E+07,1.66E+07,1
4.017651081,18288400,4.03830568,16621400,2,1.67E+07,1.70E+07,1
4.03499528,15134600,4.055068081,16759100,2,1.67E+07,1.66E+07,1
4.052826281,17822200,4.07124028,16199400,2,1.67E+07,1.68E+07,1
4.067943281,15152100,4.08811518,16968200,2,1.67E+07,1.64E+07,1
4.08316488,17355100,4.10479588,16568300,2,1.67E+07,1.68E+07,1
4.10289038,17565800,4.12139618,16592500,2,1.67E+07,1.66E+07,1
4.11740688,15488200,4.13787488,16478500,2,1.67E+07,1.67E+07,1
4.13464958,17215600,4.15468158,16806300,2,1.67E+07,1.66E+07,1
4.14993748,15588800,4.171490379,16809500,2,1.67E+07,1.66E+07,1
4.168445979,19090600,4.188045479,16675100,2,1.67E+07,1.70E+07,1
4.184515179,15234200,4.20481268,16670900,2,1.67E+07,1.65E+07,1
4.20094618,16319000,4.221534979,16779100,2,1.67E+07,1.67E+07,1
4.216639879,17155800,4.238197979,16583400,2,1.67E+07,1.67E+07,1
4.233572579,15553200,4.254315679,16116000,2,1.67E+07,1.67E+07,1
4.251597479,17074000,4.270977579,16727400,2,1.67E+07,1.63E+07,1
4.268279079,17542600,4.287410779,16369400,2,1.67E+07,1.67E+07,1
4.271240979,13960900,4.303830479,16532900,2,1.67E+07,1.63E+07,1
4.300615479,18371000,4.320612079,16667200,2,1.67E+07,1.65E+07,1
4.317078079,16775000,4.336809879,16198700,2,1.67E+07,1.67E+07,2
4.320612079,13919500,4.353094379,16304600,2,1.67E+07,1.61E+07,1
4.350887479,18704300,4.369968879,16911300,2,1.67E+07,1.63E+07,1
4.366403279,16471100,4.386648279,16622900,2,1.67E+07,1.68E+07,1
4.384635179,17965600,4.403464379,16841500,2,1.67E+07,1.68E+07,1
4.400868479,16321400,4.420522079,17014200,2,1.67E+07,1.67E+07,1
4.417864079,16226000,4.437360079,16855900,2,1.67E+07,1.71E+07,1
4.432532679,16659000,4.454319479,16959400,2,1.67E+07,1.67E+07,1
4.451330279,17880300,4.471210079,16873200,2,1.67E+07,1.70E+07,1
4.468809679,17351400,4.48778338,16638300,2,1.67E+07,1.69E+07,1
4.48540688,15669600,4.504897279,17066500,2,1.67E+07,1.68E+07,1
4.501064479,17587200,4.521926279,17027700,2,1.67E+07,1.70E+07,1
4.518226579,16746800,4.538696679,16756000,2,1.67E+07,1.70E+07,1
4.534143279,16317900,4.555274579,16572200,2,1.67E+07,1.67E+07,1
4.551895579,16658100,4.572098279,16844700,2,1.67E+07,1.66E+07,1
4.568377079,16472100,4.588833479,16791800,2,1.67E+07,1.68E+07,1
4.585319679,18124900,4.60553468,16644000,2,1.67E+07,1.69E+07,1
4.60228938,15007800,4.62194738,16484100,2,1.67E+07,1.65E+07,1
4.61773058,16465900,4.63840108,16386600,2,1.67E+07,1.65E+07,1
4.63388348,16299200,4.65498068,16608000,2,1.67E+07,1.65E+07,1
4.65147538,16463200,4.67113878,16101100,2,1.67E+07,1.65E+07,1
4.66710018,16476800,4.68782118,16706400,2,1.67E+07,1.61E+07,1
4.68526508,17966900,4.70420128,16460100,2,1.67E+07,1.67E+07,1
4.70057738,14663900,4.72065458,16491000,2,1.67E+07,1.64E+07,1
4.71701388,16992100,4.73713448,16363100,2,1.67E+07,1.65E+07,1
4.73397358,16341700,4.75260688,16951100,2,1.67E+07,1.65E+07,1
4.75028328,16794600,4.76994498,15858900,2,1.67E+07,1.66E+07,1
4.76737578,16598400,4.78687558,16925500,2,1.67E+07,1.63E+07,1
4.78509718,17726400,4.80329958,16430700,2,1.67E+07,1.69E+07,1
4.79868448,14807300,4.81977068,16469400,2,1.67E+07,1.65E+07,1
4.81621148,16313600,4.83629398,16556500,2,1.67E+07,1.64E+07,1
4.83201528,16781100,4.85308858,16762300,2,1.67E+07,1.64E+07,1
4.85134528,18348300,4.86973348,16706000,2,1.67E+07,1.68E+07,1
4.86736338,16966500,4.88663588,16841600,2,1.67E+07,1.66E+07,1
4.88442488,16141000,4.90332728,16680400,2,1.67E+07,1.69E+07,1
4.898622679,15174800,4.92038798,17071400,2,1.67E+07,1.67E+07,1
4.91868328,19074000,4.93681518,16470900,2,1.67E+07,1.71E+07,1
4.93207438,14683600,4.95318778,16328100,2,1.67E+07,1.64E+07,1
4.95022418,16827500,4.96956738,16460000,2,1.67E+07,1.64E+07,1
4.96684188,16633300,4.98637108,16722900,2,1.67E+07,1.65E+07,1
4.98193498,16127000,5.00255638,16142000,2,1.67E+07,1.67E+07,1
4.99836808,16343000,5.01904578,16527900,2,1.67E+07,1.61E+07,1
5.01485058,16440800,5.035641979,16621800,2,1.67E+07,1.65E+07,1
5.033304279,17531000,5.052015179,16305400,2,1.67E+07,1.66E+07,1
5.047862479,15499600,5.068655178,16688500,2,1.67E+07,1.64E+07,1
5.066000678,17229400,5.085081179,16424700,2,1.67E+07,1.66E+07,1
5.081742279,15742400,5.101660879,16663400,2,1.67E+07,1.65E+07,1
5.097313079,16448600,5.117902079,16178900,2,1.67E+07,1.65E+07,1
5.115252379,17065400,5.132944179,16599800,2,1.67E+07,1.64E+07,1
5.132944179,17697900,5.150239978,17148500,2,1.67E+07,1.68E+07,1
5.147921078,16091400,5.167499178,16583000,2,1.67E+07,1.66E+07,1
5.166112978,17068600,5.184783178,16564300,2,1.67E+07,1.69E+07,1
5.196895677,32210200,5.202424477,17630800,2,1.67E+07,2.00E+07,0
5.201276177,3893600,5.219060578,16645700,1,1.67E+07,1.74E+07,1
5.216642278,15382800,5.234194377,17319600,2,1.67E+07,1.69E+07,1
5.234194377,18935000,5.253174178,16842600,2,1.67E+07,1.75E+07,1
5.252195178,16383100,5.269803178,16621600,1,1.67E+07,1.74E+07,1
5.268680077,16636900,5.281799777,12366000,2,1.67E+07,1.42E+07,1
5.281799777,17164400,5.298482978,16407700,2,1.67E+07,1.69E+07,1
5.298482978,16008600,5.315612377,19178600,1,1.67E+07,1.70E+07,1
5.315612377,16954100,5.331506478,14970900,1,1.67E+07,1.66E+07,1
5.331506478,17924000,5.349095278,16511500,1,1.67E+07,1.69E+07,1
5.349095278,14756200,5.365713478,19554300,1,1.67E+07,1.66E+07,1
5.365713478,16613200,5.382411178,13653500,1,1.67E+07,1.65E+07,1
5.382411178,18251000,5.399248178,17215000,1,1.67E+07,1.69E+07,1
5.399248178,16986900,5.416113978,16499100,1,1.67E+07,1.69E+07,1
5.416113978,15266900,5.431474179,16418000,1,1.67E+07,1.64E+07,1
5.431474179,17571100,5.449071679,17874100,1,1.67E+07,1.69E+07,1
5.449071679,14976000,5.465581379,16235500,1,1.67E+07,1.66E+07,1
5.465581379,16201100,5.482056179,18624100,1,1.67E+07,1.62E+07,1
5.482056179,17222100,5.498197079,13066700,1,1.67E+07,1.62E+07,1
5.498197079,17275900,5.514958479,16652800,2,1.67E+07,1.66E+07,1
5.514958479,17858200,5.531702579,16688100,1,1.67E+07,1.67E+07,1
5.531702579,15095400,5.548482579,16750100,1,1.67E+07,1.67E+07,1
5.548482579,17437100,5.565461179,17167100,1,1.67E+07,1.70E+07,1
5.565461179,17143000,5.582277279,16734300,1,1.67E+07,1.70E+07,1
5.582277279,17262500,5.599187379,17073800,1,1.67E+07,1.70E+07,1
5.599187379,15606900,5.615615679,17260400,1,1.67E+07,1.65E+07,1
5.615615679,15466000,5.631788178,17415800,1,1.67E+07,1.66E+07,1
5.631788178,14665300,5.648584979,15876900,1,1.67E+07,1.60E+07,1
5.648584979,16779400,5.664409079,14417400,2,1.67E+07,1.60E+07,1
5.664409079,19448500,5.681041979,16934100,2,1.67E+07,1.64E+07,1
5.681041979,16095700,5.697467679,16160900,1,1.67E+07,1.65E+07,1
5.697467679,15559700,5.713950679,17418400,1,1.67E+07,1.65E+07,1
5.713950679,16061900,5.73084838,15987100,1,1.67E+07,1.68E+07,1
5.74391278,28231800,5.74821608,18861000,1,1.67E+07,1.91E+07,0
5.74821608,6998700,5.765306779,16772300,1,1.67E+07,1.66E+07,1
5.765306779,16804400,5.782371879,17411700,1,1.67E+07,1.67E+07,1
5.782371879,17583700,5.79881668,16527900,1,1.67E+07,1.71E+07,1
5.79881668,17415600,5.81640198,17125000,1,1.67E+07,1.74E+07,1
5.81640198,15178300,5.83249428,16091300,1,1.67E+07,1.48E+07,1
5.83249428,18397100,5.84935918,15792800,1,1.67E+07,1.71E+07,1
5.84935918,14551600,5.86592238,16604000,1,1.67E+07,1.66E+07,1
5.86592238,16885900,5.88208468,17667800,1,1.67E+07,1.65E+07,1
5.88208468,17976700,5.89902228,16404500,1,1.67E+07,1.66E+07,1
5.89902228,17139000,5.91592528,16821800,1,1.67E+07,1.70E+07,1
5.91592528,15808500,5.93253518,15717100,1,1.67E+07,1.65E+07,1
5.93253518,16090900,5.949323981,17766500,1,1.67E+07,1.68E+07,1
5.949323981,16370300,5.965427081,16046500,1,1.67E+07,1.67E+07,1
5.965427081,17474700,5.982769681,17189300,1,1.67E+07,1.66E+07,1
5.982769681,16405100,5.999247581,15473900,1,1.67E+07,1.64E+07,1
5.999247581,16511500,6.015819281,16555600,1,1.67E+07,1.66E+07,1
6.015819281,15021200,6.031689081,16851000,1,1.67E+07,1.64E+07,1
6.031689081,17672800,6.048683181,16085100,1,1.67E+07,1.66E+07,1
6.048683181,15311200,6.064635481,16902400,1,1.67E+07,1.62E+07,1
6.064635481,17014700,6.081176481,15645600,1,1.67E+07,1.63E+07,1
6.081176481,15578600,6.097326181,16076300,1,1.67E+07,1.61E+07,1
6.097326181,17201800,6.113961081,16673500,1,1.67E+07,1.66E+07,1
6.113961081,16320800,6.130122881,16063600,1,1.67E+07,1.63E+07,1
6.130122881,16375400,6.146584881,16501100,1,1.67E+07,1.65E+07,1
6.159619381,27527300,6.165370081,18751000,1,1.67E+07,1.86E+07,0
6.165370081,7486200,6.182214781,16811000,1,1.67E+07,1.70E+07,1
6.182214781,17220500,6.199205781,17005500,1,1.67E+07,1.70E+07,1
6.199205781,16385700,6.216050881,17004500,1,1.67E+07,1.70E+07,1
6.216050881,17174800,6.233270281,18621400,1,1.67E+07,1.72E+07,1
6.233270281,15614800,6.24814728,13374300,1,1.67E+07,1.48E+07,1
6.24814728,17226500,6.26489788,16744600,1,1.67E+07,1.67E+07,1
6.26489788,16022600,6.28147278,16552700,1,1.67E+07,1.65E+07,1
6.28147278,16815400,6.29793838,16510800,1,1.67E+07,1.66E+07,1
6.29793838,15499300,6.31418018,16214500,1,1.67E+07,1.62E+07,1
6.31418018,16913000,6.33066388,16448900,1,1.67E+07,1.65E+07,1
6.33066388,16900100,6.34705808,16437000,1,1.67E+07,1.64E+07,1
6.36014338,27259900,6.365762181,18691200,1,1.67E+07,1.87E+07,0
6.365762181,6144800,6.38211518,17311500,1,1.67E+07,1.65E+07,1
6.38211518,17885000,6.39925978,16222500,1,1.67E+07,1.70E+07,1
6.39925978,17030000,6.41600588,17403600,1,1.67E+07,1.70E+07,1
6.41600588,14105200,6.43272568,16794700,1,1.67E+07,1.65E+07,1
6.43272568,16779400,6.44721828,13918000,2,1.67E+07,1.44E+07,1
6.44721828,17389100,6.46396688,16571600,2,1.67E+07,1.66E+07,1
6.46396688,16561200,6.480264381,16384000,1,1.67E+07,1.64E+07,1
6.480264381,16658000,6.496475781,16133500,1,1.67E+07,1.63E+07,1
6.509341081,26741100,6.515461381,18935100,1,1.67E+07,1.88E+07,0
6.515461381,7830300,6.532384082,17033000,1,1.67E+07,1.70E+07,1
6.532384082,17362800,6.549429282,16974700,1,1.67E+07,1.70E+07,1
6.549429282,20331100,6.567161182,18902300,1,1.67E+07,1.78E+07,1
6.567161182,12176700,6.583593282,16220700,1,1.67E+07,1.69E+07,1
6.583593282,17874400,6.599265582,14709300,1,1.67E+07,1.51E+07,1
6.599265582,16462900,6.616196482,16953200,1,1.67E+07,1.68E+07,1
6.616196482,16721100,6.632879982,16627700,1,1.67E+07,1.67E+07,1
6.632879982,15839700,6.648606482,15817800,1,1.67E+07,1.58E+07,1
6.648606482,16495000,6.665357583,16650500,1,1.67E+07,1.67E+07,1
6.665357583,16514700,6.681624883,16316200,1,1.67E+07,1.64E+07,1
6.681624883,16514900,6.698076683,16558000,1,1.67E+07,1.64E+07,1
6.698076683,19123000,6.715110884,16859100,1,1.67E+07,1.69E+07,1
6.727025583,25853600,6.733876483,20044600,1,1.67E+07,1.89E+07,0
6.733876483,5181500,6.750605183,16868300,1,1.67E+07,1.66E+07,1
6.750605183,17673700,6.766684083,15505300,2,1.67E+07,1.69E+07,1
6.766684083,14661100,6.783770883,17272900,1,1.67E+07,1.65E+07,1
6.783770883,17291800,6.800125184,15441600,2,1.67E+07,1.61E+07,1
6.800125184,18466700,6.814747284,14610100,2,1.67E+07,1.47E+07,1
6.829551384,26297500,6.845938084,31090800,1,1.67E+07,1.89E+07,0
6.834329484,5617200,6.864507684,18615700,1,1.67E+07,1.65E+07,1
6.860256984,25040400,6.883288683,18806400,2,1.67E+07,1.85E+07,1
6.877787783,18551700,6.899770683,17172100,2,1.67E+07,1.88E+07,2
6.883288683,7889100,6.914320183,13918800,2,1.67E+07,1.67E+07,2
6.899770683,14756800,6.928284283,14828000,2,1.67E+07,1.44E+07,1
6.928284283,27993500,6.945360184,16101700,2,1.67E+07,1.88E+07,1
6.942342684,14125300,6.961313684,15917900,1,1.67E+07,1.67E+07,1
6.957560284,14944200,6.978853884,17666000,2,1.67E+07,1.59E+07,1
6.973605684,15886600,6.997154484,18210700,2,1.67E+07,1.75E+07,1
6.992999084,18682300,7.013521683,16416600,2,1.67E+07,1.83E+07,1
7.010178583,18170900,7.030106383,16534900,2,1.67E+07,1.64E+07,1
7.025531383,15423800,7.047074684,16968300,2,1.67E+07,1.66E+07,1
7.042054684,16336300,7.061914584,14934100,2,1.67E+07,1.69E+07,2
7.047074684,6842700,7.078477684,16468800,2,1.67E+07,1.51E+07,1
7.074095084,25417000,7.094596384,16102300,2,1.67E+07,1.64E+07,1
7.091599984,16395700,7.110732584,16173800,2,1.67E+07,1.61E+07,1
7.107568784,15932700,7.127176584,16479500,2,1.67E+07,1.62E+07,1
7.124578784,17078500,7.145236884,18019600,2,1.67E+07,1.63E+07,1
7.140872884,16282300,7.162272183,17019400,2,1.67E+07,1.82E+07,1
7.159466883,18528000,7.179183183,16911100,2,1.67E+07,1.68E+07,1
7.175630483,16982500,7.195702983,16514700,2,1.67E+07,1.70E+07,2
7.179183183,13909600,7.212498883,16821500,2,1.67E+07,1.66E+07,1
7.207914483,18684900,7.229724183,17204700,2,1.67E+07,1.69E+07,1
7.225608583,17664900,7.246359383,16638200,2,1.67E+07,1.72E+07,1
7.241776483,16073900,7.263172883,16810300,2,1.67E+07,1.67E+07,1
7.259640483,17705200,7.280536183,17364000,2,1.67E+07,1.68E+07,1
7.276505783,16922200,7.297574582,17032800,2,1.67E+07,1.74E+07,1
7.292799482,16342300,7.314612482,17043200,2,1.67E+07,1.69E+07,1
7.310676282,17929600,7.331444482,16850800,2,1.67E+07,1.70E+07,1
7.326627582,16108700,7.348470182,17026200,2,1.67E+07,1.70E+07,1
7.345074782,17294000,7.365557082,17069200,2,1.67E+07,1.69E+07,1
7.361527282,18109900,7.382521182,17000900,2,1.67E+07,1.72E+07,1
7.378773382,15587300,7.399498281,16942700,2,1.67E+07,1.70E+07,1
7.394738281,17224500,7.416584482,17151500,2,1.67E+07,1.69E+07,1
7.412543982,17669500,7.431321382,14739900,2,1.67E+07,1.72E+07,2
7.416584482,4899000,7.447707682,16282100,2,1.67E+07,1.47E+07,1
7.444102682,26357600,7.464356282,16699300,2,1.67E+07,1.63E+07,1
7.462022182,17070100,7.481000582,16647700,2,1.67E+07,1.66E+07,1
7.478856282,16833400,7.496805582,16024500,2,1.67E+07,1.66E+07,1
7.493430282,15609700,7.515781781,18737900,2,1.67E+07,1.62E+07,1
7.510336681,17191200,7.532573381,16823100,2,1.67E+07,1.86E+07,1
7.529128581,18115700,7.549644182,17802000,2,1.67E+07,1.70E+07,1
7.546337482,16666400,7.564145682,13827000,2,1.67E+07,1.69E+07,2
7.549644182,6003400,7.579012381,14856400,2,1.67E+07,1.47E+07,2
7.564145682,16493000,7.595390682,16299900,2,1.67E+07,1.49E+07,1
7.592460382,23548600,7.611261182,15887100,2,1.67E+07,1.62E+07,1
7.608754982,17148300,7.627212383,15937200,2,1.67E+07,1.60E+07,1
7.625747383,16141400,7.644828883,17610700,2,1.67E+07,1.59E+07,1
7.640418683,14742700,7.662902383,18073600,2,1.67E+07,1.76E+07,1
7.657958183,18581100,7.679650283,16775000,2,1.67E+07,1.80E+07,1
7.675553783,17456600,7.696299684,16623500,2,1.67E+07,1.68E+07,1
7.691897984,16642000,7.713281583,17032500,2,1.67E+07,1.67E+07,1
7.709111183,16923100,7.730060683,17355700,2,1.67E+07,1.69E+07,1
7.727082583,16963000,7.748190783,17533200,2,1.67E+07,1.73E+07,1
7.745737783,19948100,7.765259683,17093600,2,1.67E+07,1.76E+07,1
7.761089383,15634600,7.782563983,17406500,2,1.67E+07,1.72E+07,1
7.779089083,17545200,7.797931983,15337000,2,1.67E+07,1.74E+07,2
7.782563983,5984300,7.815157183,17209000,2,1.67E+07,1.52E+07,1
7.811281183,26470700,7.831438483,16463200,2,1.67E+07,1.71E+07,1
7.828321983,17077000,7.848436283,16865100,2,1.67E+07,1.65E+07,1
7.845716183,17154800,7.864951383,16550600,2,1.67E+07,1.68E+07,1
7.862756183,15870900,7.881599983,16573100,2,1.67E+07,1.65E+07,2
7.864951383,7352800,7.898485883,16908200,2,1.67E+07,1.68E+07,1
7.896899983,26806900,7.915252282,16645600,2,1.67E+07,1.69E+07,1
7.911583182,15928700,7.931525782,16501400,2,1.67E+07,1.66E+07,1
7.927845682,16508900,7.948310682,16679600,2,1.67E+07,1.65E+07,1
7.945583182,17440900,7.966923682,18481200,2,1.67E+07,1.68E+07,1
7.961573082,15661900,7.981593082,14793700,2,1.67E+07,1.85E+07,2
7.966923682,7623400,7.996344582,15899000,2,1.67E+07,1.46E+07,1
7.996344582,27532100,8.012766883,16278800,2,1.67E+07,1.70E+07,1
8.012766883,16311800,8.029435883,15545600,2,1.67E+07,1.69E+07,1
8.027668383,13804700,8.045100083,16561800,2,1.67E+07,1.62E+07,1
8.043822183,17289200,8.064051082,18174800,2,1.67E+07,1.65E+07,1
8.059300782,15368400,8.078355882,14267500,2,1.67E+07,1.81E+07,2
8.064051082,9176000,8.091577582,14394400,2,1.67E+07,1.44E+07,1
8.091577582,23317300,8.108875282,16098300,2,1.67E+07,1.58E+07,1
8.106935182,15247900,8.124107083,16206400,2,1.67E+07,1.61E+07,1
8.122882283,15890100,8.139861483,15571000,2,1.67E+07,1.58E+07,1
8.139861483,16707200,8.157733483,17028800,2,1.67E+07,1.61E+07,1
8.154560583,15062300,8.173640083,15956600,2,1.67E+07,1.72E+07,1
8.171449183,16703700,8.189509783,15782300,2,1.67E+07,1.59E+07,1
8.186834083,15193100,8.205268383,15917300,2,1.67E+07,1.59E+07,1
8.203632283,16021400,8.220114083,16712000,2,1.67E+07,1.59E+07,1
8.220114083,18478300,8.237113584,15874100,2,1.67E+07,1.63E+07,1
8.237113584,15924800,8.253326584,17800000,2,1.67E+07,1.65E+07,1
8.253326584,17802800,8.270297884,15597300,2,1.67E+07,1.67E+07,1
8.270297884,15572100,8.287493884,16262700,2,1.67E+07,1.68E+07,1
8.287183884,15791700,8.303882384,17204600,2,1.67E+07,1.67E+07,1
8.303882384,17640300,8.320139684,16576600,2,1.67E+07,1.65E+07,1
8.320139684,17462000,8.336998384,17122500,2,1.67E+07,1.69E+07,1
8.336998384,17038100,8.352286783,16533500,1,1.67E+07,1.67E+07,1
8.352286783,16729400,8.370592083,16549600,1,1.67E+07,1.69E+07,1
8.370592083,15646800,8.387577683,15988800,1,1.67E+07,1.69E+07,1
8.385457883,15143900,8.402634183,16929500,1,1.67E+07,1.64E+07,1
8.402634183,16817300,8.419723183,16260700,2,1.67E+07,1.63E+07,1
8.419723183,18401700,8.436588683,18382900,2,1.67E+07,1.65E+07,1
8.436588683,17120100,8.453313383,16103900,1,1.67E+07,1.66E+07,1
8.453313383,19135000,8.470958283,15752400,2,1.67E+07,1.73E+07,1
8.469789883,12380900,8.487134983,16107800,1,1.67E+07,1.68E+07,1
8.486915983,16176300,8.503559383,16992800,2,1.67E+07,1.66E+07,1
8.503559383,17324100,8.519797183,16254300,2,1.67E+07,1.64E+07,1
8.519797183,16316100,8.535239083,15913800,2,1.67E+07,1.63E+07,1
8.535239083,16732500,8.551821983,16586600,1,1.67E+07,1.58E+07,1
8.551821983,15415900,8.568016982,16386500,1,1.67E+07,1.64E+07,1
8.568016982,17662400,8.585252082,17492900,2,1.67E+07,1.67E+07,1
8.585252082,16644000,8.601674082,15735600,1,1.67E+07,1.66E+07,1
8.601674082,15537000,8.618144682,15611000,1,1.67E+07,1.64E+07,1
8.618144682,17612200,8.634249482,17002100,2,1.67E+07,1.66E+07,1
8.634249482,16967800,8.651116482,16952200,1,1.67E+07,1.69E+07,1
8.651116482,15734200,8.667916881,16719500,1,1.67E+07,1.65E+07,1
8.667916881,17585300,8.684760681,15970900,1,1.67E+07,1.67E+07,1
8.684760681,15472600,8.701447481,17523300,1,1.67E+07,1.67E+07,1
8.701447481,16414400,8.717862381,16689000,1,1.67E+07,1.64E+07,1
8.717862381,17794700,8.734426681,15429800,2,1.67E+07,1.66E+07,1
8.734426681,17475400,8.751219581,17438900,1,1.67E+07,1.69E+07,1
8.751219581,16166800,8.76798648,16116200,1,1.67E+07,1.67E+07,1
8.76798648,17405400,8.78495438,17155800,1,1.67E+07,1.71E+07,1
8.78495438,16906500,8.80216998,18125200,1,1.67E+07,1.71E+07,1
8.80216998,16055300,8.818788881,16537200,1,1.67E+07,1.68E+07,1
8.818788881,16303400,8.83557718,17255000,1,1.67E+07,1.66E+07,1
8.83557718,16741800,8.851447781,15431000,1,1.67E+07,1.67E+07,1
8.851447781,18101100,8.868426981,16758700,1,1.67E+07,1.68E+07,1
8.868426981,16481100,8.885338681,16886600,1,1.67E+07,1.67E+07,1
8.885338681,14391500,8.902008181,16997400,1,1.67E+07,1.64E+07,1
8.902008181,17907500,8.918934181,16599100,2,1.67E+07,1.67E+07,1
8.918934181,15684300,8.93515068,16174600,1,1.67E+07,1.65E+07,1
8.93515068,17052300,8.95173358,15857600,2,1.67E+07,1.63E+07,1
8.95173358,17809000,8.968402181,16674800,1,1.67E+07,1.66E+07,1
8.968402181,16578800,8.985016681,18056700,1,1.67E+07,1.70E+07,1
8.985016681,15420900,9.001922581,16303800,1,1.67E+07,1.65E+07,1
9.001922581,17102700,9.01817608,16389700,1,1.67E+07,1.68E+07,1
9.01817608,16477000,9.03494198,16734800,1,1.67E+07,1.67E+07,1
9.03494198,16812100,9.05156788,16434600,1,1.67E+07,1.65E+07,1
9.05156788,17604100,9.06788278,16569500,1,1.67E+07,1.67E+07,1
9.06788278,16447800,9.08489338,16786500,1,1.67E+07,1.69E+07,1
9.08489338,16487700,9.10138768,16846800,1,1.67E+07,1.68E+07,1
9.10138768,18002700,9.118926479,17419400,1,1.67E+07,1.71E+07,1
9.118926479,14293300,9.135294479,16196800,1,1.67E+07,1.66E+07,1
9.135294479,17389600,9.152251779,16773400,2,1.67E+07,1.65E+07,1
9.152251779,16670100,9.168573779,16626500,1,1.67E+07,1.66E+07,1
9.168573779,16662400,9.185457079,15880000,1,1.67E+07,1.66E+07,1
9.185457079,17871600,9.201982079,16696400,1,1.67E+07,1.66E+07,1
9.201982079,16625500,9.218866979,17522500,1,1.67E+07,1.70E+07,1
9.218866979,16453500,9.235258079,16268500,1,1.67E+07,1.69E+07,1
9.235258079,16442400,9.252380479,17694200,1,1.67E+07,1.68E+07,1
9.252380479,15804500,9.269212279,17749200,1,1.67E+07,1.66E+07,1
9.269212279,17034200,9.28548018,14928300,1,1.67E+07,1.65E+07,1
9.28548018,17944900,9.302329979,16988500,2,1.67E+07,1.67E+07,1
9.302329979,15546900,9.318818479,16509300,1,1.67E+07,1.66E+07,1
9.318818479,18261600,9.335379479,16330600,1,1.67E+07,1.69E+07,1
9.335379479,15776000,9.352268178,17208300,1,1.67E+07,1.69E+07,1
9.352268178,17004200,9.369607979,17063300,1,1.67E+07,1.69E+07,1
9.369607979,15065200,9.385857779,16194700,1,1.67E+07,1.63E+07,1
9.385857779,16364700,9.402564278,16697700,2,1.67E+07,1.65E+07,1
9.402564278,16703200,9.418484578,16032800,1,1.67E+07,1.62E+07,1
9.418484578,17721800,9.435555179,16240300,1,1.67E+07,1.66E+07,1
9.435555179,16993000,9.452144879,17567900,1,1.67E+07,1.66E+07,1
9.452144879,15135400,9.468720379,15546400,1,1.67E+07,1.66E+07,1
9.468720379,18265200,9.484697379,16985200,1,1.67E+07,1.70E+07,1
9.484697379,17173600,9.502141179,17388700,1,1.67E+07,1.71E+07,1
9.502141179,14480000,9.518792479,16304200,1,1.67E+07,1.64E+07,1
9.518792479,17999900,9.535690078,16280200,1,1.67E+07,1.66E+07,1
9.535690078,17290300,9.551876278,17259200,1,1.67E+07,1.70E+07,1
9.551876278,17690200,9.569078078,17272500,1,1.67E+07,1.69E+07,1
9.569078078,15167700,9.585553478,16411700,1,1.67E+07,1.65E+07,1
9.585553478,16295100,9.602468978,16700200,1,1.67E+07,1.69E+07,1
9.602468978,17497700,9.619385079,17082600,1,1.67E+07,1.68E+07,1
9.619385079,17924700,9.636133778,16822400,1,1.67E+07,1.69E+07,1
9.636133778,15991700,9.652911178,17041700,1,1.67E+07,1.66E+07,1
9.652911178,16067200,9.669427479,16872900,1,1.67E+07,1.68E+07,1
9.669427479,16885500,9.686159979,16061600,1,1.67E+07,1.69E+07,1
9.686159979,17177000,9.702831179,16731700,1,1.67E+07,1.68E+07,1
9.702831179,16049000,9.719557379,17111600,1,1.67E+07,1.64E+07,1
9.719557379,16629800,9.735865579,17035800,1,1.67E+07,1.66E+07,1
9.735865579,16282400,9.752918878,15638800,1,1.67E+07,1.66E+07,1
9.752918878,15663200,9.769754378,17371800,1,1.67E+07,1.64E+07,1
9.769754378,19502900,9.785349978,15912700,1,1.67E+07,1.68E+07,1
9.785349978,16311300,9.802898478,17206500,1,1.67E+07,1.69E+07,1
9.802898478,14460100,9.819188878,15760500,1,1.67E+07,1.64E+07,1
9.819188878,16759000,9.836407978,16938200,2,1.67E+07,1.65E+07,1
9.836407978,16166300,9.852424778,16528300,1,1.67E+07,1.66E+07,1
9.852424778,18270500,9.869276578,17127300,1,1.67E+07,1.64E+07,1
9.869276578,15354100,9.885780078,15224100,1,1.67E+07,1.62E+07,1
9.885780078,17971900,9.902652978,18658900,1,1.67E+07,1.69E+07,1
9.902652978,15904100,9.919377578,15029700,1,1.67E+07,1.67E+07,1
9.919377578,18086000,9.936413577,18027400,1,1.67E+07,1.71E+07,1
9.936413577,15673200,9.952857177,16474700,1,1.67E+07,1.66E+07,1
9.952857177,17567500,9.969547777,17515600,1,1.67E+07,1.70E+07,1
9.969547777,15737400,9.985778077,15309000,1,1.67E+07,1.66E+07,1
9.985778077,17419600,10.00276888,16925200,1,1.67E+07,1.69E+07,1
10.00276888,17534700,10.01925528,16607000,1,1.67E+07,1.68E+07,1
10.01925528,14553300,10.03670168,17164600,1,1.67E+07,1.66E+07,1
10.03670168,16365900,10.05306638,16685600,1,1.67E+07,1.63E+07,1
10.05306638,17164900,10.06973108,16622500,2,1.67E+07,1.66E+07,1
10.06973108,18062800,10.08603608,16086400,1,1.67E+07,1.67E+07,1
10.08603608,15943600,10.10295288,18006000,1,1.67E+07,1.64E+07,1
10.10295288,16360700,10.11978608,14907700,1,1.67E+07,1.68E+07,1
10.11978608,24888800,10.13766768,17865200,1,1.67E+07,1.85E+07,1
10.13668848,7562300,10.15282418,17261900,1,1.67E+07,1.66E+07,1
10.15282418,17408400,10.16890558,14520900,2,1.67E+07,1.64E+07,1
10.16890558,19357700,10.18575288,17464500,2,1.67E+07,1.71E+07,1
10.18575288,15558800,10.20308468,17482100,1,1.67E+07,1.70E+07,1
10.20308468,18632100,10.21890848,15135100,1,1.67E+07,1.57E+07,1
10.21890848,15449600,10.23622018,16873200,1,1.67E+07,1.73E+07,1
10.23622018,16670600,10.25328848,17460100,1,1.67E+07,1.71E+07,1
10.25328848,16558300,10.26998788,17231100,1,1.67E+07,1.66E+07,1
10.28650348,29385500,10.28949348,19471300,1,1.67E+07,1.93E+07,0
10.28949348,6104900,10.30622128,15794300,1,1.67E+07,1.68E+07,1
10.32150578,29243600,10.32589088,19691200,1,1.67E+07,1.96E+07,0
10.32566268,3820900,10.33958908,14612200,1,1.67E+07,1.70E+07,1
10.33958908,17440800,10.35594678,17249700,2,1.67E+07,1.72E+07,1
10.35594678,14770600,10.37044458,13860200,1,1.67E+07,1.43E+07,1
10.37044458,17956500,10.38837498,17457700,2,1.67E+07,1.66E+07,1
10.38837498,16612900,10.40270818,14197100,1,1.67E+07,1.41E+07,1
10.40270818,14833500,10.41899668,15731800,1,1.67E+07,1.63E+07,1
10.41899668,16114300,10.43503198,15970900,1,1.67E+07,1.61E+07,1
10.43503198,15993200,10.45108358,16181900,1,1.67E+07,1.63E+07,1
10.45108358,16358800,10.46703938,15879200,1,1.67E+07,1.60E+07,1
10.48377008,28881000,10.49950508,32425600,1,1.67E+07,1.84E+07,0
10.48785618,4131800,10.51511878,16653200,1,1.67E+07,1.63E+07,1
10.51511878,27451900,10.53482188,18663200,2,1.67E+07,1.86E+07,1
10.53399928,17826500,10.55230818,17570300,2,1.67E+07,1.89E+07,2
10.53482188,9882500,10.56698178,14583000,2,1.67E+07,1.76E+07,2
10.55230818,13253400,10.58128928,15563600,2,1.67E+07,1.45E+07,1
10.58128928,25434600,10.59765708,15235500,2,1.67E+07,1.88E+07,1
10.59738478,14770500,10.61348068,15581700,2,1.67E+07,1.62E+07,1
10.61294788,15559600,10.63037588,16981600,2,1.67E+07,1.58E+07,1
10.62871348,15773800,10.64814878,17822200,2,1.67E+07,1.70E+07,1
10.64597458,18101300,10.66490398,16774900,2,1.67E+07,1.79E+07,1
10.66374448,17964400,10.68090628,16848800,2,1.67E+07,1.64E+07,1
10.68090628,17187100,10.69733448,16252400,2,1.67E+07,1.69E+07,1
10.69733448,16311400,10.71517428,17195200,2,1.67E+07,1.71E+07,1
10.71242878,15247500,10.72941148,17110000,1,1.67E+07,1.70E+07,1
10.72941148,19046300,10.74833198,16819500,2,1.67E+07,1.72E+07,1
10.74833198,16660200,10.76602528,16883900,1,1.67E+07,1.69E+07,1
10.76362818,16507800,10.78261058,16482500,2,1.67E+07,1.68E+07,1
10.78261058,16871600,10.79964058,17065200,2,1.67E+07,1.69E+07,1
10.79683338,15384100,10.81609258,16466200,2,1.67E+07,1.69E+07,1
10.81500568,17002500,10.83247368,16421000,2,1.67E+07,1.65E+07,1
10.83092158,16698700,10.84888868,16486000,2,1.67E+07,1.65E+07,1
10.84675068,16280800,10.86559458,16595700,2,1.67E+07,1.64E+07,1
10.86423748,17172500,10.88197028,16371000,2,1.67E+07,1.65E+07,1
10.88197028,16802800,10.89845068,16554200,2,1.67E+07,1.68E+07,1
10.89590728,16122700,10.91345068,14907900,2,1.67E+07,1.66E+07,2
10.89845068,7899200,10.92833818,14844600,2,1.67E+07,1.49E+07,1
10.92833818,22339000,10.94392118,15559600,2,1.67E+07,1.61E+07,1
10.94194538,14387800,10.95922178,15377700,2,1.67E+07,1.55E+07,1
10.95723698,15613600,10.97381788,14542000,2,1.67E+07,1.53E+07,1
10.95922178,13387300,10.98858078,15427700,2,1.67E+07,1.47E+07,1
10.98858078,17709500,11.00471108,15578600,2,1.67E+07,1.67E+07,1
11.00382858,15237500,11.01916828,14433400,1,1.67E+07,1.53E+07,1
11.01916828,18215700,11.03510808,15920000,2,1.67E+07,1.60E+07,1
11.04759578,26738000,11.05351468,18423700,1,1.67E+07,1.83E+07,0
11.05351468,6016600,11.07008748,17959600,1,1.67E+07,1.68E+07,1
11.07008748,16049000,11.08626138,15536500,1,1.67E+07,1.65E+07,1
11.08626138,17491500,11.10281248,16579700,2,1.67E+07,1.69E+07,1
11.10281248,17358900,11.12024358,16570000,1,1.67E+07,1.67E+07,1
11.12024358,16831800,11.13511208,14853300,1,1.67E+07,1.47E+07,1
11.14872197,26366900,11.14872197,14618900,1,1.67E+07,1.88E+07,0
11.14872197,5886500,11.16648787,16869100,1,1.67E+07,1.68E+07,1
11.18291207,27255100,11.18535847,18771400,1,1.67E+07,1.87E+07,0
11.20091217,18001400,11.20398647,19740200,1,1.67E+07,1.89E+07,0
11.20398647,5059100,11.22023797,15965900,1,1.67E+07,1.65E+07,1
11.22023797,16152800,11.23506537,14081500,1,1.67E+07,1.45E+07,1
11.24915287,28099100,11.24915287,15067800,1,1.67E+07,1.89E+07,0
11.26508557,14861600,11.26609447,15879200,1,1.67E+07,1.64E+07,0
11.28020557,15129500,11.28191247,15837600,1,1.67E+07,1.59E+07,0
11.29607747,15887000,11.30000497,18073500,1,1.67E+07,1.80E+07,0
11.31507377,19010500,11.31852447,18523000,1,1.67E+07,1.86E+07,0
11.33306377,19414800,11.33538697,16858500,1,1.67E+07,1.69E+07,0
11.34864177,15108200,11.35227077,16907700,1,1.67E+07,1.69E+07,0
11.36559037,17908400,11.36984007,17545800,1,1.67E+07,1.75E+07,0
11.36984007,5133400,11.38515617,15289100,1,1.67E+07,1.53E+07,1
11.39866447,26898600,11.40199617,16867600,1,1.67E+07,1.69E+07,0
11.40199617,5934800,11.41625117,14400400,1,1.67E+07,1.42E+07,1
11.43119647,26566100,11.44445227,28056300,1,1.67E+07,1.65E+07,0
11.43791637,5880300,11.45804377,14538100,1,1.67E+07,1.41E+07,1
11.45804377,20137300,11.47379627,14804200,2,1.67E+07,1.71E+07,1
11.47196197,15701600,11.48735287,14552600,2,1.67E+07,1.48E+07,1
11.48735287,16682400,11.50428317,16941100,2,1.67E+07,1.70E+07,1
11.50428317,15733700,11.52011207,14961600,1,1.67E+07,1.48E+07,1
11.52011207,17109700,11.53718017,16919600,1,1.67E+07,1.71E+07,1
11.53718017,16918400,11.55347117,16400200,1,1.67E+07,1.64E+07,1
11.55347117,16613500,11.56964927,16741100,1,1.67E+07,1.66E+07,1
11.56964927,15990400,11.58649267,16280600,1,1.67E+07,1.65E+07,1
11.58649267,17034800,11.60331207,16703500,1,1.67E+07,1.67E+07,1
11.60331207,18114600,11.62037807,19040700,1,1.67E+07,1.69E+07,1
11.62037807,14539400,11.63666347,14361000,1,1.67E+07,1.65E+07,1
11.63666347,16974500,11.65338817,16722300,1,1.67E+07,1.65E+07,1
11.65338817,17689900,11.67015857,16741400,1,1.67E+07,1.69E+07,1
11.67015857,16407200,11.68688227,18229200,1,1.67E+07,1.67E+07,1
11.68688227,14986300,11.70295517,14625300,1,1.67E+07,1.61E+07,1
11.71737277,28792400,11.72140307,18458800,1,1.67E+07,1.90E+07,0
11.72120337,3862400,11.73571877,14225900,1,1.67E+07,1.63E+07,1
11.74795197,28816600,11.75436037,19715600,2,1.67E+07,1.86E+07,0
11.75436037,5155500,11.77069997,15286700,1,1.67E+07,1.63E+07,1
11.77069997,17945800,11.78675177,17089700,2,1.67E+07,1.69E+07,1
11.78675177,17523300,11.80229367,14454700,1,1.67E+07,1.47E+07,1
11.80229367,21765800,11.82045937,18284800,1,1.67E+07,1.82E+07,1
11.82045937,11574600,11.83528777,14784000,1,1.67E+07,1.48E+07,1
11.83528777,16054200,11.85223047,17098900,1,1.67E+07,1.70E+07,1
11.85223047,15878500,11.86875387,16455600,1,1.67E+07,1.66E+07,1
11.88184897,27379500,11.88730157,18431100,1,1.67E+07,1.85E+07,0
11.88730157,7060900,11.90281677,15594300,1,1.67E+07,1.56E+07,1
11.90281677,16506300,11.91954457,16612400,1,1.67E+07,1.66E+07,1
11.93280357,28379300,11.93792557,19276400,1,1.67E+07,1.90E+07,0
11.93792557,5628100,11.95461457,16838400,1,1.67E+07,1.70E+07,1
11.95461457,16760900,11.97027407,14674700,1,1.67E+07,1.49E+07,1
11.97027407,16881100,11.98714107,16843100,1,1.67E+07,1.68E+07,1
11.99944657,26101300,12.00579057,18648100,1,1.67E+07,1.88E+07,0
12.00469737,4856000,12.00598807,11525600,1,1.67E+07,1.40E+07,1
12.03048017,27450000,12.04577307,28407000,2,1.67E+07,1.84E+07,0
12.03961317,6730700,12.06295287,17285900,1,1.67E+07,1.64E+07,1
12.05864727,20567300,12.07836147,15399900,2,1.67E+07,1.71E+07,1
12.07689627,17718300,12.09592777,17520200,2,1.67E+07,1.55E+07,1
12.09195817,14904600,12.11131927,15391700,2,1.67E+07,1.75E+07,1
12.11024037,17384300,12.12866647,17346700,2,1.67E+07,1.55E+07,1
12.12642407,16154300,12.14545257,16776800,2,1.67E+07,1.73E+07,1
12.14342547,17931200,12.16204277,16607700,2,1.67E+07,1.68E+07,1
12.16049787,17038200,12.17884707,16802400,2,1.67E+07,1.67E+07,1
12.17574837,15238900,12.19539417,16562700,2,1.67E+07,1.67E+07,1
12.19234477,16691900,12.21203007,16677800,2,1.67E+07,1.66E+07,1
12.22633227,33969500,12.23229187,20202900,2,1.67E+07,2.02E+07,0
12.24654727,19989600,12.25295867,20711900,1,1.67E+07,2.06E+07,0
12.25295867,9124600,12.27106007,18844100,1,1.67E+07,1.90E+07,1
12.27106007,17350500,12.29093227,19080600,1,1.67E+07,1.94E+07,1
12.28908837,15360600,12.30686817,15917200,1,1.67E+07,1.92E+07,1
12.30528957,16963500,12.32203187,15700700,2,1.67E+07,1.58E+07,1
12.32203187,16686200,12.33746147,15652800,2,1.67E+07,1.51E+07,1
12.33746147,17795400,12.35352707,16246600,1,1.67E+07,1.68E+07,1
12.35352707,16902000,12.37111567,16745000,1,1.67E+07,1.67E+07,1
12.37111567,15802700,12.38695837,16883800,1,1.67E+07,1.68E+07,1
12.38695837,18019500,12.40482437,18048100,1,1.67E+07,1.70E+07,1
12.40482437,15717600,12.42091047,15815600,1,1.67E+07,1.68E+07,1
12.42091047,16882500,12.43742567,16798600,1,1.67E+07,1.67E+07,1
12.43742567,17170100,12.45484287,17434000,1,1.67E+07,1.67E+07,1
12.45484287,17156800,12.47163867,16471000,1,1.67E+07,1.70E+07,1
12.48726627,30353400,12.49042757,17813100,1,1.67E+07,1.95E+07,0
12.48943737,1707000,12.50501357,16070400,1,1.67E+07,1.67E+07,1
12.50501357,16513600,12.52147657,15992600,2,1.67E+07,1.66E+07,1
12.52147657,17688900,12.53856657,16977400,1,1.67E+07,1.67E+07,1
12.53856657,15961600,12.55494767,16721000,1,1.67E+07,1.64E+07,1
12.55494767,16785900,12.56905827,12946200,1,1.67E+07,1.37E+07,1
12.58402827,27752200,12.59937047,30203100,1,1.67E+07,1.89E+07,0
12.58961517,4984300,12.61735977,18041800,1,1.67E+07,1.66E+07,1
12.61168057,23953200,12.63588277,18568500,2,1.67E+07,1.79E+07,1
12.63306067,20051300,12.65444197,19603300,2,1.67E+07,1.87E+07,1
12.64957157,16889600,12.66884697,13431600,2,1.67E+07,1.87E+07,2
12.65444197,5837000,12.68236857,14726000,2,1.67E+07,1.43E+07,1
12.68236857,27075900,12.70062297,16936100,2,1.67E+07,1.88E+07,1
12.70000677,16334200,12.71518127,14621200,2,1.67E+07,1.72E+07,2
12.70062297,7167000,12.72973677,15349500,2,1.67E+07,1.47E+07,1
12.72973677,23407300,12.74524357,15542700,2,1.67E+07,1.60E+07,1
12.74524357,15733700,12.76270937,16684700,2,1.67E+07,1.79E+07,1
12.76149267,16213700,12.77715957,15414100,1,1.67E+07,1.58E+07,1
12.77715957,16708100,12.79404947,15759800,2,1.67E+07,1.58E+07,2
12.77715957,11149200,12.81030727,16395100,1,1.67E+07,1.66E+07,1
12.81010747,19682600,12.82559807,15167900,2,1.67E+07,1.59E+07,2
12.81030727,13646500,12.83980307,16129200,2,1.67E+07,1.55E+07,1
12.83980307,18976400,12.85614987,16600600,2,1.67E+07,1.60E+07,1
12.85614987,15645000,12.87210677,15196300,1,1.67E+07,1.58E+07,1
12.87210677,16411800,12.88849647,17394000,2,1.67E+07,1.69E+07,1
12.88849647,16283900,12.90482827,15054500,1,1.67E+07,1.62E+07,1
12.90482827,17507200,12.92167237,18126200,1,1.67E+07,1.70E+07,1
12.92167237,16692500,12.93842337,15744900,1,1.67E+07,1.65E+07,1
12.93842337,15938800,12.95486757,16321500,1,1.67E+07,1.66E+07,1
12.95486757,17538700,12.97242937,18354100,1,1.67E+07,1.68E+07,1
12.97242937,16893700,12.98881387,15682000,1,1.67E+07,1.69E+07,1
12.98881387,17638400,13.00498117,17252900,1,1.67E+07,1.69E+07,1
13.00498117,13160200,13.02270637,16586800,1,1.67E+07,1.62E+07,1
13.02270637,20538500,13.04004667,16214000,2,1.67E+07,1.72E+07,1
13.04004667,14779500,13.05570207,17615400,1,1.67E+07,1.66E+07,1
13.05570207,16222100,13.07209287,16684200,1,1.67E+07,1.65E+07,1
13.07209287,16698900,13.08882267,15748500,2,1.67E+07,1.63E+07,1
13.08882267,17894200,13.10563027,16568800,1,1.67E+07,1.72E+07,1
13.10563027,15973600,13.12226077,16744200,1,1.67E+07,1.63E+07,1
13.12226077,16256100,13.13894977,16777700,1,1.67E+07,1.66E+07,1
13.13894977,18325800,13.15511117,16573000,1,1.67E+07,1.70E+07,1
13.15511117,15131100,13.17224257,16535000,1,1.67E+07,1.67E+07,1
13.17224257,18895700,13.19008227,18618500,1,1.67E+07,1.69E+07,1
13.19008227,17136600,13.20715287,16691900,1,1.67E+07,1.71E+07,1
13.20715287,15715100,13.22387967,15749400,1,1.67E+07,1.70E+07,1
13.22387967,14533200,13.23924937,16279200,1,1.67E+07,1.63E+07,1
13.23924937,18913200,13.25604857,16731500,2,1.67E+07,1.70E+07,1
13.25604857,17147000,13.27412157,17824900,1,1.67E+07,1.67E+07,1
13.27412157,13628000,13.28874877,14916200,1,1.67E+07,1.60E+07,1
13.28874877,18172000,13.30523007,16743400,2,1.67E+07,1.65E+07,1
13.30523007,16277400,13.32364617,16794100,1,1.67E+07,1.68E+07,1
13.32364617,14936200,13.33891007,16391000,1,1.67E+07,1.60E+07,1
13.33891007,19555600,13.35603157,16994700,2,1.67E+07,1.65E+07,1
13.35603157,15994900,13.37289847,17339400,1,1.67E+07,1.70E+07,1
13.37289847,17485100,13.38892477,16909900,1,1.67E+07,1.68E+07,1
13.38892477,15000300,13.40564717,15335500,1,1.67E+07,1.66E+07,1
13.40564717,15291500,13.42197667,16519300,1,1.67E+07,1.67E+07,1
13.42197667,17207500,13.43915907,16437000,2,1.67E+07,1.62E+07,1
13.43915907,15803600,13.45549927,16244600,1,1.67E+07,1.62E+07,1
13.45549927,16127400,13.47150847,15500300,1,1.67E+07,1.59E+07,1
13.47150847,17623600,13.48759247,16953300,2,1.67E+07,1.64E+07,1
13.48759247,16774800,13.50453447,16079700,1,1.67E+07,1.67E+07,1
13.50453447,16115400,13.52113297,16629200,1,1.67E+07,1.65E+07,1
13.52113297,17144400,13.53778827,16630400,1,1.67E+07,1.68E+07,1
13.53778827,16703900,13.55460907,16854900,1,1.67E+07,1.69E+07,1
13.55460907,24676900,13.57296517,18280800,1,1.67E+07,1.83E+07,1
13.57296517,8768100,13.58903957,17502700,1,1.67E+07,1.67E+07,1
13.58903957,16745200,13.60585467,16518900,1,1.67E+07,1.68E+07,1
13.60585467,17402200,13.62252547,16596500,1,1.67E+07,1.69E+07,1
13.62252547,15558900,13.64000057,16623200,1,1.67E+07,1.66E+07,1
13.64000057,16393800,13.65505207,14860900,2,1.67E+07,1.50E+07,1
13.65505207,18270900,13.67181197,16819500,2,1.67E+07,1.69E+07,1
13.67181197,16004200,13.68858777,17834100,1,1.67E+07,1.67E+07,1
13.68858777,16275400,13.70507527,16517000,1,1.67E+07,1.65E+07,1
13.70507527,17660300,13.72196777,15703300,1,1.67E+07,1.69E+07,1
13.72196777,16233800,13.73883907,17021800,1,1.67E+07,1.69E+07,1
13.73883907,16823600,13.75516647,17060000,1,1.67E+07,1.66E+07,1
13.75516647,16672500,13.77196887,16240600,1,1.67E+07,1.67E+07,1
13.77196887,16783700,13.78911017,16822900,1,1.67E+07,1.68E+07,1
13.80086807,27533400,13.80765307,19069700,1,1.67E+07,1.88E+07,0
13.80765307,6048400,13.82452817,16325500,1,1.67E+07,1.68E+07,1
13.82404147,15777100,13.84097457,16550600,1,1.67E+07,1.66E+07,1
13.84078797,16784400,13.85734257,16762800,2,1.67E+07,1.66E+07,1
13.85734257,16892100,13.87427157,16655900,2,1.67E+07,1.66E+07,1
13.87427157,19282300,13.88855077,15178000,2,1.67E+07,1.50E+07,1
13.88855077,13871300,13.90547247,16700000,1,1.67E+07,1.65E+07,1
13.90547247,15573500,13.92202657,16394700,1,1.67E+07,1.65E+07,1
13.92202657,17156200,13.93876587,17028700,1,1.67E+07,1.66E+07,1
13.93876587,17273800,13.95536097,15731400,1,1.67E+07,1.66E+07,1
13.95536097,17344600,13.97131647,16973000,1,1.67E+07,1.62E+07,1
13.97131647,18075500,13.98879617,16356000,1,1.67E+07,1.71E+07,1
13.98879617,16962000,14.00580407,17864200,1,1.67E+07,1.74E+07,1
14.00580407,14525000,14.02243037,16869600,1,1.67E+07,1.68E+07,1
14.02243037,17784000,14.03951617,17070800,1,1.67E+07,1.69E+07,1
14.03951617,16099900,14.05560857,16723900,1,1.67E+07,1.67E+07,1
14.05560857,15778900,14.07217907,16677100,1,1.67E+07,1.62E+07,1
14.07217907,17521300,14.08862547,15620600,1,1.67E+07,1.63E+07,1
14.08862547,16482900,14.10487057,16304400,1,1.67E+07,1.67E+07,1
14.10487057,16249300,14.12181027,16832100,1,1.67E+07,1.64E+07,1
14.12181027,17732800,14.13892097,16832700,1,1.67E+07,1.68E+07,1
14.13892097,14331100,14.15553777,15931100,1,1.67E+07,1.65E+07,1
14.15553777,18845900,14.17220977,16716600,1,1.67E+07,1.67E+07,1
14.18435887,27629200,14.19026107,19352000,1,1.67E+07,1.90E+07,0
14.19026107,3979400,14.20634047,16225900,1,1.67E+07,1.65E+07,1
14.20634047,18443800,14.22448267,16699200,2,1.67E+07,1.66E+07,1
14.22297577,15323400,14.24103087,16498400,1,1.67E+07,1.68E+07,1
14.24079767,16769400,14.25635627,16430900,2,1.67E+07,1.64E+07,1
14.25635627,16668800,14.27160787,14218700,2,1.67E+07,1.42E+07,1
14.27160787,17916500,14.28873887,18024500,2,1.67E+07,1.70E+07,1
14.28873887,15497800,14.30506367,15406000,1,1.67E+07,1.64E+07,1
14.30506367,17503400,14.32188087,16755600,1,1.67E+07,1.69E+07,1
14.32188087,16670500,14.33867747,16843200,1,1.67E+07,1.69E+07,1
14.33867747,16906500,14.35570887,17016400,1,1.67E+07,1.69E+07,1
14.35570887,15552000,14.37209437,17268200,1,1.67E+07,1.64E+07,1
14.37209437,17292000,14.38899317,17068200,1,1.67E+07,1.68E+07,1
14.38899317,17099200,14.40551797,16426500,1,1.67E+07,1.67E+07,1
14.40551797,16535300,14.42232767,15910200,1,1.67E+07,1.67E+07,1
14.42232767,17716700,14.43916607,16809000,1,1.67E+07,1.68E+07,1
14.43916607,16358800,14.45618197,17770900,1,1.67E+07,1.70E+07,1
14.45618197,16862300,14.47307937,17638300,1,1.67E+07,1.69E+07,1
14.47307937,15439900,14.48962697,16077600,1,1.67E+07,1.66E+07,1
14.48962697,17754400,14.50597907,16356700,1,1.67E+07,1.68E+07,1
14.50597907,17813500,14.52262097,17078900,1,1.67E+07,1.68E+07,1
14.52262097,13774200,14.53932317,16537800,1,1.67E+07,1.63E+07,1
14.53932317,18626500,14.55632627,15821400,2,1.67E+07,1.67E+07,1
14.57018987,29027200,14.57547717,18995800,1,1.67E+07,1.94E+07,0
14.57444757,3529100,14.58941217,13959500,1,1.67E+07,1.66E+07,1
14.58941217,17489300,14.60583457,16498000,2,1.67E+07,1.65E+07,1
14.60583457,16122800,14.62265377,17842900,1,1.67E+07,1.70E+07,1
14.62265377,14860600,14.63878117,16938400,1,1.67E+07,1.62E+07,1
14.63878117,17045600,14.65248317,12264900,2,1.67E+07,1.38E+07,1
14.65248317,26097900,14.67128747,18462600,1,1.67E+07,1.83E+07,0
14.67128747,7569600,14.68762607,16188800,1,1.67E+07,1.63E+07,1
14.68762607,23141700,14.70528757,17646900,1,1.67E+07,1.77E+07,1
14.70528757,10462600,14.72223047,16997400,1,1.67E+07,1.69E+07,1
14.72223047,17601000,14.73909317,16923600,1,1.67E+07,1.70E+07,1
14.73909317,15504900,14.75407267,14866800,1,1.67E+07,1.49E+07,1
14.75407267,23815600,14.77212427,18116700,1,1.67E+07,1.81E+07,1
14.77212427,10404400,14.78769327,15446900,1,1.67E+07,1.56E+07,1
14.78769327,15535100,14.80428137,16660600,1,1.67E+07,1.66E+07,1
14.80428137,16541500,14.82056927,16268400,1,1.67E+07,1.64E+07,1
14.83306707,27085200,14.83927357,18848700,1,1.67E+07,1.87E+07,0
14.83927357,8242100,14.85483537,15426100,1,1.67E+07,1.56E+07,1
14.86703097,26326500,14.87276247,19116100,1,1.67E+07,1.87E+07,0
14.87276247,5782600,14.88959317,16578400,1,1.67E+07,1.68E+07,1
14.88959317,16858600,14.90692037,17316300,1,1.67E+07,1.69E+07,1
14.90692037,16041700,14.92187617,14092600,1,1.67E+07,1.47E+07,1
14.92187617,17786100,14.93841747,16435200,2,1.67E+07,1.66E+07,1
14.93841747,15739800,14.95281177,14469100,1,1.67E+07,1.44E+07,1
14.96756717,26808200,14.98379217,30953000,1,1.67E+07,1.86E+07,0
14.97456647,6388300,15.00216267,18371400,1,1.67E+07,1.66E+07,1
14.99798737,24418900,15.02029577,18151700,2,1.67E+07,1.82E+07,1
15.01645707,18183600,15.03917857,18854500,2,1.67E+07,1.83E+07,1
15.03395257,17616000,15.05369257,14884200,2,1.67E+07,1.87E+07,2
15.03917857,7338400,15.07260417,18539200,2,1.67E+07,1.48E+07,1
15.06863307,26448600,15.09029967,18627600,2,1.67E+07,1.88E+07,1
15.08494967,18441100,15.10505837,14036600,2,1.67E+07,1.76E+07,2
15.09029967,5132200,15.12021917,15124700,2,1.67E+07,1.50E+07,2
15.10505837,18275600,15.13482857,16315100,2,1.67E+07,1.51E+07,1
15.13482857,27988200,15.15394627,18378700,2,1.67E+07,1.93E+07,1
15.15167097,14211200,15.16780707,15002300,1,1.67E+07,1.68E+07,1
15.16780707,18545600,15.18767167,17738400,2,1.67E+07,1.68E+07,1
15.18405547,14405800,15.20389467,16240700,1,1.67E+07,1.87E+07,2
15.18767167,6077900,15.21781177,14327600,2,1.67E+07,1.62E+07,2
15.20389467,16496900,15.23151027,13930700,2,1.67E+07,1.39E+07,1
15.23151027,27071800,15.24802197,17503400,2,1.67E+07,1.65E+07,1
15.24802197,16834100,15.25002087,15022800,1,1.67E+07,1.62E+07,1
15.25002087,16393300,15.28243957,17635900,1,1.67E+07,1.66E+07,1
15.27954577,12226500,15.30043257,17989600,1,1.67E+07,1.78E+07,1
15.29703727,17620900,15.31651027,16158800,2,1.67E+07,1.80E+07,1
15.31570517,17402900,15.33200707,17176600,2,1.67E+07,1.61E+07,1
15.33200707,18214000,15.34886277,16314500,2,1.67E+07,1.64E+07,1
15.34627937,13691700,15.36427177,15108700,2,1.67E+07,1.58E+07,1
15.36427177,19137100,15.37991287,15303300,2,1.67E+07,1.72E+07,2
15.36427177,9053100,15.39489007,16947300,1,1.67E+07,1.55E+07,1
15.39489007,21825200,15.41029487,15476500,2,1.67E+07,1.64E+07,1
15.41029487,17174600,15.42785587,16212800,1,1.67E+07,1.62E+07,1
15.42785587,16435800,15.44432287,17158300,1,1.67E+07,1.67E+07,1
15.44432287,15232300,15.46026637,16110900,1,1.67E+07,1.59E+07,1
15.46026637,16118900,15.47764957,15229400,1,1.67E+07,1.74E+07,1
15.47571377,14960400,15.49107427,15042800,1,1.67E+07,1.60E+07,1
15.49107427,17235300,15.50737617,15809200,2,1.67E+07,1.60E+07,1
15.50737617,15526000,15.52335927,17319800,1,1.67E+07,1.58E+07,1
15.52335927,15433400,15.53995827,15981600,1,1.67E+07,1.59E+07,1
15.53995827,18192600,15.55653177,14918100,2,1.67E+07,1.63E+07,1
15.55653177,16748900,15.57289367,16438100,1,1.67E+07,1.66E+07,1
15.57289367,16575000,15.58954367,16617300,1,1.67E+07,1.65E+07,1
15.58954367,16755600,15.60639997,16685700,1,1.67E+07,1.67E+07,1
15.60639997,15293200,15.62244717,17114300,1,1.67E+07,1.67E+07,1
15.62244717,18209100,15.63974027,16192500,1,1.67E+07,1.67E+07,1
15.63974027,16359200,15.65647057,16785400,1,1.67E+07,1.66E+07,1
15.65647057,16508700,15.67312067,16621100,1,1.67E+07,1.66E+07,1
15.67312067,15689300,15.68919147,17130700,1,1.67E+07,1.64E+07,1
15.68919147,18683100,15.70633707,16164400,1,1.67E+07,1.71E+07,1
15.70633707,14140300,15.72276497,16554300,1,1.67E+07,1.63E+07,1
15.72276497,17512600,15.73918257,16253600,1,1.67E+07,1.65E+07,1
15.73918257,16061800,15.75558937,16401900,1,1.67E+07,1.64E+07,1
15.75558937,16317400,15.77210927,16529900,1,1.67E+07,1.65E+07,1
15.77210927,17550900,15.78846077,16304200,1,1.67E+07,1.63E+07,1
15.80149837,26587100,15.80748077,19003700,1,1.67E+07,1.88E+07,0
15.80748077,6925800,15.82358997,16968300,1,1.67E+07,1.67E+07,1
15.82358997,14717600,15.84054847,16532600,1,1.67E+07,1.64E+07,1
15.84054847,17405500,15.85710737,16070400,2,1.67E+07,1.66E+07,1
15.85710737,18381500,15.87382197,17967500,1,1.67E+07,1.68E+07,1
15.87382197,14733400,15.88839067,13286500,1,1.67E+07,1.44E+07,1
15.90084117,27729300,15.90084117,14482600,2,1.67E+07,1.86E+07,0
15.91522367,14293200,15.92141427,18573700,1,1.67E+07,1.85E+07,0
15.93365127,17628300,15.93997877,18558200,1,1.67E+07,1.86E+07,0
15.93997877,9415700,15.95658667,16665400,1,1.67E+07,1.68E+07,1
15.95658667,14775100,15.97341887,16807400,1,1.67E+07,1.68E+07,1
15.97250467,14322200,15.98446187,11388400,1,1.67E+07,1.41E+07,1
15.99576467,23922900,16.00053327,15911600,2,1.67E+07,1.60E+07,0
16.01227167,16308300,16.01645927,15939900,1,1.67E+07,1.57E+07,0
16.02857807,15821600,16.03360217,17229100,1,1.67E+07,1.70E+07,0
16.04540027,16101300,16.05086427,16969900,1,1.67E+07,1.73E+07,0
16.06172917,17296600,16.06867737,18048400,1,1.67E+07,1.79E+07,0
16.07988207,19243500,16.08554587,16945400,1,1.67E+07,1.70E+07,0
16.09778527,15952000,16.10255867,16888700,1,1.67E+07,1.69E+07,0
16.11423017,17507500,16.11954557,17008500,1,1.67E+07,1.72E+07,0
16.13020047,16612900,16.13724177,17724900,1,1.67E+07,1.73E+07,0
16.14879927,17997500,16.15454027,17167100,1,1.67E+07,1.75E+07,0
16.15454027,7198600,16.16973987,15241100,1,1.67E+07,1.51E+07,1
16.18165417,25656700,16.18651547,16684500,1,1.67E+07,1.70E+07,0
16.19887267,15944200,16.20344237,16993400,1,1.67E+07,1.67E+07,0
16.21561547,17852500,16.22032777,17213600,1,1.67E+07,1.69E+07,0
16.23215887,16841900,16.23709357,16283200,1,1.67E+07,1.67E+07,0
16.24891407,16611800,16.25546377,18622200,1,1.67E+07,1.86E+07,0
16.25546377,7149400,16.27052397,15040100,1,1.67E+07,1.49E+07,1
16.27052397,15824400,16.28528337,14931200,1,1.67E+07,1.49E+07,1
16.29659377,25634800,16.30174147,16052700,1,1.67E+07,1.64E+07,0
16.31351357,16022900,16.31746827,16169400,1,1.67E+07,1.62E+07,0
16.32894107,16216000,16.33418187,16240700,1,1.67E+07,1.62E+07,0
16.34432027,15225300,16.35202917,17880000,1,1.67E+07,1.78E+07,0
16.36338837,19224800,16.37038437,18591900,1,1.67E+07,1.85E+07,0
16.37038437,9366600,16.38562997,15231800,1,1.67E+07,1.52E+07,1
16.39790347,23954200,16.40247787,16894000,1,1.67E+07,1.68E+07,0
16.41352227,16344500,16.41922397,16495800,1,1.67E+07,1.68E+07,0
16.43134757,16460700,16.43634897,17217500,1,1.67E+07,1.71E+07,0
16.44748187,16980400,16.45297497,16518200,1,1.67E+07,1.66E+07,0
16.46408477,16093600,16.47067287,17868300,1,1.67E+07,1.80E+07,0
16.47067287,9013000,16.48587807,15064300,1,1.67E+07,1.50E+07,1
16.49795617,24281000,16.50240497,16507400,1,1.67E+07,1.66E+07,0
16.51427307,17248800,16.51913237,16714200,1,1.67E+07,1.67E+07,0
16.51913237,7641900,16.53401297,14822000,1,1.67E+07,1.49E+07,1
16.54689137,25076300,16.55061137,16730000,1,1.67E+07,1.67E+07,0
16.55061137,9527300,16.56738247,16695700,1,1.67E+07,1.68E+07,1
16.57901397,21622900,16.58360537,16604400,1,1.67E+07,1.62E+07,0
16.58360537,12508700,16.59873507,14929400,1,1.67E+07,1.53E+07,1
16.61092367,19644200,16.61661277,17641100,1,1.67E+07,1.77E+07,0
16.62726287,17202700,16.63259217,16074600,1,1.67E+07,1.61E+07,0
16.64418707,15869500,16.65009987,17484700,1,1.67E+07,1.74E+07,0
16.66122137,18611200,16.66685697,16748900,1,1.67E+07,1.68E+07,0
16.67693837,15941900,16.68429307,17545600,1,1.67E+07,1.75E+07,0
16.69554257,18558100,16.70159017,17178700,1,1.67E+07,1.72E+07,0
16.71452507,17108300,16.71870377,17116900,1,1.67E+07,1.72E+07,0
16.73032787,16793600,16.73618317,17476200,1,1.67E+07,1.74E+07,0
16.73618317,8890200,16.75158547,15402000,1,1.67E+07,1.55E+07,1
