Time, Status
4428143830259, False
4428143974869, False
4428144146600, False
4428144306492, False
4428144476102, False
4428144634341, False
4428144283208, True
4428144799861, False
4428144800149, True
4428144963614, False
4428144909722, True
4428145137415, False
4428145031108, True
4428145151704, True
4428145298325, False
4428145247962, True
4428145465305, False
4428145375174, True
4428145511460, True
4428145649079, False
4428145616923, True
4428145791886, False
4428145744313, True
4428145966725, False
4428145873033, True
4428145997290, True
4428146145554, False
4428146112118, True
4428146298552, False
4428146279209, True
4428146477726, False
4428146444535, True
4428146637799, False
4428146617573, True
4428146810056, False
4428146781078, True
4428146983961, False
4428146953378, True
4428147146956, False
4428147117814, True
4428147315477, False
4428147284971, True
4428147484506, False
4428147451980, True
4428147648334, False
4428147619724, True
4428147803931, False
4428147782890, True
4428147975963, False
4428147951021, True
4428148137146, False
4428148120507, True
4428148313971, False
4428148284105, True
4428148481267, False
4428148451092, True
4428148638235, False
4428148617098, True
4428148817801, False
4428148779483, True
4428148985481, False
4428148951706, True
4428149158483, False
4428149124714, True
4428149320732, False
4428149285424, True
4428149477230, False
4428149449304, True
4428149652379, False
4428149616802, True
4428149818444, False
4428149784044, True
4428149981290, False
4428149948453, True
4428150152718, False
4428150117279, True
4428150319549, False
4428150283552, True
4428150483546, False
4428150450948, True
4428150650894, False
4428150615571, True
4428150822117, False
4428150791383, True
4428150976873, False
4428151141023, False
4428151306781, False
4428151617849, True
4428151833487, False
4428152003076, False
4428151955562, True
4428152174214, False
4428152118442, True
4428152330996, False
4428152281990, True
4428152508144, False
4428152449088, True
4428152674331, False
4428152619189, True
4428152833044, False
4428152783654, True
4428152994242, False
4428152948002, True
4428153160649, False
4428153115855, True
4428153339062, False
4428153286292, True
4428153498696, False
4428153449583, True
4428153673621, False
4428153619567, True
4428153839564, False
4428153786318, True
4428154000647, False
4428153949434, True
4428154162083, False
4428154117045, True
4428154336160, False
4428154289127, True
4428154501711, False
4428154449697, True
4428154669142, False
4428154621047, True
4428154835638, False
4428154787023, True
4428154996806, False
4428154953304, True
4428155179818, False
4428155120378, True
4428155332415, False
4428155284490, True
4428155497798, False
4428155451470, True
4428155669008, False
4428155620848, True
4428155830482, False
4428155784618, True
4428155992165, False
4428156203251, False
4428156118695, True
4428156337471, False
4428156289392, True
4428156499218, False
4428156454677, True
4428156667325, False
4428156618660, True
4428156838426, False
4428156790235, True
4428156993640, False
4428156951905, True
4428157170221, False
4428157122416, True
4428157328367, False
4428157289987, True
4428157512084, False
4428157451879, True
4428157662963, False
4428157620133, True
4428157830330, False
4428157785200, True
4428157998541, False
4428157952588, True
4428158167246, False
4428158120658, True
4428158339939, False
4428158290687, True
4428158497292, False
4428158453112, True
4428158673643, False
4428158623523, True
4428158830367, False
4428158788778, True
4428158997090, False
4428158953421, True
4428159174311, False
4428159123715, True
4428159337152, False
4428159290110, True
4428159500328, False
4428159453827, True
4428159673953, False
4428159623494, True
4428159835953, False
4428159790800, True
4428159999180, False
4428159954461, True
4428160171072, False
4428160124408, True
4428160338986, False
4428160291622, True
4428160505192, False
4428160456731, True
4428160670739, False
4428160625269, True
4428160836690, False
4428160791895, True
4428161009704, False
4428160958883, True
4428161173551, False
4428161125591, True
4428161345914, False
4428161292409, True
4428161501836, False
4428161456389, True
4428161678628, False
4428161624064, True
4428161841698, False
4428161792778, True
4428162014966, False
4428161960862, True
4428162173797, False
4428162123333, True
4428162337035, False
4428162289863, True
4428162510900, False
4428162458118, True
4428162678183, False
4428162626661, True
4428162840583, False
4428162790484, True
4428163009408, False
4428162960245, True
4428163172875, False
4428163126879, True
4428163340989, False
4428163293706, True
4428163559120, False
4428163457281, True
4428163682441, False
4428163623431, True
4428163837991, False
4428163790434, True
4428164004854, False
4428164182919, False
4428164124045, True
4428164341945, False
4428164290915, True
4428164510744, False
4428164457677, True
4428164681439, False
4428164625075, True
4428164840382, False
4428164791147, True
4428165009989, False
4428164957994, True
4428165178894, False
4428165124769, True
4428165346706, False
4428165291534, True
4428165510787, False
4428165458356, True
4428165675799, False
4428165625140, True
4428165847559, False
4428165792491, True
4428166015767, False
4428165958172, True
4428166180269, False
4428166125401, True
4428166362122, False
4428166315567, True
4428166507323, False
4428166451402, True
4428166681859, False
4428166596800, True
4428166844242, False
4428166740944, True
4428167011181, False
4428166886665, True
4428167026427, True
4428167209430, False
4428167162324, True
4428167340576, False
4428167315612, True
4428167512676, False
4428167459285, True
4428167682472, False
4428167626668, True
4428167850099, False
4428167792948, True
4428168006851, False
4428167960031, True
4428168164792, False
4428168126638, True
4428168344742, False
4428168293911, True
4428168511014, False
4428168461128, True
4428168679148, False
4428168627659, True
4428168843641, False
4428168794241, True
4428169012963, False
4428168961302, True
4428169183073, False
4428169127190, True
4428169348233, False
4428169294551, True
4428169515610, False
4428169461549, True
4428169671863, False
4428169627585, True
4428169851867, False
4428169795306, True
4428170017479, False
4428169962196, True
4428170185630, False
4428170129546, True
4428170362393, False
4428170296021, True
4428170514284, False
4428170462398, True
4428170687845, False
4428170630075, True
4428170846806, False
4428170796156, True
4428171010220, False
4428170963034, True
4428171175519, False
4428171129634, True
4428171344875, False
4428171296574, True
4428171506721, False
4428171463458, True
4428171675558, False
4428171629844, True
4428171846202, False
4428171796987, True
4428172009505, False
4428171963097, True
4428172168620, False
4428172138094, True
4428172347612, False
4428172297359, True
4428172510811, False
4428172464261, True
4428172675942, False
4428172630235, True
4428172846497, False
4428172796699, True
4428173011461, False
4428172963594, True
4428173178535, False
4428173130578, True
4428173341611, False
4428173297102, True
4428173502734, False
4428173464126, True
4428173675290, False
4428173632637, True
4428173844425, False
4428173799131, True
4428174012274, False
4428173965953, True
4428174177981, False
4428174133622, True
4428174352676, False
4428174302518, True
4428174514320, False
4428174470309, True
4428174681672, False
4428174635696, True
4428174856075, False
4428174802224, True
4428175018191, False
4428174969077, True
4428175183571, False
4428175136340, True
4428175350204, False
4428175302891, True
4428175517789, False
4428175470530, True
4428175687564, False
4428175635318, True
4428175843415, False
4428176021598, False
4428175969711, True
4428176181333, False
4428176133000, True
4428176345534, False
4428176299488, True
4428176515075, False
4428176470515, True
4428176681893, False
4428176637094, True
4428176850519, False
4428176800517, True
4428177017232, False
4428176970084, True
4428177186881, False
4428177137042, True
4428177352057, False
4428177304597, True
4428177515899, False
4428177471289, True
4428177681284, False
4428177636352, True
4428177853476, False
4428177804548, True
4428178020159, False
4428177971341, True
4428178178925, False
4428178135269, True
4428178354775, False
4428178305249, True
4428178515159, False
4428178475614, True
4428178681998, False
4428178635431, True
4428178851595, False
4428178806286, True
4428179017559, False
4428178969011, True
4428179180572, False
4428179138927, True
4428179354070, False
4428179306130, True
4428179514316, False
4428179469589, True
4428179687821, False
4428179638748, True
4428179856712, False
4428179805776, True
4428180020920, False
4428179969712, True
4428180190253, False
4428180140898, True
4428180351000, False
4428180303596, True
4428180517149, False
4428180473224, True
4428180688394, False
4428180637588, True
4428180851654, False
4428180804056, True
4428181021027, False
4428180970518, True
4428181193041, False
4428181142090, True
4428181353189, False
4428181305983, True
4428181526217, False
4428181469737, True
4428181693483, False
4428181647590, True
4428181859895, False
4428181807263, True
4428182018073, False
4428181970182, True
4428182184652, False
4428182138467, True
4428182358332, False
4428182306334, True
4428182517278, False
4428182475092, True
4428182690271, False
4428182644381, True
4428182849412, False
4428182805659, True
4428183022157, False
4428182974889, True
4428183190319, False
4428183142309, True
4428183361674, False
4428183308534, True
4428183520308, False
4428183473258, True
4428183680865, False
4428183638796, True
4428183853184, False
4428183806117, True
4428184022919, False
4428183975637, True
4428184189902, False
4428184142866, True
4428184358507, False
4428184307833, True
4428184526980, False
4428184476015, True
4428184694856, False
4428184643245, True
4428184853260, False
4428184806917, True
4428185024702, False
4428184976958, True
4428185187581, False
4428185140436, True
4428185352902, False
4428185307821, True
4428185524413, False
4428185477343, True
4428185691670, False
4428185644390, True
4428185859850, False
4428185811540, True
4428186026474, False
4428185978024, True
4428186192818, False
4428186145771, True
4428186360143, False
4428186311109, True
4428186521875, False
4428186478457, True
4428186693404, False
4428186644967, True
4428186857164, False
4428186811149, True
4428187024356, False
4428186978244, True
4428187194987, False
4428187144210, True
4428187361002, False
4428187311759, True
4428187522025, False
4428187475465, True
4428187690256, False
4428187642060, True
4428187852794, False
4428187813630, True
4428188024825, False
4428187980111, True
4428188186916, False
4428188146243, True
4428188351046, False
4428188312620, True
4428188517388, False
4428188475873, True
4428188681712, False
4428188646940, True
4428188863298, False
4428188813517, True
4428189019744, False
4428188979817, True
4428189183556, False
4428189143617, True
4428189354886, False
4428189310507, True
4428189518946, False
4428189480256, True
4428189684903, False
4428189648145, True
4428189858791, False
4428189813691, True
4428190012711, False
4428189980667, True
4428190187981, False
4428190146765, True
4428190361702, False
4428190315950, True
4428190518381, False
4428190480381, True
4428190686766, False
4428190648393, True
4428190853567, False
4428190815144, True
4428191032842, False
4428190982413, True
4428191186821, False
4428191145415, True
4428191352970, False
4428191315367, True
4428191521911, False
4428191482169, True
4428191690343, False
4428191647694, True
4428191851618, False
4428191814582, True
4428192020905, False
4428191982247, True
4428192182737, False
4428192145335, True
4428192362247, False
4428192317917, True
4428192518966, False
4428192482410, True
4428192687735, False
4428192648663, True
4428192853976, False
4428192816387, True
4428193032642, False
4428192982832, True
4428193185817, False
4428193150322, True
4428193356150, False
4428193316374, True
4428193517767, False
4428193480924, True
4428193690529, False
4428193646998, True
4428193910698, False
4428193816670, True
4428194021803, False
4428193981611, True
4428194251552, False
4428194147430, True
4428194357605, False
4428194521231, False
4428194480717, True
4428194692812, False
4428194646471, True
4428194865732, False
4428194814106, True
4428195026830, False
4428194980257, True
4428195188907, False
4428195147450, True
4428195356946, False
4428195314641, True
4428195529763, False
4428195481299, True
4428195698253, False
4428195647692, True
4428195854036, False
4428195814875, True
4428196026998, False
4428195981295, True
4428196147874, True
4428196299319, False
4428196358460, False
4428196314942, True
4428196525416, False
4428196481551, True
4428196700490, False
4428196648277, True
4428196875346, False
4428196815047, True
4428197028320, False
4428196982029, True
4428197199826, False
4428197149434, True
4428197367998, False
4428197315478, True
4428197522328, False
4428197482520, True
4428197689814, False
4428197649718, True
4428197868657, False
4428197816431, True
4428198033178, False
4428197983257, True
4428198194637, False
4428198149628, True
4428198374922, False
4428198316903, True
4428198535005, False
4428198482571, True
4428198693996, False
4428198649424, True
4428198868364, False
4428198817207, True
4428199039311, False
4428198983997, True
4428199203512, False
4428199149818, True
4428199317254, True
4428199467472, False
4428199525344, False
4428199484509, True
4428199702607, False
4428199650283, True
4428199862941, False
4428199817860, True
4428200042480, False
4428199984842, True
4428200206532, False
4428200151055, True
4428200374412, False
4428200319782, True
4428200538809, False
4428200485421, True
4428200704883, False
4428200652069, True
4428200877704, False
4428200818789, True
4428201039619, False
4428200985616, True
4428201208355, False
4428201151701, True
4428201378851, False
4428201319468, True
4428201535830, False
4428201485588, True
4428201708561, False
4428201653157, True
4428201869579, False
4428201818415, True
4428202037043, False
4428201986039, True
4428202201006, False
4428202151861, True
4428202363172, False
4428202320201, True
4428202534565, False
4428202486371, True
4428202700955, False
4428202652966, True
4428202868346, False
4428202820562, True
4428203034282, False
4428202987567, True
4428203199756, False
4428203154354, True
4428203367146, False
4428203320949, True
4428203532713, False
4428203486669, True
4428203705135, False
4428203654584, True
4428203869592, False
4428203821306, True
4428204034817, False
4428203988267, True
4428204154700, True
4428204304826, False
4428204365546, False
4428204321562, True
4428204530603, False
4428204487837, True
4428204695229, False
4428204656451, True
4428204863790, False
4428204825011, True
4428205031611, False
4428204991516, True
4428205196794, False
4428205158807, True
4428205377538, False
4428205325505, True
4428205533721, False
4428205488664, True
4428205701591, False
4428205659358, True
4428205868394, False
4428205823012, True
4428206031754, False
4428205992810, True
4428206197883, False
4428206158672, True
4428206374592, False
4428206324786, True
4428206527487, False
4428206489276, True
4428206656184, True
4428206799971, False
4428206868163, False
4428206823290, True
4428207024640, False
4428206989963, True
4428207194959, False
4428207156488, True
4428207371005, False
4428207323361, True
4428207529498, False
4428207489849, True
4428207692669, False
4428207656419, True
4428207868542, False
4428207827210, True
4428208036104, False
4428207993690, True
4428208208023, False
4428208161177, True
4428208363399, False
4428208324606, True
4428208529353, False
4428208491739, True
4428208705297, False
4428208661417, True
4428208864733, False
4428208824689, True
4428209033481, False
4428208995322, True
4428209203819, False
4428209158596, True
4428209373935, False
4428209328242, True
4428209527939, False
4428209492090, True
4428209706240, False
4428209662512, True
4428209862247, False
4428209826679, True
4428210036245, False
4428209995982, True
4428210212917, False
4428210158608, True
4428210365808, False
4428210325719, True
4428210532413, False
4428210492904, True
4428210709817, False
4428210659532, True
4428210867849, False
4428210827066, True
4428211033855, False
4428210993137, True
4428211210416, False
4428211160176, True
4428211366699, False
4428211326242, True
4428211533910, False
4428211493056, True
4428211708036, False
4428211660330, True
4428211871967, False
4428211827137, True
4428212032790, False
4428211994040, True
4428212218131, False
4428212160205, True
4428212376373, False
4428212328218, True
4428212540478, False
4428212494453, True
4428212713728, False
4428212661185, True
4428212880250, False
4428212827902, True
4428213056386, False
4428213003568, True
4428213226853, False
4428213366406, False
4428213169582, True
4428213550320, False
4428213392764, True
4428213709856, False
4428213571289, True
4428213717568, True
4428213868991, False
4428213873480, True
4428214045238, False
4428214037250, True
4428214237361, False
4428214370241, False
4428214183601, True
4428214549559, False
4428214395390, True
4428214689794, False
4428214611876, True
4428214864058, False
4428214771105, True
4428215059751, False
4428214947988, True
4428215258565, False
4428215156068, True
4428215392629, False
4428215356844, True
4428215616869, False
4428215697099, False
4428215580131, True
4428215867990, False
4428215739301, True
4428215883627, True
4428216051227, False
4428216026183, True
4428216201354, False
4428216194053, True
4428216369507, False
4428216329475, True
4428216541528, False
4428216498604, True
4428216708914, False
4428216686966, True
4428216862225, False
4428216825974, True
4428217029390, False
4428217009667, True
4428217201404, False
4428217169367, True
4428217385161, False
4428217361607, True
4428217541729, False
4428217516766, True
4428217696214, False
4428217663626, True
4428217857842, False
4428217831352, True
4428218032661, False
4428217998330, True
4428218207466, False
4428218165630, True
4428218365697, False
4428218332027, True
4428218534863, False
4428218498711, True
4428218710222, False
4428218666013, True
4428218872730, False
4428218832523, True
4428219036357, False
4428218999825, True
4428219212277, False
4428219165607, True
4428219382037, False
4428219333315, True
4428219541866, False
4428219499999, True
4428219708748, False
4428219667015, True
4428219875817, False
4428219833376, True
4428220044729, False
4428220000677, True
4428220215070, False
4428220167259, True
4428220381099, False
4428220334269, True
4428220547704, False
4428220504295, True
4428220717340, False
4428220670935, True
4428220881090, False
4428220836727, True
4428221050685, False
4428221004860, True
4428221212856, False
4428221168755, True
4428221379913, False
4428221337525, True
4428221545814, False
4428221501516, True
4428221713171, False
4428221671775, True
4428221880776, False
4428221835212, True
4428222048069, False
4428222004849, True
4428222220247, False
4428222172065, True
4428222385921, False
4428222338775, True
4428222553437, False
4428222503495, True
4428222718614, False
4428222671014, True
4428222884700, False
4428222836705, True
4428223047234, False
4428223002200, True
4428223277053, False
4428223168987, True
4428223395644, False
4428223350031, True
4428223546057, False
4428223482828, True
4428223705569, False
4428223618064, True
4428223881898, False
4428223752555, True
4428223888887, True
4428224058954, False
4428224008709, True
4428224204522, False
4428224169283, True
4428224373732, False
4428224336277, True
4428224550981, False
4428224503081, True
4428224707757, False
4428224669500, True
4428224880484, False
4428224836538, True
4428225041538, False
4428225003191, True
4428225210718, False
4428225169900, True
4428225466991, False
4428225336948, True
4428225613762, False
4428225503955, True
4428225709319, False
4428225670446, True
4428225875074, False
4428225878206, True
4428226045993, False
4428226004303, True
4428226236398, False
4428226171512, True
4428226376956, False
4428226337894, True
4428226539083, False
4428226504692, True
4428226712802, False
4428226671541, True
4428226922398, False
4428226837825, True
4428227051351, False
4428227007153, True
4428227213128, False
4428227174035, True
4428227388209, False
4428227342062, True
4428227549426, False
4428227505814, True
4428227723383, False
4428227676991, True
4428227880516, False
4428227840379, True
4428228052163, False
4428228009390, True
4428228214341, False
4428228172681, True
4428228380240, False
4428228339762, True
4428228548540, False
4428228506083, True
4428228713546, False
4428228673334, True
4428228889761, False
4428228840287, True
4428229049248, False
4428229007240, True
4428229217151, False
4428229173315, True
4428229390622, False
4428229345276, True
4428229548745, False
4428229510543, True
4428229717582, False
4428229677311, True
4428229879182, False
4428229840999, True
4428230048802, False
4428230008367, True
4428230223125, False
4428230175673, True
4428230377846, False
4428230341358, True
4428230549536, False
4428230509358, True
4428230723304, False
4428230678562, True
4428230886175, False
4428230845088, True
4428231051687, False
4428231013340, True
4428231232081, False
4428231179562, True
4428231391461, False
4428231347261, True
4428231550140, False
4428231509132, True
4428231730914, False
4428231679110, True
4428231883059, False
4428231843134, True
4428232052509, False
4428232010929, True
4428232227623, False
4428232179700, True
4428232384107, False
4428232346025, True
4428232549546, False
4428232510259, True
4428232724860, False
4428232679784, True
4428232885927, False
4428232845956, True
4428233056603, False
4428233010216, True
4428233212362, False
4428233395352, False
4428233347498, True
4428233553223, False
4428233514678, True
4428233719507, False
4428233680763, True
4428233884992, False
4428233845704, True
4428234056454, False
4428234011290, True
4428234223307, False
4428234179518, True
4428234383996, False
4428234347500, True
4428234548746, False
4428234511294, True
4428234720251, False
4428234680964, True
4428234886181, False
4428234846705, True
4428235053797, False
4428235012129, True
4428235226280, False
4428235177799, True
4428235391151, False
4428235345193, True
4428235561853, False
4428235515676, True
4428235732030, False
4428235682418, True
4428235890842, False
4428235847560, True
4428236056077, False
4428236012654, True
4428236220093, False
4428236182560, True
4428236392653, False
4428236346605, True
4428236551225, False
4428236513078, True
4428236728407, False
4428236683059, True
4428236888038, False
4428236846533, True
4428237063675, False
4428237017238, True
4428237217506, False
4428237180323, True
4428237390499, False
4428237349795, True
4428237564296, False
4428237514750, True
4428237748977, False
4428237905727, False
4428237704432, True
4428237914473, True
4428238065254, False
4428238066192, True
4428238233849, False
4428238193216, True
4428238392247, False
4428238347423, True
4428238568661, False
4428238515896, True
4428238730364, False
4428238681245, True
4428238889653, False
4428238847864, True
4428239068443, False
4428239014718, True
4428239224800, False
4428239180947, True
4428239389248, False
4428239347257, True
4428239565484, False
4428239515159, True
4428239725623, False
4428239682384, True
4428239892239, False
4428239848649, True
4428240070929, False
4428240016043, True
4428240231297, False
4428240182296, True
4428240394688, False
4428240350969, True
4428240572238, False
4428240516346, True
4428240725432, False
4428240683156, True
4428240893556, False
4428240849400, True
4428241077263, False
4428241016632, True
4428241223130, False
4428241182842, True
4428241400268, False
4428241350084, True
4428241572565, False
4428241516853, True
4428241729448, False
4428241687307, True
4428241890236, False
4428241850392, True
4428242083342, False
4428242017091, True
4428242224232, False
4428242183193, True
4428242395284, False
4428242350589, True
4428242575884, False
4428242517659, True
4428242725344, False
4428242685942, True
4428242894671, False
4428242850523, True
4428243072886, False
4428243018202, True
4428243225942, False
4428243184419, True
4428243392821, False
4428243351156, True
4428243569370, False
4428243518119, True
4428243727593, False
4428243685630, True
4428243899915, False
4428243851792, True
4428244066531, False
4428244018605, True
4428244229087, False
4428244185364, True
4428244404683, False
4428244352052, True
4428244564723, False
4428244518839, True
4428244726568, False
4428244684846, True
4428244909671, False
4428244852323, True
4428245077514, False
4428245036942, True
4428245231032, False
4428245191056, True
4428245401967, False
4428245352269, True
4428245556387, False
4428245519974, True
4428245722751, False
4428245686994, True
4428245898385, False
4428245853610, True
4428246060775, False
4428246019118, True
4428246225310, False
4428246186908, True
4428246404224, False
4428246353945, True
4428246558674, False
4428246520782, True
4428246687542, True
4428246833436, False
4428246896725, False
4428246854526, True
4428247064188, False
4428247021136, True
4428247228092, False
4428247187992, True
4428247392609, False
4428247354847, True
4428247572037, False
4428247522151, True
4428247726535, False
4428247688093, True
4428247898349, False
4428247859461, True
4428248063750, False
4428248025490, True
4428248236357, False
4428248191609, True
4428248408080, False
4428248358530, True
4428248564921, False
4428248525020, True
4428248734861, False
4428248688930, True
4428248856176, True
4428249001203, False
4428249054282, False
4428249022388, True
4428249231947, False
4428249192612, True
4428249405752, False
4428249359791, True
4428249567198, False
4428249527265, True
4428249736822, False
4428249693398, True
4428249903600, False
4428249856707, True
4428250067468, False
4428250024477, True
4428250230492, False
4428250193053, True
4428250398074, False
4428250359091, True
4428250568772, False
4428250522768, True
4428250732826, False
4428250693751, True
4428250894883, False
4428250857455, True
4428251068034, False
4428251024318, True
4428251234993, False
4428251193080, True
4428251399315, False
4428251360372, True
4428251572797, False
4428251524566, True
4428251729756, False
4428251694961, True
4428251902711, False
4428251861963, True
4428252075930, False
4428252025386, True
4428252233684, False
4428252195780, True
4428252407439, False
4428252358497, True
4428252576870, False
4428252524752, True
4428252741832, False
4428252692163, True
4428252908636, False
4428252862890, True
4428253078849, False
4428253029035, True
4428253241792, False
4428253192667, True
4428253410423, False
4428253361996, True
4428253578440, False
4428253526157, True
4428253742503, False
4428253693488, True
4428253908698, False
4428253863624, True
4428254081439, False
4428254029940, True
4428254242316, False
4428254193095, True
4428254413886, False
4428254363357, True
4428254572974, False
4428254529808, True
4428254740465, False
4428254693794, True
4428254893574, False
4428254860340, True
4428255062240, False
4428255026413, True
4428255242855, False
4428255197666, True
4428255407720, False
4428255361328, True
4428255575833, False
4428255526613, True
4428255808373, False
4428255693610, True
4428255899744, False
4428255861510, True
4428256069597, False
4428256031860, True
4428256244603, False
4428256198230, True
4428256403212, False
4428256364895, True
4428256589709, False
4428256531509, True
4428256736152, False
4428256696643, True
4428256901991, False
4428256862699, True
4428257081781, False
4428257032050, True
4428257233026, False
4428257201669, True
4428257405302, False
4428257366098, True
4428257585566, False
4428257533392, True
4428257735412, False
4428257699316, True
4428257900554, False
4428257862908, True
4428258075739, False
4428258028539, True
4428258234004, False
4428258195478, True
4428258408959, False
4428258361845, True
4428258563369, False
4428258529159, True
4428258697875, True
4428258849069, False
4428258907025, False
4428258862314, True
4428259077407, False
4428259033396, True
4428259241045, False
4428259200730, True
4428259415408, False
4428259367680, True
4428259531346, True
4428259681064, False
4428259731096, False
4428259697232, True
4428259911495, False
4428259864124, True
4428260077306, False
4428260034481, True
4428260245011, False
4428260201273, True
4428260414128, False
4428260368344, True
4428260587265, False
4428260534061, True
4428260743323, False
4428260701665, True
4428260905093, False
4428260865349, True
4428261085905, False
4428261033189, True
4428261270049, False
4428261202060, True
4428261409300, False
4428261368704, True
4428261578273, False
4428261535804, True
4428261751558, False
4428261701565, True
4428261910915, False
4428261868057, True
4428262074972, False
4428262035631, True
4428262243030, False
4428262202579, True
4428262414173, False
4428262366558, True
4428262575334, False
4428262535749, True
4428262739418, False
4428262702875, True
4428262901356, False
4428263066171, False
4428262866743, True
4428263076307, True
4428263239172, False
4428263199538, True
4428263404690, False
4428263371108, True
4428263574472, False
4428263535096, True
4428263754988, False
4428263703498, True
4428263909799, False
4428263870386, True
4428264078504, False
4428264035938, True
4428264241153, False
4428264200856, True
4428264419825, False
4428264371263, True
4428264581200, False
4428264534405, True
4428264747019, False
4428264704557, True
4428264906944, False
4428264871181, True
4428265090814, False
4428265038509, True
4428265240128, False
4428265205276, True
4428265409130, False
4428265368739, True
4428265574738, False
4428265535086, True
4428265746262, False
4428265700879, True
4428265910973, False
4428265867728, True
4428266079453, False
4428266039323, True
4428266248449, False
4428266205382, True
4428266413340, False
4428266368368, True
4428266578350, False
4428266540484, True
4428266750615, False
4428266706482, True
4428266913948, False
4428266873027, True
4428267090118, False
4428267040431, True
4428267245454, False
4428267206074, True
4428267416396, False
4428267373005, True
4428267575536, False
4428267536664, True
4428267755690, False
4428267703972, True
4428267911240, False
4428267872434, True
4428268079976, False
4428268037683, True
4428268251642, False
4428268203138, True
4428268424495, False
4428268370457, True
4428268585636, False
4428268537272, True
4428268751364, False
4428268704232, True
4428268922664, False
4428268870938, True
4428269084987, False
4428269037669, True
4428269250668, False
4428269204432, True
4428269417549, False
4428269371338, True
4428269597339, False
4428269538095, True
4428269746399, False
4428269704908, True
4428269914461, False
4428269871683, True
4428270094026, False
4428270038402, True
4428270249348, False
4428270204988, True
4428270415696, False
4428270372087, True
4428270594782, False
4428270540952, True
4428270750793, False
4428270705762, True
4428270926297, False
4428270872439, True
4428271091159, False
4428271038985, True
4428271266246, False
4428271205534, True
4428271417641, False
4428271372630, True
4428271596035, False
4428271539606, True
4428271754477, False
4428271707408, True
4428271926437, False
4428271873268, True
4428272080743, False
4428272039633, True
4428272257961, False
4428272206832, True
4428272414777, False
4428272373535, True
4428272592301, False
4428272540349, True
4428272763229, False
4428272708062, True
4428272911045, False
4428272873623, True
4428273099987, False
4428273040971, True
4428273270066, False
4428273207559, True
4428273431636, False
4428273374346, True
4428273607711, False
4428273542041, True
4428273767007, False
4428273708271, True
4428273919374, False
4428273874397, True
4428274097158, False
4428274042513, True
4428274253401, False
4428274208522, True
4428274431562, False
4428274375057, True
4428274597929, False
4428274542618, True
4428274755952, False
4428274708709, True
4428274934176, False
4428274875652, True
4428275094104, False
4428275041929, True
4428275267796, False
4428275209052, True
4428275424191, False
4428275376447, True
4428275586458, False
4428275542039, True
4428275757776, False
4428275709811, True
4428275922851, False
4428275876616, True
4428276088369, False
4428276043752, True
4428276258646, False
4428276210147, True
4428276424889, False
4428276377028, True
4428276594688, False
4428276542771, True
4428276759232, False
4428276710649, True
4428276929427, False
4428276877473, True
4428277094649, False
4428277043256, True
4428277267321, False
4428277211043, True
4428277429080, False
4428277378155, True
4428277604505, False
4428277544338, True
4428277767841, False
4428277711172, True
4428277931247, False
4428277878170, True
4428278093733, False
4428278044167, True
4428278258797, False
4428278211564, True
4428278431390, False
4428278378622, True
4428278590744, False
4428278544108, True
4428278759806, False
4428278712036, True
4428278928690, False
4428278878917, True
4428279099178, False
4428279044525, True
4428279270019, False
4428279212269, True
4428279432572, False
4428279378431, True
4428279602076, False
4428279545500, True
4428279767776, False
4428279711545, True
4428279936555, False
4428279882061, True
4428280090004, False
4428280045465, True
4428280262521, False
4428280213254, True
4428280425194, False
4428280380444, True
4428280600333, False
4428280546072, True
4428280766311, False
4428280713614, True
4428280929198, False
4428280880439, True
4428281096300, False
4428281045955, True
4428281265635, False
4428281213643, True
4428281427766, False
4428281380684, True
4428281597743, False
4428281546054, True
4428281773756, False
4428281714400, True
4428281933874, False
4428281881283, True
4428282098389, False
4428282047005, True
4428282262047, False
4428282215238, True
4428282434394, False
4428282381139, True
4428282599175, False
4428282548135, True
4428282768785, False
4428282714748, True
4428282925802, False
4428282881899, True
4428283098375, False
4428283048506, True
4428283257221, False
4428283215170, True
4428283437293, False
4428283381941, True
4428283590884, False
4428283548409, True
4428283773249, False
4428283716229, True
4428283924022, False
4428283882607, True
4428284095828, False
4428284048695, True
4428284273576, False
4428284215737, True
4428284432956, False
4428284382773, True
4428284590922, False
4428284549640, True
4428284762469, False
4428284717537, True
4428284934712, False
4428284882836, True
4428285090787, False
4428285050382, True
4428285261888, False
4428285217415, True
4428285445386, False
4428285383871, True
4428285592239, False
4428285550845, True
4428285760189, False
4428285717004, True
4428285930091, False
4428285884297, True
4428286087956, False
4428286269310, False
4428286217832, True
4428286428513, False
4428286384728, True
4428286593824, False
4428286550527, True
4428286762451, False
4428286718180, True
4428286938918, False
4428286885065, True
4428287096086, False
4428287051937, True
4428287263778, False
4428287218573, True
4428287436664, False
4428287385308, True
4428287595879, False
4428287552248, True
4428287766218, False
4428287718995, True
4428287928718, False
4428287885883, True
4428288104312, False
4428288052517, True
4428288264380, False
4428288219378, True
4428288428243, False
4428288386253, True
4428288595458, False
4428288553239, True
4428288775021, False
4428288720417, True
4428288934106, False
4428288885943, True
4428289093659, False
4428289053092, True
4428289263432, False
4428289220527, True
4428289434008, False
4428289386808, True
4428289599228, False
4428289553858, True
4428289760693, False
4428289721114, True
4428289926566, False
4428289886941, True
4428290102255, False
4428290054347, True
4428290283984, False
4428290219818, True
4428290431396, False
4428290387500, True
4428290596401, False
4428290554543, True
4428290776917, False
4428290721299, True
4428290935029, False
4428290887397, True
4428291094552, False
4428291054531, True
4428291263242, False
4428291220930, True
4428291435289, False
4428291387539, True
4428291596893, False
4428291555461, True
4428291763034, False
4428291722122, True
4428291932263, False
4428291888021, True
4428292114357, False
4428292058788, True
4428292269334, False
4428292225764, True
4428292434543, False
4428292390486, True
4428292601982, False
4428292559477, True
4428292777179, False
4428292727155, True
4428292946798, False
4428292891292, True
4428293100881, False
4428293059290, True
4428293266559, False
4428293226691, True
4428293442616, False
4428293393275, True
4428293599866, False
4428293559407, True
4428293767434, False
4428293723598, True
4428293930368, False
4428293891056, True
4428294092579, False
4428294057659, True
4428294265324, False
4428294226364, True
4428294433854, False
4428294392262, True
4428294600488, False
4428294557433, True
4428294774321, False
4428294725268, True
4428294935969, False
4428294894629, True
4428295098383, False
4428295057855, True
4428295267870, False
4428295227642, True
4428295440438, False
4428295394526, True
4428295602023, False
4428295561814, True
4428295768685, False
4428295726395, True
4428295931431, False
4428295891605, True
4428296114478, False
4428296061898, True
4428296271600, False
4428296228848, True
4428296437870, False
4428296394558, True
4428296599077, False
4428296558056, True
4428296781422, False
4428296728765, True
4428296938733, False
4428296893587, True
4428297102393, False
4428297062425, True
4428297264159, False
4428297225156, True
4428297444384, False
4428297396028, True
4428297605946, False
4428297559757, True
4428297779312, False
4428297727151, True
4428297942066, False
4428297892414, True
4428298114486, False
4428298063228, True
4428298278833, False
4428298227009, True
4428298445093, False
4428298393452, True
4428298616239, False
4428298563892, True
4428298777585, False
4428298726862, True
4428298943220, False
4428298893941, True
4428299111609, False
4428299060063, True
4428299268111, False
4428299227311, True
4428299444334, False
4428299394250, True
4428299616337, False
4428299560871, True
4428299791472, False
4428299728039, True
4428299953144, False
4428299894558, True
4428300102052, False
4428300061500, True
4428300280976, False
4428300228148, True
4428300436807, False
4428300393956, True
4428300601164, False
4428300561825, True
4428300782837, False
4428300728531, True
4428300933048, False
4428300894204, True
4428301118523, False
4428301062121, True
4428301272640, False
4428301227487, True
4428301438864, False
4428301395890, True
4428301601359, False
4428301562333, True
4428301780621, False
4428301729365, True
4428301943542, False
4428301894821, True
4428302106940, False
4428302062955, True
4428302276237, False
4428302229534, True
4428302454401, False
4428302396587, True
4428302618779, False
4428302564314, True
4428302782043, False
4428302729084, True
4428302940453, False
4428302896164, True
4428303116420, False
4428303063773, True
4428303229890, True
4428303383982, False
4428303439476, False
4428303398864, True
4428303613968, False
4428303564064, True
4428303781606, False
4428303730760, True
4428303947042, False
4428303897913, True
4428304106588, False
4428304064966, True
4428304287391, False
4428304230626, True
4428304459000, False
4428304397741, True
4428304604024, False
4428304564787, True
4428304775777, False
4428304731601, True
4428304950152, False
4428304898364, True
4428305110183, False
4428305064592, True
4428305280328, False
4428305231956, True
4428305442440, False
4428305398350, True
4428305615736, False
4428305566200, True
4428305775597, False
4428305732095, True
4428305950458, False
4428305899950, True
4428306110810, False
4428306066086, True
4428306291292, False
4428306232050, True
4428306454081, False
4428306400646, True
4428306616903, False
4428306566376, True
4428306782370, False
4428306733336, True
4428306943995, False
4428306900014, True
4428307110710, False
4428307067205, True
4428307274115, False
4428307233817, True
4428307442962, False
4428307399911, True
4428307612545, False
4428307567531, True
4428307781143, False
4428307734678, True
4428307939706, False
4428307901017, True
4428308108524, False
4428308067872, True
4428308278680, False
4428308233796, True
4428308447927, False
4428308400478, True
4428308613257, False
4428308568269, True
4428308771541, False
4428308734732, True
4428308937019, False
4428308901602, True
4428309110871, False
4428309068593, True
4428309273414, False
4428309235422, True
4428309441827, False
4428309402252, True
4428309616544, False
4428309569114, True
4428309785916, False
4428309738562, True
4428309947806, False
4428309906027, True
4428310114153, False
4428310072235, True
4428310283942, False
4428310239094, True
4428310444574, False
4428310406013, True
4428310614074, False
4428310572981, True
4428310777447, False
4428310739859, True
4428310947773, False
4428310903220, True
4428311111719, False
4428311070072, True
4428311278208, False
4428311238886, True
4428311447814, False
4428311404316, True
4428311618215, False
4428311573431, True
4428311777999, False
4428311737425, True
4428311945877, False
4428311903070, True
4428312116915, False
4428312074561, True
4428312275776, False
4428312241118, True
4428312452891, False
4428312404412, True
4428312613403, False
4428312575524, True
4428312780106, False
4428312738140, True
4428312961320, False
4428312908220, True
4428313114102, False
4428313071141, True
4428313284510, False
4428313242697, True
4428313448968, False
4428313408628, True
4428313631651, False
4428313573408, True
4428313776328, False
4428313738885, True
4428313949604, False
4428313909767, True
4428314113297, False
4428314071445, True
4428314291565, False
4428314239368, True
4428314456262, False
4428314405847, True
4428314611776, False
4428314575625, True
4428314775915, False
4428314739252, True
4428314946966, False
4428314909322, True
4428315114877, False
4428315073356, True
4428315285608, False
4428315239835, True
4428315453808, False
4428315407386, True
4428315624686, False
4428315573553, True
4428315781816, False
4428315739483, True
4428315965294, False
4428315906359, True
4428316145177, False
4428316074374, True
4428316287654, False
4428316240920, True
4428316456745, False
4428316406343, True
4428316619629, False
4428316572812, True
4428316788804, False
4428316741432, True
4428316964421, False
4428316906548, True
4428317122818, False
4428317073735, True
4428317299904, False
4428317241483, True
4428317467317, False
4428317408919, True
4428317625791, False
4428317574402, True
4428317794855, False
4428317740634, True
4428317965010, False
4428317907565, True
4428318120643, False
4428318073888, True
4428318280547, False
4428318242662, True
4428318461409, False
4428318408815, True
4428318618254, False
4428318575697, True
4428318796303, False
4428318741717, True
4428318954363, False
4428318908706, True
4428319137398, False
4428319075972, True
4428319285727, False
4428319242244, True
4428319469492, False
4428319409771, True
4428319631104, False
4428319575381, True
4428319788273, False
4428319743972, True
4428319963264, False
4428319910187, True
4428320124564, False
4428320076414, True
4428320288982, False
4428320242889, True
4428320456091, False
4428320410134, True
4428320628300, False
4428320577088, True
4428320789659, False
4428320743766, True
4428320953487, False
4428320910700, True
4428321122713, False
4428321077409, True
4428321299779, False
4428321243563, True
4428321457267, False
4428321409762, True
4428321618287, False
4428321578055, True
4428321792989, False
4428321743691, True
4428321955562, False
4428321911464, True
4428322126155, False
4428322078291, True
4428322286142, False
4428322244216, True
4428322457672, False
4428322411789, True
4428322629580, False
4428322578660, True
4428322798219, False
4428322745244, True
4428322956390, False
4428322912276, True
4428323126974, False
4428323079015, True
4428323299301, False
4428323245523, True
4428323458573, False
4428323413020, True
4428323623883, False
4428323579754, True
4428323789506, False
4428323745942, True
4428323954693, False
4428323913367, True
4428324124554, False
4428324078979, True
4428324286126, False
4428324245939, True
4428324452864, False
4428324413489, True
4428324626153, False
4428324579630, True
4428324794291, False
4428324746136, True
4428324953670, False
4428324913204, True
4428325119521, False
4428325080944, True
4428325292349, False
4428325246796, True
4428325460782, False
4428325414741, True
4428325620939, False
4428325581052, True
4428325788611, False
4428325746620, True
4428325950116, False
4428325915506, True
4428326128797, False
4428326080538, True
4428326289957, False
4428326248290, True
4428326459373, False
4428326414276, True
4428326620831, False
4428326582168, True
4428326791040, False
4428326748860, True
4428326958126, False
4428326915692, True
4428327124958, False
4428327084602, True
4428327280142, False
4428327247718, True
4428327464624, False
4428327415653, True
4428327628201, False
4428327584893, True
4428327792668, False
4428327749732, True
4428327954275, False
4428327919499, True
4428328117261, False
4428328083058, True
4428328287858, False
4428328248598, True
4428328454023, False
4428328416090, True
4428328619522, False
4428328583460, True
4428328749120, True
4428328895192, False
4428328947028, False
4428328916714, True
4428329117088, False
4428329083518, True
4428329298150, False
4428329250571, True
4428329417034, True
4428329623775, False
4428329647148, False
4428329583636, True
4428329789651, False
4428329749999, True
4428329969235, False
4428329916498, True
4428330134411, False
4428330086812, True
4428330299812, False
4428330251036, True
4428330484045, False
4428330419771, True
4428330638373, False
4428330585243, True
4428330802359, False
4428330751852, True
4428330974110, False
4428330918485, True
4428331192842, False
4428331088537, True
4428331296762, False
4428331251740, True
4428331460079, False
4428331422476, True
4428331625039, False
4428331585190, True
4428331788045, False
4428331752510, True
4428331978869, False
4428331919973, True
4428332130426, False
4428332085365, True
4428332291995, False
4428332251812, True
4428332463862, False
4428332419451, True
4428332629255, False
4428332586539, True
4428332796242, False
4428332752080, True
4428332963985, False
4428332919883, True
4428333130144, False
4428333087474, True
4428333296239, False
4428333252729, True
4428333465126, False
4428333419727, True
4428333627792, False
4428333586634, True
4428333795396, False
4428333753955, True
4428333966725, False
4428333921172, True
4428334131635, False
4428334086926, True
4428334299782, False
4428334254564, True
4428334465255, False
4428334420843, True
4428334640709, False
4428334587816, True
4428334803364, False
4428334754714, True
4428334971564, False
4428334921344, True
4428335128855, False
4428335088431, True
4428335292237, False
4428335255184, True
4428335465450, False
4428335421821, True
4428335632272, False
4428335588787, True
4428335796951, False
4428335754840, True
4428335964426, False
4428335923265, True
4428336159431, False
4428336087924, True
4428336301189, False
4428336254703, True
4428336469275, False
4428336421934, True
4428336634909, False
4428336588220, True
4428336801191, False
4428336756786, True
4428336968152, False
4428336922989, True
4428337126210, False
4428337089868, True
4428337297918, False
4428337256621, True
4428337469842, False
4428337423360, True
4428337631679, False
4428337589980, True
4428337800373, False
4428337756922, True
4428337969017, False
4428337923053, True
4428338135890, False
4428338090128, True
4428338300250, False
4428338256892, True
4428338471426, False
4428338424084, True
4428338632902, False
4428338590234, True
4428338797878, False
4428338757314, True
4428338967744, False
4428338925629, True
4428339132818, False
4428339091076, True
4428339297084, False
4428339257563, True
4428339462071, False
4428339426212, True
4428339631374, False
4428339592259, True
4428339800006, False
4428339759279, True
4428339965974, False
4428339924499, True
4428340132014, False
4428340092620, True
4428340295176, False
4428340259419, True
4428340469954, False
4428340425619, True
4428340622879, False
4428340594307, True
4428340795841, False
4428340760209, True
4428340968387, False
4428340926343, True
4428341132443, False
4428341095452, True
4428341286361, False
4428341426655, True
4428341651313, False
4428341794291, False
4428341759619, True
4428341972395, False
4428341927281, True
4428342133592, False
4428342093613, True
4428342300364, False
4428342260747, True
4428342478962, False
4428342428563, True
4428342634771, False
4428342593481, True
4428342797702, False
4428342762193, True
4428342972920, False
4428343132596, False
4428343094996, True
4428343299180, False
4428343261552, True
4428343462173, False
4428343427852, True
4428343638092, False
4428343598198, True
4428343801973, False
4428343765127, True
4428343970207, False
4428343932841, True
4428344132443, False
4428344095309, True
4428344303006, False
4428344265505, True
4428344467916, False
4428344430895, True
4428344635890, False
4428344600047, True
4428344804900, False
4428344762922, True
4428344972584, False
4428344933386, True
4428345134973, False
4428345096860, True
4428345286657, False
4428345224744, True
4428345485933, False
4428345433485, True
4428345651415, False
4428345598542, True
4428345817582, False
4428345766690, True
4428345980013, False
4428345933549, True
4428346149928, False
4428346100791, True
4428346316711, False
4428346268012, True
4428346481124, False
4428346433970, True
4428346649383, False
4428346600356, True
4428346816136, False
4428346763475, True
4428346970501, False
4428346933926, True
4428347152434, False
4428347101104, True
4428347300968, False
4428347265016, True
4428347477744, False
4428347434602, True
4428347635572, False
4428347598228, True
4428347817379, False
4428347768187, True
4428347978072, False
4428347935910, True
4428348137980, False
4428348098200, True
4428348307741, False
4428348264396, True
4428348472557, False
4428348431837, True
4428348644784, False
4428348603259, True
4428348802626, False
4428348765392, True
4428348974472, False
4428348935565, True
4428349152348, False
4428349099223, True
4428349307401, False
4428349266283, True
4428349470852, False
4428349437040, True
4428349642395, False
4428349599249, True
4428349807344, False
4428349768627, True
4428349978282, False
4428349936308, True
4428350133327, False
4428350099407, True
4428350309356, False
4428350270304, True
4428350474211, False
4428350433952, True
4428350638208, False
4428350600430, True
4428350804803, False
4428350770258, True
4428350983144, False
4428350934703, True
4428351139695, False
4428351102525, True
4428351312869, False
4428351270892, True
4428351474976, False
4428351433775, True
4428351640851, False
4428351604686, True
4428351816540, False
4428351770407, True
4428351979351, False
4428351935366, True
4428352145129, False
4428352105126, True
4428352306482, False
4428352267666, True
4428352481767, False
4428352435903, True
4428352647861, False
4428352601327, True
4428352812083, False
4428352769167, True
4428352975905, False
4428352934648, True
4428353141434, False
4428353105125, True
4428353321167, False
4428353273232, True
4428353476155, False
4428353437078, True
4428353645061, False
4428353605576, True
4428353809591, False
4428353769599, True
4428353971949, False
4428353939438, True
4428354154388, False
4428354105771, True
4428354306584, False
4428354269947, True
4428354471179, False
4428354436406, True
4428354640962, False
4428354603275, True
4428354809157, False
4428354773486, True
4428354984960, False
4428354938412, True
4428355145090, False
4428355104486, True
4428355309860, False
4428355270740, True
4428355475079, False
4428355437127, True
4428355640518, False
4428355604281, True
4428355819953, False
4428355774159, True
4428355976585, False
4428355937742, True
4428356146152, False
4428356108181, True
4428356312838, False
4428356271548, True
4428356473579, False
4428356437755, True
4428356643779, False
4428356604877, True
4428356808770, False
4428356771759, True
4428356979153, False
4428356938182, True
4428357134661, False
4428357105315, True
4428357312272, False
4428357274963, True
4428357473416, False
4428357438662, True
4428357662727, False
4428357610456, True
4428357809281, False
4428357771607, True
4428357977709, False
4428357939203, True
4428358144634, False
4428358105902, True
4428358321030, False
4428358275405, True
4428358479935, False
4428358442275, True
4428358644353, False
4428358609980, True
4428358811140, False
4428358774257, True
4428358976767, False
4428358940299, True
4428359149257, False
4428359110607, True
4428359306875, False
4428359273790, True
4428359498663, False
4428359444394, True
4428359650446, False
4428359610532, True
4428359818034, False
4428359776226, True
4428359978510, False
4428359940070, True
4428360145812, False
4428360111076, True
4428360323070, False
4428360274395, True
4428360485860, False
4428360442861, True
4428360649433, False
4428360607614, True
4428360813731, False
4428360774211, True
4428360976311, False
4428360941698, True
4428361160420, False
4428361111631, True
4428361319883, False
4428361277202, True
4428361485326, False
4428361445917, True
4428361646591, False
4428361608196, True
4428361814300, False
4428361774876, True
4428361984209, False
4428361945185, True
4428362155030, False
4428362112651, True
4428362319474, False
4428362278369, True
4428362482668, False
4428362443636, True
4428362646028, False
4428362609922, True
4428362831526, False
4428362780428, True
4428362998627, False
4428362946456, True
4428363159950, False
4428363113266, True
4428363328292, False
4428363279971, True
4428363494283, False
4428363446065, True
4428363664917, False
4428363614831, True
4428363826520, False
4428363778160, True
4428364000575, False
4428363943553, True
4428364169646, False
4428364110054, True
4428364332803, False
4428364277251, True
4428364498250, False
4428364443046, True
4428364666501, False
4428364611025, True
4428364831797, False
4428364777781, True
4428365000149, False
4428364944115, True
4428365152967, False
4428365111267, True
4428365334425, False
4428365277172, True
4428365500195, False
4428365444414, True
4428365667957, False
4428365611631, True
4428365836896, False
4428365778382, True
4428365997455, False
4428365944603, True
4428366165230, False
4428366111793, True
4428366336984, False
4428366278718, True
4428366498189, False
4428366444471, True
4428366669523, False
4428366612513, True
4428366830800, False
4428366778926, True
4428367002506, False
4428366945168, True
4428367164405, False
4428367112693, True
4428367336296, False
4428367278761, True
4428367500658, False
4428367446149, True
4428367666550, False
4428367613165, True
4428367832481, False
4428367780036, True
4428368003573, False
4428367946413, True
4428368172364, False
4428368114173, True
4428368321086, False
4428368280456, True
4428368493192, False
4428368447310, True
4428368671592, False
4428368614047, True
4428368832855, False
4428368781036, True
4428369000864, False
4428368946824, True
4428369173319, False
4428369113871, True
4428369338516, False
4428369281217, True
4428369506546, False
4428369447951, True
4428369672550, False
4428369614899, True
4428369833080, False
4428369780966, True
4428370000027, False
4428369947832, True
4428370171470, False
4428370114248, True
4428370336714, False
4428370282133, True
4428370497197, False
4428370447994, True
4428370677195, False
4428370616274, True
4428370839204, False
4428370782351, True
4428371006351, False
4428370948141, True
4428371168988, False
4428371116806, True
4428371334207, False
4428371282236, True
4428371495336, False
4428371448899, True
4428371659846, False
4428371615416, True
4428371833340, False
4428371782911, True
4428371999310, False
4428371949171, True
4428372166952, False
4428372115396, True
4428372326017, False
4428372282414, True
4428372498917, False
4428372450997, True
4428372661966, False
4428372615634, True
4428372832901, False
4428372783452, True
4428373003850, False
4428372949315, True
4428373164228, False
4428373116375, True
4428373326391, False
4428373284734, True
4428373497763, False
4428373451268, True
4428373661712, False
4428373617353, True
4428373831589, False
4428373784882, True
4428373996218, False
4428373951987, True
4428374158045, False
4428374118480, True
4428374324534, False
4428374284333, True
4428374502927, False
4428374452113, True
4428374652294, False
4428374619286, True
4428374821550, False
4428374785175, True
4428374990333, False
4428374951331, True
4428375165614, False
4428375119284, True
4428375325086, False
4428375284595, True
4428375491154, False
4428375452542, True
4428375664687, False
4428375624079, True
4428375818444, False
4428375786316, True
4428376004678, False
4428375957445, True
4428376167308, False
4428376119314, True
4428376329483, False
4428376287476, True
4428376495210, False
4428376456625, True
4428376662082, False
4428376623167, True
4428376830052, False
4428376787106, True
4428376996520, False
4428376956648, True
4428377168444, False
4428377119955, True
4428377328070, False
4428377287339, True
4428377495893, False
4428377457837, True
4428377661605, False
4428377620481, True
4428377820342, False
4428377787190, True
4428378003941, False
4428377957846, True
4428378161623, False
4428378124764, True
4428378323734, False
4428378287794, True
4428378501640, False
4428378454618, True
4428378663287, False
4428378621390, True
4428378828742, False
4428378790019, True
4428379000878, False
4428378958774, True
4428379159861, False
4428379121482, True
4428379328550, False
4428379293554, True
4428379499331, False
4428379455383, True
4428379667524, False
4428379626776, True
4428379830422, False
4428379790118, True
4428379994595, False
4428379958804, True
4428380178530, False
4428380126040, True
4428380345136, False
4428380302204, True
4428380500614, False
4428380456419, True
4428380663313, False
4428380623446, True
4428380826821, False
4428380790203, True
4428381010304, False
4428380960801, True
4428381171125, False
4428381123791, True
4428381336270, False
4428381294049, True
4428381495036, False
4428381456756, True
4428381657316, False
4428381624229, True
4428381841464, False
4428381793784, True
4428382003479, False
4428381960956, True
4428382164410, False
4428382124025, True
4428382332842, False
4428382290952, True
4428382493370, False
4428382457675, True
4428382676021, False
4428382628057, True
4428382834375, False
4428382792891, True
4428383000575, False
4428382961349, True
4428383165438, False
4428383127703, True
4428383341622, False
4428383294907, True
4428383497562, False
4428383457634, True
4428383667778, False
4428383628768, True
4428383833657, False
4428383796181, True
4428383995939, False
4428383958782, True
4428384162416, False
4428384125735, True
4428384344824, False
4428384297082, True
4428384507590, False
4428384462519, True
4428384667789, False
4428384625946, True
4428384835334, False
4428384797101, True
4428384994577, False
4428384959476, True
4428385174156, False
4428385129879, True
4428385341833, False
4428385296055, True
4428385501406, False
4428385461277, True
4428385664683, False
4428385626681, True
4428385847973, False
4428385797134, True
4428386007685, False
4428385964130, True
4428386170987, False
4428386130516, True
4428386335143, False
4428386293396, True
4428386493904, False
4428386461876, True
4428386666714, False
4428386628595, True
4428386835338, False
4428386797715, True
4428387002856, False
4428386963396, True
4428387166920, False
4428387131989, True
4428387347741, False
4428387298545, True
4428387503267, False
4428387465182, True
4428387674670, False
4428387633776, True
4428387833247, False
4428387795143, True
4428388001164, False
4428387965657, True
4428388170801, False
4428388129832, True
4428388339498, False
4428388297719, True
4428388496532, False
4428388461618, True
4428388681516, False
4428388632773, True
4428388834574, False
4428388797991, True
4428388999996, False
4428388963186, True
4428389172252, False
4428389131725, True
4428389331219, False
4428389296461, True
4428389503178, False
4428389462534, True
4428389673950, False
4428389633945, True
4428389831258, False
4428389797498, True
4428390011709, False
4428389963975, True
4428390174306, False
4428390130360, True
4428390349581, False
4428390301028, True
4428390519096, False
4428390463976, True
4428390680983, False
4428390633989, True
4428390849854, False
4428390799155, True
4428391008238, False
4428390963915, True
4428391189443, False
4428391135366, True
4428391349856, False
4428391300873, True
4428391514814, False
4428391465568, True
4428391684498, False
4428391631638, True
4428391851223, False
4428391800664, True
4428392020181, False
4428391968884, True
4428392183732, False
4428392135495, True
4428392351021, False
4428392298534, True
4428392517286, False
4428392466674, True
4428392681537, False
4428392631732, True
4428392850584, False
4428392799450, True
4428393015557, False
4428392967180, True
4428393184607, False
4428393136338, True
4428393299082, True
4428393498311, False
4428393524271, False
4428393474483, True
4428393681222, False
4428393633405, True
4428393846046, False
4428393799465, True
4428394016293, False
4428393965866, True
4428394174681, False
4428394134704, True
4428394340871, False
4428394303660, True
4428394505423, False
4428394468228, True
4428394673550, False
4428394633493, True
4428394835611, False
4428394802003, True
4428395005270, False
4428394967956, True
4428395168594, False
4428395133891, True
4428395330578, False
4428395522797, False
4428395472487, True
4428395683247, False
4428395634243, True
4428395861672, False
4428395801556, True
4428396028055, False
4428395968315, True
4428396276803, False
4428396134241, True
4428396357975, False
4428396301692, True
4428396519013, False
4428396467457, True
4428396691325, False
4428396635037, True
4428396855986, False
4428396802198, True
4428397017965, False
4428396968636, True
4428397193509, False
4428397135866, True
4428397354685, False
4428397303217, True
4428397523390, False
4428397470112, True
4428397691949, False
4428397636381, True
4428397859632, False
4428397802961, True
4428398026758, False
4428397969872, True
4428398188925, False
4428398136469, True
4428398357378, False
4428398303578, True
4428398526719, False
4428398470061, True
4428398691894, False
4428398637167, True
4428398853991, False
4428398803792, True
4428399028727, False
4428398971395, True
4428399186996, False
4428399136808, True
4428399354624, False
4428399303649, True
4428399523951, False
4428399470431, True
4428399693676, False
4428399637867, True
4428399854170, False
4428399804439, True
4428400023185, False
4428399970402, True
4428400195312, False
4428400137924, True
4428400363812, False
4428400304828, True
4428400526634, False
4428400471706, True
4428400696714, False
4428400638268, True
4428400862147, False
4428400805045, True
4428401033150, False
4428400972799, True
4428401193062, False
4428401139868, True
4428401347526, False
4428401304347, True
4428401524980, False
4428401472490, True
4428401679612, False
4428401639392, True
4428401853999, False
4428401805912, True
4428402013154, False
4428401972842, True
4428402193510, False
4428402138503, True
4428402350149, False
4428402306379, True
4428402516098, False
4428402473157, True
4428402695341, False
4428402639916, True
4428402854653, False
4428402806943, True
4428403015115, False
4428402973525, True
4428403181742, False
4428403140824, True
4428403349419, False
4428403307238, True
4428403518044, False
4428403473402, True
4428403680690, False
4428403641176, True
4428403849345, False
4428403806710, True
4428404028102, False
4428403979881, True
4428404182555, False
4428404140194, True
4428404344080, False
4428404307122, True
4428404522230, False
4428404475131, True
4428404679280, False
4428404640249, True
4428404849016, False
4428404808556, True
4428405015191, False
4428404975684, True
4428405187645, False
4428405142403, True
4428405349070, False
4428405307284, True
4428405519877, False
4428405478216, True
4428405685387, False
4428405646203, True
4428405856619, False
4428405808993, True
4428406022425, False
4428405976165, True
4428406186810, False
4428406145818, True
4428406347973, False
4428406309701, True
4428406530863, False
4428406475683, True
4428406704402, False
4428406644629, True
4428406852799, False
4428406813177, True
4428407015660, False
4428406977097, True
4428407193642, False
4428407143541, True
4428407358794, False
4428407312186, True
4428407522859, False
4428407479883, True
4428407691226, False
4428407648182, True
4428407867278, False
4428407814403, True
4428408017427, False
4428407981084, True
4428408182073, False
4428408144111, True
4428408357851, False
4428408311050, True
4428408524230, False
4428408477734, True
4428408690002, False
4428408644182, True
4428408864309, False
4428408813260, True
4428409023193, False
4428408979071, True
4428409190070, False
4428409144926, True
4428409362191, False
4428409313192, True
4428409528416, False
4428409482751, True
4428409688907, False
4428409645129, True
4428409860900, False
4428409814650, True
4428410028760, False
4428409979236, True
4428410191603, False
4428410146592, True
4428410370844, False
4428410315829, True
4428410522117, False
4428410479600, True
4428410695068, False
4428410645556, True
4428410863110, False
4428410815085, True
4428411028668, False
4428410981353, True
4428411192670, False
4428411146499, True
4428411364265, False
4428411316012, True
4428411625696, False
4428411479110, True
4428411691191, False
4428411647350, True
4428411862218, False
4428411817379, True
4428412032299, False
4428411982451, True
4428412192909, False
4428412147442, True
4428412365241, False
4428412314054, True
4428412529229, False
4428412479961, True
4428412696901, False
4428412647572, True
4428412863998, False
4428412814372, True
4428413039032, False
4428412984243, True
4428413196522, False
4428413146881, True
4428413362947, False
4428413314809, True
4428413535333, False
4428413481834, True
4428413694894, False
4428413648369, True
4428413868698, False
4428413814910, True
4428414036122, False
4428413984547, True
4428414202350, False
4428414148691, True
4428414366394, False
4428414315748, True
4428414536339, False
4428414484413, True
4428414696340, False
4428414649421, True
4428414866383, False
4428414815937, True
4428415036368, False
4428414983642, True
4428415211066, False
4428415149912, True
4428415360571, False
4428415315928, True
4428415530924, False
4428415485217, True
4428415703549, False
4428415649924, True
4428415871556, False
4428415817709, True
4428416040045, False
4428415987217, True
4428416203377, False
4428416153499, True
4428416374687, False
4428416320502, True
4428416533685, False
4428416487267, True
4428416703475, False
4428416650214, True
4428416874191, False
4428416820329, True
4428417033947, False
4428416984598, True
4428417203804, False
4428417150594, True
4428417374832, False
4428417321729, True
4428417541302, False
4428417488892, True
4428417705427, False
4428417653680, True
4428417875985, False
4428417821352, True
4428418030488, False
4428417988534, True
4428418203468, False
4428418151644, True
4428418353001, False
4428418317718, True
4428418537405, False
4428418488346, True
4428418692291, False
4428418652496, True
4428418876112, False
4428418822629, True
4428419025815, False
4428418989470, True
4428419187698, False
4428419151303, True
4428419320515, True
4428419469561, False
4428419518278, False
4428419486280, True
4428419699745, False
4428419653314, True
4428419863737, False
4428419823330, True
4428420028829, False
4428419989529, True
4428420199284, False
4428420158734, True
4428420368675, False
4428420319774, True
4428420487383, True
4428420633451, False
4428420684699, False
4428420652536, True
4428420870011, False
4428420821443, True
4428421025268, False
4428420988522, True
4428421196610, False
4428421156002, True
4428421362406, False
4428421320393, True
4428421533972, False
4428421487714, True
4428421698261, False
4428421656941, True
4428421865716, False
4428421824883, True
4428422024863, False
4428421988159, True
4428422210090, False
4428422158389, True
4428422364321, False
4428422322094, True
4428422530891, False
4428422493194, True
4428422696025, False
4428422654790, True
4428422872538, False
4428422825840, True
4428423030354, False
4428422991371, True
4428423199367, False
4428423157973, True
4428423366798, False
4428423323284, True
4428423535284, False
4428423489339, True
4428423692967, False
4428423656941, True
4428423867724, False
4428423824304, True
4428424028912, False
4428423989771, True
4428424206374, False
4428424157403, True
4428424367453, False
4428424323012, True
4428424531771, False
4428424491859, True
4428424696697, False
4428424657127, True
4428424879673, False
4428424829602, True
4428425030869, False
4428424993121, True
4428425198797, False
4428425159496, True
4428425366478, False
4428425324078, True
4428425536973, False
4428425492834, True
4428425698975, False
4428425657108, True
4428425865219, False
4428425827824, True
4428426031844, False
4428425990620, True
4428426203857, False
4428426161283, True
4428426363004, False
4428426324427, True
4428426537368, False
4428426494807, True
4428426696941, False
4428426658543, True
4428426904766, False
4428426824633, True
4428427039222, False
4428426993737, True
4428427205871, False
4428427158763, True
4428427368368, False
4428427325538, True
4428427539348, False
4428427491983, True
4428427704064, False
4428427658561, True
4428427872940, False
4428427825786, True
4428428036068, False
4428427992892, True
4428428216734, False
4428428158206, True
4428428377977, False
4428428326418, True
4428428540165, False
4428428492976, True
4428428704869, False
4428428659514, True
4428428882304, False
4428428825619, True
4428429050491, False
4428428993519, True
4428429206643, False
4428429159938, True
4428429369780, False
4428429326174, True
4428429539886, False
4428429493128, True
4428429704105, False
4428429660856, True
4428429887381, False
4428429827798, True
4428430045416, False
4428429993757, True
4428430206814, False
4428430160091, True
4428430382116, False
4428430328023, True
4428430540143, False
4428430494644, True
4428430706794, False
4428430661366, True
4428430880677, False
4428430827489, True
4428431045662, False
4428430994932, True
4428431203566, False
4428431161800, True
4428431372263, False
4428431327493, True
4428431551331, False
4428431495549, True
4428431708115, False
4428431662201, True
4428431871772, False
4428431828072, True
4428432050951, False
4428431995459, True
4428432206523, False
4428432162690, True
4428432376474, False
4428432329471, True
4428432537648, False
4428432496239, True
4428432711924, False
4428432662978, True
4428432871277, False
4428432830205, True
4428433044886, False
4428432996864, True
4428433209091, False
4428433163272, True
4428433379979, False
4428433329237, True
4428433541506, False
4428433497243, True
4428433712361, False
4428433663751, True
4428433869790, False
4428433829187, True
4428434038195, False
4428433997016, True
4428434198867, False
4428434164552, True
4428434366776, False
4428434329804, True
4428434536317, False
4428434497231, True
4428434699986, False
4428434664603, True
4428434867444, False
4428434830564, True
4428435032887, False
4428434996992, True
4428435199826, False
4428435165018, True
4428435438996, False
4428435330779, True
4428435536731, False
4428435498957, True
4428435700321, False
4428435664669, True
4428435866946, False
4428435830852, True
4428436030021, False
4428435998094, True
4428436202194, False
4428436165722, True
4428436363077, False
4428436331766, True
4428436551005, False
4428436499797, True
4428436700701, False
4428436665001, True
4428436866628, False
4428436832488, True
4428437034746, False
4428436999026, True
4428437208605, False
4428437166354, True
4428437367237, False
4428437332760, True
4428437536748, False
4428437499289, True
4428437712720, False
4428437677502, True
4428437865124, False
4428437810700, True
4428438032820, False
4428437948753, True
4428438208770, False
4428438082555, True
4428438213516, True
4428438371768, False
4428438333624, True
4428438547186, False
4428438501692, True
4428438719386, False
4428438671028, True
4428438836602, True
4428438992731, False
4428439035551, False
4428439000988, True
4428439220952, False
4428439172069, True
4428439386552, False
4428439336859, True
4428439556213, False
4428439501649, True
4428439721745, False
4428439672761, True
4428439887251, False
4428439835430, True
4428440054206, False
4428440002740, True
4428440219444, False
4428440173256, True
4428440385567, False
4428440337296, True
4428440557629, False
4428440506147, True
4428440713909, False
4428440678595, True
4428440892173, False
4428440840096, True
4428441043364, False
4428441005589, True
4428441215015, False
4428441182647, True
4428441394934, False
4428441340709, True
4428441543839, False
4428441504172, True
4428441719606, False
4428441672156, True
4428441883412, False
4428441844826, True
4428442062067, False
4428442008923, True
4428442215526, False
4428442172908, True
4428442388214, False
4428442339469, True
4428442552778, False
4428442511982, True
4428442716022, False
4428442671535, True
4428442890759, False
4428442842593, True
4428443079723, False
4428443006703, True
4428443210221, False
4428443196105, True
4428443382221, False
4428443342314, True
4428443533181, False
4428443507719, True
4428443708938, False
4428443674508, True
4428443864542, False
4428443841921, True
4428444029067, False
4428444007101, True
4428444197998, False
4428444179136, True
4428444363817, False
4428444341690, True
4428444549905, False
4428444510978, True
4428444689778, False
4428444853114, False
4428444676358, True
4428445034986, False
4428444919274, True
4428445049163, True
4428445198379, False
4428445174273, True
4428445359979, False
4428445343294, True
4428445533770, False
4428445511076, True
4428445687335, False
4428445674861, True
4428445885205, False
4428445844331, True
4428446033153, False
4428446008048, True
4428446209129, False
4428446179345, True
4428446369347, False
4428446343432, True
4428446534373, False
4428446508590, True
4428446712808, False
4428446676523, True
4428446866154, False
4428446843398, True
4428447031080, False
4428447010764, True
4428447210432, False
4428447178240, True
4428447362444, False
4428447345208, True
4428447528102, False
4428447510596, True
4428447713498, False
4428447673687, True
4428447868475, False
4428447846433, True
4428448034090, False
4428448008195, True
4428448191043, False
4428448174735, True
4428448374024, False
4428448341861, True
4428448532319, False
4428448508410, True
4428448701023, False
4428448676709, True
4428448862212, False
4428449035924, False
4428449196481, False
4428449348890, False
4428449514838, False
4428449693157, False
4428449882782, False
4428450027321, False
