1.358398885,19677600,1.367743285,53288700,1,1.67E+07,1.97E+07,5
1.366742985,8997300,1.367743285,12426800,2,1.67E+07,1.43E+07,5
1.367542685,19011200,1.367743285,10577500,3,1.67E+07,1.59E+07,4
1.367542685,14794900,1.421734785,11142000,3,1.67E+07,1.56E+07,4
1.367542685,16981200,1.421734785,12165900,4,1.67E+07,1.59E+07,4
1.367743285,16017800,1.455887487,11319800,5,1.67E+07,1.52E+07,3
1.367743285,17054700,1.479377387,11531800,5,1.67E+07,1.68E+07,3
1.421734785,17081500,1.490908587,11723500,4,1.67E+07,1.64E+07,3
1.455887487,16493700,1.514862686,12642300,4,1.67E+07,1.67E+07,2
1.479377387,15784000,1.531748586,16666300,3,1.67E+07,1.65E+07,2
1.514862686,17943500,1.548413686,16667800,3,1.67E+07,1.69E+07,2
1.531748586,16316300,1.565091886,16713600,2,1.67E+07,1.67E+07,2
1.548413686,16116500,1.581597186,16480500,2,1.67E+07,1.65E+07,2
1.565091886,17282200,1.598600986,16996900,2,1.67E+07,1.67E+07,2
1.581597186,16875200,1.615180686,16555000,2,1.67E+07,1.69E+07,2
1.598600986,16574500,1.631781186,16813500,2,1.67E+07,1.66E+07,2
1.615180686,16913400,1.648918986,16907200,2,1.67E+07,1.68E+07,2
1.631781186,16758000,1.665278786,16759300,2,1.67E+07,1.69E+07,2
1.648918986,16451900,1.682211486,16567100,2,1.67E+07,1.67E+07,2
1.665278786,16356800,1.698829286,17661400,2,1.67E+07,1.66E+07,2
1.682211486,16975000,1.715242986,15395000,2,1.67E+07,1.67E+07,2
1.698829286,15420800,1.731850186,16651300,2,1.67E+07,1.64E+07,2
1.715242986,17851000,1.748493386,16534800,3,1.67E+07,1.66E+07,2
1.731850186,16095200,1.765016986,16563200,2,1.67E+07,1.65E+07,2
1.748493386,16719300,1.781711386,17783000,2,1.67E+07,1.66E+07,2
1.765016986,16816300,1.798062486,15319400,2,1.67E+07,1.66E+07,2
1.781711386,15516600,1.814809786,16766800,2,1.67E+07,1.66E+07,2
1.798062486,17494500,1.831348086,16417200,2,1.67E+07,1.65E+07,2
1.814809786,16473000,1.848063486,16857200,2,1.67E+07,1.66E+07,2
1.831348086,16996000,1.864707285,16583600,2,1.67E+07,1.67E+07,2
1.848063486,17125100,1.881631986,17070400,2,1.67E+07,1.67E+07,2
1.864707285,16165500,1.900452386,18782100,2,1.67E+07,1.69E+07,1
1.893140386,27277200,1.916527386,16214900,2,1.67E+07,1.88E+07,2
1.900452386,8480900,1.933026385,16253800,2,1.67E+07,1.72E+07,2
1.914814186,13374600,1.949120385,16057700,2,1.67E+07,1.65E+07,2
1.930879085,15111400,1.964453484,15513000,3,1.67E+07,1.61E+07,2
1.947323985,16851800,1.976663484,12695200,3,1.67E+07,1.62E+07,2
1.964277084,16055000,1.992664385,15570000,3,1.67E+07,1.40E+07,2
1.976663484,17875100,2.008550185,15884200,3,1.67E+07,1.59E+07,1
2.036517885,54287500,2.042539285,33759600,2,1.67E+07,2.40E+07,0
2.036717685,1029400,2.060591985,18257100,1,1.67E+07,2.12E+07,2
2.037793185,492300,2.078475385,17807200,2,1.67E+07,1.79E+07,1
2.078475385,49089900,2.078694785,12491700,3,1.67E+07,2.46E+07,3
2.078475385,517200,2.090714684,11632800,1,1.67E+07,2.11E+07,3
2.078475385,1621500,2.113651685,11511900,2,1.67E+07,1.06E+07,2
2.078694785,9551800,2.129164485,14993700,3,1.67E+07,1.23E+07,2
2.113651685,16966800,2.144704685,15724700,3,1.67E+07,1.55E+07,1
2.170726885,55043800,2.176897285,31938600,2,1.67E+07,1.67E+07,0
2.171857485,1029900,2.193607384,16960400,1,1.67E+07,1.68E+07,3
2.172302185,1212500,2.209620584,16029100,2,1.67E+07,1.68E+07,3
2.176897285,8522800,2.210092584,11196000,3,1.67E+07,1.66E+07,3
2.193607384,16225300,2.221237085,10251500,3,1.67E+07,1.64E+07,2
2.209620584,17388700,2.231483085,12574800,3,1.67E+07,8875840,2
2.221237085,17565300,2.254553185,12018400,3,1.67E+07,1.22E+07,2
2.231483085,17633900,2.272339185,16393600,2,1.67E+07,1.55E+07,1
2.254553185,15805900,2.288716085,16566600,2,1.67E+07,1.69E+07,2
2.272339185,14862900,2.305861885,16926500,2,1.67E+07,1.67E+07,2
2.288716085,18551200,2.316852185,16883200,2,1.67E+07,1.69E+07,2
2.305861885,16254900,2.338492485,16124200,2,1.67E+07,1.66E+07,2
2.316852185,15907100,2.354067385,16169200,2,1.67E+07,1.63E+07,2
2.338492485,15050400,2.370733685,16656700,2,1.67E+07,1.61E+07,2
2.354067385,18090800,2.387339484,16925500,2,1.67E+07,1.68E+07,1
2.370733685,17077600,2.404147284,16509200,2,1.67E+07,1.65E+07,1
2.388449484,17186800,2.420774685,16964900,2,1.67E+07,1.67E+07,2
2.404147284,15567200,2.437379385,16553400,2,1.67E+07,1.66E+07,2
2.420774685,17035700,2.454155085,16702000,2,1.67E+07,1.70E+07,2
2.437379385,16553000,2.471957685,16820600,2,1.67E+07,1.67E+07,1
2.466566385,18481000,2.487373585,16574500,2,1.67E+07,1.70E+07,2
2.471957685,13930900,2.504060685,16367100,2,1.67E+07,1.63E+07,2
2.487373585,17698800,2.520845385,16697100,2,1.67E+07,1.67E+07,1
2.504060685,17171400,2.538658585,16869000,2,1.67E+07,1.68E+07,1
2.521957785,16972600,2.554121486,16487500,2,1.67E+07,1.69E+07,2
2.538658585,15141500,2.570799385,16725100,2,1.67E+07,1.62E+07,2
2.554121486,18225700,2.588624386,16734600,2,1.67E+07,1.70E+07,1
2.570799385,16303800,2.605309485,16695200,2,1.67E+07,1.68E+07,2
2.588624386,16599000,2.620738086,16604600,2,1.67E+07,1.66E+07,2
2.605309485,16412400,2.638779786,16918900,2,1.67E+07,1.65E+07,2
2.620738086,17059400,2.655313186,16462100,2,1.67E+07,1.69E+07,2
2.638779786,16625900,2.671981387,16990000,2,1.67E+07,1.66E+07,1
2.655313186,16544400,2.687463386,16443400,2,1.67E+07,1.66E+07,2
2.671981387,15501000,2.704283787,16518200,2,1.67E+07,1.64E+07,2
2.687463386,17664900,2.720785987,16594400,2,1.67E+07,1.67E+07,1
2.704283787,16692900,2.737584786,16849400,2,1.67E+07,1.66E+07,1
2.733199286,17831400,2.754168086,16549000,2,1.67E+07,1.68E+07,2
2.737584786,14812900,2.772075486,16833600,2,1.67E+07,1.65E+07,1
2.754168086,17897200,2.787715286,16945900,2,1.67E+07,1.70E+07,1
2.772242586,16731100,2.805586486,16735300,2,1.67E+07,1.68E+07,2
2.787715286,16342200,2.822226086,16504800,2,1.67E+07,1.67E+07,1
2.834764586,35748300,2.839915886,17681700,2,1.67E+07,2.03E+07,0
2.835250486,1465100,2.856544886,16628900,1,1.67E+07,1.76E+07,2
2.839915886,13316000,2.871042586,16648100,2,1.67E+07,1.67E+07,2
2.856544886,16067000,2.889676186,16541900,2,1.67E+07,1.66E+07,1
2.921315485,55739400,2.923825685,34095900,2,1.67E+07,2.45E+07,0
2.922469785,1135400,2.934782084,44869600,1,1.67E+07,1.75E+07,3
2.922897285,451400,2.934782084,9517000,2,1.67E+07,1.73E+07,4
2.923825685,10215800,2.934782084,9516100,3,1.67E+07,1.67E+07,3
2.934782084,16364800,2.934782084,15548000,3,1.67E+07,1.68E+07,3
2.934782084,14540000,2.934782084,9530400,4,1.67E+07,8541480,2
2.934782084,37837400,2.968841486,11047100,5,1.67E+07,1.59E+07,2
2.934782084,16547500,2.968841486,12117300,3,1.67E+07,1.91E+07,2
2.968841486,16054800,2.968841486,9985600,2,1.67E+07,2.03E+07,1
2.968841486,16271400,3.023967386,11602100,2,1.67E+07,2.03E+07,1
3.023967386,17449800,3.057746787,12644900,1,1.67E+07,2.08E+07,1
3.123636587,55415200,3.126877087,56672800,1,1.67E+07,2.43E+07,0
3.124255987,1551900,3.141792086,14916200,1,1.67E+07,2.13E+07,3
3.126288687,1671500,3.158549587,16756800,2,1.67E+07,1.85E+07,3
3.126877087,8267600,3.158749887,11477000,3,1.67E+07,1.69E+07,3
3.141792086,16463700,3.170217987,11838800,3,1.67E+07,1.67E+07,2
3.158549587,15977500,3.182046687,12598700,3,1.67E+07,8786440,2
3.170217987,17097700,3.194650987,12092100,3,1.67E+07,1.19E+07,2
3.182046687,16056700,3.219127487,12967200,2,1.67E+07,1.48E+07,2
3.194650987,17363000,3.235986187,16471100,2,1.67E+07,1.66E+07,1
3.233730387,16538100,3.252518587,16547500,2,1.67E+07,1.66E+07,1
3.289291687,55161200,3.302192987,49665500,2,1.67E+07,2.44E+07,0
3.291369588,1598300,3.318669287,16463800,1,1.67E+07,2.13E+07,3
3.292474288,1143400,3.333879787,15254200,2,1.67E+07,1.84E+07,3
3.300376887,7868400,3.334118887,11058600,3,1.67E+07,1.65E+07,3
3.315810287,16251400,3.334118887,11631300,4,1.67E+07,1.64E+07,3
3.332675888,17092400,3.345173787,12960200,4,1.67E+07,8790780,3
3.334118887,17168700,3.369765587,11975500,4,1.67E+07,1.19E+07,2
3.334118887,17032300,3.381740687,12361600,3,1.67E+07,1.51E+07,2
3.369765587,17478300,3.408849288,15023000,3,1.67E+07,1.70E+07,2
3.381740687,15083800,3.425903887,16946100,2,1.67E+07,1.68E+07,2
3.408849288,17627700,3.442760488,16899400,2,1.67E+07,1.69E+07,2
3.425903887,17151800,3.459383488,16641200,2,1.67E+07,1.69E+07,2
3.442760488,16128100,3.475840688,16492400,2,1.67E+07,1.67E+07,2
3.459383488,16599000,3.492824588,16912800,2,1.67E+07,1.65E+07,2
3.475840688,17261400,3.509608388,16859400,2,1.67E+07,1.70E+07,2
3.492824588,16171100,3.526007588,16321400,2,1.67E+07,1.67E+07,2
3.509608388,16117200,3.542404788,16362800,2,1.67E+07,1.65E+07,1
3.571375388,54730900,3.577224488,34831100,2,1.67E+07,2.42E+07,0
3.573550688,1929000,3.594190588,16991000,1,1.67E+07,2.12E+07,3
3.576402088,2174100,3.611038287,16844900,2,1.67E+07,1.82E+07,3
3.577224488,9912400,3.611238387,12207100,3,1.67E+07,1.70E+07,3
3.594190588,16316900,3.623426287,12234600,3,1.67E+07,1.70E+07,2
3.611038287,17130500,3.635668487,11121600,3,1.67E+07,9492580,2
3.611238387,15589600,3.660309187,13735500,3,1.67E+07,1.22E+07,2
3.635668487,17340300,3.676863887,16575900,3,1.67E+07,1.53E+07,2
3.660309187,16764400,3.693666087,16778700,2,1.67E+07,1.66E+07,2
3.676863887,16539700,3.710165587,16484800,2,1.67E+07,1.67E+07,2
3.693666087,16514300,3.726980488,16851700,2,1.67E+07,1.65E+07,2
3.710165587,16776900,3.743430388,16478300,2,1.67E+07,1.68E+07,2
3.726980488,16209100,3.760156988,16741100,2,1.67E+07,1.66E+07,2
3.743430388,17267700,3.776666287,16468300,2,1.67E+07,1.67E+07,2
3.760156988,15736900,3.793105688,16412300,2,1.67E+07,1.65E+07,2
3.776666287,16364000,3.809815087,16646300,2,1.67E+07,1.65E+07,2
3.793105688,17772500,3.826321387,16552000,2,1.67E+07,1.67E+07,2
3.809815087,15747400,3.842803887,16501300,2,1.67E+07,1.66E+07,2
3.826321387,16035000,3.859332388,16514400,2,1.67E+07,1.63E+07,2
3.842803887,17212000,3.876076487,16752900,2,1.67E+07,1.66E+07,2
3.859332388,17075400,3.892777487,16682700,2,1.67E+07,1.68E+07,2
3.876076487,17254400,3.909449687,16721800,2,1.67E+07,1.67E+07,2
3.892777487,16294100,3.926398687,16957300,2,1.67E+07,1.68E+07,2
3.909449687,16387800,3.943300987,16884200,2,1.67E+07,1.68E+07,2
3.926398687,17165500,3.959825387,16544500,2,1.67E+07,1.68E+07,2
3.943300987,16594700,3.976546086,16660400,2,1.67E+07,1.67E+07,2
3.959825387,16766600,3.993193386,16697000,2,1.67E+07,1.66E+07,1
4.023369286,54272300,4.028150586,34908600,2,1.67E+07,2.42E+07,0
4.024723786,1789200,4.044634086,16482800,1,1.67E+07,2.13E+07,3
4.027330686,2099400,4.061380886,16746500,2,1.67E+07,1.83E+07,3
4.028150586,7288300,4.061580786,12211600,3,1.67E+07,1.64E+07,3
4.044634086,18598700,4.073780286,12625400,3,1.67E+07,1.68E+07,3
4.061380886,15874800,4.086405785,11015900,3,1.67E+07,9130080,2
4.061580786,16423000,4.097423685,12385200,3,1.67E+07,1.21E+07,2
4.086405785,16138900,4.126593385,16975600,3,1.67E+07,1.49E+07,2
4.097423685,17652900,4.143167586,16573000,2,1.67E+07,1.69E+07,2
4.126593385,16779600,4.160000785,16834600,2,1.67E+07,1.66E+07,2
4.143167586,17139400,4.176879386,16877000,2,1.67E+07,1.68E+07,2
4.160000785,17223600,4.193820985,16992200,2,1.67E+07,1.70E+07,2
4.176879386,15731200,4.210437086,16595500,2,1.67E+07,1.69E+07,2
4.193820985,16648400,4.227129885,16663000,2,1.67E+07,1.67E+07,2
4.210437086,16582000,4.243716585,16587600,2,1.67E+07,1.67E+07,2
4.227129885,16607900,4.260119085,16402400,2,1.67E+07,1.66E+07,2
4.243716585,16713300,4.277107785,16990500,2,1.67E+07,1.65E+07,2
4.260119085,17631700,4.294448184,17519800,2,1.67E+07,1.68E+07,1
4.277307785,19466600,4.311396085,16765500,2,1.67E+07,1.74E+07,2
4.294448184,14088200,4.328045085,16700500,2,1.67E+07,1.69E+07,2
4.311396085,15893600,4.344449884,16422800,2,1.67E+07,1.68E+07,2
4.328045085,15272900,4.360859785,16486400,2,1.67E+07,1.65E+07,2
4.344449884,17012500,4.376937285,15956200,2,1.67E+07,1.63E+07,2
4.360859785,17764300,4.393215785,16279600,2,1.67E+07,1.60E+07,2
4.376937285,15798700,4.409885185,16644200,2,1.67E+07,1.63E+07,2
4.393215785,16928200,4.426749585,16864800,2,1.67E+07,1.66E+07,2
4.409885185,16947700,4.444105585,17357500,2,1.67E+07,1.69E+07,2
4.426749585,19162900,4.460634584,16526700,2,1.67E+07,1.73E+07,2
4.444105585,14235000,4.477568784,16934400,2,1.67E+07,1.66E+07,2
4.460634584,17217200,4.494141184,16596100,2,1.67E+07,1.69E+07,2
4.477568784,16009800,4.511216284,17099800,2,1.67E+07,1.67E+07,2
4.494141184,17986800,4.528087384,16826900,2,1.67E+07,1.69E+07,1
4.556989484,52932500,4.563206784,35115000,2,1.67E+07,2.37E+07,0
4.558518884,2101300,4.579716984,16581900,1,1.67E+07,2.12E+07,3
4.560633484,2090300,4.595996585,16230500,2,1.67E+07,1.82E+07,3
4.563206784,7472500,4.596218285,11599200,3,1.67E+07,1.65E+07,3
4.579716984,16384700,4.607806085,12448300,3,1.67E+07,1.62E+07,3
4.595996585,16635100,4.620254285,11231600,3,1.67E+07,8936780,2
4.596218285,18057700,4.631488485,11309900,3,1.67E+07,1.21E+07,1
4.674621185,54798600,4.684129985,41552000,3,1.67E+07,2.27E+07,0
4.675423785,1634200,4.701054585,18296400,1,1.67E+07,2.15E+07,3
4.678057285,1822400,4.717614485,15785700,2,1.67E+07,1.86E+07,3
4.684129985,8573200,4.718434785,11687600,3,1.67E+07,1.70E+07,3
4.701054585,15998100,4.730119085,12424900,3,1.67E+07,1.66E+07,3
4.717614485,16401600,4.742544685,12550000,3,1.67E+07,8885900,3
4.718434785,18431100,4.767754885,13900100,3,1.67E+07,1.22E+07,2
4.730119085,15761000,4.785073585,16972700,3,1.67E+07,1.50E+07,2
4.767754885,16923100,4.802371985,16687400,3,1.67E+07,1.67E+07,2
4.785073585,16470100,4.818659885,16786500,2,1.67E+07,1.68E+07,2
4.801124885,15598300,4.834851385,16390700,2,1.67E+07,1.66E+07,2
4.818659885,16456100,4.851216085,16216400,3,1.67E+07,1.62E+07,2
4.834851385,16226400,4.867934185,16096200,3,1.67E+07,1.63E+07,2
4.851216085,18052400,4.884489084,16598800,3,1.67E+07,1.66E+07,1
4.906069384,54278500,4.919309684,34764000,2,1.67E+07,2.41E+07,0
4.909179184,2548800,4.934870385,16094700,1,1.67E+07,2.15E+07,3
4.912330184,2555000,4.950900584,16129400,2,1.67E+07,1.87E+07,3
4.919309684,6963500,4.951730384,11720000,3,1.67E+07,1.69E+07,3
4.934870385,16297200,4.963452284,12219700,4,1.67E+07,1.65E+07,3
4.950900584,17764800,4.987561984,12446600,3,1.67E+07,9225860,3
4.951730384,16697000,5.001707984,14973100,3,1.67E+07,1.21E+07,2
4.963452284,16353600,5.018991484,16150500,3,1.67E+07,1.48E+07,2
5.001707984,16577700,5.035341584,17185400,3,1.67E+07,1.67E+07,2
5.017697484,15912100,5.052365584,16129100,3,1.67E+07,1.67E+07,2
5.035341584,18175100,5.068034584,16511400,3,1.67E+07,1.67E+07,2
5.052365584,15301600,5.085439084,16584600,2,1.67E+07,1.65E+07,2
5.068034584,17344800,5.102202384,16740500,3,1.67E+07,1.67E+07,1
5.124187084,54527400,5.142651584,41026700,2,1.67E+07,2.43E+07,0
5.141069784,16865600,5.159671584,16444300,1,1.67E+07,2.44E+07,4
5.142651584,2165500,5.159871884,12304000,2,1.67E+07,2.12E+07,4
5.142651584,2973600,5.172168184,12065200,3,1.67E+07,1.88E+07,3
5.142651584,5735400,5.184230784,12462200,3,1.67E+07,1.65E+07,3
5.159671584,17374400,5.196694784,12575400,4,1.67E+07,9022900,3
5.172168184,18926400,5.209202784,14317100,4,1.67E+07,9435060,3
5.184230784,15427000,5.223582684,11424200,3,1.67E+07,1.21E+07,2
5.196694784,15615100,5.235006383,12458600,3,1.67E+07,1.46E+07,2
5.223582684,18618600,5.262477583,15597700,3,1.67E+07,1.72E+07,2
5.235006383,15619000,5.278780683,16084100,2,1.67E+07,1.68E+07,2
5.262477583,17197000,5.295537283,16597100,2,1.67E+07,1.65E+07,1
5.325920583,55153700,5.330324383,34866300,2,1.67E+07,2.44E+07,0
5.326521883,1761300,5.346718583,16293200,1,1.67E+07,2.17E+07,3
5.329302783,1632500,5.362954483,16253900,2,1.67E+07,1.83E+07,3
5.330324383,6298600,5.363168683,12044200,3,1.67E+07,1.64E+07,3
5.346718583,16417200,5.375204583,12401200,3,1.67E+07,1.63E+07,3
5.362954483,17437700,5.387603783,11234100,3,1.67E+07,8709460,2
5.363168683,17508000,5.398841583,12416800,3,1.67E+07,1.19E+07,2
5.387603783,17389100,5.427541984,16785800,3,1.67E+07,1.50E+07,2
5.398841583,17573700,5.444538884,16684700,2,1.67E+07,1.73E+07,2
5.427541984,14990500,5.461684884,17239100,2,1.67E+07,1.70E+07,2
5.444538884,17648800,5.478181485,16531900,2,1.67E+07,1.70E+07,2
5.461684884,15959800,5.494780885,16590000,2,1.67E+07,1.67E+07,2
5.478181485,15822000,5.511132385,16375900,2,1.67E+07,1.64E+07,2
5.494780885,16896300,5.527594384,16328700,2,1.67E+07,1.63E+07,2
5.511132385,16599900,5.543845484,16357200,2,1.67E+07,1.66E+07,2
5.527594384,16600000,5.560477484,16690300,2,1.67E+07,1.64E+07,2
5.543845484,17122000,5.577197085,16678000,2,1.67E+07,1.66E+07,2
5.560477484,15716000,5.593775984,16571400,2,1.67E+07,1.66E+07,1
5.624929584,55784400,5.630226684,36344100,2,1.67E+07,2.44E+07,0
5.627737184,2696100,5.645514684,15399000,1,1.67E+07,2.16E+07,3
5.628519484,2447600,5.662235485,16758900,2,1.67E+07,1.88E+07,3
5.630226684,5977400,5.662597285,13150300,3,1.67E+07,1.65E+07,3
5.645514684,17283400,5.675744984,13253100,3,1.67E+07,1.68E+07,3
5.662235485,16374200,5.688996384,14149200,3,1.67E+07,8955740,2
5.662597285,16771600,5.703124883,11258900,3,1.67E+07,1.18E+07,2
5.688996384,16542700,5.714403784,13161900,3,1.67E+07,1.46E+07,2
5.703124883,16016500,5.742738784,15370900,2,1.67E+07,1.66E+07,2
5.714403784,17067100,5.759219184,16540000,2,1.67E+07,1.66E+07,2
5.742738784,16271900,5.775800484,16626000,2,1.67E+07,1.65E+07,2
5.759219184,17066100,5.792269584,16449000,2,1.67E+07,1.66E+07,2
5.775800484,16183100,5.809033884,16747600,2,1.67E+07,1.65E+07,2
5.792269584,17393900,5.825730384,16693700,2,1.67E+07,1.68E+07,2
5.809033884,16235300,5.842525784,16812300,2,1.67E+07,1.66E+07,2
5.825730384,16648700,5.859253784,16703200,2,1.67E+07,1.67E+07,2
5.842525784,17285000,5.875854184,16786600,2,1.67E+07,1.67E+07,2
5.859253784,16385400,5.892511584,16434900,2,1.67E+07,1.68E+07,2
5.875854184,16098800,5.909077383,16759900,2,1.67E+07,1.65E+07,2
5.892511584,17718500,5.924878683,16760300,2,1.67E+07,1.68E+07,2
5.909077383,16058400,5.942367584,16466400,2,1.67E+07,1.67E+07,2
5.924878683,16146400,5.957747983,16813200,2,1.67E+07,1.65E+07,2
5.942367584,17668100,5.976235684,17078700,2,1.67E+07,1.67E+07,2
5.957747983,16632400,5.991707384,16365900,2,1.67E+07,1.68E+07,2
5.976235684,16450400,6.009712384,17004200,2,1.67E+07,1.66E+07,2
5.991707384,18036700,6.026397583,16750700,2,1.67E+07,1.70E+07,2
6.009712384,15647100,6.043264684,16845000,2,1.67E+07,1.69E+07,2
6.026397583,16921700,6.059973683,18014600,2,1.67E+07,1.67E+07,2
6.043264684,16556000,6.076988583,15679500,2,1.67E+07,1.67E+07,2
6.059973683,17056900,6.093498083,16452600,2,1.67E+07,1.68E+07,2
6.076988583,16595700,6.109678482,17305400,2,1.67E+07,1.66E+07,2
6.093498083,16644900,6.126763782,16111000,2,1.67E+07,1.68E+07,2
6.109678482,16195400,6.143389182,16454700,2,1.67E+07,1.66E+07,2
6.126763782,16699200,6.159904681,16672400,2,1.67E+07,1.66E+07,2
6.143389182,16107900,6.176808381,16787700,2,1.67E+07,1.64E+07,2
6.159904681,18824000,6.19329538,16445500,2,1.67E+07,1.69E+07,2
6.176808381,14572900,6.21003198,16724100,2,1.67E+07,1.65E+07,2
6.19329538,17056000,6.226502381,16504700,2,1.67E+07,1.67E+07,2
6.21003198,16349800,6.243320981,16794400,2,1.67E+07,1.66E+07,2
6.226502381,16629300,6.259486081,16118900,2,1.67E+07,1.67E+07,2
6.243320981,16806100,6.275704581,16253700,2,1.67E+07,1.63E+07,1
6.30716578,54939200,6.31167868,35974300,2,1.67E+07,2.44E+07,0
6.31001768,1862400,6.32734198,15616400,1,1.67E+07,2.13E+07,3
6.31147908,1497400,6.343746881,16555200,2,1.67E+07,1.83E+07,3
6.31167868,9076100,6.344047081,12224900,3,1.67E+07,1.68E+07,3
6.32734198,15833800,6.35626178,11456100,3,1.67E+07,1.66E+07,2
6.343746881,17594300,6.367719181,12852400,3,1.67E+07,9172800,2
6.35626178,17429500,6.380572181,12489500,3,1.67E+07,1.23E+07,2
6.367719181,16173400,6.406626781,13753000,2,1.67E+07,1.52E+07,2
6.380572181,17306500,6.422208282,17451700,2,1.67E+07,1.69E+07,1
6.419623182,17045900,6.440733182,17339900,2,1.67E+07,1.71E+07,1
6.475257282,53353700,6.490455282,50131300,2,1.67E+07,2.43E+07,0
6.476542182,1880400,6.507331682,16599800,1,1.67E+07,2.12E+07,3
6.477839582,2024700,6.508339682,12063700,2,1.67E+07,1.83E+07,4
6.486330682,7668600,6.520400982,11216800,3,1.67E+07,1.64E+07,3
6.490455282,16714200,6.531619982,12290700,4,1.67E+07,1.63E+07,3
6.507331682,15590100,6.543908982,11458000,4,1.67E+07,8775600,2
6.520400982,17099300,6.555365882,12505800,4,1.67E+07,1.18E+07,1
6.590807882,55426600,6.602444482,35449800,3,1.67E+07,2.25E+07,0
6.592438282,2154200,6.618619682,16466400,1,1.67E+07,2.14E+07,3
6.594527482,1986600,6.636236881,16653200,2,1.67E+07,1.85E+07,3
6.602444482,7354700,6.636450081,11468000,3,1.67E+07,1.68E+07,3
6.618619682,16481700,6.636450081,11185600,4,1.67E+07,1.67E+07,3
6.635094981,16445100,6.647910881,11361700,4,1.67E+07,8884460,2
6.636450081,17609100,6.647910881,10975700,4,1.67E+07,1.20E+07,1
6.70912918,56049100,6.72303138,41787700,3,1.67E+07,2.28E+07,0
6.71118498,1401100,6.74005998,17031500,1,1.67E+07,2.16E+07,3
6.71305908,1860000,6.75611328,16090300,2,1.67E+07,1.87E+07,3
6.71969098,7264000,6.75635008,11247700,3,1.67E+07,1.68E+07,3
6.73863998,18298600,6.76759318,12418600,4,1.67E+07,1.70E+07,3
6.75515538,17342600,6.78000828,11714600,4,1.67E+07,9233260,3
6.75635008,15448600,6.791723279,13120900,4,1.67E+07,1.20E+07,3
6.76759318,14418700,6.818302679,13686500,3,1.67E+07,1.46E+07,2
6.78000828,17517400,6.834663679,16848200,3,1.67E+07,1.66E+07,2
6.818302679,17808700,6.851083679,15935400,3,1.67E+07,1.65E+07,2
6.834663679,16199800,6.867676079,16544300,2,1.67E+07,1.63E+07,2
6.851083679,16590300,6.884527179,16893900,2,1.67E+07,1.65E+07,2
6.867676079,16892000,6.901363978,16799800,2,1.67E+07,1.70E+07,2
6.884527179,15948700,6.917696578,16376800,2,1.67E+07,1.67E+07,2
6.901363978,16493600,6.934213578,16424200,2,1.67E+07,1.64E+07,2
6.917696578,16650300,6.951032378,16957400,2,1.67E+07,1.65E+07,2
6.934213578,18456200,6.968529679,17513100,2,1.67E+07,1.69E+07,2
6.951032378,19006900,6.985839079,17255800,2,1.67E+07,1.73E+07,2
6.968529679,15987200,7.002150279,17252300,2,1.67E+07,1.73E+07,2
6.985839079,15592900,7.019447479,17353800,2,1.67E+07,1.71E+07,2
7.002150279,14394800,7.035685079,16143500,2,1.67E+07,1.67E+07,2
7.019447479,17177500,7.051836979,15362900,2,1.67E+07,1.64E+07,2
7.035685079,16272700,7.068177579,16188000,3,1.67E+07,1.59E+07,2
7.051836979,18057400,7.083203378,16348800,2,1.67E+07,1.63E+07,2
7.068177579,15923900,7.101731278,17235000,2,1.67E+07,1.64E+07,2
7.083203378,17984900,7.118355078,16668300,2,1.67E+07,1.71E+07,2
7.101731278,16112100,7.135315178,17802500,2,1.67E+07,1.69E+07,2
7.118355078,16793000,7.151810777,15630600,2,1.67E+07,1.70E+07,2
7.135315178,14642200,7.168685978,16809800,2,1.67E+07,1.63E+07,2
7.151810777,18622000,7.184652078,17055100,3,1.67E+07,1.68E+07,2
7.168685978,16053100,7.201523678,15787300,2,1.67E+07,1.64E+07,2
7.184652078,16426300,7.218029278,16487200,2,1.67E+07,1.65E+07,2
7.201523678,16522000,7.235488478,17540000,2,1.67E+07,1.65E+07,2
7.218029278,19667500,7.252061778,16529100,2,1.67E+07,1.75E+07,2
7.235488478,14559500,7.268796678,16715800,2,1.67E+07,1.66E+07,2
7.252061778,16060700,7.285386478,16614100,2,1.67E+07,1.66E+07,2
7.268796678,16794500,7.302287878,16893700,2,1.67E+07,1.67E+07,2
7.285386478,16444100,7.318266278,15976800,2,1.67E+07,1.67E+07,2
7.302287878,16954000,7.334934678,16651100,2,1.67E+07,1.62E+07,2
7.318266278,16926000,7.351629978,16671600,2,1.67E+07,1.66E+07,2
7.334934678,16016300,7.368178278,16643700,2,1.67E+07,1.66E+07,1
7.392478877,55103100,7.403086677,35674100,2,1.67E+07,2.43E+07,0
7.393745977,2221900,7.419538777,16602000,1,1.67E+07,2.14E+07,3
7.395347277,1285200,7.436052277,16247000,2,1.67E+07,1.83E+07,3
7.403086677,7999000,7.436973977,10839900,3,1.67E+07,1.65E+07,3
7.419538777,16605000,7.447804077,12115600,4,1.67E+07,1.66E+07,3
7.436052277,16246900,7.459918877,13365500,4,1.67E+07,8871600,3
7.436973977,16814600,7.486535876,14238400,4,1.67E+07,1.18E+07,2
7.447804077,18059100,7.504233376,16899100,3,1.67E+07,1.51E+07,2
7.486535876,16660400,7.520908577,16714200,3,1.67E+07,1.69E+07,2
7.504233376,16677100,7.537743377,16795100,2,1.67E+07,1.69E+07,2
7.519910277,15751500,7.554011277,16903100,2,1.67E+07,1.68E+07,2
7.536208377,16439400,7.570923677,16301400,3,1.67E+07,1.67E+07,2
7.554011277,17539900,7.587821577,16940300,3,1.67E+07,1.66E+07,2
7.570923677,18134000,7.604105877,16224200,3,1.67E+07,1.69E+07,2
7.586724377,14814500,7.620540977,17194000,2,1.67E+07,1.65E+07,2
7.603906277,16281100,7.637665178,17257100,3,1.67E+07,1.66E+07,2
7.620540977,17321100,7.654360378,15843200,3,1.67E+07,1.68E+07,2
7.637665178,18946500,7.670404378,15997300,3,1.67E+07,1.71E+07,2
7.653125578,13940800,7.687054079,17515500,2,1.67E+07,1.63E+07,2
7.670404378,18580400,7.703897179,16745400,3,1.67E+07,1.70E+07,2
7.687054079,15352600,7.720404179,16881500,2,1.67E+07,1.68E+07,2
7.703897179,17309300,7.736448979,16331700,2,1.67E+07,1.68E+07,2
7.720404179,18643500,7.754711779,17816900,2,1.67E+07,1.68E+07,2
7.736448979,14975500,7.77129988,17837500,2,1.67E+07,1.70E+07,2
7.754711779,16727400,7.78843308,14971300,2,1.67E+07,1.66E+07,2
7.77129988,17915900,7.80386678,17490600,3,1.67E+07,1.71E+07,2
7.78733058,14707900,7.81989868,15072400,2,1.67E+07,1.66E+07,2
7.80386678,17746100,7.837429779,17358600,3,1.67E+07,1.64E+07,2
7.81989868,16716400,7.854123779,16815600,2,1.67E+07,1.68E+07,2
7.837429779,16852100,7.870467379,16503500,2,1.67E+07,1.68E+07,2
7.854123779,15518400,7.886213079,16562400,2,1.67E+07,1.63E+07,2
7.870467379,17563700,7.90420168,17007800,3,1.67E+07,1.69E+07,2
7.886213079,18197600,7.92104178,16765600,2,1.67E+07,1.70E+07,2
7.90420168,14303900,7.93724478,16359600,2,1.67E+07,1.65E+07,2
7.92104178,16852500,7.95340118,16130200,3,1.67E+07,1.65E+07,2
7.93724478,17388500,7.970039979,16711900,3,1.67E+07,1.69E+07,2
7.95340118,15205400,7.986366579,16184500,2,1.67E+07,1.64E+07,2
7.970039979,17794400,8.003914179,17571200,2,1.67E+07,1.63E+07,2
7.986366579,16022000,8.020137079,16243900,2,1.67E+07,1.67E+07,2
8.003914179,16448600,8.037140679,16111200,2,1.67E+07,1.66E+07,2
8.020137079,17643000,8.053538379,18123800,3,1.67E+07,1.66E+07,2
8.037140679,17896700,8.070934779,15590300,2,1.67E+07,1.72E+07,2
8.053538379,15110400,8.086871178,16942300,2,1.67E+07,1.66E+07,2
8.070934779,17760500,8.104176279,17069200,2,1.67E+07,1.70E+07,2
8.086871178,16078500,8.120261379,16133500,2,1.67E+07,1.69E+07,2
8.104176279,15815400,8.137133379,17413900,2,1.67E+07,1.65E+07,2
8.120261379,16123300,8.153765479,16127600,2,1.67E+07,1.62E+07,2
8.137133379,18337600,8.170469679,16620100,2,1.67E+07,1.68E+07,2
8.153765479,16459600,8.18728498,16997400,2,1.67E+07,1.66E+07,2
8.170469679,17662900,8.20396728,16879600,2,1.67E+07,1.69E+07,2
8.18728498,14378500,8.220128681,16007000,2,1.67E+07,1.66E+07,2
8.20396728,17066700,8.237791481,16551900,3,1.67E+07,1.68E+07,2
8.220128681,18520500,8.253673181,17148000,3,1.67E+07,1.68E+07,2
8.237791481,16677600,8.270897581,17197800,2,1.67E+07,1.69E+07,2
8.253673181,14709900,8.286894081,16517100,2,1.67E+07,1.63E+07,2
8.270897581,17989200,8.304984581,17642600,2,1.67E+07,1.70E+07,2
8.286894081,17946000,8.32133218,16210100,2,1.67E+07,1.72E+07,2
8.304984581,15347000,8.337154281,15662900,2,1.67E+07,1.65E+07,2
8.32133218,15947900,8.354110781,17038000,2,1.67E+07,1.64E+07,2
8.337154281,16900200,8.370789581,16775000,3,1.67E+07,1.68E+07,2
8.354110781,17041700,8.387312681,18733500,2,1.67E+07,1.66E+07,2
8.370789581,18475300,8.403015782,14270000,2,1.67E+07,1.67E+07,2
8.387312681,15216700,8.420529782,17225500,2,1.67E+07,1.67E+07,2
8.403015782,17130000,8.438252281,16849600,3,1.67E+07,1.70E+07,2
8.420529782,14953100,8.454917881,16466100,2,1.67E+07,1.66E+07,2
8.438252281,16960600,8.470806781,16017900,3,1.67E+07,1.65E+07,2
8.454917881,16435900,8.487363281,16589500,3,1.67E+07,1.61E+07,2
8.470806781,17626500,8.503559081,16302900,3,1.67E+07,1.66E+07,2
8.487363281,15031200,8.520134581,16340900,2,1.67E+07,1.62E+07,2
8.503559081,16435300,8.536720881,16690800,3,1.67E+07,1.65E+07,2
8.520134581,17018600,8.553607081,16156000,2,1.67E+07,1.65E+07,2
8.536720881,17901000,8.570162581,16481400,2,1.67E+07,1.68E+07,2
8.553607081,15974100,8.587023082,16860100,2,1.67E+07,1.65E+07,2
8.570162581,16582300,8.603853782,16829100,2,1.67E+07,1.68E+07,2
8.587023082,17033500,8.619725481,16822200,2,1.67E+07,1.69E+07,2
8.603853782,16635200,8.637299482,17565100,2,1.67E+07,1.68E+07,2
8.619725481,16728600,8.654005181,16517200,2,1.67E+07,1.66E+07,2
8.637299482,16681500,8.670730381,15982800,2,1.67E+07,1.67E+07,2
8.654005181,16710700,8.687399481,16650300,2,1.67E+07,1.68E+07,2
8.670730381,16815000,8.704066282,17489600,2,1.67E+07,1.67E+07,2
8.687399481,17606500,8.720450482,16073400,2,1.67E+07,1.69E+07,2
8.704066282,14570700,8.737136782,16218300,2,1.67E+07,1.65E+07,2
8.720450482,16213800,8.753333581,16997500,3,1.67E+07,1.64E+07,2
8.737136782,17555400,8.770452382,16288900,2,1.67E+07,1.66E+07,2
8.753333581,17201400,8.786990881,16577600,2,1.67E+07,1.66E+07,1
8.808953581,54157000,8.821866481,35533800,2,1.67E+07,2.39E+07,0
8.810736381,1376100,8.838256782,16686300,1,1.67E+07,2.13E+07,3
8.813839781,2410600,8.854842981,16419400,2,1.67E+07,1.85E+07,3
8.821866481,8856100,8.855868881,10991100,3,1.67E+07,1.68E+07,3
8.838256782,16709300,8.866858481,12891500,3,1.67E+07,1.67E+07,3
8.854842981,16398900,8.892139881,13019800,3,1.67E+07,9150200,3
8.855868881,17508500,8.908718581,16260600,3,1.67E+07,1.24E+07,2
8.866858481,15377600,8.925626581,17995400,3,1.67E+07,1.50E+07,2
8.904566781,16747300,8.942646382,16849300,3,1.67E+07,1.65E+07,2
8.923375281,18809600,8.959044481,16257100,3,1.67E+07,1.70E+07,2
8.938809881,15575300,8.975746981,16647700,3,1.67E+07,1.68E+07,2
8.943871982,17018200,8.992420281,16822700,3,1.67E+07,1.67E+07,2
8.972380781,16697100,9.009056081,16691100,3,1.67E+07,1.70E+07,2
8.990032481,16493800,9.025828481,17825300,3,1.67E+07,1.69E+07,2
9.006159681,16905700,9.042439781,15450800,3,1.67E+07,1.65E+07,3
9.022296681,15366900,9.058900181,15521300,3,1.67E+07,1.65E+07,2
9.025828481,16973500,9.075478881,16583100,3,1.67E+07,1.65E+07,2
9.042439781,15339400,9.091708481,16235400,3,1.67E+07,1.62E+07,2
9.072669581,17985400,9.108324482,16605500,3,1.67E+07,1.65E+07,2
9.087322282,15746200,9.124998681,16715300,3,1.67E+07,1.63E+07,2
9.104975882,17685800,9.142118281,17100800,3,1.67E+07,1.67E+07,2
9.121869881,15838400,9.158873581,16843500,3,1.67E+07,1.65E+07,2
9.138371281,18562600,9.176035681,17906400,3,1.67E+07,1.72E+07,2
9.155957681,16382400,9.192664381,16651100,3,1.67E+07,1.68E+07,2
9.174143981,17306400,9.209148982,16637300,3,1.67E+07,1.72E+07,2
9.190810481,17623500,9.225804581,16638100,3,1.67E+07,1.71E+07,2
9.206873882,15090100,9.242556982,17819000,3,1.67E+07,1.70E+07,2
9.210371782,16313200,9.259199982,15555300,3,1.67E+07,1.65E+07,3
9.227008981,16820700,9.275979681,16700200,3,1.67E+07,1.66E+07,2
9.242556982,16763700,9.292609181,16683200,3,1.67E+07,1.65E+07,2
9.273105481,16356300,9.309285882,16621400,3,1.67E+07,1.63E+07,2
9.277082081,16373500,9.325996682,16734800,3,1.67E+07,1.65E+07,2
9.306931182,17424300,9.342668982,16820100,3,1.67E+07,1.67E+07,2
9.322905482,15978900,9.359360082,16461000,3,1.67E+07,1.66E+07,2
9.340437482,19367400,9.376038482,16702000,3,1.67E+07,1.71E+07,2
9.356875882,14597800,9.392849082,16686300,3,1.67E+07,1.67E+07,2
9.373205882,16350200,9.409419682,16705200,3,1.67E+07,1.67E+07,2
9.389826082,16613000,9.426077382,16620800,3,1.67E+07,1.66E+07,2
9.393792282,16373000,9.442726382,16784300,3,1.67E+07,1.67E+07,2
9.423366682,17149200,9.459315682,15605600,3,1.67E+07,1.62E+07,2
9.427118482,16705600,9.476121583,17732900,3,1.67E+07,1.66E+07,2
9.456410882,16343000,9.492914982,16639000,3,1.67E+07,1.66E+07,2
9.473690683,18003800,9.509521382,16819600,3,1.67E+07,1.69E+07,2
9.477238183,15442000,9.526290282,16557600,3,1.67E+07,1.67E+07,1
9.545658983,56305100,9.559710082,33431300,3,1.67E+07,2.46E+07,0
9.548563283,2410700,9.577437682,16919200,1,1.67E+07,2.17E+07,3
9.550638383,2062800,9.592005582,14657700,2,1.67E+07,1.88E+07,3
9.559290182,8648000,9.592266582,11623700,3,1.67E+07,1.70E+07,3
9.575665682,16382600,9.603884682,12622500,4,1.67E+07,1.72E+07,3
9.591785182,16128800,9.616507082,12691300,4,1.67E+07,9126580,3
9.592266582,16358900,9.629191482,12363100,4,1.67E+07,1.19E+07,3
9.603884682,17129400,9.655194583,13901900,3,1.67E+07,1.49E+07,2
9.616507082,15631600,9.671758283,16536200,3,1.67E+07,1.63E+07,2
9.655194583,17569600,9.687873883,16890500,3,1.67E+07,1.66E+07,2
9.671758283,16795000,9.705117284,16413100,2,1.67E+07,1.67E+07,1
9.727529084,52994800,9.742671484,37761200,2,1.67E+07,2.40E+07,0
9.730581284,2281800,9.763843583,20966900,1,1.67E+07,2.11E+07,1
9.761137883,30583400,9.764043683,13572000,2,1.67E+07,2.40E+07,4
9.763443683,2278700,9.777601883,13195800,2,1.67E+07,2.10E+07,3
9.763843583,2946700,9.777601883,10570900,3,1.67E+07,1.82E+07,2
9.763843583,6583400,9.790794683,12141100,3,1.67E+07,8934800,2
9.777601883,33110200,9.813511082,13925700,4,1.67E+07,1.51E+07,2
9.790794683,17041400,9.827356282,13240800,2,1.67E+07,1.24E+07,2
9.813511082,16616600,9.840677682,11885500,2,1.67E+07,1.53E+07,1
9.840677682,16782900,9.866591981,14294500,2,1.67E+07,1.80E+07,1
9.866591981,16260400,9.886563181,19894300,1,1.67E+07,2.00E+07,1
9.886563181,16832000,9.90321958,16662000,1,1.67E+07,1.67E+07,1
9.90321958,17422000,9.91997088,16799800,1,1.67E+07,1.68E+07,1
9.91997088,16168600,9.93671838,16706200,1,1.67E+07,1.67E+07,1
9.93671838,17035700,9.953433779,16701900,1,1.67E+07,1.67E+07,1
9.953433779,16745700,9.970464679,17087900,1,1.67E+07,1.68E+07,1
9.970464679,16720100,9.98720528,16698200,1,1.67E+07,1.68E+07,1
9.98720528,16748500,10.00391348,16747800,1,1.67E+07,1.67E+07,1
10.00391348,17085800,10.02074668,17008800,1,1.67E+07,1.69E+07,1
10.02074668,17563000,10.03753798,16830800,1,1.67E+07,1.70E+07,1
10.03753798,16743800,10.05456678,16947900,1,1.67E+07,1.70E+07,1
10.05456678,17491100,10.07170648,17069500,1,1.67E+07,1.71E+07,1
10.07170648,17331900,10.08899978,17382600,1,1.67E+07,1.72E+07,1
10.12801778,52329900,10.13995578,50885800,1,1.67E+07,2.43E+07,0
10.13062918,2438100,10.15556568,15654400,1,1.67E+07,2.13E+07,3
10.13327088,2743700,10.17207488,16548100,2,1.67E+07,1.85E+07,3
10.13974308,5613800,10.17246768,13988200,3,1.67E+07,1.61E+07,3
10.15556568,19096600,10.18647358,13005100,4,1.67E+07,1.64E+07,3
10.17207488,16036900,10.19947678,13280800,3,1.67E+07,9185820,3
10.17246768,15110100,10.21275838,13430200,3,1.67E+07,1.17E+07,2
10.18647358,16768200,10.24147768,17535200,3,1.67E+07,1.45E+07,2
10.21275838,17985800,10.25662098,15389400,3,1.67E+07,1.70E+07,2
10.24147768,17770600,10.27287638,16424100,3,1.67E+07,1.67E+07,2
10.25662098,17366100,10.29216288,17727300,3,1.67E+07,1.70E+07,2
10.27287638,14396000,10.30890058,15986700,2,1.67E+07,1.69E+07,2
10.29216288,18778900,10.32516988,16240900,3,1.67E+07,1.73E+07,2
10.30703428,15114700,10.34092708,16517100,3,1.67E+07,1.67E+07,2
10.32384858,16785600,10.35815798,16435800,3,1.67E+07,1.65E+07,2
10.34092708,17054200,10.37453398,17109200,3,1.67E+07,1.64E+07,2
10.35815798,16182200,10.39047328,16151000,2,1.67E+07,1.68E+07,2
10.37453398,17317600,10.40811418,16756400,3,1.67E+07,1.65E+07,2
10.39047328,15989500,10.42478528,16629900,2,1.67E+07,1.67E+07,2
10.40684928,16423200,10.44011108,16506200,3,1.67E+07,1.66E+07,2
10.42456968,16644700,10.45696248,16740400,3,1.67E+07,1.65E+07,2
10.44011108,16817500,10.47358838,16954900,3,1.67E+07,1.66E+07,2
10.45696248,18345700,10.49143718,16353700,3,1.67E+07,1.68E+07,2
10.47358838,15334700,10.50790018,17291800,2,1.67E+07,1.67E+07,2
10.49003258,16294200,10.52239388,15928000,3,1.67E+07,1.67E+07,2
10.50663658,15258300,10.54019858,17757000,3,1.67E+07,1.64E+07,2
10.52239388,18199800,10.55694508,15582200,3,1.67E+07,1.67E+07,2
10.54019858,16572000,10.57381438,16849200,2,1.67E+07,1.63E+07,2
10.55694508,16748100,10.59004748,16264700,3,1.67E+07,1.66E+07,2
10.57381438,19251600,10.60760288,18425500,2,1.67E+07,1.72E+07,2
10.59004748,17051600,10.62526808,15898900,2,1.67E+07,1.76E+07,2
10.60760288,16075900,10.63919798,16731400,2,1.67E+07,1.71E+07,2
10.62329558,14671100,10.65839018,18233800,2,1.67E+07,1.68E+07,2
10.63919798,16939400,10.67496708,17080000,3,1.67E+07,1.68E+07,2
10.65839018,18396600,10.69223298,15314200,3,1.67E+07,1.66E+07,2
10.67496708,18193900,10.70745398,16233900,3,1.67E+07,1.69E+07,2
10.69223298,13492300,10.72505128,16201400,2,1.67E+07,1.63E+07,2
10.70745398,17838900,10.74094618,16798800,3,1.67E+07,1.70E+07,2
10.72482768,14776100,10.75706758,15794900,2,1.67E+07,1.65E+07,2
10.74094618,17210500,10.77329168,15951300,3,1.67E+07,1.63E+07,2
10.75706758,15987200,10.78966068,17362000,3,1.67E+07,1.59E+07,2
10.77329168,15944900,10.80532168,14939600,2,1.67E+07,1.64E+07,2
10.78966068,17325800,10.82193908,16613800,2,1.67E+07,1.62E+07,2
10.80532168,16759900,10.83923528,17184300,2,1.67E+07,1.66E+07,2
10.82193908,16504200,10.85604658,16179700,2,1.67E+07,1.65E+07,2
10.83923528,18156100,10.87329348,17203700,2,1.67E+07,1.69E+07,2
10.85604658,16885200,10.88991688,16665600,2,1.67E+07,1.71E+07,2
10.87329348,15402000,10.90671128,17815000,2,1.67E+07,1.67E+07,2
10.88991688,17985300,10.92356058,18207400,2,1.67E+07,1.70E+07,2
10.90671128,16091600,10.93925338,14840000,2,1.67E+07,1.69E+07,2
10.92356058,17023800,10.95612328,15912600,2,1.67E+07,1.67E+07,2
10.93925338,14844400,10.97323968,17241500,2,1.67E+07,1.63E+07,2
10.95612328,16625500,10.98927528,16309300,2,1.67E+07,1.65E+07,2
10.97323968,16556800,11.00559608,16108500,2,1.67E+07,1.62E+07,2
10.98927528,16992800,11.02225928,16058800,2,1.67E+07,1.64E+07,2
11.00559608,16133500,11.03846028,16955100,2,1.67E+07,1.62E+07,2
11.02225928,18274600,11.05543178,16474400,2,1.67E+07,1.69E+07,2
11.03846028,15935800,11.07201158,16714300,2,1.67E+07,1.68E+07,2
11.05543178,16357800,11.08942318,16886500,2,1.67E+07,1.67E+07,2
11.07201158,17620400,11.10619718,16775400,2,1.67E+07,1.69E+07,2
11.08942318,15859500,11.12275668,17501000,2,1.67E+07,1.68E+07,2
11.10619718,16698900,11.13943978,15828500,2,1.67E+07,1.65E+07,2
11.12275668,16558400,11.15626958,16764200,2,1.67E+07,1.66E+07,2
11.13943978,17177400,11.17234958,17118300,2,1.67E+07,1.68E+07,2
11.15626958,16297000,11.18942138,15970000,2,1.67E+07,1.65E+07,2
11.17234958,16696000,11.20599108,17428500,2,1.67E+07,1.67E+07,2
11.18942138,16261700,11.22239518,16256300,2,1.67E+07,1.66E+07,2
11.20599108,17576300,11.23944388,17197000,2,1.67E+07,1.68E+07,2
11.22239518,16304100,11.25640068,16095900,2,1.67E+07,1.66E+07,2
11.23944388,17859900,11.27354818,17148300,2,1.67E+07,1.69E+07,2
11.25640068,17400000,11.29018798,17283200,2,1.67E+07,1.71E+07,2
11.27354818,15223000,11.30695758,16203800,2,1.67E+07,1.69E+07,2
11.29018798,16319000,11.32334108,17067900,2,1.67E+07,1.66E+07,2
11.30695758,17375500,11.34028778,16167100,2,1.67E+07,1.68E+07,2
11.32334108,15901100,11.35676808,16519700,2,1.67E+07,1.64E+07,1
11.38088838,55886400,11.39056748,33774900,2,1.67E+07,2.41E+07,0
11.38251588,1675700,11.40561278,15047200,1,1.67E+07,2.14E+07,3
11.38422348,1697700,11.42210838,17094500,2,1.67E+07,1.85E+07,3
11.39036788,6128600,11.42290838,12014000,3,1.67E+07,1.63E+07,3
11.40561278,17752400,11.43489678,13113000,4,1.67E+07,1.66E+07,3
11.42210838,15538700,11.44801598,13400500,3,1.67E+07,8558620,2
11.42290838,17348200,11.46141518,14482300,3,1.67E+07,1.17E+07,3
11.44801598,26536400,11.47590618,15435800,3,1.67E+07,1.67E+07,3
11.44801598,6319600,11.50343038,12807500,2,1.67E+07,1.67E+07,2
11.46141518,16491700,11.52044428,16505000,3,1.67E+07,1.64E+07,2
11.50343038,16549400,11.53689518,16464200,3,1.67E+07,1.66E+07,2
11.52044428,16273000,11.55124998,14412100,2,1.67E+07,1.64E+07,2
11.53689518,16581900,11.56800278,16659500,2,1.67E+07,1.44E+07,2
11.55124998,17495900,11.58479178,16805200,2,1.67E+07,1.67E+07,2
11.56800278,17230700,11.60153848,16734900,2,1.67E+07,1.68E+07,2
11.58479178,16091600,11.61832898,16881000,2,1.67E+07,1.67E+07,2
11.60153848,17031400,11.63542978,17009200,2,1.67E+07,1.69E+07,2
11.61832898,16569000,11.65198378,16572500,2,1.67E+07,1.69E+07,2
11.63542978,16254500,11.66855648,16575000,2,1.67E+07,1.66E+07,2
11.65198378,16562800,11.68518218,16591000,2,1.67E+07,1.65E+07,2
11.66855648,17181700,11.70180478,16633300,2,1.67E+07,1.67E+07,2
11.68518218,16527000,11.71837228,16567100,2,1.67E+07,1.66E+07,2
11.70180478,16749200,11.73525428,16864900,2,1.67E+07,1.67E+07,2
11.71837228,16495900,11.75192808,16693600,2,1.67E+07,1.67E+07,2
11.73525428,16814200,11.76870908,16741700,2,1.67E+07,1.68E+07,1
11.79638568,55678600,11.80979068,41119100,2,1.67E+07,2.45E+07,0
11.80979068,16466300,11.82790338,19131500,1,1.67E+07,2.44E+07,3
11.80979068,1961100,11.84700038,18097800,1,1.67E+07,2.15E+07,2
11.80979068,1866600,11.86538838,18373100,2,1.67E+07,1.86E+07,1
11.86280758,46139500,11.86558998,13225100,3,1.67E+07,2.44E+07,4
11.86518868,2327200,11.87880548,12811800,2,1.67E+07,1.38E+07,3
11.86538838,2610400,11.90295748,12109600,3,1.67E+07,1.10E+07,3
11.86538838,8740700,11.90372698,12677700,3,1.67E+07,1.23E+07,3
11.87880548,14780400,11.91640698,12735300,4,1.67E+07,1.49E+07,3
11.90295748,15751600,11.92914138,12898600,4,1.67E+07,8842060,3
11.90372698,17620400,11.94203968,11492300,3,1.67E+07,1.19E+07,2
11.91640698,16880400,11.96962408,16314100,3,1.67E+07,1.48E+07,2
11.94203968,17163000,11.98630058,16992300,3,1.67E+07,1.64E+07,2
11.96962408,16185000,12.00300978,16397000,2,1.67E+07,1.67E+07,2
11.98630058,15989000,12.01972598,16762500,2,1.67E+07,1.68E+07,2
12.00300978,16786400,12.03635708,16576000,2,1.67E+07,1.66E+07,2
12.01972598,16935000,12.05311598,16828500,2,1.67E+07,1.66E+07,2
12.03635708,18269200,12.07007438,16867500,2,1.67E+07,1.68E+07,2
12.05311598,16286300,12.08678028,16705300,2,1.67E+07,1.69E+07,2
12.07007438,15212600,12.10360948,16831100,2,1.67E+07,1.67E+07,2
12.08678028,17420900,12.12106108,17485600,2,1.67E+07,1.68E+07,2
12.10360948,20783600,12.13765948,16570200,2,1.67E+07,1.76E+07,2
12.12106108,13187000,12.15440498,16766500,2,1.67E+07,1.66E+07,2
12.13765948,17018500,12.17137638,16966200,2,1.67E+07,1.67E+07,2
12.15440498,16675600,12.18806418,16680600,2,1.67E+07,1.70E+07,2
12.17137638,15815300,12.20473828,16865500,2,1.67E+07,1.67E+07,1
12.23090208,55564700,12.23976368,35556300,2,1.67E+07,2.37E+07,0
12.23247798,2464300,12.25621538,15740200,1,1.67E+07,2.15E+07,3
12.23490918,2302300,12.27314348,17028800,2,1.67E+07,1.86E+07,3
12.23976368,4946800,12.27347508,12472100,3,1.67E+07,1.62E+07,3
12.25621538,18424600,12.28594118,13847700,4,1.67E+07,1.67E+07,3
12.27314348,17120400,12.29978608,13679900,3,1.67E+07,9051680,3
12.27347508,15537700,12.31346698,13838900,3,1.67E+07,1.17E+07,3
12.28594118,16193200,12.34190418,14787200,3,1.67E+07,1.44E+07,2
12.29978608,17346900,12.35736138,17117500,3,1.67E+07,1.69E+07,2
12.34015228,16476400,12.37297458,16368900,3,1.67E+07,1.65E+07,2
12.35736138,18857300,12.39153258,16420500,3,1.67E+07,1.69E+07,2
12.37297458,15031500,12.40848458,16780500,2,1.67E+07,1.68E+07,1
12.43005118,54590000,12.44325718,34867900,2,1.67E+07,2.45E+07,0
12.43304128,2901800,12.45814678,15943000,1,1.67E+07,2.16E+07,3
12.43536788,3066400,12.47460218,16446400,2,1.67E+07,1.89E+07,3
12.44301158,6881900,12.47604038,13957100,3,1.67E+07,1.65E+07,3
12.45814678,18546700,12.48998208,13130400,4,1.67E+07,1.72E+07,3
12.47460218,16618600,12.50312548,13493300,3,1.67E+07,9603080,3
12.47604038,14465800,12.51661968,13605900,3,1.67E+07,1.19E+07,3
12.48998208,15566800,12.54374098,14200000,3,1.67E+07,1.44E+07,3
12.50312548,16785700,12.56017868,17055400,3,1.67E+07,1.64E+07,2
12.51661968,17136300,12.57687538,15620600,3,1.67E+07,1.61E+07,2
12.55755548,16805400,12.59385698,17087100,3,1.67E+07,1.62E+07,2
12.56145818,16918100,12.61089598,17045500,3,1.67E+07,1.66E+07,2
12.59186828,17262800,12.62716048,16345600,3,1.67E+07,1.70E+07,2
12.60866818,16749500,12.64160148,16621600,3,1.67E+07,1.70E+07,2
12.61089598,14833800,12.65992828,16991400,3,1.67E+07,1.65E+07,2
12.64160148,19471300,12.67522868,16875500,3,1.67E+07,1.70E+07,2
12.65753578,14544000,12.69326168,16520000,2,1.67E+07,1.66E+07,2
12.67522868,19321700,12.70965908,15445500,3,1.67E+07,1.70E+07,2
12.69085658,14018100,12.72627558,16520600,2,1.67E+07,1.64E+07,1
12.74693508,54949900,12.76003528,33734800,3,1.67E+07,2.45E+07,0
12.74987088,2850600,12.77517498,16346100,1,1.67E+07,2.11E+07,3
12.75151788,2298400,12.79170008,17206700,2,1.67E+07,1.87E+07,3
12.75982758,7700600,12.79382348,12437900,3,1.67E+07,1.64E+07,3
12.77517498,18885700,12.80628118,12150900,4,1.67E+07,1.73E+07,3
12.79170008,17333400,12.81842848,12932500,3,1.67E+07,9813740,3
12.79382348,14938300,12.84519868,15251000,3,1.67E+07,1.22E+07,3
12.80628118,15425900,12.86211528,16756200,3,1.67E+07,1.49E+07,2
12.81842848,16203000,12.87820428,15224900,3,1.67E+07,1.66E+07,3
12.85913968,17297000,12.89420778,15942500,3,1.67E+07,1.62E+07,2
12.86211528,14748000,12.90713338,16238500,3,1.67E+07,1.57E+07,2
12.87820428,16917700,12.92641268,16770700,3,1.67E+07,1.61E+07,2
12.90713338,19081500,12.94426498,17043600,3,1.67E+07,1.68E+07,2
12.92641268,17753400,12.96110978,16763700,3,1.67E+07,1.72E+07,2
12.94259728,15517000,12.97724218,17132500,2,1.67E+07,1.68E+07,2
12.95792778,15815900,12.99506568,16838200,3,1.67E+07,1.70E+07,1
13.01688928,57089100,13.03089918,35815300,3,1.67E+07,2.51E+07,0
13.01803888,2222700,13.04961078,18742500,1,1.67E+07,2.17E+07,2
13.02224418,3162900,13.06994108,20333800,2,1.67E+07,1.88E+07,1
13.06379558,42873100,13.07022228,12112300,3,1.67E+07,2.42E+07,4
13.06699168,2756200,13.08232308,13235700,2,1.67E+07,2.16E+07,4
13.06973338,1879800,13.09556088,11032200,3,1.67E+07,1.06E+07,3
13.06994108,5087400,13.10659448,13742500,4,1.67E+07,1.12E+07,3
13.07022228,18557600,13.10659448,12016700,4,1.67E+07,1.42E+07,3
13.09556088,17861700,13.12033638,12677800,4,1.67E+07,9228540,3
13.10659448,15465300,13.14503089,12090300,3,1.67E+07,1.18E+07,2
13.10659448,15574900,13.15712238,12115000,3,1.67E+07,1.45E+07,2
13.14503089,17513900,13.16923868,12347700,3,1.67E+07,1.70E+07,2
13.15712238,15824500,13.19707269,15795000,2,1.67E+07,1.64E+07,2
13.16923868,17225700,13.21355818,16394900,2,1.67E+07,1.63E+07,1
13.20864858,16421000,13.23025228,16699100,2,1.67E+07,1.65E+07,1
13.21378298,15948700,13.24704788,16778200,2,1.67E+07,1.66E+07,1
13.23048248,18256400,13.26382808,16765300,2,1.67E+07,1.67E+07,1
13.25960438,16760300,13.28047818,16687800,2,1.67E+07,1.69E+07,1
13.26402348,15827700,13.29568368,17212600,2,1.67E+07,1.66E+07,1
13.29252608,17259500,13.31436598,16669400,2,1.67E+07,1.68E+07,2
13.29568368,16783800,13.33099698,16597800,2,1.67E+07,1.70E+07,1
13.32670418,16591100,13.34773518,16711000,2,1.67E+07,1.66E+07,1
13.34357098,16888400,13.36452278,16831000,2,1.67E+07,1.67E+07,1
13.34773518,16482100,13.38137438,16835200,2,1.67E+07,1.68E+07,1
13.37759168,17513600,13.39818618,16793000,2,1.67E+07,1.69E+07,1
13.39370648,17194300,13.41531928,17151800,2,1.67E+07,1.69E+07,1
13.41168618,16918400,13.43205928,16740600,2,1.67E+07,1.70E+07,1
13.41551918,16466400,13.44878468,16769000,2,1.67E+07,1.69E+07,1
13.44395198,15818500,13.46543458,16641000,2,1.67E+07,1.68E+07,2
13.44878468,15945000,13.48187008,16426600,2,1.67E+07,1.65E+07,1
13.51380028,54438400,13.51771838,35822600,2,1.67E+07,2.39E+07,0
13.51592958,1559700,13.53263998,14929700,1,1.67E+07,2.08E+07,3
13.51653668,1714900,13.54907368,16444100,2,1.67E+07,1.79E+07,3
13.51771838,7980600,13.54928918,12417900,3,1.67E+07,1.63E+07,3
13.53263998,16989800,13.56169799,10345400,3,1.67E+07,1.65E+07,2
13.54907368,17544400,13.57204669,12248200,3,1.67E+07,9157880,2
13.56169799,16507800,13.58428419,11383500,3,1.67E+07,1.21E+07,2
13.57204669,16603900,13.60989279,14414300,2,1.67E+07,1.51E+07,1
13.60989279,16619900,13.62656469,16662700,2,1.67E+07,1.69E+07,1
13.62616469,16306200,13.64255689,16875400,2,1.67E+07,1.67E+07,1
13.64255689,17353500,13.65951159,16111900,2,1.67E+07,1.67E+07,1
13.65771819,15192800,13.67502759,16495900,2,1.67E+07,1.64E+07,1
13.67502759,18159100,13.69245909,16861900,2,1.67E+07,1.67E+07,1
13.69245909,16160800,13.70934829,16438200,1,1.67E+07,1.66E+07,1
13.70874829,15681600,13.72488579,16632000,1,1.67E+07,1.65E+07,1
13.72488579,18053000,13.74213539,16718300,2,1.67E+07,1.66E+07,1
13.74213539,15938500,13.75918749,16499400,1,1.67E+07,1.68E+07,1
13.75918749,16446000,13.77513609,16978600,2,1.67E+07,1.65E+07,1
13.77513609,17752700,13.79148039,16288400,2,1.67E+07,1.68E+07,1
13.79148039,16528300,13.80944209,17845500,1,1.67E+07,1.69E+07,1
13.80944209,17007800,13.82613819,15828500,1,1.67E+07,1.67E+07,1
13.82613819,15686600,13.84279509,16655900,1,1.67E+07,1.67E+07,1
13.84279509,17382500,13.85920639,16920000,2,1.67E+07,1.69E+07,1
13.85920639,16349400,13.87616269,17775000,1,1.67E+07,1.66E+07,1
13.87616269,17720300,13.89308279,15593900,1,1.67E+07,1.68E+07,1
13.89308279,21319100,13.91068539,17601500,2,1.67E+07,1.77E+07,1
13.91048579,11552300,13.92690569,16188400,1,1.67E+07,1.69E+07,1
13.96450789,54724400,13.97588379,49749900,2,1.67E+07,2.43E+07,0
13.96655449,2197100,13.99138439,14781300,1,1.67E+07,2.15E+07,3
13.96809029,1350800,14.00788929,16514100,2,1.67E+07,1.82E+07,3
13.97514539,7050100,14.00811469,11494200,3,1.67E+07,1.54E+07,3
13.99138439,17929200,14.01959529,11744900,4,1.67E+07,1.67E+07,3
14.00788929,16310000,14.03134689,11411100,3,1.67E+07,8967440,2
14.00811469,17949300,14.05668309,14121300,3,1.67E+07,1.21E+07,2
14.03134689,17757500,14.07347729,16803300,3,1.67E+07,1.54E+07,2
14.05668309,14884400,14.09037099,16908800,2,1.67E+07,1.70E+07,2
14.07347729,17511400,14.10688269,16523300,2,1.67E+07,1.69E+07,2
14.09037099,14620100,14.12320359,16391200,2,1.67E+07,1.65E+07,2
14.10688269,17012700,14.13956919,16255400,2,1.67E+07,1.64E+07,2
14.12320359,16596200,14.15598219,16418200,2,1.67E+07,1.61E+07,2
14.13956919,17089900,14.17276259,16772300,2,1.67E+07,1.66E+07,2
14.15598219,17837100,14.18929669,16644600,2,1.67E+07,1.66E+07,2
14.17276259,15031100,14.20599249,16593700,2,1.67E+07,1.67E+07,2
14.18929669,16262200,14.22248119,16540000,2,1.67E+07,1.66E+07,2
14.20599249,16615500,14.23873889,17336700,2,1.67E+07,1.66E+07,2
14.22248119,16535300,14.25517629,15378300,2,1.67E+07,1.65E+07,2
14.23873889,17051400,14.27170609,16450800,2,1.67E+07,1.63E+07,2
14.25517629,15966700,14.28849619,16850800,2,1.67E+07,1.65E+07,2
14.27170609,17547300,14.30510849,16610200,2,1.67E+07,1.67E+07,2
14.28849619,16039400,14.32206469,16977400,2,1.67E+07,1.66E+07,2
14.30510849,18392400,14.33884408,16698900,2,1.67E+07,1.70E+07,2
14.32206469,15387600,14.35554428,16739900,2,1.67E+07,1.67E+07,2
14.33884408,16641900,14.37213388,16633100,2,1.67E+07,1.68E+07,2
14.35554428,16233400,14.38874828,16563800,2,1.67E+07,1.65E+07,2
14.37213388,16538900,14.40501538,16369700,2,1.67E+07,1.66E+07,2
14.38874828,17465000,14.42108018,16836700,2,1.67E+07,1.65E+07,2
14.40501538,16085300,14.43844308,16532600,2,1.67E+07,1.66E+07,2
14.42108018,16625300,14.45493718,16488200,2,1.67E+07,1.66E+07,2
14.43844308,16538500,14.47180938,16859400,2,1.67E+07,1.67E+07,2
14.45493718,16631700,14.48826608,16372800,2,1.67E+07,1.67E+07,2
14.47180938,16822300,14.50480998,16656200,2,1.67E+07,1.65E+07,2
14.48826608,16789500,14.52163328,16841300,2,1.67E+07,1.67E+07,2
14.50480998,16734200,14.53831058,16646500,2,1.67E+07,1.67E+07,2
14.52163328,16584400,14.55507268,16688500,2,1.67E+07,1.67E+07,1
14.58190238,56123600,14.59060498,35532900,2,1.67E+07,2.46E+07,0
14.58404128,2077700,14.60742358,16886600,1,1.67E+07,2.17E+07,3
14.58616888,2105200,14.62432858,16990900,2,1.67E+07,1.87E+07,3
14.59060498,7355000,14.62467988,11890700,3,1.67E+07,1.68E+07,3
14.60742358,17066300,14.63656388,15478600,3,1.67E+07,1.69E+07,3
14.62432858,15921000,14.65204068,16076900,3,1.67E+07,8905040,3
14.62467988,16601300,14.66811578,14471300,3,1.67E+07,1.18E+07,3
14.63656388,17473200,14.68258928,14444100,3,1.67E+07,1.49E+07,3
14.65204068,16564700,14.69703078,14285600,3,1.67E+07,1.67E+07,3
14.66811578,16473100,14.72601578,16619800,3,1.67E+07,1.66E+07,2
14.68258928,16416600,14.74244188,16453700,3,1.67E+07,1.67E+07,2
14.72601578,17750500,14.75878348,16297500,3,1.67E+07,1.69E+07,2
14.74244188,16422000,14.77702028,17042500,3,1.67E+07,1.67E+07,2
14.75878348,16256100,14.79273968,16313800,3,1.67E+07,1.67E+07,2
14.77550968,16391700,14.80992648,18574500,3,1.67E+07,1.66E+07,2
14.79273968,18640900,14.82782958,17315600,3,1.67E+07,1.71E+07,2
14.80992648,17880600,14.84396798,15607200,2,1.67E+07,1.71E+07,2
14.82782958,16567800,14.86201988,16835700,2,1.67E+07,1.71E+07,2
14.84396798,16230100,14.87821228,18021600,2,1.67E+07,1.71E+07,2
14.86175728,15668300,14.89566888,16363300,2,1.67E+07,1.70E+07,2
14.87821228,18448300,14.91170008,16385000,3,1.67E+07,1.70E+07,2
14.89566888,17367500,14.92912858,16262500,3,1.67E+07,1.69E+07,2
14.91170008,14249800,14.94374168,16270400,2,1.67E+07,1.64E+07,2
14.92676938,15748300,14.96186448,16543900,3,1.67E+07,1.63E+07,2
14.94374168,18040800,14.97699868,16085000,3,1.67E+07,1.68E+07,2
14.96042938,16129700,14.99306698,16087300,2,1.67E+07,1.63E+07,2
14.97699868,16462000,15.00937148,16356800,3,1.67E+07,1.61E+07,2
14.99306698,15966100,15.02692178,16538400,2,1.67E+07,1.65E+07,2
15.00937148,17552100,15.04193788,15974600,3,1.67E+07,1.68E+07,2
15.02692178,15107700,15.05911548,17716800,2,1.67E+07,1.62E+07,2
15.04193788,18411700,15.07684208,17269500,3,1.67E+07,1.67E+07,2
15.05911548,17829200,15.09377668,15841300,2,1.67E+07,1.70E+07,2
15.07684208,16572800,15.11037638,16574900,2,1.67E+07,1.71E+07,2
15.09377668,15394200,15.12762258,17227500,2,1.67E+07,1.67E+07,2
15.11037638,18067900,15.14550048,18687000,2,1.67E+07,1.73E+07,2
15.12762258,22520800,15.16161128,15371900,2,1.67E+07,1.81E+07,2
15.14550048,12353800,15.17805488,16275300,2,1.67E+07,1.70E+07,2
15.14657398,11607300,15.19331938,16142900,2,1.67E+07,1.60E+07,2
15.17437338,16867800,15.20841068,14378300,3,1.67E+07,1.63E+07,2
15.19107038,16736700,15.22299388,14529500,3,1.67E+07,1.60E+07,2
15.20707198,14911300,15.23853188,15468000,3,1.67E+07,1.45E+07,2
15.22299388,17412700,15.25508988,16711500,3,1.67E+07,1.55E+07,2
15.23853188,16135700,15.27154228,16405600,2,1.67E+07,1.64E+07,2
15.25508988,17506900,15.28812348,16638600,2,1.67E+07,1.65E+07,2
15.27154228,16328100,15.30723438,19029700,2,1.67E+07,1.65E+07,1
15.30097628,28242000,15.32378718,16703100,2,1.67E+07,1.91E+07,2
15.30723438,5619300,15.34081508,17013200,2,1.67E+07,1.68E+07,2
15.32378718,17382900,15.35772138,16884500,2,1.67E+07,1.70E+07,2
15.34081508,16195400,15.37463938,16732500,2,1.67E+07,1.68E+07,2
15.35772138,17316100,15.38898868,14296800,2,1.67E+07,1.70E+07,2
15.37463938,15140900,15.40560848,16621000,2,1.67E+07,1.43E+07,2
15.38898868,17374400,15.42194418,16331200,2,1.67E+07,1.67E+07,2
15.40560848,15611700,15.43846288,16532600,2,1.67E+07,1.63E+07,2
15.42194418,17399900,15.45488228,16443000,2,1.67E+07,1.66E+07,2
15.43846288,16241000,15.47160268,16697000,2,1.67E+07,1.64E+07,2
15.45488228,17125200,15.48816048,16552400,2,1.67E+07,1.68E+07,2
15.47160268,15824200,15.50482798,16653200,2,1.67E+07,1.64E+07,2
15.48816048,17322500,15.52162258,17061100,2,1.67E+07,1.68E+07,2
15.50482798,16708600,15.53819628,16327300,2,1.67E+07,1.66E+07,2
15.52162258,16483200,15.55456348,16478700,2,1.67E+07,1.67E+07,2
15.53819628,16127800,15.57146998,17075000,2,1.67E+07,1.65E+07,2
15.55456348,17097900,15.58800968,16285100,2,1.67E+07,1.67E+07,2
15.57146998,16232700,15.60434388,16498200,2,1.67E+07,1.65E+07,2
15.58800968,16424500,15.62100568,16473200,2,1.67E+07,1.65E+07,2
15.60434388,16943000,15.63753408,16870200,2,1.67E+07,1.66E+07,2
15.62100568,16665700,15.65436438,17009900,2,1.67E+07,1.67E+07,2
15.63753408,16964200,15.67100718,16160500,2,1.67E+07,1.66E+07,2
15.65436438,16932000,15.68798308,16936400,2,1.67E+07,1.68E+07,2
15.67100718,17183800,15.70455168,16750800,2,1.67E+07,1.69E+07,2
15.68798308,15671200,15.72153148,17097500,2,1.67E+07,1.67E+07,2
15.70455168,18120200,15.73836928,16911800,2,1.67E+07,1.70E+07,2
15.72153148,15473600,15.75502638,16337200,2,1.67E+07,1.67E+07,2
15.73836928,17117400,15.77152268,16674300,2,1.67E+07,1.67E+07,2
15.75502638,16236500,15.78853358,16940500,2,1.67E+07,1.65E+07,2
15.77152268,17505200,15.80463098,16269700,2,1.67E+07,1.69E+07,2
15.78853358,15656500,15.82162998,16781800,2,1.67E+07,1.64E+07,2
15.80463098,17625800,15.83820278,16456100,2,1.67E+07,1.68E+07,2
15.82162998,15163400,15.85492838,16727800,2,1.67E+07,1.64E+07,2
15.83820278,18177000,15.87158688,16943600,2,1.67E+07,1.68E+07,2
15.85492838,16393600,15.88838038,16505600,2,1.67E+07,1.66E+07,2
15.87158688,16277700,15.90467328,16292500,2,1.67E+07,1.67E+07,2
15.88838038,15504700,15.92155568,16882300,2,1.67E+07,1.63E+07,2
15.90467328,17955000,15.93765598,16172900,2,1.67E+07,1.69E+07,2
15.92155568,15388100,15.95426178,16575200,2,1.67E+07,1.63E+07,2
15.93765598,17553000,15.97099108,16688500,2,1.67E+07,1.65E+07,2
15.95426178,16814500,15.98813818,17158600,2,1.67E+07,1.66E+07,2
15.97099108,17696300,16.00448308,16333700,2,1.67E+07,1.71E+07,2
15.98813818,14546300,16.02123288,16748500,2,1.67E+07,1.64E+07,2
16.00448308,17409500,16.03776788,16514100,2,1.67E+07,1.68E+07,2
16.02123288,15986400,16.05481968,17073700,2,1.67E+07,1.65E+07,2
16.03776788,19653800,16.07125598,16463500,2,1.67E+07,1.71E+07,2
16.05481968,14187100,16.08813408,16849600,2,1.67E+07,1.64E+07,2
16.07125598,17884600,16.10493558,16802400,2,1.67E+07,1.70E+07,2
16.08813408,15661500,16.12200858,17072400,2,1.67E+07,1.67E+07,2
16.10493558,18563700,16.13837398,16365200,2,1.67E+07,1.72E+07,2
16.12200858,14940200,16.15536418,16991600,2,1.67E+07,1.62E+07,2
16.13837398,18013900,16.17173018,16389000,2,1.67E+07,1.70E+07,2
16.15536418,14974400,16.18862818,16841700,2,1.67E+07,1.64E+07,2
16.17173018,17667900,16.20484328,16247100,2,1.67E+07,1.68E+07,2
16.18862818,15823100,16.22168288,16840800,2,1.67E+07,1.63E+07,2
16.20484328,17664700,16.23808328,16407300,2,1.67E+07,1.68E+07,2
16.22168288,15622400,16.25516088,17072700,2,1.67E+07,1.64E+07,2
