1.38943495,13.258,1.556062697,13.7607,1,,13.258,13
1.406097725,17.8062,1.574148739,12.4713,2,,15.5321,13
1.4227605,14.6539,1.590836339,12.6563,3,,15.23937,13
1.439423274,16.5308,1.590836339,12.9947,4,,15.56223,13
1.456086049,16.3019,1.590836339,12.0777,5,,15.71016,13
1.472748823,15.4724,1.624148238,11.7904,6,,15.67053,12
1.489411598,17.8993,1.640878638,12.5025,7,,15.98893,12
1.506074373,15.8139,1.657541413,12.6527,8,,15.96705,12
1.522737147,16.5457,1.657541413,13.046,9,,16.03134,11
1.539399922,17.7545,1.690908637,11.6082,10,,16.20366,11
1.539399922,16.2329,1.707597038,12.5149,11,,16.20632,11
1.539399922,17.654,1.724259812,11.976,11,,16.32696,11
1.539399922,15.5501,1.740957437,11.4014,12,,16.2672,10
1.539399922,17.4123,1.757620212,12.5724,13,,16.34899,10
1.574148739,19.5788,1.774282986,16.8383,14,,16.56431,10
1.590836339,12.1418,1.790945761,16.5039,13,,16.28791,10
1.590836339,15.4622,1.807608536,15.5355,13,,16.23933,10
1.590836339,17.2971,1.82427131,17.2704,13,,16.2981,10
1.640878638,16.9435,1.840934085,16.1393,13,,16.33207,10
1.657541413,16.2298,1.857596859,17.2505,12,,16.32696,10
1.657541413,17.242,1.874259634,16.8431,12,,16.37053,10
1.707597038,16.9624,1.890922409,15.7172,12,,16.39743,10
1.724259812,16.4474,1.907585183,17.5023,11,,16.3996,10
1.757620212,16.0165,1.924247958,16.7129,11,,16.38364,10
1.774282986,18.0378,1.940910732,15.468,10,,16.44981,10
1.790945761,15.5568,1.957573507,18.2428,10,,16.41546,10
1.807608536,17.3405,1.974236282,15.1518,10,,16.44972,10
1.82427131,15.504,1.990899056,18.6227,10,,16.41595,10
1.840934085,16.8129,2.007561831,15.2008,10,,16.42963,10
1.857596859,16.3676,2.024224605,17.8372,10,,16.42757,10
1.874259634,16.9959,2.04088738,17.7512,10,,16.4459,10
1.890922409,17.5794,2.057550155,15.9562,10,,16.48132,10
1.907585183,17.8879,2.074212929,15.2278,10,,16.52394,10
1.924247958,15.3669,2.090875704,18.3436,10,,16.48991,10
1.940910732,17.7534,2.107538478,16.6857,10,,16.52601,10
1.957573507,15.2074,2.124201253,14.8713,10,,16.48939,10
1.974236282,17.0811,2.140864028,18.5585,10,,16.50538,10
1.990899056,17.435,2.157526802,15.0514,10,,16.52984,10
2.007561831,16.1023,2.174189577,18.9206,10,,16.51888,10
2.024224605,17.1254,2.190852351,15.4386,10,,16.53404,10
2.04088738,16.4585,2.207515126,17.1906,10,,16.5322,10
2.057550155,16.0456,2.224177901,16.7059,10,,16.52061,10
2.074212929,18.2103,2.240840675,15.7769,10,,16.55991,10
2.090875704,16.5007,2.25750345,17.3845,10,,16.55856,10
2.107538478,15.6412,2.274166225,15.1151,10,,16.53818,10
2.124201253,15.5391,2.290828999,17.4364,10,,16.51646,10
2.140864028,17.6614,2.307491774,16.2012,11,,16.54082,10
2.157526802,16.2731,2.324154548,18.8906,10,,16.53524,10
2.174189577,17.5738,2.340817323,15.6771,10,,16.55644,10
2.190852351,15.7823,2.357480098,16.4656,10,,16.54095,10
2.207515126,19.3048,2.374142872,16.8484,10,,16.59515,10
2.224177901,14.3694,2.390805647,15.6493,10,,16.55234,10
2.240840675,17.0735,2.407468421,17.5806,10,,16.56218,10
2.25750345,16.0781,2.424131196,15.6354,10,,16.55321,10
2.274166225,16.3167,2.440793971,17.7337,10,,16.54891,10
2.290828999,16.361,2.457456745,17.3018,10,,16.54556,10
2.307491774,17.304,2.47411952,14.6213,10,,16.55886,10
2.324154548,17.6491,2.490782294,19.2845,10,,16.57766,10
2.340817323,16.6322,2.507445069,16.2563,10,,16.57858,10
2.357480098,16.6703,2.524107844,65.3146,10,,16.58011,13
2.374142872,17.1264,2.541518228,11.2529,10,,16.58907,13
2.390805647,15.4633,2.558245128,14.0122,10,,16.57091,13
2.407468421,16.4334,2.558245128,9.4447,10,,16.56873,12
2.424131196,16.9323,2.558245128,12.0793,10,,16.57441,12
2.440793971,17.5927,2.608306227,12.1834,10,,16.59007,12
2.457456745,15.9612,2.625060827,11.8313,10,,16.58055,11
2.47411952,15.5407,2.641723601,11.7589,10,,16.56503,11
2.490782294,19.3468,2.658386376,18.7944,11,,16.60593,11
2.507445069,17.7251,2.67504915,14.6741,10,,16.62215,11
2.524107844,18.0155,2.691711925,18.794,10,,16.64206,11
2.524107844,11.915,2.7083747,15.4734,11,,16.57548,11
2.524107844,17.5369,2.725037474,18.3327,12,,16.58883,11
2.524107844,18.2294,2.741700249,14.802,13,,16.61131,11
2.541518228,14.5773,2.758363023,18.073,13,,16.58382,11
2.558245128,16.6181,2.775059525,15.709,13,,16.58428,11
2.558245128,17.8293,2.791762024,16.6239,13,,16.60066,11
2.608306227,16.4511,2.808424799,16.5509,12,,16.59872,11
2.641723601,15.4844,2.825087573,17.5577,12,,16.58443,11
2.658386376,18.1451,2.841860224,16.7181,11,,16.60419,11
2.67504915,16.1923,2.858522998,14.975,11,,16.59904,11
2.691711925,16.582,2.875185773,17.7769,11,,16.59883,10
2.7083747,16.9455,2.891848547,20.8272,11,,16.60306,11
2.725037474,18.1607,2.908511322,13.2882,11,,16.62182,11
2.741700249,14.7285,2.925174097,16.1184,11,,16.59928,11
2.758363023,18.121,2.941868922,16.7748,11,,16.61719,11
2.775059525,15.9459,2.958531696,16.3556,11,,16.60938,11
2.791762024,17.6734,2.975212622,15.7908,11,,16.62161,11
2.808424799,15.5596,2.991924623,17.5641,11,,16.60954,11
2.825087573,16.3044,3.008587398,17.4686,11,,16.60611,11
2.841860224,16.6734,3.025250172,14.8444,11,,16.60686,11
2.858522998,16.1166,3.041956922,18.2735,11,,16.60147,11
2.891848547,36.3199,3.058619697,15.0337,11,,16.8158,11
2.891848547,2.1513,3.075306721,17.9084,10,,16.65812,11
2.908511322,13.2919,3.091969496,16.3899,11,,16.62231,11
2.925174097,16.2226,3.108681321,16.9291,11,,16.6181,11
2.941868922,16.572,3.125344096,15.7681,11,,16.61762,11
2.958531696,15.2293,3.14200687,16.6565,11,,16.60331,11
2.975212622,16.9733,3.15869792,17.6864,11,,16.60708,11
2.991924623,17.6816,3.175360695,17.0733,11,,16.61794,11
3.008587398,16.4016,3.192063021,16.4404,11,,16.61578,11
3.025250172,15.9559,3.208725795,16.1656,11,,16.60924,11
3.041956922,17.318,3.22538857,17.0947,11,,16.61619,11
3.058619697,16.036,3.242068421,17.0057,11,,16.61056,11
3.075306721,18.9246,3.258731196,15.4504,11,,16.63281,11
3.091969496,15.303,3.275416421,17.3891,11,,16.62014,11
3.108681321,15.3712,3.292103121,15.5721,11,,16.60836,11
3.125344096,17.1853,3.308806522,17.6877,11,,16.61375,11
3.14200687,16.8821,3.325487921,17.1249,11,,16.61624,11
3.15869792,16.5896,3.342168421,16.5551,11,,16.61599,11
3.175360695,16.6754,3.358831195,15.3917,11,,16.61653,11
3.192063021,16.5283,3.37552052,17.7357,11,,16.61574,11
3.208725795,16.7194,3.39220562,16.4308,11,,16.61666,11
3.22538857,16.9138,3.408868395,17.0834,11,,16.61929,11
3.242068421,16.7559,3.425558319,17.2562,11,,16.62049,11
3.258731196,16.3107,3.442221094,14.5206,11,,16.6178,11
3.275416421,16.5368,3.458919719,18.5533,11,,16.6171,11
3.292103121,16.6394,3.475582493,15.0753,11,,16.61729,11
3.308806522,16.7828,3.492311619,18.2747,11,,16.61869,11
3.325487921,16.5636,3.509000419,15.7942,11,,16.61823,11
3.342168421,17.9835,3.525663193,18.6928,11,,16.62961,11
3.358831195,15.3497,3.542325968,14.4407,11,,16.61903,11
3.37552052,18.7464,3.558988743,18.2571,12,,16.63647,11
3.39220562,13.3403,3.575651517,15.9353,11,,16.60967,11
3.408868395,19.3484,3.592415217,15.9616,12,,16.63176,11
3.425558319,15.9091,3.609077992,17.6783,11,,16.62597,11
3.442221094,15.7261,3.625740767,15.179,11,,16.61883,11
3.458919719,17.3826,3.642403541,17.6655,11,,16.62485,11
3.475582493,17.6531,3.659083517,16.0629,11,,16.63288,11
3.492311619,15.867,3.675787117,18.8005,11,,16.62694,11
3.509000419,16.9668,3.692449892,15.9005,11,,16.62956,11
3.525663193,17.2887,3.709112667,14.6765,11,,16.63459,11
3.542325968,15.8351,3.725803116,18.14,11,,16.62853,11
3.558988743,19.1097,3.742465891,15.4301,11,,16.64719,11
3.575651517,13.659,3.759159917,18.3119,11,,16.62489,11
3.592415217,16.7828,3.775822692,14.8815,11,,16.62606,11
3.609077992,16.9934,3.792515017,17.1606,11,,16.62876,11
3.625740767,16.292,3.809177792,18.292,11,,16.6263,11
3.642403541,16.9582,3.825884117,16.0782,11,,16.6287,11
3.659083517,16.5018,3.842546891,16.0865,11,,16.62779,11
3.675787117,19.0441,3.859209666,16.1902,11,,16.64505,11
3.692449892,14.1403,3.875896417,17.9124,11,,16.62729,11
3.709112667,16.2625,3.892584717,17.4355,11,,16.62472,11
3.725803116,17.6051,3.909247492,15.5426,12,,16.63157,11
3.742465891,16.3747,3.925941717,16.3959,11,,16.62979,11
3.759159917,17.0441,3.942604491,17.9799,11,,16.63265,11
3.775822692,17.3489,3.959267266,15.3377,11,,16.63755,11
3.792515017,15.8486,3.975992417,17.2622,11,,16.63219,11
3.809177792,16.8965,3.992655192,15.9401,11,,16.63397,11
3.825884117,15.3077,4.009350317,15.8937,11,,16.62507,11
3.842546891,18.1433,4.026013091,18.1552,12,,16.63519,11
3.859209666,16.1915,4.042675866,15.3504,11,,16.63225,11
3.875896417,19.1667,4.059385516,17.6552,11,,16.64893,11
3.892584717,14.4124,4.07604829,15.8041,11,,16.63431,11
3.909247492,15.6422,4.092711065,17.3232,11,,16.62787,11
3.925941717,17.9047,4.109416716,16.7359,12,,16.6361,11
3.942604491,16.5235,4.126103316,15.5352,11,,16.63538,11
3.959267266,17.3524,4.14276609,18.5036,11,,16.63995,11
3.975992417,18.2084,4.159460315,14.9132,11,,16.64988,11
3.992655192,13.0267,4.176148215,16.5717,11,,16.62709,11
4.009350317,17.6083,4.19281099,18.4373,12,,16.63322,11
4.026013091,17.1862,4.209494116,15.8676,11,,16.63666,11
4.042675866,17.3556,4.22615689,16.6242,11,,16.64109,11
4.059385516,14.9499,4.242891915,16.9611,11,,16.63072,11
4.07604829,17.5665,4.25955469,16.0378,11,,16.63643,11
4.092711065,16.3883,4.276217464,17.2713,11,,16.63492,11
4.109416716,17.4555,4.292880239,17.5211,11,,16.63987,11
4.126103316,15.703,4.309543014,15.4316,11,,16.63425,11
4.14276609,17.5171,4.326229114,16.7312,11,,16.63951,11
4.159460315,15.3361,4.326229114,11.3738,11,,16.6318,11
4.176148215,16.8825,4.342921413,10.0645,12,,16.63327,10
4.19281099,17.1333,4.342921413,11.551,12,,16.6362,10
4.209494116,17.3592,4.376258813,10.9336,11,,16.6404,10
4.22615689,16.424,4.392945213,10.026,11,,16.63915,9
4.242891915,17.4802,4.409607988,13.4186,11,,16.64398,9
4.25955469,14.1778,4.426270762,15.7529,11,,16.62989,9
4.276217464,19.3543,4.442933537,17.7619,12,,16.64537,9
4.292880239,17.1721,4.459596312,16.6812,11,,16.64835,9
4.309543014,16.2653,4.476259086,15.6822,11,,16.64619,9
4.326229114,15.8051,4.492921861,17.2131,11,,16.64149,9
4.326229114,18.4851,4.509584635,17.7547,11,,16.65174,9
4.342921413,14.4168,4.52624741,15.7168,11,,16.63939,9
4.376258813,17.8141,4.542910185,16.1525,10,,16.64584,9
4.409607988,15.9095,4.559572959,16.462,10,,16.64182,9
4.426270762,16.4304,4.576235734,17.438,9,,16.64067,9
4.442933537,26.6202,4.592898509,15.6036,9,,16.69461,9
4.459596312,6.9728,4.609561283,18.1539,9,,16.64235,9
4.476259086,16.4674,4.626224058,15.6946,9,,16.64141,9
4.492921861,17.4458,4.642886832,16.7865,9,,16.64569,9
4.509584635,17.8336,4.659549607,18.4272,9,,16.65198,9
4.52624741,12.6597,4.676212382,14.2256,9,,16.63096,9
4.542910185,18.6903,4.692875156,17.5831,10,,16.64174,9
4.559572959,16.8831,4.709537931,16.9926,9,,16.643,9
4.576235734,15.3136,4.726200705,16.6941,9,,16.63611,9
4.592898509,19.0677,4.74286348,17.3033,10,,16.64865,9
4.609561283,15.045,4.759526255,15.7595,9,,16.64042,9
4.626224058,17.2879,4.776189029,16.2298,9,,16.64373,9
4.642886832,16.569,4.792851804,17.6612,9,,16.64335,9
4.659549607,17.4295,4.809514578,16.7132,9,,16.64732,9
4.676212382,15.4721,4.826177353,15.7143,9,,16.64141,9
4.692875156,17.68,4.842840128,17.0146,9,,16.64661,9
4.709537931,17.1142,4.859502902,17.8055,9,,16.64893,9
4.726200705,14.7722,4.876165677,17.5028,9,,16.63964,9
4.74286348,17.9804,4.892828451,14.8096,10,,16.64625,9
4.759526255,15.0784,4.909491226,18.7548,9,,16.63856,9
4.776189029,19.615,4.926154001,14.2644,10,,16.65308,9
4.792851804,14.9293,4.942816775,17.5588,9,,16.64471,9
4.809514578,15.6835,4.95947955,17.5872,9,,16.64007,9
4.826177353,17.7066,4.976142325,15.3885,10,,16.6452,9
4.842840128,16.8714,4.992805099,16.9931,9,,16.64628,9
4.859502902,18.1812,5.009467874,17.9048,9,,16.65359,9
4.876165677,15.7432,5.026130648,15.4733,9,,16.64927,9
4.892828451,17.4784,5.042793423,16.4762,9,,16.65318,9
4.909491226,16.2164,5.059456198,17.9115,9,,16.65113,9
4.926154001,16.9654,5.076118972,15.5804,9,,16.6526,9
4.942816775,13.97,5.092781747,15.95,9,,16.64013,9
4.95947955,18.795,5.109444521,17.962,10,,16.6501,9
4.976142325,14.5756,5.126107296,15.9146,9,,16.64054,9
4.992805099,19.0868,5.142770071,16.7237,10,,16.65176,9
5.009467874,17.9143,5.159432845,17.5652,9,,16.65753,9
5.026130648,12.5469,5.17609562,15.6151,9,,16.63884,9
5.042793423,19.5315,5.192758394,16.4343,10,,16.65193,9
5.059456198,16.0465,5.209421169,18.2714,9,,16.6492,9
5.076118972,14.6751,5.226083944,14.8509,9,,16.64035,9
5.092781747,18.5068,5.242746718,18.5429,10,,16.64868,9
5.109444521,16.2948,5.259409493,14.4886,9,,16.64711,9
5.126107296,15.4491,5.276072267,18.7956,10,,16.64181,9
5.142770071,18.3427,5.292735042,14.8074,10,,16.6493,9
5.159432845,16.8706,5.309397817,17.6677,9,,16.65027,9
5.17609562,14.5897,5.326060591,17.9685,9,,16.64128,9
5.192758394,18.7384,5.342723366,14.4229,10,,16.65039,9
5.209421169,26.9083,5.35938614,17.1785,9,,16.6948,9
5.226083944,6.8443,5.376048915,17.2461,9,,16.65234,9
5.242746718,14.9336,5.39271169,16.1216,9,,16.64496,9
5.259409493,17.3484,5.409374464,16.0708,10,,16.64797,9
5.276072267,19.03,5.426037239,18.2788,9,,16.65811,9
5.292735042,13.411,5.442700014,15.6392,9,,16.64435,9
5.309397817,19.055,5.459362788,15.8114,10,,16.65452,9
5.326060591,15.9965,5.476025563,18.1835,9,,16.65175,9
5.342723366,15.6891,5.492688337,16.5825,9,,16.64773,9
5.35938614,17.4921,5.509351112,16.9056,9,,16.65125,9
5.376048915,17.4651,5.526013887,17.2385,9,,16.65462,9
5.39271169,17.3541,5.542676661,16.156,9,,16.65751,9
5.409374464,14.7248,5.559339436,15.508,9,,16.64956,9
5.426037239,17.288,5.57600221,16.6498,9,,16.65218,9
5.442700014,16.8074,5.592664985,16.4404,9,,16.65281,9
5.459362788,15.5982,5.60932776,18.1712,9,,16.64852,9
5.476025563,17.1179,5.625990534,16.366,10,,16.65042,9
5.492688337,17.8826,5.642653309,16.7205,9,,16.65539,9
5.509351112,16.2294,5.659316083,17.0676,9,,16.65368,9
5.526013887,16.4471,5.675978858,15.7948,9,,16.65285,9
5.542676661,17.2524,5.692641633,15.8871,9,,16.65524,9
5.559339436,15.8451,5.709304407,16.6722,9,,16.65203,9
5.57600221,15.3455,5.725967182,17.1202,9,,16.64686,9
5.592664985,17.6827,5.742629956,18.2291,10,,16.65094,9
5.60932776,18.0842,5.759292731,14.4763,9,,16.65656,9
5.625990534,17.7152,5.775955506,16.8263,9,,16.6607,9
5.642653309,15.4684,5.79261828,17.8783,9,,16.65606,9
5.659316083,16.0604,5.809281055,16.4587,9,,16.65375,9
5.675978858,14.7806,5.825943829,15.8226,9,,16.64652,9
5.692641633,18.0546,5.842606604,17.7282,10,,16.65193,9
5.709304407,16.5605,5.859269379,16.5818,9,,16.65158,9
5.725967182,18.4827,5.875932153,15.4612,9,,16.65857,9
5.742629956,15.522,5.892594928,19.198,9,,16.65425,9
5.759292731,15.7499,5.909257703,15.1027,9,,16.65083,9
5.775955506,17.0051,5.925920477,16.2012,9,,16.65216,9
5.79261828,17.9362,5.942583252,16.4495,9,,16.65699,9
5.809281055,14.3992,5.959246026,19.3222,9,,16.64853,9
5.825943829,17.6916,5.975908801,14.7022,10,,16.65243,8
5.842606604,16.801,5.992571576,17.7938,9,,16.65298,9
5.859269379,14.8888,6.00923435,19.9048,9,,16.64644,9
5.875932153,18.0308,6.025897125,12.6723,10,,16.65155,9
5.892594928,17.3747,6.042559899,15.9149,9,,16.65421,9
5.909257703,14.9994,6.059222674,17.0227,9,,16.64815,9
5.925920477,18.3498,6.075885449,16.9401,10,,16.65436,9
5.942583252,16.492,6.092548223,16.7199,9,,16.65377,9
5.959246026,20.3388,6.109210998,16.2083,9,,16.66712,9
5.992571576,25.4925,6.125873772,17.392,9,,16.69898,9
5.992571576,4.104,6.142536547,16.0491,9,,16.65368,9
6.00923435,17.8442,6.159199322,17.2498,9,,16.65794,9
6.025897125,16.4037,6.175862096,16.3219,9,,16.65703,9
6.042559899,14.1822,6.192524871,16.9242,9,,16.64823,9
6.059222674,18.6733,6.209187645,15.6656,10,,16.65541,9
6.075885449,16.0456,6.22585042,17.8972,9,,16.65325,9
6.092548223,15.8723,6.242513195,16.2907,9,,16.6505,9
6.109210998,17.9489,6.259175969,17.3558,10,,16.65506,9
6.125873772,16.4113,6.275838744,15.8706,9,,16.65421,9
6.142536547,17.2252,6.292501519,17.1927,9,,16.6562,9
6.159199322,16.852,6.309164293,15.8875,9,,16.65688,9
6.175862096,15.6061,6.325827068,17.2613,9,,16.65324,9
6.192524871,18.2094,6.342489842,15.2942,9,,16.65861,8
6.209187645,15.4847,6.359152617,18.1248,9,,16.65457,7
6.22585042,16.5675,6.375815392,16.3685,9,,16.65427,9
6.242513195,16.0689,6.392478166,17.8441,9,,16.65228,9
6.259175969,17.8154,6.409140941,15.3944,9,,16.65623,9
6.275838744,16.014,6.425803715,16.7068,9,,16.65405,9
6.292501519,15.4597,6.44246649,17.6451,9,,16.65002,9
6.309164293,18.3104,6.459129265,15.11,10,,16.65561,9
6.325827068,17.3244,6.475792039,17.4022,9,,16.65785,9
6.375815392,54.2603,6.492454814,16.6908,9,,16.78362,9
6.375815392,0.5883,6.509117588,17.6826,7,,16.72963,9
6.375815392,1.3882,6.525780363,15.6277,8,,16.67866,9
6.392478166,9.8375,6.542443138,16.0041,9,,16.65601,9
6.409140941,16.8083,6.559105912,18.9781,9,,16.65651,9
6.425803715,16.7306,6.575768687,15.3536,9,,16.65676,9
6.44246649,16.459,6.592431461,15.7986,9,,16.65611,9
6.459129265,17.7847,6.609094236,18.7206,9,,16.6598,9
6.475792039,14.1248,6.625757011,15.3009,9,,16.65154,9
6.492454814,18.3762,6.642419785,16.3467,10,,16.65714,9
6.509117588,16.5415,6.65908256,16.5731,9,,16.65676,9
6.525780363,14.8125,6.675745334,17.1489,9,,16.65081,9
6.542443138,18.0537,6.692408109,16.7172,10,,16.65533,9
6.559105912,17.4629,6.709070884,16.3342,9,,16.65791,9
6.575768687,16.8193,6.725733658,16.8832,9,,16.65843,9
6.592431461,16.0324,6.742396433,17.5611,9,,16.65644,9
6.609094236,16.7109,6.759059208,16.653,9,,16.65661,9
6.625757011,15.7744,6.775721982,17.428,9,,16.65382,9
6.642419785,17.9071,6.792384757,15.0859,10,,16.65777,9
6.65908256,16.5876,6.809047531,16.809,9,,16.65755,9
6.675745334,17.3304,6.825710306,17.7394,9,,16.65966,9
6.692408109,16.6191,6.842373081,15.2035,9,,16.65953,9
6.709070884,15.9585,6.859035855,17.3639,9,,16.65735,9
6.725733658,18.7548,6.87569863,17.0243,9,,16.66386,9
6.742396433,12.9755,6.892361404,15.7893,9,,16.65244,9
6.759059208,18.9177,6.909024179,16.5377,10,,16.65944,9
6.775721982,16.1934,6.925686954,18.1005,9,,16.658,9
6.792384757,16.7008,6.942349728,15.619,9,,16.65813,9
6.809047531,17.216,6.959012503,16.1308,9,,16.65984,9
6.825710306,16.0785,6.975675277,18.343,9,,16.65807,9
6.842373081,18.2513,6.992338052,15.2724,9,,16.66291,9
6.859035855,15.8389,7.009000827,17.0237,9,,16.66041,9
6.87569863,15.7526,7.025663601,16.9299,9,,16.65767,8
6.892361404,16.6857,7.042326376,15.3578,10,,16.65775,7
6.909024179,16.8071,7.05898915,20.5365,9,,16.6582,9
6.925686954,18.4093,7.075651925,15.6273,9,,16.66344,9
6.942349728,13.485,7.0923147,14.6279,9,,16.65396,9
6.959012503,17.9331,7.108977474,17.6748,10,,16.65776,9
6.975675277,17.1588,7.125640249,16.3128,9,,16.65925,9
6.992338052,16.4229,7.142303023,15.6519,9,,16.65855,9
7.009000827,16.4997,7.158965798,18.5969,9,,16.65808,9
7.05898915,55.4102,7.175628573,15.4484,9,,16.77206,9
7.05898915,0.8079,7.192291347,15.944,7,,16.72524,9
7.05898915,2.9221,7.208954122,18.132,8,,16.68488,9
7.075651925,9.9029,7.225616897,16.008,9,,16.66511,9
7.0923147,14.7592,7.242279671,16.101,9,,16.65957,9
7.108977474,18.8163,7.258942446,18.0841,9,,16.66582,9
7.125640249,12.4164,7.27560522,15.9113,9,,16.65354,9
7.142303023,18.3665,7.292267995,16.2852,10,,16.65848,9
7.158965798,17.561,7.30893077,16.5132,9,,16.66107,9
7.175628573,14.9183,7.325593544,16.9979,9,,16.65608,9
7.192291347,17.5681,7.342256319,16.6155,10,,16.65868,9
7.208954122,17.234,7.358919093,15.678,9,,16.66032,9
7.225616897,14.606,7.375581868,17.7824,9,,16.65449,9
7.242279671,18.0982,7.392244643,16.4831,10,,16.65858,9
7.258942446,17.1981,7.408907417,16.3374,9,,16.6601,9
7.27560522,17.1601,7.425570192,17.081,9,,16.66151,9
7.292267995,16.1292,7.442232966,15.5356,9,,16.66001,8
7.30893077,16.6895,7.458895741,18.2441,9,,16.6601,7
7.325593544,15.0582,7.475558516,17.1066,9,,16.65562,9
7.342256319,18.238,7.49222129,15.002,10,,16.66003,9
7.358919093,15.8432,7.508884065,18.1527,9,,16.65776,9
7.375581868,15.6323,7.525546839,15.0248,9,,16.65492,8
7.392244643,18.4266,7.542209614,17.4625,10,,16.65981,9
7.408907417,16.4761,7.558872389,17.8531,9,,16.65931,9
7.425570192,15.3524,7.575535163,15.5196,9,,16.65572,9
7.475558516,56.491,7.592197938,16.9105,10,,16.76485,9
7.475558516,1.6963,7.608860712,16.1734,7,,16.72368,9
7.475558516,1.8415,7.625523487,17.3266,8,,16.68313,9
7.49222129,7.9547,7.642186262,16.5304,9,,16.65941,9
7.508884065,16.7281,7.658849036,16.413,9,,16.6596,9
7.542209614,28.1971,7.675511811,16.9294,9,,16.69078,9
7.542209614,5.4325,7.692174586,17.0376,9,,16.66044,9
7.558872389,16.8039,7.70883736,15.7268,9,,16.66082,9
7.575535163,15.4672,7.725500135,17.0798,9,,16.65762,9
7.592197938,18.0718,7.742162909,16.67,10,,16.6614,9
7.608860712,15.8418,7.758825684,17.4949,9,,16.65922,9
7.625523487,15.6444,7.775488459,16.4248,9,,16.65652,9
7.642186262,18.6128,7.792151233,16.0807,10,,16.66171,9
7.658849036,16.0927,7.808814008,17.1186,9,,16.6602,9
7.675511811,15.3949,7.825476782,16.6492,9,,16.65686,9
7.692174586,18.8477,7.842139557,16.6847,10,,16.66263,9
7.70883736,15.7741,7.858802332,18.4585,9,,16.6603,9
7.725500135,15.6815,7.875465106,15.5039,9,,16.65774,9
7.742162909,18.0674,7.892127881,15.6548,10,,16.66142,9
7.758825684,18.5895,7.908790655,18.5055,9,,16.66644,9
7.775488459,13.3255,7.92545343,15.2619,9,,16.65776,9
7.792151233,18.0154,7.942116205,15.4183,10,,16.66128,9
7.808814008,16.7394,7.958778979,17.6675,9,,16.66148,9
7.825476782,15.1817,7.975441754,16.9772,9,,16.65766,9
7.842139557,18.4746,7.992104528,16.4123,10,,16.66233,9
7.858802332,17.2388,8.008767303,18.1359,9,,16.66381,9
7.875465106,14.1574,8.025430078,16.0296,9,,16.6574,9
7.892127881,18.2285,8.042092852,15.7635,10,,16.66141,9
7.908790655,17.1902,8.058755627,18.1493,9,,16.66276,9
7.92545343,15.0133,8.075418402,15.4061,9,,16.65857,9
7.942116205,16.8461,8.092081176,16.8439,10,,16.65904,9
7.958778979,16.989,8.108743951,17.322,10,,16.65988,9
7.975441754,16.1839,8.125406725,16.2147,9,,16.65868,9
7.992104528,18.1265,8.1420695,16.1719,10,,16.66237,9
8.008767303,16.7347,8.158732275,16.9246,9,,16.66255,9
8.025430078,14.6439,8.175395049,16.8594,9,,16.6575,9
8.042092852,18.4284,8.192057824,15.2858,10,,16.66192,9
8.058755627,17.3493,8.208720598,18.2054,9,,16.66363,8
8.075418402,14.6993,8.225383373,15.1942,9,,16.65875,7
8.092081176,17.7758,8.242046148,19.9707,10,,16.66152,9
8.108743951,16.7026,8.258708922,15.7445,9,,16.66162,9
8.125406725,14.991,8.275371697,17.0514,9,,16.65751,9
8.1420695,18.4626,8.292034471,15.5675,10,,16.66194,9
8.158732275,16.8602,8.308697246,17.5384,9,,16.66243,9
8.175395049,15.1583,8.325360021,15.5281,9,,16.65875,9
8.192057824,16.6961,8.342022795,16.1266,10,,16.65884,9
8.242046148,56.269,8.35868557,17.7858,10,,16.75521,9
8.242046148,0.8939,8.375348344,16.1398,7,,16.71672,9
8.242046148,2.5868,8.392011119,15.4486,8,,16.6825,9
8.258708922,8.6099,8.408673894,17.4039,9,,16.663,9
8.275371697,14.2717,8.425336668,16.8214,9,,16.65724,9
8.292034471,19.1167,8.441999443,16.8305,10,,16.66315,9
8.308697246,17.578,8.458662217,18.1159,9,,16.66535,9
8.325360021,13.7412,8.475324992,15.1913,9,,16.65835,9
8.342022795,17.8313,8.491987767,17.0444,10,,16.66115,9
8.35868557,19.1854,8.508650541,15.5949,10,,16.66716,9
8.375348344,12.6691,8.525313316,18.03,9,,16.65767,9
8.392011119,17.7967,8.541976091,16.3609,10,,16.66036,9
8.408673894,17.5514,8.558638865,16.921,10,,16.66247,9
8.425336668,18.1299,8.57530164,16.7868,9,,16.66593,9
8.441999443,18.2791,8.591964414,16.0561,9,,16.66973,9
8.458662217,14.5262,8.608627189,17.1711,9,,16.6647,9
8.475324992,17.3011,8.625289964,16.8112,9,,16.66619,9
8.491987767,18.2531,8.641952738,16.7255,9,,16.66989,9
8.508650541,13.359,8.658615513,15.9142,9,,16.66218,9
8.525313316,15.9565,8.675278287,16.7263,9,,16.66054,9
8.541976091,18.2141,8.691941062,15.4584,10,,16.66414,9
8.558638865,16.7002,8.708603837,17.5678,9,,16.66422,9
8.57530164,17.069,8.725266611,17.0709,9,,16.66516,9
8.591964414,13.9849,8.741929386,15.9981,9,,16.65898,9
8.608627189,18.6141,8.75859216,16.3882,10,,16.66348,9
8.625289964,16.0358,8.775254935,17.8551,9,,16.66204,9
8.641952738,18.0634,8.79191771,16.0756,9,,16.66524,9
8.658615513,16.1777,8.808580484,17.2992,9,,16.66413,9
8.675278287,15.1224,8.825243259,16.6151,9,,16.66062,9
8.691941062,16.8386,8.841906033,15.8862,10,,16.66102,9
8.708603837,17.2256,8.858568808,16.767,10,,16.6623,9
8.725266611,15.2532,8.875231583,17.3146,9,,16.65912,9
8.741929386,18.335,8.891894357,16.0735,10,,16.6629,9
8.75859216,16.3435,8.908557132,16.6187,10,,16.66218,9
8.775254935,14.7606,8.925219906,17.2169,9,,16.65791,9
8.79191771,19.0628,8.941882681,16.3514,10,,16.6633,9
8.808580484,17.1822,8.958545456,17.8181,9,,16.66446,9
8.825243259,14.617,8.97520823,15.366,9,,16.65989,9
8.841906033,18.0167,8.991871005,16.6473,10,,16.66291,9
8.858568808,16.3236,9.00853378,17.4608,10,,16.66216,9
8.875231583,16.1817,9.025196554,17.8917,9,,16.66109,9
8.891894357,17.162,9.041859329,14.9735,10,,16.6622,9
8.908557132,17.1739,9.058522103,18.1876,10,,16.66333,9
8.925219906,16.0333,9.075184878,15.8985,9,,16.66194,9
8.941882681,17.5062,9.091847653,16.9557,9,,16.6638,9
8.958545456,19.1185,9.108510427,15.9759,10,,16.66918,9
8.97520823,15.4078,9.125173202,16.6232,9,,16.66642,9
8.991871005,15.5749,9.141835976,16.1847,9,,16.66404,9
9.00853378,17.389,9.158498751,16.2657,9,,16.66562,9
9.025196554,16.4222,9.175161526,17.6208,9,,16.66509,9
9.041859329,16.1707,9.1918243,15.7222,9,,16.66401,9
9.058522103,25.1821,9.208487075,16.9582,9,,16.68245,9
9.075184878,7.2728,9.225149849,17.5012,9,,16.66213,9
9.091847653,18.8022,9.241812624,16.0777,10,,16.66674,9
9.108510427,16.0249,9.258475399,16.8111,9,,16.66536,9
9.125173202,14.8273,9.275138173,16.9268,9,,16.66142,9
9.141835976,17.6549,9.291800948,17.1768,10,,16.66354,9
9.158498751,16.2401,9.308463722,16.2268,10,,16.66264,9
9.175161526,15.9195,9.325126497,17.9145,9,,16.66105,9
9.1918243,17.4845,9.341789272,14.865,10,,16.66281,9
9.208487075,17.2132,9.358452046,16.5255,10,,16.66397,9
9.225149849,15.0662,9.375114821,17.641,9,,16.66059,9
9.241812624,21.0218,9.391777596,16.2091,10,,16.66981,9
9.258475399,14.2615,9.40844037,17.5797,9,,16.66473,9
9.275138173,14.9881,9.425103145,16.5282,9,,16.6612,9
9.291800948,18.865,9.441765919,15.0859,10,,16.66583,9
9.308463722,16.2626,9.458428694,16.938,9,,16.66498,9
9.325126497,14.7391,9.475091469,17.3776,9,,16.66096,9
9.341789272,18.0449,9.491754243,16.1561,10,,16.66384,9
9.358452046,16.6492,9.508417018,18.6949,10,,16.66381,9
9.375114821,15.6538,9.525079792,16.1721,9,,16.66171,9
9.391777596,19.5088,9.541742567,16.3591,10,,16.66762,9
9.40844037,16.518,9.558405342,15.6723,9,,16.66731,9
9.425103145,13.1813,9.575068116,17.3312,9,,16.66011,9
9.441765919,18.2772,9.591730891,16.6608,10,,16.66344,9
9.458428694,16.9362,9.608393665,16.8266,10,,16.664,9
9.475091469,15.8603,9.62505644,16.9002,9,,16.66235,9
9.491754243,17.5548,9.641719215,16.149,10,,16.66418,9
9.508417018,17.4444,9.658381989,18.2228,9,,16.66578,9
9.525079792,17.1823,9.675044764,15.8853,9,,16.66683,9
9.541742567,16.1452,9.691707538,15.6046,9,,16.66577,9
9.558405342,15.9269,9.708370313,18.4595,9,,16.66427,9
9.575068116,15.7873,9.725033088,15.6827,9,,16.66249,9
9.591730891,17.8484,9.741695862,15.5536,10,,16.66489,9
9.608393665,16.6574,9.758358637,18.0596,10,,16.66488,10
9.62505644,14.8595,9.775021411,16.485,9,,16.66124,10
9.641719215,18.7669,9.791684186,16.708,10,,16.66547,10
9.658381989,18.5872,9.808346961,16.6538,9,,16.66933,10
9.675044764,13.4514,9.825009735,16.5321,9,,16.66288,10
9.691707538,17.7298,9.84167251,17.7349,10,,16.66502,10
9.708370313,18.181,9.858335285,16.1668,9,,16.66804,10
9.725033088,14.3982,9.874998059,16.5978,9,,16.66352,10
9.741695862,16.9023,9.891660834,15.3263,9,,16.664,10
9.758358637,16.9894,9.908323608,18.4171,10,,16.66464,10
9.775021411,15.2026,9.924986383,15.8033,10,,16.66175,10
9.791684186,19.1519,9.941649158,15.9088,11,,16.66667,10
9.808346961,16.4305,9.958311932,18.0822,10,,16.6662,10
9.825009735,25.8175,9.974974707,16.1868,10,,16.68422,10
9.84167251,8.5038,9.991637481,16.571,10,,16.66814,10
9.858335285,16.1715,10.00830026,17.3857,10,,16.66717,10
9.874998059,13.6739,10.02496303,16.0746,10,,16.66131,10
9.891660834,18.5941,10.04162581,15.9569,11,,16.66509,10
9.908323608,16.9836,10.05828858,17.8738,11,,16.66571,10
9.924986383,14.7819,10.07495135,16.5597,10,,16.66204,10
9.941649158,18.4147,10.09161413,15.7905,11,,16.66545,10
9.958311932,16.6499,10.1082769,17.7942,10,,16.66542,10
9.974974707,15.0362,10.12493968,16.5304,10,,16.66226,10
9.991637481,19.0562,10.14160245,15.9802,11,,16.66689,10
10.00830026,15.8571,10.15826523,16.4275,10,,16.66533,10
10.02496303,15.7292,10.174928,16.8627,10,,16.66352,10
10.04162581,17.7893,10.19159078,16.0725,11,,16.66569,10
10.05828858,17.5288,10.20825355,17.1879,10,,16.66734,10
10.07495135,13.7058,10.22491633,17.1641,10,,16.66168,10
10.09161413,18.9894,10.2415791,16.3036,11,,16.66612,10
10.1082769,18.8825,10.25824188,17.1801,10,,16.67034,10
10.12493968,12.5925,10.27490465,16.3872,10,,16.66259,10
10.14160245,19.0561,10.29156742,15.3673,11,,16.66713,10
10.15826523,16.3587,10.3082302,18.3517,10,,16.66655,10
10.174928,19.3542,10.32489297,16.2614,10,,16.67163,10
10.19159078,12.8941,10.34155575,15.8135,10,,16.6645,10
10.20825355,17.4671,10.35821852,17.9562,11,,16.66601,10
10.22491633,15.3721,10.3748813,16.2176,10,,16.66358,10
10.2415791,17.9959,10.39154407,15.5565,11,,16.66608,10
10.25824188,16.1083,10.40820685,17.5924,10,,16.66503,10
10.27490465,15.4716,10.42486962,16.7429,11,,16.6628,10
10.29156742,17.5069,10.4415324,15.4556,11,,16.66438,10
10.3082302,17.4867,10.45819517,17.1316,11,,16.66591,10
10.32489297,14.982,10.47485794,17.5791,10,,16.66278,10
10.34155575,18.2209,10.49152072,15.2481,11,,16.66567,10
10.35821852,16.9484,10.50818349,18.3079,10,,16.66619,10
10.3748813,14.8772,10.52484627,16.6999,10,,16.66289,10
10.39154407,17.9733,10.54150904,15.5184,11,,16.6653,10
10.40820685,17.8461,10.55817182,18.3487,11,,16.66748,10
10.42486962,14.2016,10.57483459,15.9551,10,,16.66295,10
10.4415324,17.5103,10.59149737,18.1074,11,,16.6645,10
10.45819517,17.3557,10.60816014,14.7549,11,,16.66577,10
10.47485794,15.3587,10.62482292,16.6554,10,,16.66338,10
10.49152072,17.3838,10.64148569,16.4225,11,,16.66469,10
10.50818349,17.1944,10.65814847,17.1474,11,,16.66566,10
10.52484627,14.9136,10.67481124,18.1024,10,,16.66247,10
10.54150904,18.5847,10.69147401,14.5133,11,,16.66596,10
10.55817182,16.8067,10.70813679,17.0146,10,,16.66622,10
10.57483459,15.2985,10.72479956,18.7275,10,,16.66374,10
10.59149737,21.5712,10.74146234,15.4769,11,,16.6726,10
10.60816014,13.1911,10.75812511,15.7471,10,,16.66633,10
10.62482292,18.5337,10.77478789,16.7675,10,,16.66969,10
10.64148569,16.1517,10.79145066,17.4034,10,,16.66876,10
10.65814847,15.8941,10.80811344,16.4036,10,,16.66737,10
10.67481124,16.5303,10.82477621,17.0566,10,,16.66712,10
10.69147401,15.9489,10.84143899,16.5047,10,,16.66584,10
10.70813679,16.9139,10.85810176,15.5763,10,,16.66628,10
10.72479956,19.0403,10.87476454,17.1816,10,,16.67051,10
10.74146234,13.2577,10.89142731,16.9307,10,,16.66444,10
10.75812511,17.7903,10.90809008,17.0883,11,,16.66644,10
10.77478789,16.361,10.92475286,15.5658,10,,16.6659,10
10.79145066,17.9808,10.94141563,17.7196,10,,16.66822,10
10.80811344,15.8878,10.95807841,16.2997,10,,16.66685,10
10.82477621,16.3637,10.97474118,17.0701,10,,16.66631,10
10.84143899,17.767,10.99140396,16.7419,11,,16.66825,10
10.85810176,15.3879,11.00806673,17.5877,10,,16.666,10
10.87476454,17.1026,11.02472951,15.6201,11,,16.66677,10
10.89142731,15.6288,11.04139228,16.7542,10,,16.66495,10
10.90809008,18.0966,11.05805506,16.0912,11,,16.66745,10
10.92475286,15.7699,11.07471783,17.3375,10,,16.66589,10
10.94141563,16.1777,11.09138061,16.7369,11,,16.66504,10
10.95807841,17.7108,11.10804338,16.7526,11,,16.66685,10
10.97474118,17.0352,11.12470615,16.4876,10,,16.66749,10
10.99140396,14.7193,11.14136893,16.793,10,,16.66412,10
11.00806673,19.6522,11.1580317,15.9553,11,,16.66928,10
11.02472951,15.46,11.17469448,16.8878,10,,16.6672,10
11.04139228,15.2637,11.19135725,17.1797,10,,16.66478,10
11.05805506,17.9672,11.20802003,16.8474,11,,16.66702,10
11.07471783,17.2238,11.2246828,16.4478,10,,16.66797,10
11.09138061,14.6811,11.24134558,16.8888,10,,16.66457,10
11.10804338,17.9918,11.25800835,16.6719,11,,16.66684,10
11.12470615,17.4585,11.27467113,15.3658,11,,16.66819,10
11.14136893,14.1771,11.2913339,17.8233,10,,16.66395,10
11.1580317,18.5888,11.30799668,17.3607,11,,16.66722,10
11.17469448,16.5992,11.32465945,16.2307,10,,16.6671,10
11.19135725,15.2407,11.34132222,17.0086,10,,16.66469,10
11.20802003,18.0949,11.357985,17.2061,11,,16.66711,10
11.2246828,17.1206,11.37464777,16.326,10,,16.66787,10
11.24134558,14.7494,11.39131055,16.1385,10,,16.66464,10
11.25800835,18.7591,11.40797332,16.1901,11,,16.66816,10
11.27467113,15.6009,11.4246361,16.1726,10,,16.66637,10
11.2913339,15.5959,11.44129887,17.6449,10,,16.66457,10
11.30799668,19.8169,11.45796165,16.1145,11,,16.66986,10
11.32465945,15.7453,11.47462442,16.6511,10,,16.66831,10
11.34132222,14.5711,11.4912872,17.3031,10,,16.66481,10
11.357985,19.0169,11.50794997,15.8619,11,,16.66873,10
11.37464777,16.0439,11.52461275,16.6513,10,,16.66769,10
11.39131055,15.7328,11.54127552,17.4718,10,,16.66614,10
11.40797332,17.7459,11.55793829,16.1146,11,,16.66793,10
11.4246361,15.9401,11.57460107,17.2507,10,,16.66672,10
11.44129887,15.9079,11.59126384,16.4024,10,,16.66547,10
11.45796165,17.8984,11.60792662,16.5063,11,,16.6675,10
11.47462442,16.3537,11.62458939,16.8519,10,,16.66698,10
11.4912872,14.7531,11.64125217,16.5973,10,,16.66384,10
11.50794997,18.8806,11.65791494,16.3434,11,,16.66748,10
11.52461275,16.3536,11.67457772,16.3801,10,,16.66696,10
11.54127552,15.6247,11.69124049,17.5238,10,,16.66526,10
11.55793829,17.7724,11.70790327,15.7702,11,,16.66706,10
11.57460107,16.7726,11.72456604,16.9424,11,,16.66724,10
11.59126384,15.2153,11.74122882,17.3358,10,,16.66487,10
11.60792662,18.7157,11.75789159,17.6944,11,,16.66821,10
11.62458939,16.9617,11.77455436,15.7752,11,,16.66868,10
11.64125217,14.7645,11.79121714,16.4424,10,,16.6656,10
11.65791494,18.0657,11.80787991,16.7593,11,,16.66786,10
11.67457772,16.0612,11.82454269,16.8002,10,,16.66688,10
11.69124049,15.3122,11.84120546,16.2393,10,,16.6647,10
11.70790327,18.249,11.85786824,16.2222,11,,16.66725,10
11.72456604,16.7039,11.87453101,16.8881,11,,16.66731,10
11.74122882,15.7545,11.89119379,17.4469,10,,16.66584,10
11.75789159,19.4736,11.90785656,15.7255,11,,16.67034,10
11.77455436,15.4267,11.92451934,16.031,10,,16.66835,10
11.79121714,14.6862,11.94118211,18.2201,10,,16.66519,10
11.80787991,18.9636,11.95784489,16.0894,11,,16.66885,10
11.82454269,16.734,11.97450766,16.1155,10,,16.66895,10
11.84120546,14.5655,11.99117043,17.7894,10,,16.66561,10
11.85786824,17.527,12.00783321,16.1498,11,,16.66698,10
11.87453101,17.3381,12.02449598,16.2252,11,,16.66804,10
11.89119379,14.8666,12.04115876,17.4078,10,,16.66519,10
11.90785656,18.2693,12.05782153,15.4415,11,,16.66773,10
11.92451934,15.8213,12.07448431,17.3655,10,,16.66639,10
11.94118211,15.7178,12.09114708,17.3482,11,,16.6649,10
11.95784489,18.5851,12.10780986,15.6502,11,,16.66792,10
11.97450766,16.395,12.12447263,18.3235,10,,16.66749,10
11.99117043,16.2888,12.14113541,16.3504,10,,16.66689,10
12.00783321,17.71,12.15779818,15.8335,10,,16.66853,10
12.02449598,16.1381,12.17446095,16.4507,10,,16.6677,10
12.04115876,15.813,12.19112373,17.7754,10,,16.66636,10
12.05782153,16.8421,12.2077865,16.2087,11,,16.66664,10
12.07448431,17.6156,12.22444928,16.3114,11,,16.66811,10
12.09114708,15.4917,12.24111205,17.3503,10,,16.66629,10
12.10780986,17.2866,12.25777483,15.913,11,,16.66725,10
12.12447263,27.8066,12.2744376,16.5117,11,,16.68449,10
12.14113541,4.3595,12.29110038,17.5447,10,,16.66544,10
12.15779818,19.9191,12.30776315,15.6548,11,,16.67046,10
12.17446095,14.7969,12.32442593,16.5638,10,,16.66758,10
12.19112373,17.7714,12.3410887,17.8728,11,,16.66928,10
12.2077865,16.4843,12.35775148,15.9495,10,,16.66899,10
12.22444928,16.1925,12.37441425,17.3376,10,,16.66826,10
12.24111205,14.6708,12.39107702,16.9217,10,,16.6652,10
12.25777483,18.6667,12.4077398,15.7136,11,,16.66826,10
12.2744376,16.6682,12.42440257,17.1215,11,,16.66826,10
12.29110038,14.9655,12.44106535,17.163,10,,16.66567,10
12.30776315,17.9049,12.45772812,15.2569,11,,16.66755,10
12.32442593,16.7968,12.4743909,17.3619,11,,16.66775,10
12.3410887,16.0124,12.49105367,17.235,10,,16.66675,10
12.35775148,17.7047,12.50771645,16.4074,11,,16.66833,10
12.37441425,17.069,12.52437922,16.9981,10,,16.66893,10
12.39107702,14.8511,12.541042,16.3741,10,,16.66619,10
12.4077398,18.0101,12.55770477,16.4581,11,,16.66821,10
12.42440257,16.7152,12.57436755,16.1609,11,,16.66829,10
12.44106535,15.1471,12.59103032,16.7015,10,,16.666,9
12.45772812,17.6879,12.60769309,17.7503,11,,16.66753,8
12.4743909,17.2318,12.62435587,16.8591,11,,16.66838,10
12.49105367,14.9551,12.64101864,16.4818,10,,16.66581,10
12.50771645,18.7832,12.65768142,15.7228,11,,16.66898,10
12.52437922,17.2309,12.67434419,17.1679,10,,16.66982,10
12.541042,14.8133,12.69100697,18.6751,10,,16.66705,10
12.55770477,18.0124,12.70766974,14.4751,11,,16.66905,10
12.57436755,16.0044,12.72433252,16.6916,10,,16.66806,10
12.62435587,56.132,12.74099529,17.3373,10,,16.72662,10
12.62435587,1.8563,12.75765807,16.2969,8,,16.70459,10
12.62435587,0.6154,12.77432084,16.7201,9,,16.68079,10
12.64101864,6.1579,12.79098362,17.1604,10,,16.66524,10
12.65768142,18.4575,12.80764639,16.3006,11,,16.66789,10
12.67434419,17.1799,12.82430916,17.121,11,,16.66864,10
12.69100697,14.4027,12.84097194,16.8271,10,,16.66531,10
12.70766974,18.8832,12.85763471,15.0748,11,,16.66856,10
12.72433252,16.7864,12.87429749,17.9526,10,,16.66874,10
12.74099529,15.6478,12.89096026,16.7504,11,,16.66724,10
12.75765807,17.2361,12.90762304,15.853,11,,16.66807,10
12.77432084,17.668,12.92428581,17.2259,11,,16.66953,10
12.79098362,14.3074,12.94094859,18.5648,10,,16.66609,10
12.80764639,19.0359,12.95761136,15.9101,11,,16.66954,10
12.82430916,16.2217,12.97427414,15.1474,10,,16.66889,10
12.84097194,15.3577,12.99093691,17.9547,10,,16.66699,10
12.85763471,17.4097,13.00759969,16.1907,11,,16.66806,10
12.87429749,16.3498,13.02426246,14.9691,11,,16.6676,10
12.89096026,26.6544,13.04092523,17.8261,11,,16.68203,10
12.90762304,5.5745,13.05758801,16.9607,10,,16.666,10
12.92428581,19.1028,13.07425078,15.9641,11,,16.66952,10
12.94094859,17.2938,13.09091356,17.7661,10,,16.67042,10
12.95761136,17.1016,13.10757633,16.2079,10,,16.67103,10
12.97427414,14.6839,13.12423911,16.3321,10,,16.66818,10
12.99093691,17.1379,13.14090188,17.9208,10,,16.66886,10
13.00759969,15.3986,13.15756466,16.2175,10,,16.66704,10
13.02426246,17.1862,13.17422743,15.6075,11,,16.66778,10
13.04092523,17.9988,13.19089021,18.3548,11,,16.66968,10
13.05758801,15.203,13.20755298,15.882,10,,16.66759,10
13.07425078,17.514,13.22421576,15.9607,11,,16.66879,10
13.09091356,17.4926,13.24087853,18.1597,10,,16.66996,10
13.10757633,14.9572,13.2575413,15.9041,10,,16.66754,10
13.12423911,17.9898,13.27420408,16.8683,11,,16.66941,10
13.14090188,16.4536,13.29086685,17.203,10,,16.6691,10
13.15756466,14.6312,13.30752963,15.7693,10,,16.66622,10
13.17422743,18.3334,13.3241924,16.0619,11,,16.66858,10
13.19089021,17.888,13.34085518,17.4023,11,,16.67029,10
13.20755298,13.9888,13.35751795,16.9392,10,,16.66652,10
13.22421576,18.7203,13.37418073,15.7135,11,,16.66941,10
13.24087853,16.1886,13.3908435,19.0194,10,,16.66873,10
13.2575413,15.4798,13.40750628,17.5504,10,,16.66707,10
13.27420408,19.3018,13.42416905,13.8416,11,,16.67075,10
13.29086685,15.7632,13.44083183,18.359,10,,16.66948,10
13.30752963,14.9029,13.4574946,15.6421,10,,16.66702,10
13.3241924,18.3233,13.47415737,14.9374,11,,16.66933,10
13.34085518,17.2258,13.49082015,17.4942,10,,16.6701,10
13.35751795,14.1615,13.50748292,16.8628,10,,16.66662,10
13.37418073,18.5738,13.5241457,16.1083,11,,16.66926,10
13.3908435,17.9767,13.54080847,16.6057,10,,16.67107,10
13.40750628,14.7376,13.55747125,17.6776,10,,16.6684,10
13.42416905,17.3693,13.57413402,15.9654,10,,16.66937,10
13.44083183,17.6862,13.5907968,17.4645,10,,16.67077,10
13.4574946,14.1588,13.60745957,16.8964,10,,16.66731,10
13.47415737,17.3662,13.62412235,15.0718,11,,16.66827,10
13.49082015,16.9314,13.64078512,18.1202,11,,16.66863,10
13.50748292,14.959,13.6574479,16.7037,10,,16.66629,10
13.5241457,18.5626,13.67411067,15.9533,11,,16.66888,10
13.54080847,16.823,13.69077344,16.7964,11,,16.66909,10
13.55747125,15.1994,13.70743622,17.2078,10,,16.66709,10
13.57413402,18.2807,13.72409899,15.6881,11,,16.66929,10
13.5907968,17.6612,13.74076177,16.9401,10,,16.67064,10
13.60745957,14.5775,13.75742454,17.274,10,,16.66779,10
13.62412235,16.8719,13.77408732,16.196,11,,16.66807,10
13.64078512,17.0643,13.79075009,16.8155,11,,16.66861,10
13.6574479,15.713,13.80741287,17.0754,10,,16.66731,10
13.67411067,19.8629,13.82407564,16.2474,11,,16.67164,10
13.69077344,15.434,13.84073842,15.9603,10,,16.66996,10
13.70743622,17.2236,13.85740119,17.9102,10,,16.67071,10
13.72409899,15.604,13.87406396,16.6265,10,,16.66927,10
13.74076177,16.8877,13.89072674,15.7368,11,,16.66957,10
13.75742454,14.4409,13.90738951,18.2049,10,,16.66657,10
13.77408732,18.7223,13.92405229,14.7913,11,,16.66933,10
13.79075009,16.5105,13.94071506,17.2057,11,,16.66912,10
13.80741287,15.7021,13.95737784,17.4956,11,,16.66782,10
13.82407564,18.3245,13.97404061,16.0077,11,,16.67004,10
13.84073842,15.8719,13.99070339,16.9654,10,,16.66897,10
13.85740119,15.4678,14.00736616,17.2381,10,,16.66737,10
13.87406396,18.9869,14.02402894,15.6621,11,,16.67046,10
13.89072674,15.9702,14.04069171,16.5925,10,,16.66953,10
13.90738951,15.6985,14.05735449,17.3253,10,,16.66824,10
13.92405229,17.1554,14.07401726,16.1527,11,,16.66889,10
13.94071506,17.0272,14.09068003,16.115,11,,16.66936,10
13.95737784,15.7359,14.10734281,17.8983,11,,16.66813,10
13.97404061,17.9362,14.12400558,16.4569,11,,16.6698,10
13.99070339,16.2435,14.14066836,16.026,10,,16.66924,10
14.00736616,15.6434,14.15733113,17.4944,10,,16.66789,10
14.02402894,17.9058,14.17399391,16.9203,11,,16.66952,10
14.04069171,16.7548,14.19065668,15.499,11,,16.66963,10
14.05735449,15.3047,14.20731946,17.5299,10,,16.66784,10
14.07401726,18.0971,14.22398223,16.164,11,,16.66971,10
14.09068003,15.9096,14.24064501,16.685,11,,16.66871,10
14.10734281,15.7319,14.25730778,17.8943,11,,16.66749,10
14.12400558,18.9046,14.27397056,15.1955,11,,16.67041,10
14.14066836,15.8399,14.29063333,17.0635,10,,16.66933,10
14.15733113,15.5463,14.3072961,17.3803,11,,16.66787,10
14.17399391,18.9495,14.32395888,16.0577,11,,16.67083,10
14.19065668,15.5312,14.34062165,16.8292,10,,16.66935,10
14.20731946,15.9837,14.35728443,17.1818,11,,16.66846,10
14.22398223,17.7039,14.3739472,16.3919,11,,16.6698,10
14.24064501,16.4647,14.39060998,18.1301,11,,16.66954,10
14.25730778,15.711,14.40727275,15.4251,10,,16.6683,10
14.27397056,17.0502,14.42393553,16.7466,11,,16.66879,10
14.29063333,17.0625,14.4405983,16.6285,11,,16.6693,10
14.3072961,16.1714,14.45726108,17.3618,11,,16.66866,10
14.32395888,17.7063,14.47392385,15.227,11,,16.66999,10
14.34062165,17.0511,14.49058663,16.7601,10,,16.67048,10
14.35728443,14.6053,14.5072494,18.3595,10,,16.66784,10
14.3739472,18.772,14.52391217,15.2223,11,,16.67053,10
14.39060998,16.772,14.54057495,16.9915,10,,16.67066,10
14.40727275,14.7528,14.55723772,17.2562,10,,16.66821,10
14.42393553,18.5963,14.5739005,15.5245,11,,16.67067,10
14.4405983,16.5146,14.59056327,17.7259,10,,16.67047,10
14.45726108,17.7641,14.60722605,16.7936,10,,16.67186,9
14.47392385,13.9072,14.62388882,15.1051,10,,16.66835,8
14.49058663,17.7796,14.6405516,20.2771,11,,16.66976,10
14.5072494,17.4761,14.65721437,14.568,11,,16.67078,10
14.52391217,14.4823,14.67387715,16.6515,10,,16.66801,10
14.54057495,18.7068,14.69053992,15.8555,11,,16.67059,10
14.55723772,16.253,14.7072027,16.8685,10,,16.67006,10
14.5739005,14.7741,14.72386547,18.1737,10,,16.66767,10
14.59056327,19.4089,14.74052824,16.2486,11,,16.67112,10
14.6405516,53.9753,14.75719102,15.4056,10,,16.71805,10
14.6405516,0.8076,14.77385379,16.8582,8,,16.69806,10
14.6405516,2.54,14.79051657,17.9673,9,,16.68029,10
14.65721437,8.654,14.80717934,15.6454,10,,16.67024,10
14.67387715,14.9861,14.82384212,16.3457,10,,16.66813,10
14.69053992,18.2964,14.84050489,17.2739,11,,16.67016,10
14.7072027,16.9956,14.85716767,15.654,11,,16.67057,10
14.72386547,19.4241,14.87383044,19.401,10,,16.674,10
14.74052824,11.2641,14.89049322,15.1209,10,,16.66727,10
14.75719102,18.8488,14.90715599,16.2037,11,,16.66998,10
14.77385379,17.1931,14.92381877,16.4555,11,,16.67063,10
14.79051657,16.7133,14.94048154,17.6359,10,,16.67068,10
14.80717934,16.8926,14.95714431,15.3712,10,,16.67096,10
14.82384212,15.9297,14.97380709,17.7772,10,,16.67004,10
14.84050489,15.6764,14.99046986,16.4814,10,,16.66881,10
14.85716767,17.7421,15.00713264,16.5962,11,,16.67014,10
14.87383044,18.7027,15.02379541,15.9231,10,,16.67264,10
14.89049322,13.1056,15.04045819,17.4167,10,,16.66825,10
14.90715599,18.9327,15.05712096,15.8757,11,,16.67104,10
14.92381877,16.3318,15.07378374,16.7214,10,,16.67062,10
14.94048154,15.2331,15.09044651,17.3719,10,,16.66885,10
14.95714431,17.7397,15.10710929,16.0383,11,,16.67017,10
14.97380709,17.3803,15.12377206,17.4502,11,,16.67104,10
14.99046986,14.4281,15.14043484,16.5009,10,,16.66829,10
15.00713264,19.2203,15.15709761,15.9887,11,,16.67141,10
15.02379541,15.9365,15.17376038,16.8664,10,,16.67051,10
15.04045819,14.7006,15.19042316,16.5676,10,,16.66811,10
15.05712096,18.4034,15.20708593,16.7653,11,,16.67023,10
15.07378374,17.0525,15.22374871,17.0656,10,,16.67069,10
15.09044651,15.0331,15.24041148,16.7475,10,,16.6687,10
15.10710929,18.2167,15.25707426,17.0048,11,,16.67058,10
15.12377206,16.9421,15.27373703,15.8098,10,,16.67091,10
15.14043484,15.4928,15.29039981,16.4946,10,,16.66948,10
15.15709761,16.8758,15.30706258,17.5485,11,,16.66973,10
15.17376038,17.2043,15.32372536,17.1676,11,,16.67038,10
15.19042316,24.5227,15.34038813,14.9814,11,,16.67984,10
15.20708593,7.3207,15.35705091,17.1967,10,,16.66858,10
15.22374871,18.8023,15.37371368,16.6777,11,,16.67114,10
15.24041148,15.1385,15.39037645,16.5718,10,,16.6693,10
15.25707426,15.8364,15.40703923,16.5438,11,,16.6683,10
15.27373703,18.2871,15.423702,18.2234,11,,16.67024,10
15.29039981,16.3666,15.44036478,15.4086,11,,16.66988,10
15.30706258,17.0966,15.45702755,11.7964,11,,16.67039,10
15.32372536,15.5642,15.47369033,22.4199,10,,16.66907,10
15.34038813,17.6389,15.4903531,15.6199,11,,16.67022,10
15.35705091,17.232,15.50701588,17.5969,11,,16.67089,10
15.37371368,17.3235,15.52367865,16.1256,10,,16.67167,10
15.39037645,15.903,15.54034143,16.9016,10,,16.67075,10
15.40703923,16.1833,15.5570042,17.3359,10,,16.67018,10
15.423702,15.3535,15.57366697,15.981,11,,16.66862,10
15.44036478,18.4741,15.59032975,18.0537,11,,16.67075,10
15.45702755,14.8081,15.60699252,15.2832,10,,16.66855,10
15.47369033,18.3643,15.6236553,16.113,10,,16.67055,10
15.4903531,16.4343,15.64031807,19.0361,10,,16.67027,10
15.50701588,17.5711,15.65698085,15.5575,11,,16.67134,10
15.52367865,15.4216,15.67364362,15.2537,10,,16.66986,10
15.54034143,15.7184,15.6903064,17.1443,11,,16.66875,10
15.5570042,19.8944,15.70696917,17.8645,11,,16.67253,9
15.57366697,15.0826,15.72363195,14.9923,10,,16.67067,8
15.59032975,18.7934,15.74029472,19.8524,10,,16.67315,10
15.60699252,13.4398,15.7569575,14.9449,10,,16.66937,10
15.6236553,17.6185,15.77362027,17.0745,11,,16.67048,10
15.64031807,17.8422,15.79028304,15.2306,11,,16.67185,10
15.65698085,14.5471,15.80694582,16.6315,10,,16.66937,10
15.67364362,17.3842,15.82360859,18.3146,11,,16.6702,10
15.6903064,17.0458,15.84027137,16.7738,11,,16.67064,10
15.74029472,55.5863,15.85693414,14.8459,10,,16.71584,10
15.74029472,0.7486,15.87359692,16.5446,8,,16.69732,10
15.74029472,2.3021,15.89025969,19.0914,9,,16.68064,10
15.7569575,8.1264,15.90692247,16.0105,10,,16.67073,10
15.77362027,15.0157,15.92358524,15.4595,10,,16.66882,10
15.79028304,18.1618,15.94024802,16.9067,11,,16.67055,10
15.80694582,16.8579,15.95691079,18.2423,11,,16.67076,10
15.82360859,18.3351,15.97357357,15.6711,11,,16.67268,10
15.84027137,13.4622,15.99023634,16.3909,10,,16.66899,10
15.85693414,18.411,16.00689911,19.1983,11,,16.67099,10
15.87359692,16.2581,16.02356189,13.6302,10,,16.67051,9
15.89025969,20.6075,16.04022466,17.4417,11,,16.67503,10
15.90692247,11.889,16.05688744,17.7281,10,,16.66955,10
15.92358524,17.773,16.07355021,15.4708,11,,16.67081,10
15.94024802,16.6447,16.09021299,15.9142,11,,16.67078,10
15.95691079,17.0664,16.10687576,17.0167,10,,16.67123,10
15.97357357,17.2156,16.12353854,17.2422,10,,16.67185,10
15.99023634,16.5532,16.14020131,16.9659,10,,16.67172,10
16.00689911,18.4186,16.15686409,15.8851,10,,16.6737,10
16.04022466,26.5135,16.17352686,18.4159,10,,16.68489,10
16.04022466,4.2173,16.19018964,15.7705,10,,16.67073,10
16.05688744,17.4301,16.20685241,15.1162,11,,16.67159,10
16.07355021,14.5154,16.22351518,18.7615,10,,16.66915,10
16.09021299,18.3184,16.24017796,15.7667,11,,16.67102,10
16.10687576,16.403,16.25684073,16.0786,10,,16.67072,10
16.12353854,15.2745,16.27350351,16.1166,10,,16.66914,10
16.14020131,19.3311,16.29016628,18.6345,11,,16.67214,10
16.15686409,15.966,16.30682906,16.2794,10,,16.67134,10
16.17352686,18.1795,16.32349183,15.5106,10,,16.67304,10
16.19018964,14.2428,16.34015461,16.2509,10,,16.67031,10
16.20685241,16.8079,16.35681738,18.6282,11,,16.67047,10
16.22351518,17.1754,16.37348016,15.1625,10,,16.67103,10
16.24017796,17.6018,16.39014293,17.069,10,,16.67207,10
16.25684073,15.7344,16.40680571,17.4739,10,,16.67102,10
16.27350351,16.0563,16.42346848,15.9698,11,,16.67034,10
16.29016628,18.1117,16.44013125,16.7746,11,,16.67195,10
16.30682906,14.4183,16.45679403,17.9778,10,,16.66943,10
16.32349183,18.2504,16.4734568,14.9584,11,,16.67119,10
16.34015461,16.1136,16.49011958,16.5743,10,,16.67057,10
16.35681738,17.3055,16.50678235,18.0693,10,,16.67128,10
16.37348016,16.4139,16.52344513,14.8994,10,,16.67099,10
16.39014293,16.628,16.5401079,17.0604,11,,16.67095,10
16.40680571,16.8099,16.55677068,18.727,11,,16.6711,10
16.42346848,15.5656,16.57343345,15.0436,10,,16.66988,10
16.44013125,18.3903,16.606759,34.0872,11,,16.67178,11
16.45679403,16.3946,16.62342178,15.7997,10,,16.67147,11
16.4734568,14.5699,16.64008455,18.5223,10,,16.66916,11
16.49011958,18.1713,16.65674732,14.2081,11,,16.67081,11
16.50678235,17.2137,16.6734101,17.3561,10,,16.67141,11
16.52344513,14.6484,16.69007287,16.829,10,,16.66918,11
16.5401079,18.6749,16.70673565,16.9454,11,,16.67139,11
16.55677068,17.4809,16.72339842,17.0918,10,,16.67227,11
16.57343345,16.1851,16.7400612,15.1268,10,,16.67174,11
16.59009623,16.1774,16.75672397,17.7593,10,,16.6712,11
16.606759,17.601,16.77338675,15.708,11,,16.67221,11
16.62342178,15.6882,16.79004952,16.1313,11,,16.67114,11
16.64008455,17.8026,16.8067123,18.2563,11,,16.67237,11
16.65674732,15.3265,16.82337507,16.7966,11,,16.67091,11
16.6734101,17.4336,16.84003785,15.5776,12,,16.67174,11
16.69007287,15.428,16.85670062,17.3848,11,,16.67039,11
16.70673565,15.5893,16.87336339,17.1378,12,,16.66921,11
16.72339842,22.2532,16.89002617,16.9489,12,,16.67527,11
16.7400612,12.5279,16.90668894,15.5451,11,,16.67078,11
16.75672397,17.2656,16.92335172,17.0701,12,,16.67142,11
16.77338675,14.3986,16.94001449,17.7546,11,,16.66896,11
16.79004952,18.0391,16.95667727,14.7328,12,,16.67044,11
16.8067123,16.8717,16.97334004,17.7289,12,,16.67066,11
16.82337507,15.4343,16.99000282,17.2057,12,,16.66933,11
16.84003785,18.5311,17.00666559,16.6107,12,,16.67133,11
16.85670062,17.4306,17.02332837,16.1095,11,,16.67215,11
16.87336339,16.0093,17.03999114,15.7515,11,,16.67143,11
16.89002617,14.8224,17.05665391,17.8523,11,,16.66945,11
16.90668894,18.4844,17.07331669,15.3488,12,,16.6714,11
16.92335172,16.4686,17.08997946,17.432,12,,16.67118,11
16.94001449,18.6936,17.10664224,17.265,12,,16.67334,11
16.95667727,13.2046,17.12330501,17.0203,11,,16.66964,11
16.97334004,18.9638,17.13996779,16.0804,12,,16.67208,11
16.99000282,16.0963,17.15663056,16.4372,11,,16.67147,11
17.00666559,14.8418,17.17329334,17.2515,12,,16.66952,11
17.02332837,19.3481,17.18995611,15.593,12,,16.67237,11
17.03999114,15.1302,17.20661889,17.7113,11,,16.67073,11
17.05665391,17.1079,17.22328166,17.0956,12,,16.6712,11
17.07331669,16.0329,17.23994444,15.1732,11,,16.67052,11
17.08997946,17.8122,17.25660721,17.2973,12,,16.67173,11
17.10664224,15.9526,17.27326998,17.2778,11,,16.67097,11
17.12330501,15.7385,17.28993276,15.7384,12,,16.66998,11
17.13996779,18.6859,17.30659553,16.0509,12,,16.67211,11
17.15663056,16.3663,17.32325831,18.2425,11,,16.67179,11
17.17329334,16.0775,17.33992108,16.1729,11,,16.67116,11
17.18995611,16.7348,17.35658386,16.4782,12,,16.67123,11
17.20661889,17.8235,17.37324663,17.5101,12,,16.67244,11
17.22328166,14.0157,17.38990941,16.4448,11,,16.66965,11
17.23994444,18.1873,17.40657218,17.3123,12,,16.67124,11
17.25660721,17.5233,17.42323496,16.2717,12,,16.67214,11
17.27326998,15.2855,17.43989773,15.6239,11,,16.67068,11
17.28993276,17.5193,17.45656051,17.1605,12,,16.67157,11
17.30659553,16.1316,17.47322328,17.3978,11,,16.67101,11
17.32325831,15.4812,17.48988605,18.7421,12,,16.66977,11
17.33992108,18.7092,17.50654883,13.8069,12,,16.67189,11
17.35658386,16.639,17.5232116,17.6143,11,,16.67186,11
17.37324663,15.326,17.53987438,16.5597,12,,16.67046,11
17.38990941,18.5424,17.55653715,15.8627,12,,16.6724,11
17.40657218,17.3355,17.57319993,17.2546,11,,16.67309,11
17.42323496,13.819,17.5898627,15.7114,11,,16.67013,10
17.43989773,17.756,17.60652548,17.8768,12,,16.67126,9
17.45656051,17.3935,17.62318825,17.9829,12,,16.672,11
17.47322328,15.0065,17.63985103,15.2017,12,,16.67028,11
17.48988605,20.3569,17.6565138,16.5059,12,,16.67409,11
17.50654883,14.6577,17.67317658,16.742,11,,16.67201,11
17.5232116,15.9688,17.68983935,17.1122,12,,16.67129,11
17.53987438,18.1922,17.70650212,16.1737,12,,16.67285,11
17.55653715,16.0027,17.7231649,16.0292,11,,16.67216,11
17.57319993,13.9593,17.73982767,16.7498,11,,16.66937,11
17.62318825,58.1107,17.75649045,17.384,12,,16.71192,11
17.62318825,2.2911,17.77315322,15.9654,9,,16.69713,11
17.62318825,0.8806,17.789816,16.4249,10,,16.68093,11
17.63985103,6.1868,17.80647877,17.8335,11,,16.67018,11
17.6565138,18.5114,17.82314155,15.7295,12,,16.67207,11
17.67317658,17.3638,17.83980432,16.9689,11,,16.67277,11
17.68983935,15.8232,17.8564671,17.3721,11,,16.67191,11
17.70650212,15.0491,17.87312987,16.0544,11,,16.67025,11
17.7231649,18.5846,17.88979265,17.0113,12,,16.6722,11
17.73982767,16.7233,17.90645542,16.8563,11,,16.67225,11
17.75649045,14.6443,17.92311819,16.1806,11,,16.67019,11
17.77315322,18.3596,17.93978097,16.2242,12,,16.67191,11
17.789816,16.4623,17.95644374,17.7663,11,,16.6717,11
17.80647877,15.5077,17.97310652,15.4021,12,,16.67052,11
17.82314155,17.7898,17.98976929,16.8859,12,,16.67165,11
17.83980432,17.3789,18.00643207,17.8201,12,,16.67236,11
17.8564671,14.5771,18.02309484,15.9058,11,,16.67025,11
17.87312987,18.4422,18.03975762,16.4121,12,,16.67204,11
17.88979265,17.4222,18.05642039,17.5269,12,,16.67279,11
17.90645542,13.8206,18.07308317,15.9189,11,,16.66992,11
17.92311819,19.0038,18.08974594,17.2229,12,,16.67227,11
17.93978097,16.0992,18.10640872,17.025,11,,16.67169,11
17.95644374,15.0569,18.12307149,15.1787,12,,16.67007,11
17.97310652,18.5973,18.13973426,17.327,12,,16.672,11
17.98976929,16.51,18.15639704,17.252,11,,16.67184,11
18.00643207,15.8835,18.17305981,16.3098,12,,16.67105,11
18.02309484,17.1249,18.18972259,17.8007,12,,16.67151,11
18.03975762,17.2943,18.20638536,15.8345,12,,16.67213,11
18.05642039,14.9918,18.22304814,15.701,12,,16.67045,11
18.07308317,18.2404,18.23971091,17.0025,12,,16.67202,11
18.08974594,17.6168,18.25637369,15.7991,12,,16.67296,10
18.10640872,14.1533,18.27303646,16.9142,11,,16.67045,11
18.12307149,17.4912,18.28969924,17.4392,12,,16.67127,11
18.13973426,17.509,18.30636201,17.7133,12,,16.6721,11
18.15639704,15.1243,18.32302479,16.8488,12,,16.67056,11
18.17305981,18.6987,18.33968756,16.3861,12,,16.67257,11
18.18972259,16.6148,18.35635033,16.2247,11,,16.67252,11
18.20638536,14.9332,18.37301311,16.8987,11,,16.6708,11
18.22304814,18.0035,18.38967588,15.2479,12,,16.67211,11
18.23971091,17.0618,18.40633866,18.2861,11,,16.6725,11
18.27303646,27.0551,18.42300143,16.7953,11,,16.68274,11
18.27303646,4.6032,18.43966421,15.2418,11,,16.67084,11
18.28969924,18.1643,18.45632698,17.9845,12,,16.6723,11
18.30636201,16.7261,18.47298976,15.5405,11,,16.67236,11
18.32302479,17.9793,18.48965253,16.842,11,,16.67364,11
18.33968756,15.7708,18.50631531,17.2279,11,,16.67275,11
18.35635033,15.707,18.52297808,17.4156,11,,16.67181,11
18.37301311,15.8123,18.53964086,15.1813,11,,16.67097,11
18.38967588,17.1483,18.55630363,16.6508,12,,16.67143,11
18.40633866,17.5091,18.5729664,17.6597,12,,16.67225,11
18.42300143,15.565,18.58962918,15.3783,12,,16.67117,11
18.43966421,17.0951,18.60629195,17.1557,12,,16.67159,11
18.45632698,17.5006,18.62295473,17.4636,12,,16.67239,11
18.47298976,16.122,18.6396175,15.7284,11,,16.67186,11
18.48965253,17.5148,18.65628028,17.3058,12,,16.67268,11
18.50631531,15.8687,18.67294305,16.77,11,,16.6719,11
18.52297808,15.2439,18.68960583,15.4365,12,,16.67051,11
18.53964086,18.287,18.7062686,17.4219,12,,16.67208,11
18.55630363,16.3678,18.72293138,17.1518,11,,16.67178,11
18.5729664,19.2348,18.73959415,16.2943,12,,16.67426,11
18.58962918,12.3583,18.75625692,16.642,11,,16.67009,11
18.60629195,19.1196,18.7729197,17.0528,12,,16.67246,11
18.62295473,14.3476,18.78958247,16.2501,11,,16.67021,11
18.6396175,18.6443,18.80624525,16.6443,12,,16.67212,11
18.65628028,17.1677,18.82290802,17.2622,11,,16.67259,11
18.67294305,14.578,18.8395708,16.041,11,,16.67058,11
18.68960583,17.6984,18.85623357,16.6811,12,,16.67156,11
18.7062686,17.686,18.87289635,16.8623,12,,16.67254,11
18.72293138,15.4168,18.88955912,16.7065,11,,16.67134,11
18.73959415,17.9072,18.9062219,17.3467,12,,16.67252,11
18.75625692,16.4734,18.92288467,16.6611,11,,16.67233,11
18.7729197,15.3847,18.93954745,16.9866,12,,16.6711,11
18.78958247,17.8735,18.95621022,15.5148,12,,16.67225,11
18.80624525,17.0701,18.97287299,17.2846,12,,16.67263,11
18.82290802,14.8249,18.98953577,15.4906,11,,16.67086,11
18.8395708,17.8353,19.00619854,17.0824,12,,16.67197,11
18.85623357,16.8763,19.02286132,18.8284,12,,16.67217,11
18.87289635,14.9382,19.03952409,15.0072,11,,16.67052,11
18.88955912,18.4504,19.05618687,17.2358,12,,16.67221,11
18.9062219,16.4177,19.07284964,16.478,11,,16.67197,11
18.92288467,15.3873,19.08951242,16.4876,11,,16.67075,11
18.93954745,19.6307,19.10617519,16.3448,12,,16.67356,11
18.95621022,15.7272,19.12283797,17.3826,11,,16.67266,11
18.97287299,14.1488,19.13950074,15.7528,11,,16.67027,11
18.98953577,18.141,19.15616352,16.6441,12,,16.67166,11
19.00619854,17.4034,19.17282629,17.3067,12,,16.67235,11
19.02286132,15.8483,19.18948906,15.7754,12,,16.67158,11
19.03952409,17.8599,,12,,16.6727,,
19.05618687,16.9814,,11,,16.67299,,
19.07284964,14.3386,,11,,16.67079,,
19.08951242,18.7431,,12,,16.67274,,
19.10617519,16.1895,,11,,16.67228,,
19.12283797,15.6769,,12,,16.67135,,
19.13950074,17.6193,,12,,16.67224,,
19.15616352,16.6253,,12,,16.67219,,
19.17282629,15.693,,11,,16.67128,,
19.18948906,17.285,,12,,16.67185,,
19.20615184,17.1058,,12,,16.67226,,
19.20615184,17.4468,,12,,16.67298,,
19.20615184,14.7929,,13,,16.67123,,
19.20615184,16.9345,,14,,16.67147,,
19.20615184,18.0202,,15,,16.67273,,
19.20615184,16.3957,,16,,16.67247,,
19.20615184,15.9962,,17,,16.67184,,
19.20615184,16.5004,,18,,16.67168,,
19.20615184,18.082,,19,,16.67299,,
19.20615184,15.741,,20,,16.67213,,
,,21,,,,,
