2.02959189610556,16.9115,2.19623008975759,14.9458,1.0,16.9115,10.0,-3.440933,0.142633
2.04552899533883,16.4338,2.21397958928719,17.8278,2.0,16.67265,9.0,-25.77663,0.502566
2.06262459466234,17.2791,2.22988618956879,17.0799,3.0,16.8748,10.0,16.24577,-0.796301
2.07875949377194,15.9528,2.24575828993693,13.3028,4.0,16.6443,10.0,16.04983,0.082232
2.09659689338878,18.3052,2.26332908915356,20.1649,5.0,16.97648,9.0,15.686,-0.386435
2.11262739310041,15.3514,2.28066788846627,16.4243,6.0,16.70563,10.0,17.04837,0.579598
2.12971249269322,16.006,2.29621708812192,16.7566,7.0,16.60568,10.0,13.50863,-0.048869
2.14642779203132,17.5588,2.3126322873868,13.6474,8.0,16.72482,10.0,7.908802,0.255264
2.1625441913493,16.2278,2.32838538708165,16.9631,9.0,16.6696,9.0,15.62187,-0.841703
2.1804888905026,16.5005,2.34651738638058,16.7389,10.0,16.65269,9.0,16.20214,-0.07427
2.19623008975759,17.53,2.36293048644438,18.8454,10.0,16.73244,9.0,15.9589,-0.171637
2.21397958928719,15.7008,2.37959328712896,14.2432,10.0,16.64647,10.0,14.77447,0.128496
2.22988618956879,16.7792,2.39617718802765,19.2603,10.0,16.65668,9.0,16.20434,-0.561667
2.24575828993693,16.7097,2.41316068777815,14.5826,10.0,16.66047,10.0,16.0974,-0.751734
2.26332908915356,16.6142,2.43045908818021,19.6422,10.0,16.65739,9.0,-65.31733,-0.284001
2.28066788846627,16.759,2.44782638782635,15.8814,10.0,16.66374,10.0,5.031367,-1.338768
2.29621708812192,16.5075,2.46384328836575,17.1834,10.0,16.65455,10.0,8.564734,-1.243235
2.3126322873868,17.3293,2.48042038874701,14.4387,10.0,16.69203,10.0,8.997201,0.129298
2.32838538708165,16.2948,2.49634918803349,16.0113,10.0,16.67113,9.0,7.814168,0.345031
2.34651738638058,16.5505,2.51361848833039,19.2704,10.0,16.66509,9.0,8.793435,-0.719836
2.36293048644438,16.6365,2.52939808787778,13.703,10.0,16.66373,10.0,10.9113,-0.089303
2.37959328712896,17.8133,2.54606018820778,19.0955,10.0,16.71599,9.0,7.690469,-0.24147
2.39617718802765,15.733,2.56301198760048,14.469,10.0,16.67325,10.0,6.979136,-0.272137
2.41316068777815,17.4194,2.58019708702341,19.2713,10.0,16.70434,9.0,8.123203,-0.549404
2.43045908818021,15.8599,2.59751788759604,15.0854,10.0,16.67056,10.0,7.54117,-1.460271
2.44782638782635,17.0453,2.61249658791348,16.3293,10.0,16.68497,9.0,8.025337,1.259962
2.46384328836575,16.4114,2.6298678885214,16.2683,10.0,16.67484,9.0,9.913204,-0.351005
2.48042038874701,17.1664,2.64703048905358,18.9631,10.0,16.6924,9.0,8.985671,0.395828
2.49634918803349,15.7243,2.6644285893999,16.8468,10.0,16.65901,10.0,11.02044,-0.022739
2.51361848833039,16.5297,2.67989028943703,16.2892,10.0,16.6547,10.0,7.054405,-0.249206
2.52939808787778,17.452,2.69667508965358,14.7344,10.0,16.68042,10.0,7.638972,0.202327
2.54606018820778,16.3289,2.71330358972773,17.6958,10.0,16.66944,9.0,7.447539,-0.23674
2.56301198760048,16.9293,2.73016479006037,15.7501,10.0,16.67731,9.0,7.787906,-0.864407
2.58019708702341,15.8793,2.74768049037084,18.6288,10.0,16.65384,9.0,8.102573,-0.641074
2.59751788759604,17.3703,2.76423369115219,15.5942,10.0,16.67431,10.0,7.77194,0.727259
2.61249658791348,18.3425,2.78042709035799,18.0319,10.0,16.72065,9.0,7.846207,-0.052608
2.6298678885214,16.2188,2.79660539096221,14.1742,10.0,16.70709,10.0,10.45037,-0.659475
2.64703048905358,15.6696,2.81229449016973,16.7093,10.0,16.67978,9.0,8.253241,-0.353142
2.6644285893999,16.6708,2.83051479002461,17.3907,10.0,16.67955,9.0,7.452908,-0.910209
2.67989028943703,16.0907,2.84641588991508,16.9616,10.0,16.66483,9.0,9.686175,-0.509876
2.69667508965358,17.8079,2.8648510905914,19.0158,10.0,16.69271,9.0,10.34254,0.436357
2.71330358972773,16.9806,2.8811701904051,16.551,10.0,16.69957,10.0,8.389309,-0.28651
2.73016479006037,15.8724,2.89697658969089,14.1352,10.0,16.68033,10.0,10.52348,0.162523
2.74768049037084,16.0818,2.91364838881418,18.2048,10.0,16.66673,9.0,10.33424,1.682656
2.76423369115219,18.0229,2.92950168950483,15.1246,10.0,16.69686,10.0,7.48671,-0.340511
2.78042709035799,15.6946,2.9469075887464,16.1744,10.0,16.67508,9.0,7.590577,-0.485078
2.79660539096221,17.4096,2.96438058791682,17.6839,10.0,16.6907,9.0,7.058044,0.963455
2.81229449016973,15.9036,2.9809113885276,16.4982,10.0,16.67431,9.0,6.111311,-0.439312
2.83051479002461,17.2196,2.99696078849956,16.2859,10.0,16.68543,9.0,7.765278,-0.562879
2.84641588991508,16.3121,3.01317338785157,16.1532,10.0,16.67797,9.0,7.331045,0.657854
2.8648510905914,17.0271,3.03051608754322,19.3292,10.0,16.68481,9.0,6.857412,-0.758913
2.8811701904051,16.4055,3.04637798806652,13.6469,10.0,16.67944,10.0,10.12588,-0.73658
2.89697658969089,16.6834,3.06401668814942,19.0138,10.0,16.67952,9.0,10.24485,0.626453
2.91364838881418,16.3919,3.0794622884132,14.0532,10.0,16.67419,10.0,6.681813,-0.188314
2.92950168950483,16.9959,3.09720708848909,20.2817,10.0,16.68004,9.0,7.94778,-0.097981
2.9469075887464,17.3963,3.11472298810259,18.226,10.0,16.69283,10.0,7.111447,0.067052
2.96438058791682,17.4529,3.12973908847198,12.118,10.0,16.70616,10.0,7.084514,0.191185
2.9809113885276,15.9326,3.14633398829028,16.2537,10.0,16.69283,9.0,8.220581,-0.593082
2.99696078849956,16.5318,3.16331208823249,15.3758,10.0,16.6901,9.0,7.036048,-0.284349
3.01317338785157,15.6961,3.18109468882903,20.9015,10.0,16.67353,9.0,7.270215,0.512284
3.03051608754322,16.4375,3.19776098942384,15.3358,10.0,16.66966,10.0,5.925882,-1.018383
3.04637798806652,17.9228,3.21398158883676,14.2839,10.0,16.68987,9.0,7.944549,-0.09855
3.06401668814942,15.7177,3.23034958867356,16.5668,10.0,16.67444,9.0,9.833316,-0.385117
3.0794622884132,17.0479,3.24684688774869,21.5156,10.0,16.68028,9.0,8.705983,-0.055184
3.09720708848909,16.2149,3.26389148784801,12.1011,10.0,16.67312,9.0,10.21675,-0.318251
3.11472298810259,17.07,3.2809066879563,16.9943,10.0,16.67913,9.0,7.589017,-0.652518
3.12973908847198,16.9271,3.2969566877,15.8345,10.0,16.68283,9.0,9.881984,-0.299785
3.14633398829028,16.0324,3.31494388682768,18.0773,10.0,16.67327,9.0,7.025551,0.416148
3.16331208823249,17.8886,3.32963988697156,14.7585,10.0,16.69088,9.0,9.749118,-0.228119
3.18109468882903,15.7376,3.34663088759407,17.0699,10.0,16.67726,9.0,10.26058,-0.463186
3.19776098942384,16.9786,3.36435128701851,17.5286,10.0,16.68151,9.0,7.324752,0.427647
3.21398158883676,17.5853,3.38085558777675,19.8645,10.0,16.69406,9.0,6.922619,-0.22922
3.23034958867356,16.9317,3.39775088755414,16.9985,10.0,16.69732,10.0,7.398186,-0.722087
3.24684688774869,15.3203,3.41531358798966,15.928,10.0,16.67871,10.0,10.05545,0.637546
3.26389148784801,16.3363,3.43070038827136,13.9272,10.0,16.67414,9.0,6.86762,-0.222021
3.2809066879563,19.5683,3.4479697891511,16.9241,10.0,16.71222,9.0,9.719987,0.796712
3.2969566877,15.3888,3.46428628871217,16.2595,10.0,16.69504,9.0,10.13935,0.397045
3.31494388682768,16.4351,3.48146808939055,20.6885,10.0,16.6917,9.0,6.239121,0.008478
3.32963988697156,16.4308,3.49786179000512,12.8154,10.0,16.6884,10.0,8.537488,-1.547489
3.34663088759407,16.5662,3.51367528969422,15.8704,10.0,16.68687,9.0,6.313755,-1.181756
3.36435128701851,18.169,3.53084339061752,17.2853,10.0,16.70517,9.0,5.912722,-0.358423
3.38085558777675,14.6341,3.54723989078775,16.3801,10.0,16.67991,9.0,9.947589,-0.75959
3.39775088755414,16.8982,3.56466459156945,17.6467,10.0,16.68254,9.0,10.77786,-0.110857
3.41531358798966,18.0094,3.58140559168532,17.0826,10.0,16.69834,9.0,7.951823,0.043776
3.43070038827136,17.0951,3.59707259247079,15.1138,10.0,16.70301,9.0,9.82579,-0.361091
3.4479697891511,16.5306,3.61470569157973,17.6324,10.0,16.701,9.0,10.18026,-0.941858
3.46428628871217,16.1905,3.63235009135678,19.3789,10.0,16.69513,9.0,9.525624,-0.486125
3.48146808939055,15.0877,3.64758819108829,16.7862,10.0,16.67687,10.0,7.792691,-0.623092
3.49786179000512,18.3846,3.664732191246,17.2972,10.0,16.69606,10.0,9.750658,-0.258859
3.51367528969422,16.0428,3.68218599213287,17.6635,10.0,16.6888,10.0,10.31793,-0.952626
3.53084339061752,17.04,3.69781519239768,15.3661,10.0,16.69266,10.0,8.805192,0.250707
3.54723989078775,16.7663,3.71496829157695,13.8106,10.0,16.69346,10.0,8.430259,-0.61376
3.56466459156945,16.6864,3.73063569096848,15.7214,10.0,16.69338,9.0,9.247026,-0.075627
3.58140559168532,16.8496,3.7477283901535,16.9651,10.0,16.69504,9.0,10.00359,0.074406
3.59707259247079,16.2808,3.76441739080474,16.6008,10.0,16.69068,9.0,7.75716,-0.373561
3.61470569157973,16.0706,3.7824382907711,20.0405,10.0,16.68422,9.0,9.860027,-0.164428
3.63235009135678,15.9772,3.79823079099879,14.4617,10.0,16.67694,9.0,8.428794,0.003605
3.64758819108829,16.7296,3.81388289062306,15.11,10.0,16.67747,9.0,7.081761,0.067638
3.664732191246,16.5888,3.83107879152521,17.163,10.0,16.67658,9.0,7.510128,-0.427129
3.68218599213287,17.409,3.84777519060299,16.4056,10.0,16.6839,9.0,9.725995,-0.291596
3.69781519239768,16.0112,3.86539399018511,17.8038,10.0,16.67724,9.0,7.105062,-1.150063
3.71496829157695,18.5411,3.88212588941678,16.8665,10.0,16.69551,9.0,9.146729,-0.50353
3.73063569096848,16.5764,3.90032299002632,20.1387,10.0,16.69436,8.0,7.378296,-0.939097
3.7477283901535,16.4461,3.91451908973977,13.9491,10.0,16.69197,7.0,7.730363,0.075636
3.76441739080474,16.8066,3.93230028962716,19.2405,10.0,16.69306,9.0,10.66183,-0.810331
3.7824382907711,17.1161,3.94827348878607,12.832,10.0,16.69705,10.0,9.938297,-0.345098
3.79823079099879,15.8379,3.96528228884563,16.6998,10.0,16.68902,9.0,10.33226,-0.615065
3.81388289062306,16.8789,3.98204528866336,18.3568,10.0,16.69078,9.0,7.146231,1.261668
3.83107879152521,16.6841,3.9985788888298,15.1762,10.0,16.69072,9.0,10.1519,-0.094599
3.84777519060299,18.6748,4.01676428830251,19.4195,10.0,16.70876,9.0,9.759565,0.573834
3.90032299002632,53.2226,4.03183228848502,16.6253,10.0,17.03771,10.0,10.13183,-0.903333
3.90032299002632,1.9718,4.04887378914282,17.1989,8.0,16.90319,10.0,8.087499,-0.3926
3.91451908973977,2.6835,4.06540238996968,16.1939,9.0,16.77736,10.0,9.242066,-0.218267
3.91451908973977,5.6799,4.08137118956074,13.1846,9.0,16.68001,10.0,7.590733,0.172866
3.93230028962716,15.9605,4.09886668948457,17.5689,10.0,16.67375,9.0,10.3488,-0.495001
3.94827348878607,22.1419,4.11454758932814,15.9116,10.0,16.72089,9.0,7.371267,-0.356101
3.96528228884563,13.5029,4.13139528920874,16.6405,10.0,16.69339,9.0,16.46993,-0.832451
3.98204528866336,15.901,4.14857878861949,17.2652,10.0,16.68667,9.0,16.13,0.024249
3.9985788888298,15.2177,4.1650507892482,16.3516,10.0,16.67433,9.0,17.1095,-0.507251
4.01676428830251,16.3974,4.1822068891488,18.8736,10.0,16.67202,9.0,16.67175,-0.427031
4.03183228848502,16.2607,4.19854658981785,16.7052,10.0,16.66862,9.0,17.43975,-0.442264
4.04887378914282,17.0191,4.21484358934686,14.1856,10.0,16.67149,9.0,16.23055,-0.927249
4.06540238996968,16.8962,4.23214109009132,17.516,10.0,16.67332,9.0,17.19363,0.312426
4.08137118956074,18.5784,4.24911428941414,16.672,10.0,16.68868,9.0,16.79866,-0.573264
4.09886668948457,16.5204,4.26471308944747,15.6321,10.0,16.68734,9.0,16.69315,0.557246
4.11454758932814,17.3886,4.28208279004321,17.5812,10.0,16.6929,9.0,17.30077,-0.223529
4.13139528920874,16.6278,4.29745549010113,15.1582,10.0,16.69239,9.0,7.785164,-0.969613
4.14857878861949,15.6345,4.31553199002519,18.1724,10.0,16.68413,9.0,9.480654,-0.146197
4.1650507892482,17.4025,4.33137689018622,16.0598,10.0,16.6897,9.0,8.305329,0.541117
4.1822068891488,16.0955,4.34874418983236,17.5444,10.0,16.68512,9.0,7.883013,-0.57992
4.19854658981785,16.9053,4.36492368998006,17.4238,10.0,16.68681,9.0,11.2369,-0.753967
4.21484358934686,17.4343,4.38241099053994,18.7249,10.0,16.69247,9.0,7.726983,-1.683814
4.23214109009132,16.0666,4.39875859068707,16.1363,10.0,16.68776,10.0,7.97412,-0.250247
4.24911428941414,17.8685,4.41540799150243,13.9132,10.0,16.69657,10.0,7.872767,-0.507573
4.26471308944747,15.581,4.43217889079824,16.7069,10.0,16.68831,9.0,10.88151,-0.497506
4.28208279004321,16.7054,4.44804438995197,19.2313,10.0,16.68844,9.0,10.60605,-0.635339
4.29745549010113,16.9376,4.46726138936356,18.9238,10.0,16.69025,9.0,10.53837,-0.294586
4.31553199002519,17.4847,4.48213218944147,15.2064,10.0,16.69601,10.0,8.359506,0.304267
4.33137689018622,14.8323,4.49877709010616,16.278,10.0,16.6826,10.0,10.78034,1.046107
4.34874418983236,17.4443,4.51557458983734,16.7302,10.0,16.68804,10.0,8.189086,0.359234
4.36492368998006,15.5341,4.53301188955083,17.197,10.0,16.67986,10.0,10.28523,0.289594
4.38241099053994,16.3185,4.54913868987933,13.5955,10.0,16.67731,10.0,7.315293,-0.466846
4.39875859068707,15.9843,4.56578319007531,16.6038,10.0,16.67247,9.0,8.121466,0.107958
4.41540799150243,19.3555,4.58146398933604,15.6473,10.0,16.6911,9.0,7.609406,-0.822245
4.43217889079824,16.9068,4.59895818913355,17.6424,10.0,16.69259,9.0,9.849146,-0.798148
4.44804438995197,14.5955,4.61515438975766,19.0537,10.0,16.67822,9.0,10.52904,-0.487085
4.46726138936356,16.4409,4.63268458889797,17.7222,10.0,16.67661,10.0,7.912045,-0.008422
4.48213218944147,16.339,4.64882218884304,16.2037,10.0,16.67433,10.0,10.86565,0.683937
4.49877709010616,16.8913,4.66525088855997,13.4261,10.0,16.67579,10.0,8.440185,-1.023004
4.51557458983734,16.5234,4.68300238857046,20.6851,10.0,16.67477,9.0,10.64402,-0.286615
4.53301188955083,17.0278,4.70031428942457,16.4176,10.0,16.67711,10.0,8.021763,0.156735
4.54913868987933,17.9586,4.71558638988063,12.8741,10.0,16.68554,10.0,9.587704,0.879351
4.56578319007531,16.3961,4.73342668963596,19.3591,10.0,16.68365,9.0,9.933815,-0.384002
4.58146398933604,17.1951,4.74902588920668,18.1549,10.0,16.68697,10.0,10.39157,-0.276534
4.59895818913355,14.9891,4.76451578876004,11.4275,10.0,16.67601,10.0,8.110349,-0.265166
4.61515438975766,16.3916,4.78282378939912,21.4035,10.0,16.67419,9.0,7.943902,-0.100078
4.63268458889797,17.5104,4.79910838929936,15.5532,10.0,16.67952,10.0,8.318334,0.724956
4.64882218884304,16.2378,4.8156899898313,17.8841,10.0,16.67672,9.0,10.24797,0.591929
4.66525088855997,18.9159,4.83249119063839,15.3353,10.0,16.6908,10.0,9.251778,0.140302
4.68300238857046,13.8213,4.84910738980398,14.665,10.0,16.67287,9.0,10.19944,-0.324374
4.70031428942457,18.2264,4.86637858999893,20.4008,10.0,16.68252,9.0,8.229071,-1.38435
4.71558638988063,18.0823,4.88292189082131,17.2792,10.0,16.69116,10.0,9.305398,0.119546
4.73342668963596,14.192,4.89932489162311,15.6208,10.0,16.67583,10.0,7.950374,-0.64126
4.74902588920668,17.4824,4.91711079096422,17.6273,10.0,16.68074,10.0,10.45435,1.072706
4.76451578876004,17.9471,4.93203299073502,12.0048,10.0,16.68842,10.0,10.43355,0.750293
4.78282378939912,14.9731,4.94924319116399,17.3089,10.0,16.67809,9.0,9.71866,-0.137149
4.79910838929936,17.8087,4.9670850909315,20.5539,10.0,16.68486,9.0,9.442494,-0.130891
4.8156899898313,14.9136,4.98217199137434,12.7675,10.0,16.67431,10.0,7.113207,-0.954181
4.83249119063839,18.5276,4.9987207907252,19.1871,10.0,16.68528,9.0,7.241949,-0.194471
4.84910738980398,15.45,5.01607149047777,17.1339,10.0,16.67801,10.0,9.781291,0.600889
4.86637858999893,16.3752,5.03203779039904,16.532,10.0,16.67624,10.0,8.257881,0.441059
4.88292189082131,16.8279,5.04936988977715,13.6966,10.0,16.67713,10.0,9.807171,-0.280505
4.89932489162311,16.5284,5.06556948972866,16.5658,10.0,16.67627,9.0,10.31841,-0.708932
4.91711079096422,18.2812,5.08312549022958,18.8236,10.0,16.68549,9.0,9.321841,-0.08143
4.93203299073502,16.2331,5.09961499040946,15.2532,10.0,16.6829,9.0,9.534305,-0.868692
4.94924319116399,15.4734,5.11601459002122,16.7929,10.0,16.67603,9.0,9.932332,0.081346
4.9670850909315,17.5019,5.13331939047202,19.4146,10.0,16.6807,9.0,10.47733,-1.110196
4.98217199137434,16.2949,5.15020479029045,17.2512,10.0,16.67853,10.0,7.816392,-0.135638
4.9987207907252,16.4714,5.16625978937373,16.0425,10.0,16.67737,10.0,10.84455,0.747544
5.01607149047777,16.4595,5.18248998885974,13.419,10.0,16.67616,10.0,8.502596,-0.873587
5.03203779039904,17.0704,5.19999718805775,18.7791,10.0,16.67834,9.0,11.12594,-1.010818
5.04936988977715,19.4281,5.21582668786868,17.2436,10.0,16.69345,9.0,7.508456,-0.70555
5.06556948972866,15.4173,5.23393368860707,17.4272,10.0,16.68648,10.0,5.958587,0.397083
5.08312549022958,16.4048,5.24988028919324,15.0539,10.0,16.68494,9.0,10.50892,0.382521
5.09961499040946,16.96,5.26633498957381,16.5375,10.0,16.68643,8.0,10.91945,-0.066641
5.11601459002122,17.0647,5.28385208873078,18.8053,10.0,16.68847,7.0,12.26732,-0.413148
5.13331939047202,14.3961,5.29900298872963,12.525,10.0,16.67621,10.0,8.038579,-0.594007
5.15020479029045,16.3467,5.3169867885299,19.9384,10.0,16.67445,9.0,9.381541,-0.174413
5.16625978937373,16.8921,5.3325156881474,15.2064,10.0,16.67561,8.0,11.78385,0.118681
5.18248998885974,18.1719,5.34939438803121,17.6316,10.0,16.68348,7.0,11.90761,-0.50736
5.19999718805775,15.7047,5.36660308716819,15.0286,10.0,16.67836,10.0,7.068213,0.776218
5.21582668786868,16.4002,5.38301028637215,16.4799,10.0,16.67691,9.0,11.62892,-1.222917
5.26633498957381,54.4028,5.40147298714146,19.5874,10.0,16.87238,9.0,11.30786,-0.901919
5.26633498957381,4.2237,5.41653168713674,16.8806,8.0,16.80718,10.0,12.18598,0.097281
5.26633498957381,1.8443,5.43369738711044,17.2108,9.0,16.73045,10.0,10.80122,-0.072691
5.28385208873078,7.1634,5.44967288663611,15.961,10.0,16.68163,10.0,12.73692,0.125996
5.3325156881474,54.4633,5.46649878611788,15.5609,10.0,16.87342,10.0,12.35482,0.974653
5.3325156881474,2.1129,5.48245928576216,13.6184,8.0,16.79887,9.0,11.51609,-0.29529
5.3325156881474,1.8581,5.50202058581635,21.6342,9.0,16.72379,9.0,8.327504,0.251571
5.34939438803121,7.1891,5.51632098620757,15.9158,10.0,16.67612,10.0,8.011047,-0.115336
5.36660308716819,19.5263,5.53319668537006,16.2252,10.0,16.6903,10.0,8.76569,0.382962
5.38301028637215,14.4868,5.54971188446507,16.7176,10.0,16.67939,10.0,11.54213,0.100294
5.40147298714146,16.2966,5.56566578475758,12.6686,10.0,16.67751,10.0,11.30324,-0.773674
5.41653168713674,17.2001,5.58320988481864,17.8333,10.0,16.68007,9.0,11.74654,-0.32123
5.43369738711044,16.6109,5.60022438457236,16.8186,10.0,16.67973,9.0,7.727306,-0.599427
5.44967288663611,16.3826,5.61818648455665,19.4099,10.0,16.67829,9.0,11.59567,0.163416
5.46649878611788,18.8599,5.63377368496731,14.2068,10.0,16.68883,9.0,12.42143,0.147159
5.48245928576216,15.5418,5.65059728408232,19.1959,10.0,16.68331,9.0,11.81793,-0.875322
5.50202058581635,15.5353,5.66628048429266,15.7969,10.0,16.67782,10.0,12.13798,0.090435
5.51632098620757,16.9621,5.68241308489814,15.1287,10.0,16.67917,10.0,11.17874,-0.618348
5.53319668537006,16.0268,5.70029328437522,18.7969,10.0,16.67608,9.0,10.79352,-0.404283
5.54971188446507,17.4972,5.7157944845967,12.9869,10.0,16.67995,10.0,12.37786,0.053645
5.56566578475758,17.8411,5.73311008466408,17.234,10.0,16.68541,9.0,11.43675,0.840669
5.58320988481864,16.7242,5.75168328499421,19.5707,10.0,16.68559,9.0,8.731983,-0.216732
5.60022438457236,16.4235,5.76654058462009,16.0024,10.0,16.68437,10.0,8.621155,0.237828
5.61818648455665,16.2613,5.78313178522512,17.3335,10.0,16.68241,9.0,8.002031,-0.752512
5.63377368496731,15.6968,5.80072068562731,17.2825,10.0,16.67787,10.0,7.022432,-0.348825
5.65059728408232,16.9261,5.81734448624775,14.1928,10.0,16.679,10.0,8.335072,-0.354482
5.66628048429266,16.0376,5.83402678696439,18.4699,10.0,16.67608,9.0,11.17791,0.942948
5.68241308489814,18.7904,5.8501001871191,15.7971,10.0,16.68569,8.0,12.18003,0.083187
5.70029328437522,14.8255,5.86689428752288,15.9179,10.0,16.67727,7.0,11.90988,-1.027065
5.7157944845967,17.2825,5.88310268661007,16.9197,10.0,16.68,9.0,12.00255,-0.475788
5.73311008466408,16.3367,5.90002968674526,18.3703,10.0,16.67846,9.0,8.631513,-0.538669
5.75168328499421,16.1183,5.91742008691654,17.7948,10.0,16.67596,10.0,10.88776,0.458411
5.76654058462009,17.8087,5.93235898716375,13.8832,10.0,16.68099,10.0,12.46859,0.470054
5.78313178522512,16.2298,5.95020378706977,18.5207,10.0,16.67899,9.0,11.99567,0.713497
5.80072068562731,16.1207,5.96634448645636,15.4943,10.0,16.67653,10.0,12.28269,-0.50666
5.8501001871191,55.3884,5.98358588619158,16.8538,10.0,16.84632,9.0,11.18645,0.317085
5.8501001871191,1.7303,6.00036788685247,14.8842,8.0,16.78032,9.0,11.0296,-0.274068
5.8501001871191,1.4883,6.01683788700029,18.3613,9.0,16.71383,8.0,7.59856,0.130779
5.86689428752288,10.2973,6.03339058673009,15.5224,10.0,16.68605,7.0,10.40222,0.149287
5.88310268661007,15.3412,6.05070358654484,18.2914,10.0,16.68025,9.0,7.858068,0.014599
5.90002968674526,16.4983,6.06714938720688,14.6419,10.0,16.67947,9.0,11.70002,0.099427
5.91742008691654,16.6213,6.08425758732483,18.8387,10.0,16.67922,8.0,11.72861,-0.044693
5.93235898716375,16.8971,6.10040088696405,14.6191,10.0,16.68015,7.0,10.0441,0.300386
5.95020378706977,16.3926,6.11684418609366,17.9251,10.0,16.67893,7.0,11.55447,0.153992
5.96634448645636,17.0271,6.13410668587312,17.7856,10.0,16.6804,7.0,8.806793,-0.562929
6.01683788700029,55.3046,6.15243168501183,19.3935,10.0,16.84269,10.0,8.848314,0.21995
6.01683788700029,1.9407,6.16727778455243,12.2332,8.0,16.78034,10.0,8.316808,-0.800634
6.01683788700029,1.634,6.18428998393938,18.2121,9.0,16.71723,9.0,8.801929,-0.619272
6.03339058673009,7.167,6.20064938394353,16.892,10.0,16.6776,10.0,12.29585,-0.137375
6.08425758732483,56.2867,6.21784528484568,17.4597,10.0,16.84127,10.0,11.41523,-0.355166
6.10040088696405,16.5194,6.23435668414459,16.8339,8.0,16.83995,10.0,12.18947,0.101308
6.11684418609366,16.2894,6.25105258403346,16.4247,8.0,16.83769,10.0,12.24387,-0.235987
6.11684418609366,1.7763,6.26693008420989,15.4891,8.0,16.77622,10.0,11.64387,-0.616811
6.11684418609366,1.7681,6.28449508501217,17.5869,9.0,16.71521,10.0,12.00449,-0.003416
6.13410668587312,7.2768,6.30169668560848,16.206,10.0,16.677,9.0,9.816387,0.262716
6.15243168501183,17.0871,6.31658608606085,13.5041,10.0,16.67865,9.0,9.796811,-0.784546
6.16727778455243,19.1952,6.33604288613424,20.303,10.0,16.68876,9.0,12.30362,-0.138719
6.18428998393938,14.2275,6.35102618625388,16.8742,10.0,16.67891,10.0,11.44798,-1.468429
6.20064938394353,16.3376,6.36688938690349,15.8641,10.0,16.67755,10.0,11.49565,-0.076465
6.21784528484568,16.5824,6.38386218762025,17.1626,10.0,16.67718,10.0,12.55622,-0.933619
6.23435668414459,16.9767,6.40107808774337,14.3849,10.0,16.67836,10.0,11.66523,-0.26653
6.25105258403346,17.3282,6.41753658792004,18.2896,10.0,16.68092,9.0,13.19837,-0.752133
6.26693008420989,15.4922,6.43420918798074,16.4428,10.0,16.67626,8.0,11.70682,0.081123
6.28449508501217,17.9977,6.45197958825156,17.8224,10.0,16.68142,7.0,12.33823,-0.286592
6.30169668560848,16.8343,6.46885168878362,17.069,10.0,16.68201,10.0,11.45163,-0.312561
6.31658608606085,16.0877,6.48490158794448,14.6738,10.0,16.67971,10.0,10.72118,-0.27743
6.33604288613424,15.5965,6.50089778704569,15.442,10.0,16.67553,9.0,8.697092,-1.050531
6.35102618625388,17.3012,6.51942978752777,19.6986,10.0,16.67793,9.0,9.234161,1.466081
6.36688938690349,16.4655,6.53618538705632,16.5816,10.0,16.67712,10.0,11.99523,-0.352129
6.38386218762025,16.5325,6.55059718666598,15.1415,10.0,16.67657,10.0,11.98433,-0.297158
6.43420918798074,55.8917,6.5681694871746,17.8987,10.0,16.82567,9.0,9.421419,-0.210743
6.43420918798074,1.878,6.58450628770515,14.653,8.0,16.76905,8.0,7.194129,0.569387
6.43420918798074,1.7347,6.60203118762001,18.5233,9.0,16.71232,7.0,8.661758,0.01238
6.45197958825156,7.0066,6.61734878784046,16.9624,10.0,16.67583,10.0,9.058443,-0.078927
6.46885168878362,18.1227,6.63460638700053,16.9132,10.0,16.68125,10.0,9.006013,-1.028165
6.48490158794448,17.7409,6.65163308707997,15.8045,10.0,16.68521,10.0,8.48652,-0.289012
6.50089778704569,14.6714,6.66776948748156,14.7643,10.0,16.67772,9.0,11.57113,-0.77518
6.51942978752777,16.5405,6.68345128698274,15.6782,10.0,16.67721,9.0,11.64997,0.059829
6.53618538705632,16.396,6.70226438669488,19.672,10.0,16.67617,9.0,12.68711,-0.467488
6.58450628770515,57.5125,6.71767498692498,17.4703,10.0,16.82631,10.0,11.73048,-0.798809
6.58450628770515,1.8335,6.7334282877855,15.4913,8.0,16.77139,10.0,9.351971,0.35507
6.58450628770515,1.2284,6.75147938868031,18.1081,9.0,16.71466,9.0,8.305788,0.9735
6.60203118762001,5.9991,6.76968078827485,17.3305,10.0,16.6757,10.0,8.784609,-0.417219
6.61734878784046,17.3583,6.78467608848587,13.0795,10.0,16.67817,10.0,12.03433,0.690562
6.63460638700053,16.5339,6.80253788875416,20.2536,10.0,16.67765,9.0,8.0246,-0.293365
6.65163308707997,18.0953,6.81891568796709,16.4866,10.0,16.68275,10.0,8.290319,-1.48691
6.66776948748156,16.6545,6.83556238794699,16.894,10.0,16.68265,10.0,12.09884,0.091145
6.68345128698274,15.7522,6.85272938804701,15.5429,10.0,16.67932,10.0,9.415665,-0.296542
6.70226438669488,15.7837,6.8682774878107,15.6,10.0,16.67614,9.0,7.94401,-0.374029
6.71767498692498,17.072,6.88523018872365,18.4067,10.0,16.67754,9.0,13.20496,-0.298543
6.7334282877855,16.7231,6.90235448954627,17.3959,10.0,16.6777,10.0,8.471142,-0.344357
6.75147938868031,16.6979,6.91772298933938,15.4071,10.0,16.67777,10.0,9.597429,0.264163
6.76968078827485,18.3081,6.93492938997224,14.3256,10.0,16.68349,10.0,8.388943,0.06182
6.78467608848587,16.4648,6.95187358977273,18.2062,10.0,16.68273,9.0,9.729057,-0.171405
6.80253788875416,15.0,6.9680173904635,17.3823,10.0,16.67686,9.0,11.73574,0.95013
6.81891568796709,16.7375,6.98457578988746,16.7335,10.0,16.67708,10.0,8.02708,-0.756859
6.83556238794699,16.1143,7.00238529080525,18.0102,10.0,16.67513,10.0,7.423705,-0.265748
6.85272938804701,19.1916,7.018252490554,14.3167,10.0,16.68381,10.0,8.48137,-0.729652
6.8682774878107,14.7989,7.03481519082561,15.5086,10.0,16.67733,9.0,7.537859,-0.797249
6.88523018872365,16.8741,7.0523325917311,18.1541,10.0,16.678,9.0,12.22455,-0.852746
6.90235448954627,16.4959,7.06913019204512,19.3846,10.0,16.67738,10.0,11.59735,-0.179319
6.91772298933938,16.6742,7.08487829240039,12.1799,10.0,16.67737,10.0,7.703449,-0.908681
6.93492938997224,18.2825,7.10134909162298,19.3652,10.0,16.68281,9.0,11.63745,-0.250421
6.95187358977273,15.3997,7.11836559185758,16.7995,10.0,16.67848,10.0,9.124819,-0.700961
6.9680173904635,16.453,7.13424549112096,16.0062,10.0,16.67772,10.0,8.662181,0.12399
6.98457578988746,16.6146,7.15216599078849,16.2742,10.0,16.67751,10.0,8.812921,-0.035485
7.00238529080525,16.6769,7.16782289044932,14.4849,10.0,16.6775,9.0,11.80046,-0.31113
7.018252490554,17.5942,7.18508869083598,17.3815,10.0,16.68056,9.0,11.92211,0.287939
7.03481519082561,16.3827,7.20079199085012,18.5257,10.0,16.67957,9.0,9.769185,0.486833
7.0523325917311,15.7399,7.21829169103876,17.1728,10.0,16.67646,10.0,11.22143,-0.136421
7.06913019204512,17.9154,7.23534319037572,16.1938,10.0,16.68055,10.0,11.07996,-0.599326
7.08487829240039,17.4538,7.25162539118901,14.5446,10.0,16.68309,9.0,8.376067,0.253069
7.10134909162298,15.117,7.26956639112905,19.7869,10.0,16.67796,8.0,7.798921,-0.584812
7.11836559185758,17.263,7.28546759160236,15.6092,10.0,16.67987,7.0,8.432326,0.829381
7.13424549112096,15.888,7.30159159237519,14.6443,10.0,16.67729,10.0,11.69153,0.059874
7.15216599078849,17.7823,7.31775699229911,16.1475,10.0,16.68088,9.0,9.557412,-0.104133
7.16782289044932,16.8559,7.33525169314817,19.994,10.0,16.68144,9.0,9.029119,0.68646
7.18508869083598,15.5743,7.35158869298175,16.0519,10.0,16.67787,10.0,8.271726,-0.807775
7.20079199085012,17.1531,7.36771719390526,15.7553,10.0,16.6794,10.0,9.903033,0.47249
7.21829169103876,16.4161,7.38457039417699,17.5761,10.0,16.67855,9.0,10.04124,-0.694645
7.26956639112905,56.6854,7.40247759455815,17.8132,10.0,16.80637,10.0,7.914475,-0.41878
7.26956639112905,1.8555,7.41896869475022,16.7396,8.0,16.75876,10.0,12.06221,0.066701
7.26956639112905,1.5245,7.43465279461816,16.0026,9.0,16.7104,10.0,8.818945,-0.172318
7.28546759160236,6.1611,7.45197699451819,17.4571,10.0,16.67701,10.0,10.29498,-0.133017
7.30159159237519,18.6699,7.46787249529734,14.3492,10.0,16.6833,10.0,9.336099,-0.071322
7.31775699229911,15.3444,7.48436819622293,14.9572,10.0,16.67909,9.0,10.98442,0.472211
7.33525169314817,15.8404,7.50198359647766,17.9304,10.0,16.67646,9.0,11.19492,-0.268618
7.35158869298175,17.0361,7.51863009715453,16.5415,10.0,16.67758,9.0,8.285922,-0.118105
7.36771719390526,17.7682,7.53650559717789,20.9626,10.0,16.68098,9.0,8.084689,-0.850592
7.38457039417699,15.8739,7.55132339755073,14.9645,10.0,16.67847,10.0,7.549818,0.518282
7.40247759455815,16.1753,7.56806869665161,16.4715,10.0,16.67692,10.0,8.273105,-0.316937
7.41896869475022,17.2801,7.58508659573272,17.1161,10.0,16.67878,10.0,9.390192,-0.215909
7.43465279461816,17.2407,7.6020101965405,13.9337,10.0,16.68051,10.0,12.46012,-0.29889
7.45197699451819,15.9213,7.6199242961593,19.0859,10.0,16.67818,9.0,7.504337,-1.034944
7.46787249529734,19.4527,7.63534389575943,16.8703,10.0,16.68666,10.0,8.263709,-0.229598
7.48436819622293,16.2414,7.65206179535016,16.9202,10.0,16.6853,10.0,8.71929,0.195397
7.50198359647766,16.5299,7.66925289621577,17.3837,10.0,16.68483,10.0,8.682144,-0.068089
7.51863009715453,15.2669,7.68449519621208,12.1367,10.0,16.68054,10.0,12.6991,-1.109956
7.53650559717789,15.9423,7.70200249599293,19.2414,10.0,16.67831,9.0,11.5495,0.517635
7.55132339755073,17.1848,7.71981289656833,17.6217,10.0,16.67983,9.0,11.41779,-0.47857
7.56806869665161,16.2069,7.73456039698794,16.7683,10.0,16.67841,10.0,8.688956,-1.030447
7.58508659573272,16.8235,7.75203079776838,17.3892,10.0,16.67885,10.0,11.16626,0.185876
7.6020101965405,18.3076,7.76783329853788,15.2663,10.0,16.68371,10.0,8.64677,-1.013494
7.6199242961593,15.5226,7.78536919923499,17.9116,10.0,16.68025,9.0,9.526447,-0.366064
7.63534389575943,15.9433,7.80165859917179,15.7621,10.0,16.67806,10.0,11.07562,-0.02946
7.65206179535016,16.2428,7.81967539945617,18.2033,10.0,16.67678,10.0,8.954594,-0.259216
7.66925289621577,16.7699,7.83443409902975,11.6999,10.0,16.67705,10.0,12.65186,-0.396772
7.68449519621208,18.8573,7.85236079944298,19.4955,10.0,16.68346,9.0,12.09756,0.541134
7.70200249599293,15.6578,7.86818479886279,15.9374,10.0,16.68046,10.0,9.199516,0.490899
7.71981289656833,17.1754,7.88593329815194,18.7623,10.0,16.6819,9.0,9.872672,0.494964
7.73456039698794,16.7622,7.90398509753868,18.149,10.0,16.68214,10.0,9.218266,-0.116871
7.75203079776838,16.2545,7.91820329753682,11.4987,10.0,16.68089,10.0,8.613301,-0.023806
7.76783329853788,16.5761,7.93776369793341,20.6845,10.0,16.68059,9.0,11.10014,-0.546734
7.78536919923499,15.9323,7.95348579762504,17.1624,10.0,16.67843,10.0,9.304771,-0.295785
7.80165859917179,16.4506,7.96890599792823,15.6959,10.0,16.67777,10.0,10.18501,0.400142
7.81967539945617,16.4581,7.98550609825179,16.8132,10.0,16.67714,10.0,10.98363,-1.393582
7.83443409902975,19.1526,8.00219789845869,14.9743,10.0,16.68423,10.0,10.74918,-0.177006
7.85236079944298,14.7328,8.0208106986247,18.4793,10.0,16.67866,10.0,9.057658,-0.703739
7.86818479886279,18.3809,8.03542509907857,16.51,10.0,16.68351,10.0,7.940882,-0.171472
7.88593329815194,14.7081,8.05233729863539,16.4473,10.0,16.6779,10.0,10.73891,-0.007274
7.90398509753868,16.8278,8.06846349919215,16.7058,10.0,16.67832,10.0,8.896039,-0.203076
7.91820329753682,16.6714,8.08514919923618,16.4919,10.0,16.6783,10.0,10.08167,-0.337978
7.93776369793341,16.3579,8.10206479998305,13.9223,10.0,16.6774,10.0,9.909874,0.248595
7.95348579762504,16.4684,8.11920709954575,18.4418,10.0,16.67681,9.0,11.70988,0.040695
7.96890599792823,16.7215,8.1347562992014,17.2638,10.0,16.67694,9.0,10.02658,0.451295
7.98550609825179,16.7002,8.15245569916442,16.8777,10.0,16.677,10.0,11.21801,-0.154005
8.00219789845869,16.9752,8.16959739895537,17.1203,10.0,16.67783,10.0,9.605705,-0.542779
8.0208106986247,16.608,8.18522259825841,13.2443,10.0,16.67764,10.0,11.64721,-0.179128
8.03542509907857,16.807,8.2029999983497,17.5708,10.0,16.678,9.0,9.483705,1.530175
8.05233729863539,16.928,8.22111499914899,19.0675,10.0,16.67869,9.0,11.70788,-0.305176
8.06846349919215,17.0834,8.23537559946999,15.9779,10.0,16.6798,10.0,10.62153,0.038773
8.08514919923618,16.3962,8.25211860006675,16.693,10.0,16.67902,10.0,9.512925,-0.238139
8.10206479998305,18.0146,8.26881249947473,16.4766,10.0,16.68268,10.0,6.800176,0.267109
8.11920709954575,15.5543,8.28510319953784,14.3403,10.0,16.6796,10.0,11.24793,0.092434
8.1347562992014,16.2023,8.30304039968178,17.6116,10.0,16.6783,9.0,9.710639,0.119775
8.15245569916442,16.8146,8.31995099922642,17.8361,10.0,16.67867,9.0,9.496091,-0.679042
8.16959739895537,16.2586,8.33562419889495,17.1841,10.0,16.67753,10.0,8.715066,0.200502
8.18522259825841,18.5194,8.35294929845259,17.0512,10.0,16.68251,10.0,8.557225,0.687685
8.2029999983497,15.926,8.36924939928576,16.9491,10.0,16.68047,10.0,8.815542,-1.113432
8.22111499914899,15.4737,8.38441839953884,12.2282,10.0,16.67723,10.0,10.0024,0.116256
8.23537559946999,17.2722,8.40384759893641,20.9016,10.0,16.67882,9.0,9.092715,-0.033871
8.25211860006675,16.041,8.42185899941251,19.3363,10.0,16.67711,10.0,9.571632,-0.780204
8.26881249947473,17.0651,8.43575259903446,13.9297,10.0,16.67815,10.0,12.75584,-0.512823
8.28510319953784,18.3476,8.45235199900344,16.5817,10.0,16.68259,10.0,9.128071,0.03761
8.30304039968178,16.528,8.46910359943286,14.0763,10.0,16.68218,10.0,8.928604,-0.192757
8.31995099922642,15.1846,8.48529869923368,16.1953,10.0,16.67822,9.0,9.742423,-0.265924
8.33562419889495,16.9457,8.50462919892743,20.1947,10.0,16.67892,9.0,9.25579,0.899409
8.35294929845259,16.3278,8.51941159879789,16.7653,10.0,16.678,10.0,11.55566,1.052076
8.36924939928576,16.2706,8.53542209928855,15.6995,10.0,16.67693,10.0,9.938024,0.394424
8.38441839953884,18.6722,8.55208549974486,16.5065,10.0,16.68215,10.0,10.16909,-0.225228
8.40384759893641,15.3742,8.56848010001704,13.9513,10.0,16.67874,10.0,9.025724,-0.057934
8.42185899941251,16.6343,8.58571590064093,17.1834,10.0,16.67862,9.0,8.633276,-0.006345
8.43575259903446,16.1441,8.60462669981644,19.8891,10.0,16.67723,9.0,10.64063,-0.609619
8.45235199900344,16.911,8.61862609954551,15.8516,10.0,16.67784,10.0,11.89163,0.282007
8.46910359943286,18.1095,8.63527159998193,16.6686,10.0,16.68154,10.0,8.865145,-0.032867
8.48529869923368,15.6748,8.65205979952589,16.696,10.0,16.67895,10.0,8.963119,0.819959
8.50462919892743,16.1767,8.66847110027447,13.6195,10.0,16.67765,10.0,10.49469,-0.515638
8.51941159879789,17.1904,8.68587750056759,17.4046,10.0,16.67897,9.0,9.272267,-0.044108
8.53542209928855,16.245,8.70456090057269,19.8032,10.0,16.67786,9.0,11.29134,0.326443
8.55208549974486,16.4049,8.71872190060094,14.6748,10.0,16.67716,10.0,9.474638,-0.211406
8.56848010001704,18.099,8.73562010051683,16.9771,10.0,16.68078,9.0,9.192008,-1.242754
8.58571590064093,15.699,8.75310010137036,18.5018,10.0,16.67829,9.0,8.955957,-0.653401
8.60462669981644,16.2849,8.76905420096591,13.2681,10.0,16.67729,10.0,9.827706,-0.350038
8.61862609954551,16.7896,8.78561650076881,16.7,10.0,16.67758,9.0,11.74955,-1.274379
8.63527159998193,16.3425,8.80397450039163,19.6729,10.0,16.67673,9.0,12.7519,0.10648
8.65205979952589,16.8116,8.82009379984811,17.6529,10.0,16.67707,10.0,9.761538,1.616507
8.66847110027447,18.9828,8.83686620043591,16.7213,10.0,16.68285,10.0,8.966479,-0.031086
8.68587750056759,14.9429,8.85313439974561,16.4452,10.0,16.6785,10.0,10.15372,1.103821
8.70456090057269,16.3915,8.86928599933162,15.1172,10.0,16.67778,10.0,8.724593,0.793056
8.71872190060094,19.6473,8.88608569884673,17.4342,10.0,16.68517,9.0,8.072986,0.77568
8.73562010051683,14.7933,8.90366599941626,15.856,10.0,16.68048,10.0,11.68788,1.298451
8.75310010137036,15.4579,8.92170849861577,18.6638,10.0,16.67745,10.0,8.106744,0.167622
8.76905420096591,19.9343,8.93653819849715,13.3596,10.0,16.68549,10.0,8.29912,0.413616
8.78561650076881,14.5055,8.95239359838888,15.8696,10.0,16.68012,9.0,8.077949,0.833913
8.80397450039163,15.8865,8.97039439855143,20.3312,10.0,16.67817,9.0,9.212678,-0.451968
8.82009379984811,17.0676,8.98682309826836,15.7984,10.0,16.67913,10.0,10.29508,0.061362
8.83686620043591,16.2107,9.00311569822952,14.3648,10.0,16.67798,10.0,8.569087,0.332692
8.85313439974561,17.4883,9.01860239868984,15.5371,10.0,16.67996,9.0,7.852668,-0.214119
8.86928599933162,17.5687,9.03674009954557,20.6807,10.0,16.68212,9.0,9.123738,-0.323236
8.88608569884673,15.3424,9.05321310041472,16.8236,10.0,16.67887,10.0,11.47531,0.801858
8.90366599941626,16.2212,9.06965940026566,16.2198,10.0,16.67776,10.0,9.951519,0.044554
8.92170849861577,17.6209,9.0867533008568,16.917,10.0,16.68004,10.0,9.243836,-0.13755
8.93653819849715,17.8481,9.10266160173342,13.585,10.0,16.68285,10.0,9.193342,-0.732309
8.95239359838888,16.4506,9.12058290233836,18.9884,10.0,16.68229,9.0,7.862346,0.828433
8.97039439855143,16.4893,9.13568550208583,16.8373,10.0,16.68183,10.0,10.22295,-0.066214
8.98682309826836,15.8347,9.15301000187173,16.8568,10.0,16.67981,10.0,11.39541,-0.330261
9.00311569822952,18.8347,9.16949760215357,16.7949,10.0,16.68495,10.0,9.921767,0.065083
9.01860239868984,14.3965,9.18709400156513,16.6459,10.0,16.6795,10.0,7.216214,-0.770185
9.03674009954557,15.67,9.20264970185235,13.7086,10.0,16.6771,10.0,11.72276,0.466627
9.05321310041472,17.4566,9.22026800224558,18.5972,10.0,16.67895,9.0,9.030417,-0.509661
9.06965940026566,16.5028,9.23680210160092,18.4966,10.0,16.67853,9.0,8.912685,0.058263
9.0867533008568,16.5259,9.25333260232583,16.2838,10.0,16.67817,10.0,9.582373,-0.96278
9.10266160173342,17.4055,9.26912420289591,15.4872,10.0,16.67988,10.0,9.986361,-0.094279
9.12058290233836,16.0417,9.28690310241655,18.2059,10.0,16.67839,10.0,12.18974,0.280966
9.13568550208583,16.8747,9.30300370277837,16.2107,10.0,16.67884,10.0,11.48508,-0.156589
9.15301000187173,16.3339,9.31976640271023,13.8906,10.0,16.67804,10.0,9.637279,-0.293444
9.16949760215357,16.494,9.33626400353387,18.3562,10.0,16.67761,9.0,9.147234,0.371301
9.18709400156513,17.8276,9.35331100272015,16.7396,10.0,16.68028,8.0,9.632489,-0.225711
9.20264970185235,16.5615,9.37037000292912,17.1262,10.0,16.68001,7.0,11.76304,-0.695623
9.22026800224558,15.8428,9.38652060227469,15.1888,10.0,16.67807,10.0,8.662999,0.031278
9.23680210160092,16.7566,9.40660050185397,20.3474,10.0,16.67825,9.0,9.726011,-0.269981
9.25333260232583,16.9171,9.41965360147879,14.9181,10.0,16.6788,10.0,11.76002,-0.825964
9.26912420289591,16.0533,9.43654330214486,16.8406,10.0,16.67736,10.0,12.29492,-0.687847
9.28690310241655,16.8002,9.45330720162019,15.1434,10.0,16.67765,10.0,8.975981,0.578179
9.30300370277837,17.1329,9.47011040104553,15.5882,10.0,16.67869,9.0,9.602864,0.386963
9.35331100272015,55.3169,9.48829590110108,19.0402,10.0,16.7669,9.0,10.52595,-0.620815
9.35331100272015,1.9792,9.50254230154678,15.0229,8.0,16.73322,10.0,9.628821,0.029778
9.35331100272015,1.4127,9.52024330152199,18.7187,9.0,16.6984,9.0,8.489637,-0.7084
9.37037000292912,7.0725,9.53663430130109,16.5964,10.0,16.67657,10.0,8.434215,-0.909878
9.38652060227469,16.8788,9.55354800214991,14.1837,10.0,16.67703,10.0,9.115822,0.001359
9.40660050185397,16.8935,9.56968310242519,17.2859,10.0,16.67752,9.0,8.3372,-0.038446
9.41965360147879,17.2399,9.58679730212316,16.0538,10.0,16.67879,9.0,10.66808,-0.238279
9.43654330214486,16.2109,9.60331080248579,19.0459,10.0,16.67773,9.0,12.40054,-0.695385
9.45330720162019,17.751,9.62023990182206,17.0874,10.0,16.68014,10.0,11.15515,-0.652716
9.47011040104553,16.0721,9.63653970090672,16.1837,10.0,16.67878,10.0,11.29338,-0.259027
9.48829590110108,16.2391,9.65417690156028,16.0848,10.0,16.6778,10.0,7.010985,-0.060673
9.50254230154678,17.7126,9.66969650192186,14.2827,10.0,16.6801,9.0,8.724616,1.139981
9.52024330152199,15.5689,9.68682750267908,18.8381,10.0,16.67763,9.0,8.932727,-0.083971
9.53663430130109,16.825,9.70447250222787,17.6348,10.0,16.67796,9.0,8.496273,-0.047136
9.55354800214991,18.5439,9.71996800182387,13.9766,10.0,16.68209,8.0,11.24272,0.456087
9.56968310242519,15.8559,9.73622330231592,18.5443,10.0,16.68026,7.0,8.836371,-0.977165
9.58679730212316,16.0985,9.7544536027126,17.725,10.0,16.67898,10.0,8.643336,-0.150117
9.60331080248579,16.1987,9.76932580256835,12.8935,10.0,16.67793,10.0,8.399813,-0.772782
9.62023990182206,16.8778,9.78648930275813,19.852,10.0,16.67837,9.0,7.694565,-0.980786
9.63653970090672,16.5816,9.80284690344706,16.2466,10.0,16.67815,10.0,12.24042,-0.179824
9.65417690156028,18.2721,9.82129640365019,18.6557,10.0,16.68163,10.0,9.661382,-1.058719
9.66969650192186,16.6274,9.83727460401133,14.4603,10.0,16.68152,10.0,8.756286,-0.204014
9.71996800182387,56.2331,9.8532797046937,14.7268,10.0,16.7675,9.0,8.668424,-0.625942
9.71996800182387,1.8604,9.87172930547968,20.9671,8.0,16.73516,9.0,7.961519,0.739986
9.73622330231592,1.589,9.88632930582389,14.9331,9.0,16.70238,10.0,9.373814,-1.171655
9.73622330231592,5.4106,9.90503070643172,18.7869,9.0,16.67799,10.0,8.142642,0.058404
9.7544536027126,16.6234,9.92084710625932,14.0794,10.0,16.67787,10.0,9.053514,-0.783154
9.76932580256835,18.1368,9.93726440658793,15.3871,10.0,16.68101,9.0,7.527255,0.203488
9.78648930275813,15.8104,9.95371350599453,18.9053,10.0,16.67914,9.0,12.5096,1.656192
9.80284690344706,15.7764,9.97134440531954,17.8646,10.0,16.67721,10.0,9.690054,-0.808328
9.82129640365019,16.5557,9.98780660470948,16.4096,10.0,16.67695,10.0,10.43301,0.560752
9.83727460401133,18.4169,10.0037823054008,13.171,10.0,16.68066,10.0,8.347008,1.123754
9.8532797046937,16.8175,10.0204547061585,16.7114,10.0,16.68095,9.0,6.878528,-0.132657
9.87172930547968,15.7053,10.03923940612,19.8026,10.0,16.67888,9.0,12.06025,-0.212693
9.88632930582389,16.6671,10.0542845060118,16.6242,10.0,16.67885,10.0,8.048346,-0.188694
9.90503070643172,16.2831,10.0710590058006,16.7657,10.0,16.67802,10.0,7.562957,-0.060126
9.92084710625932,17.8504,10.08730570646,15.0488,10.0,16.68049,10.0,8.545393,-0.301664
9.93726440658793,16.335,10.1038701073267,15.1667,10.0,16.67976,9.0,8.404694,-0.09306
9.95371350599453,16.3076,10.1215933081694,20.3213,10.0,16.67898,9.0,10.11343,-0.650847
9.97134440531954,16.3708,10.1370019079186,14.5753,10.0,16.67833,10.0,8.313064,-0.639549
9.98780660470948,16.3858,10.1534857084043,14.7396,10.0,16.67772,9.0,8.47976,-0.405372
10.0037823054008,17.9095,10.1714933090843,19.2561,10.0,16.68029,9.0,8.711847,0.047405
10.0204547061585,15.8373,10.1874669087119,17.9984,10.0,16.67854,9.0,8.684749,-1.058577
10.03923940612,16.1755,10.2044111085124,17.1232,10.0,16.67749,10.0,8.875572,-0.061075
10.0542845060118,16.9838,10.219700908754,15.1219,10.0,16.67813,10.0,11.63449,0.473556
10.0710590058006,16.1991,10.236857809592,14.4646,10.0,16.67714,10.0,9.878877,-0.619174
10.08730570646,18.3879,10.2542170104571,18.4791,10.0,16.68067,9.0,9.295675,0.514896
10.1038701073267,16.3913,10.2697378103621,16.8653,10.0,16.68007,10.0,9.096544,0.375988
10.1215933081694,15.4874,10.2875405107625,18.1758,10.0,16.67762,10.0,8.653874,-0.502037
10.1370019079186,19.9377,10.304484909866,16.8098,10.0,16.68431,10.0,12.089,-0.453857
10.1534857084043,14.8154,10.3211969104595,16.1929,10.0,16.68048,10.0,11.19761,-0.421272
10.1714933090843,16.3989,10.3375344113447,15.2703,10.0,16.67991,10.0,8.804137,-0.807222
10.1874669087119,16.2146,10.3542574108578,17.8059,10.0,16.67896,10.0,9.503757,0.403428
10.2044111085124,17.0856,10.370296610985,16.4823,10.0,16.67979,10.0,9.497372,-0.797462
10.219700908754,16.464,10.3867603116669,15.2453,10.0,16.67935,10.0,9.698022,-0.31548
10.236857809592,18.5623,10.4035597112961,17.7047,10.0,16.68317,9.0,12.03637,0.350796
10.2542170104571,14.1845,10.4215614111163,18.3386,10.0,16.67811,10.0,11.11176,-0.059504
10.2697378103621,17.4191,10.436869611498,12.5437,10.0,16.67961,10.0,9.93108,-1.563434
10.2875405107625,15.8327,10.4541346109472,19.3407,10.0,16.6779,9.0,9.444604,1.187036
10.304484909866,16.442,10.4714874117635,17.2211,10.0,16.67742,10.0,9.070204,2.518198
10.3211969104595,18.8396,10.4873085110448,13.6687,10.0,16.68177,10.0,8.799434,-0.278725
10.3375344113447,15.2923,10.5041590104811,19.2253,10.0,16.67898,9.0,13.25436,-0.346259
10.3542574108578,15.7912,10.5210074107163,15.6623,10.0,16.67721,10.0,9.026902,-0.303299
10.370296610985,17.5774,10.5396813112311,18.7243,10.0,16.679,9.0,6.369025,-0.765839
10.3867603116669,18.2171,10.5547479116358,17.0512,10.0,16.68207,10.0,9.117359,0.361222
10.4035597112961,15.4119,10.570530010853,15.4619,10.0,16.67954,10.0,9.212499,-0.010131
10.4215614111163,15.5273,10.5866451100446,14.9713,10.0,16.67726,10.0,11.81384,-0.671099
10.436869611498,18.7532,10.6042468105443,16.8409,10.0,16.68137,9.0,12.30618,-0.698457
10.4541346109472,16.1299,10.621328309644,18.8674,10.0,16.68028,9.0,8.785931,-0.955319
10.4714874117635,16.9754,10.6380452089943,16.773,10.0,16.68086,10.0,8.698199,-0.411681
10.4873085110448,17.2754,10.6544957091101,16.599,10.0,16.68203,10.0,9.676157,0.300739
10.5041590104811,15.4867,10.6711299088784,14.8762,10.0,16.67968,10.0,9.847619,-0.866153
10.5210074107163,16.2036,10.6883160085417,18.8855,10.0,16.67875,9.0,12.56228,-0.909429
10.5396813112311,16.2146,10.704679208342,16.5944,10.0,16.67784,10.0,12.07706,-0.782061
10.5547479116358,17.2281,10.7201158083044,15.2167,10.0,16.67891,10.0,8.862453,-1.058232
10.570530010853,17.0402,10.7384392074309,18.2201,10.0,16.67962,9.0,9.684829,-0.337503
10.5866451100446,17.4412,10.7537457072176,12.2112,10.0,16.6811,10.0,9.697961,0.130348
10.6042468105443,15.2755,10.7704919078387,18.5681,10.0,16.67837,9.0,9.678732,-0.870636
10.621328309644,16.6388,10.788430607412,17.9067,10.0,16.67829,8.0,12.7429,-0.63412
10.6380452089943,17.151,10.8044837065972,18.4481,10.0,16.67921,7.0,12.02355,0.164509
10.6544957091101,16.4305,10.8224988062866,17.3359,10.0,16.67873,10.0,8.889336,-0.573541
10.6711299088784,16.9152,10.8370183059014,14.9996,10.0,16.67918,10.0,10.89772,-0.693491
10.6883160085417,16.5903,10.8551749051549,14.6957,10.0,16.67901,10.0,10.60659,-0.575483
10.704679208342,17.2552,10.8709621042944,15.7529,10.0,16.68012,9.0,8.780841,0.402345
10.7201158083044,16.7413,10.8890755050816,19.5663,10.0,16.68023,9.0,12.19589,0.425718
10.7384392074309,15.8298,10.9048531060107,17.5313,10.0,16.67861,10.0,12.17848,0.080237
10.788430607412,57.4871,10.9221802060492,16.8765,10.0,16.75649,10.0,9.183855,-0.446821
10.788430607412,2.1254,10.9388252054341,16.599,8.0,16.72862,10.0,8.210082,-0.392579
10.8044837065972,3.3749,10.9538426049985,11.956,9.0,16.70323,10.0,8.165563,0.599653
10.8044837065972,3.8995,10.9713303041644,19.1828,9.0,16.67894,9.0,8.401521,0.248793
10.8224988062866,16.8819,10.9877981045283,17.2759,10.0,16.67932,10.0,8.766179,0.092855
10.8370183059014,16.8338,11.004967904184,17.269,10.0,16.67961,10.0,9.210847,-0.759883
10.8551749051549,20.5114,11.021125304047,16.1213,10.0,16.68684,10.0,10.03081,0.570364
10.8709621042944,12.9669,11.0380297047086,14.2081,10.0,16.67984,10.0,8.049145,0.347432
10.8890755050816,16.3859,11.0544590041973,16.3453,10.0,16.67928,9.0,11.36608,-0.061873
10.9048531060107,16.9083,11.0704812039621,18.5784,10.0,16.67971,9.0,12.18204,-1.223878
10.9221802060492,16.869,11.087819703389,17.5247,10.0,16.68007,10.0,8.532268,0.173774
10.9388252054341,16.155,11.1049361028709,16.6843,10.0,16.67909,10.0,9.415473,-0.006128
10.9538426049985,17.4712,11.1221229028888,16.0812,10.0,16.68056,10.0,11.73788,-0.262977
10.9713303041644,16.0088,11.1372891026549,16.345,10.0,16.67931,10.0,12.88183,0.180291
10.9877981045283,16.6381,11.1547738029622,17.7032,10.0,16.67924,10.0,8.874528,-0.664581
11.004967904184,15.799,11.1721485028975,16.5773,10.0,16.6776,10.0,8.731577,0.650847
11.021125304047,16.8716,11.1888237032108,14.9851,10.0,16.67796,9.0,9.191509,-0.945339
11.0380297047086,17.1744,11.2054198025726,18.5014,10.0,16.67888,8.0,8.952081,-0.265484
11.0544590041973,17.7495,11.2216280023567,15.005,10.0,16.68086,7.0,12.04695,-0.509223
11.0704812039621,15.2607,11.2377220015042,15.378,10.0,16.67824,10.0,9.741339,0.402167
11.087819703389,16.8008,11.2542694020085,18.9656,10.0,16.67847,9.0,9.579784,-0.707618
11.1049361028709,16.9354,11.272291901987,18.326,10.0,16.67894,10.0,9.404423,0.221697
11.1221229028888,16.6731,11.2896489012055,17.2822,10.0,16.67893,10.0,9.285333,0.121988
11.1372891026549,15.9331,11.3045056010596,12.1138,10.0,16.67756,10.0,9.319618,-0.065065
11.1547738029622,16.4619,11.3220379012637,18.827,10.0,16.67717,9.0,12.2952,-0.919668
11.2054198025726,56.6114,11.3377116019838,16.9056,10.0,16.74991,10.0,10.37411,0.144267
11.2054198025726,1.9118,11.3550129025243,17.5142,8.0,16.72293,10.0,8.559965,-0.40378
11.2054198025726,1.615,11.3706762022339,15.7001,9.0,16.69551,10.0,8.954968,-0.355269
11.2216280023567,6.808,11.3886544029228,16.3651,10.0,16.6776,10.0,10.14523,-0.538858
11.2377220015042,17.4824,11.4049943028949,15.4192,10.0,16.67906,9.0,8.61888,-0.160247
11.2542694020085,16.0118,11.4239164027385,21.6184,10.0,16.67785,9.0,9.086569,0.261964
11.272291901987,17.1219,11.4382403031923,14.528,10.0,16.67865,10.0,11.87586,-0.308008
11.2896489012055,16.4278,11.4552489039488,16.8814,10.0,16.6782,10.0,10.19945,1.53842
11.3045056010596,19.1688,11.4724989035167,16.6895,10.0,16.68267,10.0,10.13874,-0.547198
11.3220379012637,14.6545,11.4894051034935,14.935,10.0,16.67904,10.0,9.691608,-0.333583
11.3377116019838,16.429,11.5046751038171,17.3314,10.0,16.67859,9.0,11.18298,-0.235016
11.3550129025243,16.3666,11.5219773040153,17.367,10.0,16.67803,10.0,7.514198,-0.112249
11.3706762022339,17.1021,11.538312104065,16.2387,10.0,16.67879,10.0,9.272183,-0.052889
11.3886544029228,17.7562,11.5553293046542,15.7606,10.0,16.6807,10.0,9.110616,-1.052487
11.4049943028949,16.1145,11.5720888045616,15.4067,10.0,16.6797,9.0,10.64445,0.018715
11.4239164027385,16.4287,11.5882791043259,18.5209,10.0,16.67925,9.0,11.74199,-0.311918
11.4382403031923,16.2879,11.6050523039885,17.3107,10.0,16.67856,10.0,9.378087,-0.026078
11.4552489039488,16.6106,11.6215045046993,16.5502,10.0,16.67844,10.0,11.03189,-0.579438
11.4724989035167,18.368,11.6386420042254,14.432,10.0,16.68142,10.0,8.993418,-0.183526
11.4894051034935,17.7594,11.6547517036088,15.9901,10.0,16.68332,9.0,9.071878,-0.36809
11.5046751038171,13.9212,11.673456702847,19.5048,10.0,16.67846,9.0,11.57334,-0.089517
11.5219773040153,16.6409,11.6885679024272,16.9444,10.0,16.6784,10.0,10.96723,-0.497483
11.538312104065,16.5241,11.7060257024132,17.5581,10.0,16.67813,10.0,11.59279,0.466463
11.5553293046542,18.1303,11.7224427028559,16.5871,10.0,16.68067,10.0,9.225317,-0.660491
11.5720888045616,16.5892,11.7385331033729,13.0702,10.0,16.68051,10.0,8.816883,-0.229225
11.5882791043259,16.1153,11.7546719028614,16.2375,10.0,16.67952,9.0,9.312537,0.725059
11.6050523039885,16.5551,11.772085103672,20.1685,10.0,16.67931,9.0,9.906191,-0.469057
11.6215045046993,17.1868,11.7880707043223,15.9453,10.0,16.68019,10.0,12.30762,-0.864373
11.6386420042254,18.0984,11.804627105128,13.909,10.0,16.68265,10.0,10.14594,0.663638
11.6547517036088,14.9094,11.8224456044845,18.2404,10.0,16.67958,9.0,9.196557,-1.120233
11.673456702847,16.24,11.8404155052267,18.3931,10.0,16.67882,9.0,11.90267,-0.656904
11.6885679024272,16.1945,11.8566720052622,17.6724,10.0,16.67798,10.0,10.03526,-0.977445
11.7060257024132,16.4247,11.8727142061107,16.343,10.0,16.67755,10.0,8.989233,0.785347
11.7224427028559,17.5149,11.8886557067744,15.9583,10.0,16.67899,10.0,12.7819,0.068699
11.7385331033729,18.1356,11.9064646060579,17.8519,10.0,16.68148,10.0,9.602345,-0.545949
11.7546719028614,16.0652,11.9220972056501,15.2967,10.0,16.68043,10.0,10.03335,1.186293
11.772085103672,16.0955,11.9394770055078,16.0951,10.0,16.67943,10.0,8.056201,-0.910785
11.7880707043223,16.0247,11.9550401051529,14.4976,10.0,16.67831,9.0,10.27365,1.107462
11.804627105128,17.6414,11.9721593060531,17.1109,10.0,16.67995,9.0,12.23611,0.248446
11.8224456044845,17.9319,11.9883490060456,16.2308,10.0,16.68208,9.0,7.942985,-0.00677
11.8404155052267,13.5461,12.0059374053963,18.6193,10.0,16.67676,9.0,9.688938,-0.236159
11.8566720052622,17.1183,12.0226542060263,18.0836,10.0,16.67751,9.0,7.579954,0.705461
11.8727142061107,17.2803,12.0387722053565,16.4328,10.0,16.67853,10.0,10.17857,0.489927
11.8886557067744,17.3309,12.0545658045448,14.675,10.0,16.67963,10.0,11.47506,-0.172595
11.9064646060579,17.0053,12.0724236038513,16.2113,10.0,16.68018,9.0,9.248739,-0.175217
11.9220972056501,16.0983,12.089711303357,19.3148,10.0,16.6792,8.0,8.062273,0.345489
11.9394770055078,17.8477,12.1055678040721,18.458,10.0,16.68116,7.0,8.329495,0.252097
11.9550401051529,17.695,12.1229841043241,15.3577,10.0,16.68286,10.0,11.84192,0.35647
11.9721593060531,16.5356,12.1385813043453,13.0732,10.0,16.68262,10.0,11.81401,-0.156565
11.9883490060456,17.0988,12.1565571040846,18.9768,10.0,16.68331,9.0,8.685903,-0.1966
12.0059374053963,14.0914,12.1719676037319,17.1578,10.0,16.67899,10.0,8.73923,-0.60097
12.0226542060263,16.4884,12.1886406042613,16.2745,10.0,16.67867,9.0,8.650465,-0.418389
12.0387722053565,16.9143,12.204657303635,15.9796,10.0,16.67906,10.0,10.2796,-0.621408
12.1055678040721,62.4646,12.2224638038315,17.9373,10.0,16.75512,10.0,11.79737,0.686079
12.1055678040721,3.5784,12.2382793040015,13.4846,7.0,16.73326,10.0,8.157089,-0.020805
12.1055678040721,1.2969,12.2554816030897,19.3831,8.0,16.70771,9.0,10.25641,0.248737
12.1055678040721,1.1738,12.2719769035466,16.7725,9.0,16.68203,10.0,12.20322,-1.096449
12.1229841043241,15.4367,12.2885747035034,16.6566,10.0,16.67998,10.0,9.626705,-0.651497
12.1385813043453,15.9468,12.3066716031171,17.8949,10.0,16.67877,10.0,8.307263,-0.037745
12.1565571040846,16.6571,12.3227721028961,14.8469,10.0,16.67873,10.0,7.838949,-1.139054
12.1719676037319,17.8218,12.3392859031446,16.2798,10.0,16.68061,9.0,9.424797,-0.03546
12.1886406042613,15.8255,12.3563849036582,18.379,10.0,16.67921,9.0,11.63974,0.277041
12.204657303635,16.2479,12.3723106035031,16.6034,10.0,16.6785,10.0,9.838954,0.278917
12.2224638038315,16.783,12.3883928027935,13.1418,10.0,16.67867,10.0,9.65416,-0.023549
12.2382793040015,16.9623,12.4068084028549,19.8119,10.0,16.67913,9.0,8.154859,-0.02213
12.2554816030897,16.076,12.4237426021136,17.9761,10.0,16.67815,10.0,8.024183,-0.658736
12.2719769035466,16.5025,12.4386462024413,14.9823,10.0,16.67787,10.0,8.513249,-0.877738
12.2885747035034,17.1522,12.4564519017003,17.828,10.0,16.67864,10.0,9.92253,-0.74494
12.3066716031171,17.6299,12.4719426012598,12.9425,10.0,16.68018,10.0,8.795336,0.568819
12.3227721028961,17.0756,12.4885005014949,16.9031,10.0,16.68082,9.0,8.991138,-0.869836
12.3392859031446,15.189,12.5071784011088,20.2763,10.0,16.67841,9.0,10.39814,-0.217491
12.3563849036582,16.0792,12.5222747013904,13.1443,10.0,16.67744,10.0,9.401681,0.467733
12.3723106035031,17.1818,12.5400829021819,19.0124,10.0,16.67825,9.0,7.737936,-0.406225
12.3883928027935,17.6808,12.5556472023018,17.2283,10.0,16.67987,10.0,11.87679,-0.235883
12.4068084028549,15.9718,12.5733994026668,17.4559,10.0,16.67873,10.0,9.212067,-0.065863
12.4237426021136,16.1288,12.589450601954,16.1604,10.0,16.67785,10.0,8.673625,-0.037843
12.4386462024413,16.639,12.6054440014996,14.4368,10.0,16.67779,10.0,11.68828,0.318519
12.4564519017003,16.9746,12.6232431014068,16.6681,10.0,16.67826,9.0,9.138963,-0.588094
12.4719426012598,17.7566,12.6399035011418,18.2861,10.0,16.67998,8.0,10.15864,-1.150711
12.4885005014949,18.6628,12.655472101178,15.0851,10.0,16.68314,7.0,8.112781,-0.227728
12.5071784011088,15.4386,12.6726600020193,18.749,10.0,16.68116,10.0,7.740394,0.155873
12.5222747013904,15.2847,12.6898544016294,15.7223,10.0,16.67894,10.0,8.958511,0.20758
12.5400829021819,16.3635,12.7058019018732,15.5893,10.0,16.67844,10.0,10.64163,-0.030727
12.5556472023018,16.6175,12.7224717023782,18.8312,10.0,16.67835,9.0,10.50623,-0.070854
12.5733994026668,16.6823,12.7396815023385,16.7657,10.0,16.67835,10.0,8.31972,0.375719
12.589450601954,17.3068,12.7560348021798,15.1028,10.0,16.67934,10.0,8.224827,0.150007
12.6399035011418,55.9462,12.7724787029438,15.1719,10.0,16.74118,9.0,8.302854,-1.141811
12.6399035011418,1.7074,12.7883296026848,18.4128,8.0,16.71754,9.0,10.08478,0.516571
12.6399035011418,1.7493,12.8063348024152,18.253,9.0,16.69404,9.0,7.901693,-0.847038
12.655472101178,6.1548,12.824114903342,17.2305,10.0,16.67753,10.0,7.988511,-0.800847
12.6726600020193,17.3124,12.8395553031005,14.349,10.0,16.67852,10.0,9.434529,0.481544
12.6898544016294,16.8297,12.8564654034562,17.5932,10.0,16.67876,9.0,7.903838,-0.220165
12.7058019018732,15.9411,12.8733419035561,18.0444,10.0,16.6776,10.0,12.37885,1.121599
12.7224717023782,17.5118,12.8912763041444,17.972,10.0,16.6789,10.0,10.48756,-0.986322
12.7396815023385,16.2873,12.906631203834,15.7027,10.0,16.6783,10.0,9.259865,0.395465
12.7560348021798,17.6167,12.9231196031906,15.4009,10.0,16.67975,10.0,7.488601,-0.396048
12.7724787029438,17.1603,12.9398855031468,16.2086,10.0,16.6805,9.0,6.833522,-0.67879
12.7883296026848,15.695,12.9563025035895,17.3367,10.0,16.67897,10.0,8.512535,0.085626
12.8063348024152,16.2479,12.9723709044047,16.7541,10.0,16.67831,10.0,10.50155,0.758312
12.824114903342,16.258,12.9892069050111,16.394,10.0,16.67766,10.0,11.43019,0.746344
12.8395553031005,18.4933,13.0068463054486,16.1186,10.0,16.68045,10.0,8.545474,-0.915843
12.8564654034562,15.6591,13.0238251057453,15.7948,10.0,16.67888,9.0,7.694388,-0.11143
12.8733419035561,16.8006,13.0388643057086,17.8023,10.0,16.67907,9.0,7.497756,-0.389244
12.8912763041444,16.4698,13.0569858052768,18.3687,10.0,16.67875,10.0,7.578243,0.211719
12.906631203834,16.7047,13.0730006047525,15.9349,10.0,16.67879,10.0,12.30143,-0.343285
12.9231196031906,17.9414,13.0895984047092,14.8626,10.0,16.68072,10.0,9.797244,-0.092148
12.9398855031468,15.9081,13.1083023049869,18.4808,10.0,16.67954,9.0,9.202481,-0.319111
12.9563025035895,16.5654,13.1230689049698,16.4839,10.0,16.67937,10.0,8.609285,-0.996092
12.9723709044047,16.7428,13.1397735052742,17.22,10.0,16.67946,10.0,9.167648,-0.311533
12.9892069050111,16.5279,13.1567662046291,15.9337,10.0,16.67923,10.0,11.64081,0.083901
13.0068463054486,18.7867,13.1723897042684,13.4745,10.0,16.68243,10.0,11.97589,0.589363
13.0238251057453,15.7827,13.1902204039507,19.2246,10.0,16.68107,9.0,10.07273,-0.899564
13.0388643057086,15.1924,13.2058989047073,17.1884,10.0,16.67882,10.0,9.225799,-0.089727
13.0569858052768,16.7009,13.2230363055132,17.2484,10.0,16.67885,10.0,9.222837,0.595503
13.0730006047525,17.2863,13.2412871061824,18.4155,10.0,16.67976,10.0,9.819964,0.606133
13.0895984047092,16.0851,13.2559995059855,11.5893,10.0,16.67887,10.0,10.15283,-0.733537
13.1083023049869,16.7542,13.2730964054354,17.8241,10.0,16.67898,9.0,9.124197,0.082993
13.1230689049698,16.3179,13.2897202060558,18.6256,10.0,16.67844,9.0,9.226367,-0.547207
13.1397735052742,17.7754,13.3060095054097,16.9435,10.0,16.68008,10.0,10.92174,-0.677607
13.1567662046291,17.0288,13.3229946051724,16.5655,10.0,16.68061,10.0,9.099807,0.665842
13.1723897042684,16.0571,13.3396300044842,15.1355,10.0,16.67967,10.0,10.76701,1.333491
13.1902204039507,16.0839,13.3572328039445,17.2184,10.0,16.67879,9.0,12.07161,-0.470609
13.2058989047073,16.7059,13.3730722037144,17.808,10.0,16.67883,10.0,9.778458,0.377491
13.2230363055132,16.9074,13.3900086046197,17.2314,10.0,16.67917,10.0,8.133009,-0.622546
13.2412871061824,16.5251,13.4061656040139,15.3406,10.0,16.67894,10.0,7.529109,0.002665
13.2559995059855,18.1432,13.423630904872,18.0397,10.0,16.68111,9.0,12.09871,-1.019267
13.2730964054354,15.0195,13.4393179048784,15.3525,10.0,16.67865,10.0,9.946946,0.278045
13.2897202060558,16.6327,13.4573730048724,14.9334,10.0,16.67858,10.0,9.719935,-0.116243
13.3060095054097,17.2846,13.4729973045178,15.5028,10.0,16.67948,9.0,8.884467,2.141852
13.3229946051724,15.9233,13.4903417048045,17.4548,10.0,16.67836,9.0,9.862855,-0.214303
13.3396300044842,17.4492,13.5073866047896,18.5063,10.0,16.67949,9.0,10.17634,0.112435
13.3572328039445,15.9603,13.5232040048577,14.4474,10.0,16.67844,9.0,11.44295,0.622893
13.3730722037144,17.0022,13.5397913050838,16.8172,10.0,16.67891,9.0,6.501203,0.881571
13.3900086046197,17.8569,13.5567211047746,19.8131,10.0,16.68064,9.0,8.651065,-0.467751
13.4061656040139,16.498,13.5731084053405,15.7876,10.0,16.68037,10.0,8.445407,0.135884
13.423630904872,15.9006,13.5900174048729,17.4213,10.0,16.67923,10.0,8.466329,-0.206115
13.4393179048784,16.537,13.6056692046113,15.132,10.0,16.67903,10.0,10.21895,0.122156
13.4573730048724,19.2726,13.6242770054378,17.7426,10.0,16.68281,10.0,9.563416,0.202727
13.4729973045178,24.5573,13.6395371058024,16.4907,10.0,16.69427,10.0,8.874615,-0.295941
13.4903417048045,9.827,13.6566989053972,17.2632,10.0,16.68429,10.0,9.310544,-0.189165
13.5073866047896,15.4611,13.6733543057926,16.5996,10.0,16.68251,10.0,10.23157,-0.425672
13.5232040048577,17.5954,13.6896815062501,13.3482,10.0,16.68383,10.0,11.51064,0.04254
13.5397913050838,15.7772,13.7087763068266,21.0942,10.0,16.68252,9.0,9.666065,-0.544348
13.5567211047746,14.5744,13.7228440069593,12.0244,10.0,16.67948,10.0,9.037172,-0.029894
13.5731084053405,15.9427,13.7401203070767,19.473,10.0,16.67841,9.0,9.16576,-0.081513
13.5900174048729,17.4833,13.7571130064316,17.3673,10.0,16.67957,10.0,11.41795,0.650503
13.6056692046113,15.8602,13.7732569058426,15.1303,10.0,16.67839,10.0,12.11009,0.372055
13.6242770054378,17.1146,13.7906211060472,17.3983,10.0,16.67902,9.0,9.283313,-0.179132
13.6395371058024,16.4344,13.8067916058935,16.4928,10.0,16.67867,9.0,9.014097,-0.740919
13.6566989053972,16.5174,13.8230821066536,17.5018,10.0,16.67844,10.0,8.133145,0.029596
13.6733543057926,17.4846,13.8402585075237,17.6715,10.0,16.67959,10.0,8.228032,-0.671634
13.6896815062501,17.2047,13.8580152080394,15.5222,10.0,16.68034,10.0,11.84402,-0.838147
13.7087763068266,15.8028,13.8741120086052,17.9993,10.0,16.67909,10.0,12.2843,0.30624
13.7228440069593,17.7185,13.8898597084917,15.1257,10.0,16.68057,10.0,8.795434,0.100986
13.7401203070767,14.9882,13.907171508763,17.4515,10.0,16.67816,10.0,9.529147,1.186428
13.7571130064316,16.6668,13.9230320085771,13.0491,10.0,16.67815,10.0,12.29866,0.525621
13.7732569058426,18.7507,13.9408563082106,19.1815,10.0,16.68109,9.0,10.73701,-0.207406
13.7906211060472,19.2319,13.956906708423,17.1407,10.0,16.6847,10.0,9.024172,0.938065
13.8067916058935,12.8173,13.9740094081499,17.3437,10.0,16.67923,10.0,8.028079,-0.080013
13.8230821066536,16.3351,13.9896044083871,15.5596,10.0,16.67874,10.0,8.364806,0.640589
13.8402585075237,16.6233,14.0063606076874,14.0163,10.0,16.67867,10.0,9.087335,-0.488109
13.8580152080394,16.7762,14.024105808232,19.1683,10.0,16.6788,9.0,7.912113,-0.035171
13.8741120086052,16.2629,14.0416885078885,18.414,10.0,16.67822,9.0,9.300911,-0.586634
13.8898597084917,16.3854,14.0571602075361,15.8739,10.0,16.67781,10.0,9.884209,0.307849
13.907171508763,17.0825,14.0739972083829,16.9794,10.0,16.67837,10.0,12.07207,0.339136
13.9230320085771,18.3037,14.0903101093136,16.4799,10.0,16.68065,10.0,11.64433,-0.216532
13.9408563082106,15.3211,14.1086640092544,16.5596,10.0,16.67875,10.0,12.09205,-1.109792
13.956906708423,16.1446,14.1262256088667,17.0846,10.0,16.678,10.0,10.15436,0.079548
13.9740094081499,16.6877,14.1404215092771,16.372,10.0,16.67802,10.0,8.753332,-0.597812
13.9896044083871,16.663,14.1585455085151,18.3462,10.0,16.678,10.0,8.999592,-0.157572
14.0063606076874,19.5443,14.1746056093834,15.6377,10.0,16.68198,10.0,11.00485,0.590997
14.024105808232,14.9172,14.1904301098548,14.2253,10.0,16.67953,10.0,11.47051,-0.467979
14.0416885078885,15.7127,14.2063487092964,17.4585,10.0,16.67819,9.0,8.844372,-0.953355
14.0571602075361,16.9903,14.2242666087113,18.3743,10.0,16.67862,10.0,7.060803,-0.403287
14.0739972083829,16.9364,14.2409024084918,15.1066,10.0,16.67898,10.0,8.382979,-0.447419
14.0903101093136,17.4524,14.2584710079245,17.1755,10.0,16.68005,10.0,11.99006,-1.097027
14.1086640092544,16.055,14.2736188075505,16.5856,10.0,16.67919,10.0,9.692787,-0.015729
14.1262256088667,15.9338,14.2898219074123,16.2531,10.0,16.67816,10.0,9.218619,-0.841201
14.1404215092771,16.8909,14.3072095080279,16.9708,10.0,16.67845,9.0,9.622427,-0.364273
14.1585455085151,16.716,14.3237391072325,15.3155,10.0,16.6785,10.0,10.32373,-0.550326
14.1746056093834,18.3232,14.3411870072596,19.0812,10.0,16.68076,10.0,9.063501,-0.603093
14.1904301098548,14.7898,14.3563526072539,15.3356,10.0,16.67817,10.0,12.26367,0.84407
14.2063487092964,17.126,14.3745561079122,17.9776,10.0,16.67878,10.0,9.553026,0.174391
14.2242666087113,16.3474,14.3904507071711,13.4358,10.0,16.67833,10.0,9.460793,0.119712
14.2409024084918,16.659,14.4082735073753,17.7222,10.0,16.6783,9.0,9.48333,0.497803
14.2584710079245,16.6333,14.4235331076197,16.7499,10.0,16.67824,9.0,8.270409,-0.291339
14.2736188075505,16.8468,14.4401769074611,16.757,10.0,16.67847,8.0,10.10239,-0.845793
14.2898219074123,17.4208,14.4572017076425,15.4375,10.0,16.67948,7.0,10.5036,0.833653
14.3072095080279,16.2757,14.4743978078477,19.0701,10.0,16.67893,8.0,8.803039,1.127823
14.3237391072325,15.7357,14.4922893079929,18.5772,10.0,16.67765,7.0,8.872493,-0.681025
14.3411870072596,16.6436,14.5076725077815,15.8879,10.0,16.67761,10.0,12.42055,0.478389
14.3563526072539,17.4691,14.5245916084386,16.6504,10.0,16.67868,10.0,9.276677,-0.687671
14.3745561079122,16.5018,14.5403951075859,14.4846,10.0,16.67844,10.0,7.984925,-0.803231
14.3904507071711,16.9169,14.5577037078328,19.0479,10.0,16.67876,9.0,9.676111,1.128589
14.4401769074611,56.4208,14.5745395072736,16.9825,10.0,16.73225,10.0,8.532771,-0.43967
14.4401769074611,1.6892,14.5911528081633,14.2011,8.0,16.71203,10.0,10.97743,-1.060229
14.4743978078477,31.8948,14.6081153084524,18.8465,9.0,16.73241,10.0,12.05061,-0.451771
14.4743978078477,1.9637,14.6242198091932,15.9846,8.0,16.71261,10.0,8.45097,0.672683
14.4743978078477,1.7814,14.6409139097668,16.8913,9.0,16.69262,10.0,11.99163,0.000231
14.4922893079929,6.0736,14.6580776092596,14.6676,10.0,16.67842,10.0,9.658671,-0.659413
14.5076725077815,16.7365,14.673843708355,15.4087,10.0,16.6785,9.0,9.109917,0.445243
14.5245916084386,16.9495,14.692488307599,19.6703,10.0,16.67886,9.0,8.332269,0.426799
14.5403951075859,16.4351,14.7081941072829,17.1993,10.0,16.67854,10.0,8.852713,-0.608845
14.5577037078328,16.6119,14.7232587072067,14.753,10.0,16.67845,10.0,11.10226,-0.186571
14.5745395072736,16.6172,14.7413068073802,18.4519,10.0,16.67837,10.0,11.1078,0.32421
14.5911528081633,16.3692,14.7573393075727,14.5675,10.0,16.67796,10.0,9.497045,-0.353246
14.6081153084524,16.7096,14.77359640738,15.1132,10.0,16.678,9.0,11.09817,-0.407002
14.6242198091932,16.348,14.791022607591,20.2006,10.0,16.67756,9.0,9.02539,0.111794
14.6409139097668,17.4619,14.807834406849,16.516,10.0,16.6786,10.0,9.184946,-0.161201
14.6580776092596,20.2404,14.825152806472,17.5181,10.0,16.6833,10.0,11.0764,-0.447396
14.673843708355,13.1146,14.8410428068601,14.1686,10.0,16.6786,10.0,8.920806,-1.273348
14.692488307599,16.3107,14.8600368066691,19.1272,10.0,16.67811,10.0,8.837101,0.04428
14.7081941072829,16.9453,14.8744242065586,16.0135,10.0,16.67846,10.0,10.4116,1.152374
14.7232587072067,16.5083,14.8921230067499,17.2214,10.0,16.67824,10.0,11.92255,1.7e-05
14.7413068073802,16.3604,14.9078938071616,15.9786,10.0,16.67783,10.0,10.18842,0.17976
14.7573393075727,17.9713,14.9244019077159,16.7221,10.0,16.67952,10.0,8.615726,0.341877
14.77359640738,16.7725,14.9420421072282,17.3434,10.0,16.67964,10.0,8.063283,1.600307
14.791022607591,16.109,14.9589451071806,17.034,10.0,16.6789,10.0,10.39494,0.272458
14.807834406849,16.084,14.9746381067671,14.1373,10.0,16.67812,10.0,9.480123,0.048269
14.825152806472,16.6324,14.990848407615,15.248,10.0,16.67806,9.0,8.117493,0.158749
14.8410428068601,16.7192,15.0080585074611,18.7572,10.0,16.67811,8.0,6.798442,-0.102791
14.8600368066691,16.6758,15.0249576070346,16.0353,10.0,16.67811,7.0,7.799331,-0.691957
14.8744242065586,17.224,15.040795807261,17.6511,10.0,16.67882,10.0,8.956951,-0.52812
14.8921230067499,17.2683,15.0574322068132,16.6646,10.0,16.67958,10.0,9.549791,0.390748
14.9078938071616,16.0289,15.0747532066889,17.6028,10.0,16.67874,10.0,8.894957,0.696516
14.9244019077159,16.32,15.0914516062476,16.7208,10.0,16.67828,10.0,8.81992,-0.934614
14.9420421072282,16.3987,15.1082696062513,15.2283,10.0,16.67792,10.0,9.106152,0.493971
14.9589451071806,17.7776,15.1264363066293,18.0057,10.0,16.67933,10.0,9.667484,-0.171877
15.0080585074611,55.8235,15.1418358064257,17.0513,10.0,16.72971,10.0,10.55331,-0.245641
15.0080585074611,2.0962,15.1580275068991,16.3271,8.0,16.7109,10.0,9.429829,0.180295
15.0080585074611,1.6132,15.1745504061691,16.4219,9.0,16.69152,10.0,7.742277,-0.141887
15.0249576070346,6.553,15.1916418070905,16.6234,10.0,16.67852,10.0,8.488841,-0.104527
15.040795807261,16.6952,15.2098966068588,16.9445,10.0,16.67854,10.0,10.30581,0.191588
15.0574322068132,16.496,15.225213706959,16.9317,10.0,16.67831,10.0,8.505187,-0.910219
15.0747532066889,16.9855,15.2406998067163,15.3214,10.0,16.6787,10.0,8.698427,0.287274
15.0914516062476,17.0683,15.2574485070072,17.2073,10.0,16.6792,10.0,8.159912,-0.706911
15.1082696062513,16.1667,15.274904706981,17.4262,10.0,16.67855,10.0,8.904919,-0.273937
15.1264363066293,16.5913,15.291429407429,15.9123,10.0,16.67844,10.0,12.07863,1.326697
15.1418358064257,16.7146,15.30888890801,16.365,10.0,16.67848,10.0,9.566711,-0.60784
15.1580275068991,16.6728,15.325043908786,17.421,10.0,16.67848,10.0,9.053337,-0.241077
15.1745504061691,16.605,15.3418624079786,17.0995,10.0,16.67838,10.0,8.486603,-0.285386
15.1916418070905,16.5602,15.3580581075512,15.4761,10.0,16.67823,10.0,6.75144,-0.643166
15.2098966068588,16.9321,15.3741868077777,14.1203,10.0,16.67855,10.0,11.82818,-0.379941
15.225213706959,16.7251,15.3919561072253,20.1438,10.0,16.67861,9.0,10.67279,-0.490901
15.2406998067163,16.4594,15.4087225063704,17.5232,10.0,16.67834,10.0,8.753166,0.514939
15.2574485070072,17.3961,15.4248859058134,15.8686,10.0,16.67924,10.0,8.490241,-0.297698
15.274904706981,16.6151,15.4416370051913,15.0793,10.0,16.67916,10.0,8.603801,-0.068711
15.291429407429,16.7446,15.4578262059949,17.4243,10.0,16.67924,10.0,10.14726,-0.619351
15.30888890801,16.4392,15.4748187060468,16.9901,10.0,16.67894,10.0,9.607498,0.127776
15.325043908786,16.0803,15.4925875063054,16.9034,10.0,16.67819,10.0,8.479311,-0.808057
15.3418624079786,16.0487,15.5092940065078,15.1539,10.0,16.6774,9.0,7.927151,0.519618
15.3580581075512,18.0601,15.52488730615,17.204,10.0,16.67913,8.0,9.268324,-0.474907
15.3741868077777,17.8448,15.541659406852,16.9156,10.0,16.68059,7.0,7.909157,0.149987
15.3919561072253,14.7316,15.5599724068306,19.3061,10.0,16.67816,10.0,9.236482,0.525119
15.4087225063704,17.1813,15.5746638071723,12.7443,10.0,16.67878,10.0,10.98691,-0.348167
15.4248859058134,16.5779,15.592053307686,19.1633,10.0,16.67866,9.0,12.16751,-0.392878
15.4416370051913,16.7425,15.6074982075952,14.3736,10.0,16.67874,10.0,11.40298,-0.201712
15.4578262059949,17.4024,15.6245523071848,19.0571,10.0,16.67963,9.0,9.555767,-0.493288
15.4748187060468,16.3999,15.6423300071619,17.8904,10.0,16.67929,10.0,11.82018,-0.2089
15.52488730615,55.0658,15.657419806812,14.5825,10.0,16.7268,10.0,11.66491,-1.281372
15.52488730615,1.7776,15.6749674067833,16.0223,8.0,16.70832,10.0,8.548388,0.643435
15.52488730615,1.6576,15.6921121072955,17.6169,9.0,16.68974,10.0,9.4408,-0.788085
15.541659406852,7.0836,15.7083170064725,16.0172,10.0,16.67789,9.0,8.699572,-0.265754
15.5599724068306,17.1749,15.7265356057324,16.2973,10.0,16.6785,8.0,10.24757,-0.316792
15.5746638071723,20.252,15.7422267054208,16.0123,10.0,16.6829,7.0,9.179485,-0.684583
15.592053307686,14.1963,15.7591418051161,18.6737,10.0,16.67984,8.0,9.371054,1.768726
15.6074982075952,15.534,15.7753921044059,16.8677,10.0,16.67844,7.0,8.788192,-0.850764
15.6245523071848,16.8471,15.7906589047052,17.1472,10.0,16.67864,10.0,8.868283,-0.223954
15.6423300071619,17.6292,15.809173904825,14.5094,10.0,16.67981,10.0,12.20297,0.097183
15.657419806812,15.8644,15.8251550053246,17.4108,10.0,16.67881,9.0,7.783564,-0.457764
15.6749674067833,16.6975,15.8421157044359,18.4816,10.0,16.67883,10.0,12.44415,0.230189
15.7265356057324,55.2659,15.8584549040534,16.3734,10.0,16.72589,10.0,9.644717,-0.327997
15.7265356057324,3.2056,15.8751052045263,16.6638,8.0,16.70942,10.0,8.953464,-0.771626
15.7591418051161,29.5853,15.8921621036716,16.3662,9.0,16.72509,10.0,10.50511,-0.178569
15.7591418051161,2.0163,15.9089347035624,15.8161,8.0,16.70721,10.0,9.784197,0.860466
15.7591418051161,2.1499,15.9251785040833,17.4437,9.0,16.68955,10.0,9.968026,0.294664
15.7753921044059,7.9966,15.9422659040429,17.7937,10.0,16.67901,10.0,9.152469,-0.651054
15.7906589047052,16.2278,15.9581722044386,15.6546,10.0,16.67846,10.0,8.159434,0.01194
15.809173904825,21.5691,15.9757760041393,17.246,10.0,16.68438,10.0,9.317236,-0.809034
15.8251550053246,11.5618,15.9922236041166,15.324,10.0,16.67819,10.0,7.997354,0.349892
15.8421157044359,16.6349,16.0085938037373,18.6501,10.0,16.67814,10.0,9.54876,-0.277757
15.8584549040534,17.0431,16.0258032032289,16.5003,10.0,16.67858,10.0,8.777034,0.15434
15.8751052045263,16.9249,16.042154903058,16.6363,10.0,16.67888,10.0,12.40931,-0.931876
15.8921621036716,17.6205,16.0576576027088,12.4101,10.0,16.68001,10.0,9.902857,-0.868571
15.9089347035624,15.8562,16.076160102617,19.7779,10.0,16.67902,9.0,9.43696,0.227334
15.9251785040833,16.3406,16.0938406023197,18.173,10.0,16.67861,10.0,8.773476,1.101852
15.9422659040429,16.7241,16.1086940024979,15.8702,10.0,16.67867,10.0,9.892471,-0.104638
15.9581722044386,16.5888,16.1255522021092,16.3523,10.0,16.67856,10.0,12.55937,0.07334
15.9757760041393,19.0229,16.1423207023181,16.2009,10.0,16.68136,10.0,10.06755,-0.307739
15.9922236041166,14.7846,16.1584248025902,14.9253,10.0,16.6791,10.0,8.327138,1.347014
16.0085938037373,16.4216,16.1754010026343,18.8119,10.0,16.67879,9.0,9.13836,0.712329
16.0258032032289,16.4681,16.1923974030651,16.94,10.0,16.67854,10.0,8.836839,-0.245229
16.042154903058,16.6031,16.2086413023062,16.5271,10.0,16.67845,10.0,9.040686,1.21382
16.0576576027088,18.8001,16.2244029031135,12.9612,10.0,16.68097,10.0,9.160771,0.586818
16.076160102617,15.6278,16.2418071036227,17.1225,10.0,16.67972,9.0,8.755129,-0.25924
16.0938406023197,15.7517,16.2580417045392,17.9747,10.0,16.67862,8.0,9.06078,-1.036108
16.1086940024979,16.6759,16.2754676048644,16.6634,10.0,16.67862,7.0,7.392282,0.205111
16.1255522021092,16.7916,16.2914287042804,14.7995,10.0,16.67875,9.0,8.43564,0.178383
16.1423207023181,18.214,16.3098028046079,20.1665,10.0,16.68056,8.0,10.88961,-0.708719
16.1584248025902,15.1913,16.3264580038376,17.2138,10.0,16.67881,7.0,10.11009,-0.477559
16.1754010026343,16.6003,16.3429831047542,15.3103,10.0,16.67872,10.0,8.415217,-0.950429
16.1923974030651,16.382,16.3584964047186,17.5159,10.0,16.67837,10.0,9.984719,-0.246499
16.2086413023062,17.005,16.3758710040711,17.1662,10.0,16.67875,10.0,9.489659,-0.455629
16.2580417045392,55.8735,16.3919936041348,16.0149,10.0,16.72475,10.0,9.583729,0.314419
16.2580417045392,2.2405,16.409181504976,16.8083,8.0,16.70777,10.0,9.999999,-1.138987
16.2580417045392,2.0222,16.4258777047507,16.4709,9.0,16.69058,10.0,9.716729,0.328937
16.3098028046079,46.7095,16.4431161056273,17.0695,10.0,16.72569,10.0,11.07748,-0.4364
16.3098028046079,2.3575,16.4589125062339,13.5324,8.0,16.7089,10.0,8.676887,-0.830537
16.3098028046079,1.6874,16.4760680063628,18.5352,9.0,16.69137,9.0,10.02016,-0.696495
16.3264580038376,6.0329,16.4931350066327,17.7066,10.0,16.67895,9.0,8.7207,-0.705453
16.3429831047542,16.397,16.5097195073031,15.7127,10.0,16.67862,10.0,11.96574,-0.331411
16.3584964047186,16.1176,16.5264985072426,18.0213,10.0,16.67797,10.0,10.9283,0.026361
16.3758710040711,17.5093,16.5418039071374,15.6636,10.0,16.67894,10.0,10.85605,1.274333
16.3919936041348,17.5204,16.5594184077345,17.0193,10.0,16.67991,10.0,10.77631,-0.026492
16.409181504976,15.84,16.5766557077877,17.2691,10.0,16.67894,10.0,12.05354,0.153905
16.4258777047507,16.04,16.5914537082426,12.6491,10.0,16.6782,10.0,9.690467,-0.675359
16.4431161056273,18.3437,16.6089116088115,19.6268,10.0,16.68012,9.0,7.795192,-0.114023
16.4589125062339,18.5599,16.6249553090893,16.4635,10.0,16.68229,10.0,8.582795,0.075626
16.4760680063628,15.1129,16.6434842082672,17.0002,10.0,16.68048,10.0,8.612659,0.047956
16.4931350066327,16.4372,16.6590992086567,16.4301,10.0,16.6802,10.0,10.81072,0.311696
16.5097195073031,15.6478,16.6757764094509,16.4541,10.0,16.67902,9.0,8.438174,-0.271206
16.5264985072426,16.4677,16.6926078093238,17.0791,10.0,16.67877,8.0,8.134444,-0.238571
16.5418039071374,16.4678,16.7094640084542,16.3788,10.0,16.67853,7.0,10.6126,0.241428
16.5594184077345,17.9734,16.7287716087885,19.5826,10.0,16.68002,10.0,8.444006,-0.602173
16.5766557077877,17.08,16.7429382088594,15.6862,10.0,16.68048,10.0,9.139671,-0.344373
16.5914537082426,15.0771,16.759281208273,16.3653,10.0,16.67864,10.0,8.926972,0.320513
16.6089116088115,16.5013,16.7768265078776,17.3121,10.0,16.67844,10.0,10.93707,-1.267052
16.6249553090893,16.8763,16.7930621071719,15.6584,10.0,16.67866,10.0,12.22077,0.066406
16.6434842082672,16.5124,16.8097208063118,16.7831,10.0,16.67847,10.0,9.225787,-0.576319
16.6926078093238,56.3448,16.8256805068813,14.3227,10.0,16.72365,10.0,8.701952,-0.988844
16.6926078093238,2.04,16.8429353064857,17.5447,8.0,16.70695,9.0,10.62939,-0.269662
16.6926078093238,1.7358,16.8594953059219,18.2007,9.0,16.68994,10.0,8.852219,-0.113057
16.7094640084542,6.3234,16.8758512060158,16.0147,10.0,16.67817,10.0,10.96434,0.519824
16.7287716087885,17.6665,16.8929637051187,17.1305,10.0,16.67929,10.0,12.52946,-0.238136
16.7429382088594,15.9489,16.9101040042005,16.7139,10.0,16.67846,10.0,9.006057,0.265351
16.759281208273,16.9405,16.9279013047926,16.4419,10.0,16.67876,10.0,9.174476,-0.256059
16.7768265078776,17.5578,16.943458605092,17.4746,10.0,16.67975,10.0,8.334336,0.762923
16.7930621071719,15.938,16.9596665049903,16.6295,10.0,16.67891,10.0,10.84395,-0.143859
16.8097208063118,17.6486,16.9756279042922,15.4125,10.0,16.68001,10.0,8.398759,-0.304199
16.8256805068813,16.4396,16.9914271044545,13.2373,10.0,16.67974,10.0,9.063377,0.648124
16.8429353064857,15.822,17.0100253052078,19.8136,10.0,16.67877,9.0,8.523559,0.869108
16.8594953059219,16.3225,17.0273946053348,18.8291,10.0,16.67837,10.0,9.223099,-0.078525
16.8758512060158,17.0269,17.0428794049658,15.4989,10.0,16.67876,10.0,9.173876,-0.594558
16.8929637051187,16.1002,17.0594059047289,16.1322,10.0,16.67811,10.0,8.516692,-0.037691
16.9101040042005,17.3253,17.0763424043544,16.5021,10.0,16.67884,10.0,8.162525,0.215876
16.9279013047926,16.2177,17.0924071040936,14.2339,10.0,16.67832,10.0,10.70616,-0.631348
16.943458605092,16.7616,17.1099023041315,20.2912,10.0,16.67842,9.0,12.13459,-0.727093
16.9596665049903,16.4665,17.1258643032052,15.6495,10.0,16.67818,10.0,10.05762,-0.099705
16.9756279042922,17.3246,17.1425532032736,16.9231,10.0,16.6789,10.0,10.70245,-0.055009
16.9914271044545,18.0395,17.1598344040103,15.711,10.0,16.68041,10.0,9.730793,0.10939
17.0100253052078,14.8985,17.177149603609,17.3814,10.0,16.67843,10.0,9.744605,0.071442
17.0273946053348,16.8991,17.1952413027175,19.4259,10.0,16.67868,10.0,8.821609,0.287605
17.0428794049658,16.4307,17.2105849026702,15.356,10.0,16.6784,10.0,8.78201,-0.212078
17.0594059047289,17.8982,17.227583702188,17.1114,10.0,16.67975,10.0,10.23176,-0.337654
17.0763424043544,16.6252,17.2444300013594,15.492,10.0,16.6797,10.0,8.907995,0.056563
17.0924071040936,17.6824,17.2623109011911,17.8264,10.0,16.6808,10.0,8.534178,1.66223
17.1099023041315,14.8488,17.277955501806,17.0601,10.0,16.67878,10.0,8.886854,0.247076
17.1258643032052,16.2182,17.293506801594,15.5044,10.0,16.67827,10.0,9.144737,-0.893137
17.1425532032736,16.8487,17.3099069022574,16.2762,10.0,16.67846,10.0,9.19987,-0.801873
17.1598344040103,16.6566,17.3277756017633,16.5216,10.0,16.67843,10.0,8.935924,-0.096613
17.177149603609,16.9043,17.3434033025987,17.1445,10.0,16.67868,10.0,8.678337,-0.238873
17.1952413027175,16.9803,17.3621796020307,18.7759,10.0,16.67901,10.0,10.03927,0.526785
17.2105849026702,16.2541,17.3766569024883,14.7926,10.0,16.67855,10.0,9.512513,-0.008256
17.227583702188,16.6576,17.3954737032764,17.2565,10.0,16.67853,10.0,8.766373,0.188354
17.2444300013594,16.9727,17.4121366026811,16.7411,10.0,16.67885,10.0,9.532115,-0.289549
17.2623109011911,17.5467,17.428134703543,17.1581,10.0,16.6798,10.0,9.847756,-0.88898
17.277955501806,16.8177,17.4446245036088,16.6543,10.0,16.67995,10.0,9.106446,0.207689
17.293506801594,15.8128,17.461484903004,16.3412,10.0,16.679,10.0,8.687149,0.295733
17.3099069022574,17.3694,17.4779915022664,14.0902,10.0,16.67975,10.0,9.88388,-0.22735
17.3277756017633,15.4369,17.4946346017532,18.1654,10.0,16.6784,9.0,12.44961,-0.146507
17.3434033025987,16.7871,17.5112996022217,15.0828,10.0,16.67852,8.0,8.984467,-0.603943
17.3621796020307,17.1454,17.5274039017968,18.0905,10.0,16.67903,7.0,8.14205,-0.322377
17.3766569024883,16.5313,17.5447850017808,16.7505,10.0,16.67887,10.0,8.951507,0.740035
17.3954737032764,16.3237,17.5609124018811,17.9905,10.0,16.67848,10.0,10.55034,0.783247
17.4121366026811,16.8785,17.5775399017148,16.394,10.0,16.6787,10.0,9.807477,-0.301741
17.428134703543,16.2026,17.5949326022528,16.796,10.0,16.67818,10.0,9.498265,-0.143329
17.4446245036088,16.9566,17.612547302153,16.615,10.0,16.67848,10.0,9.273353,1.40048
17.461484903004,16.8944,17.628288501408,16.6247,10.0,16.67872,10.0,10.79904,-0.580723
17.5112996022217,56.1358,17.6446534018032,16.6646,10.0,16.72128,9.0,10.27603,0.099074
17.5112996022217,1.0235,17.6610982022248,16.3243,8.0,16.70436,10.0,10.04042,-1.12507
17.5112996022217,2.3153,17.6785089015029,16.281,9.0,16.68888,10.0,7.410823,-0.736414
17.5274039017968,6.8328,17.6944118007086,17.393,10.0,16.67828,10.0,11.35153,0.382941
17.5447850017808,16.8723,17.7121250010096,17.9875,10.0,16.67849,10.0,8.85927,-1.216767
17.5609124018811,16.9803,17.7289403001778,15.8269,10.0,16.67881,10.0,11.15541,-0.345378
17.5775399017148,16.6568,17.7446383009665,14.6579,10.0,16.67879,10.0,8.795459,0.072388
17.5949326022528,17.0993,17.7607891014777,17.7933,10.0,16.67924,10.0,7.584367,-0.362746
17.612547302153,15.7331,17.777511801105,17.0054,10.0,16.67822,10.0,9.681478,1.20722
17.628288501408,22.1644,17.7954323007725,15.6408,10.0,16.68409,10.0,10.33931,0.220686
17.6446534018032,11.5471,17.8119439999573,17.0553,10.0,16.6786,9.0,9.401346,0.400763
17.6610982022248,16.1693,17.8284563007765,18.0816,10.0,16.67806,10.0,10.06338,-0.05526
17.6785089015029,17.511,17.8442645012401,16.2888,10.0,16.67895,10.0,10.44961,-1.473572
17.6944118007086,16.1151,17.8624838008545,17.6542,10.0,16.67835,10.0,11.14334,0.361963
17.7121250010096,17.4367,17.878057800699,14.9521,10.0,16.67915,10.0,9.17836,-0.350102
17.7289403001778,16.6373,17.8933876003139,13.4808,10.0,16.67911,10.0,8.987872,-0.096694
17.7446383009665,16.14,17.9124319008552,19.9304,10.0,16.67854,9.0,8.518437,-0.448934
17.7607891014777,16.3379,17.9299644003622,19.2523,10.0,16.67818,10.0,10.696,-0.442314
17.777511801105,17.605,17.945312099997,15.1585,10.0,16.67916,10.0,9.958294,-0.11629
17.7954323007725,21.7882,17.9612817005254,15.8387,10.0,16.68456,10.0,8.155734,0.034102
17.8119439999573,10.988,17.9788126000203,17.5947,10.0,16.67854,10.0,8.461914,-0.383817
17.8284563007765,16.9022,17.9954581004567,16.5971,10.0,16.67878,10.0,8.47449,-0.13013
17.8442645012401,16.6756,18.0119962007739,16.5371,10.0,16.67878,10.0,8.791798,-0.772798
17.8624838008545,17.1066,18.0284818005748,15.2276,10.0,16.67923,10.0,9.628317,0.097142
17.878057800699,17.6712,18.0465472997166,18.0423,10.0,16.68027,10.0,8.89063,-0.080119
17.8933876003139,17.2835,18.0618708995171,16.5077,10.0,16.6809,10.0,7.774398,-0.361717
17.9124319008552,14.7744,18.0803046994843,18.9657,10.0,16.6789,10.0,8.798658,0.100692
17.9299644003622,17.499,18.0944894994609,14.0582,10.0,16.67976,10.0,8.234019,-0.252948
17.945312099997,15.9435,18.11222000001,15.9948,10.0,16.67899,10.0,9.590217,-1.365498
17.9612817005254,16.9591,18.1301199006848,19.8421,10.0,16.67928,10.0,7.613908,0.475052
17.9788126000203,16.2464,18.1465937006287,16.2301,10.0,16.67883,10.0,7.796348,1.470831
17.9954581004567,17.7139,18.1615459010936,14.8909,10.0,16.67991,10.0,7.841098,-0.38089
18.0119962007739,16.6125,18.1787608009763,15.4728,10.0,16.67984,10.0,12.11235,-0.207808
18.0284818005748,15.693,18.1943361009471,17.2096,10.0,16.67881,10.0,9.011769,-0.09366
18.0465472997166,16.6798,18.2115162010305,17.2321,10.0,16.67882,10.0,7.51729,-0.661824
18.0618708995171,16.4018,18.2277625012212,17.2423,10.0,16.67853,10.0,8.325008,-0.376688
18.0803046994843,18.588,18.2459936006926,17.1905,10.0,16.68051,10.0,8.65356,-0.041404
18.0944894994609,15.067,18.2614238006063,14.9814,10.0,16.67884,10.0,9.133124,-0.45627
18.11222000001,16.4875,18.2784052011557,17.675,10.0,16.67864,10.0,10.88959,-1.43862
18.1301199006848,17.9469,18.2957353019156,16.0205,10.0,16.67995,10.0,8.756004,-0.68317
18.1465937006287,16.3137,18.3114296016283,17.5759,10.0,16.67957,10.0,8.49447,-1.12852
18.1615459010936,16.4261,18.3281448022462,16.4861,10.0,16.67931,10.0,8.64552,-0.41597
18.1787608009763,15.7861,18.3456884031184,17.7153,10.0,16.67839,10.0,12.36727,-1.129047
18.1943361009471,16.4168,18.3604222028516,13.2502,10.0,16.67812,10.0,11.92302,0.576576
18.2115162010305,16.937,18.3810884035192,22.3123,10.0,16.67838,10.0,10.62527,0.558099
18.2277625012212,16.9584,18.3948761033826,13.5556,10.0,16.67867,10.0,10.65485,0.409548
18.2459936006926,17.0105,18.4111076029949,15.9397,10.0,16.67901,10.0,12.54842,-0.747675
18.2614238006063,17.8788,18.4282402037643,15.7926,10.0,16.68025,10.0,9.071301,-0.093045
18.2784052011557,17.3782,18.4459401029162,19.4105,10.0,16.68096,10.0,8.508352,-0.600981
18.2957353019156,15.0197,18.4622952020727,16.2323,10.0,16.67926,10.0,9.904075,-0.101493
18.3114296016283,16.843,18.4785505025648,16.5417,10.0,16.67943,10.0,9.063645,-0.087632
18.3281448022462,15.9556,18.4956997032277,15.9594,10.0,16.67869,10.0,8.577381,0.481769
18.3456884031184,17.1016,18.511763903778,13.8863,10.0,16.67912,10.0,9.243993,-0.408656
18.3604222028516,16.0391,18.527980204206,17.9614,10.0,16.67847,9.0,9.114632,0.067219
18.3810884035192,19.0383,18.5453267036937,17.2777,10.0,16.68087,9.0,9.322731,0.485124
18.3948761033826,14.6559,18.562061203178,15.1206,10.0,16.67881,8.0,8.931856,0.330919
18.4111076029949,16.9842,18.5785643025301,18.4989,10.0,16.67912,7.0,12.08538,0.453502
18.4282402037643,16.4454,18.595185702201,17.4341,10.0,16.67888,10.0,10.22838,-0.920472
18.4459401029162,17.0016,18.6124595026486,16.1939,10.0,16.67921,10.0,9.202981,0.011696
18.4622952020727,16.4082,18.6290855030529,17.1737,10.0,16.67893,10.0,10.1692,0.597579
18.4785505025648,16.925,18.6464907038026,17.139,10.0,16.67919,9.0,8.828472,-1.303796
18.4956997032277,17.2895,18.6619485034607,15.1229,10.0,16.6798,8.0,9.842304,-0.495471
18.511763903778,24.5817,18.6786574027501,15.0419,10.0,16.68779,7.0,9.503821,-1.171509
18.562061203178,49.3876,18.6946661020629,17.5112,10.0,16.72082,6.0,8.915296,0.668527
18.562061203178,2.0141,18.7124424013309,17.8658,8.0,16.70598,5.0,12.94717,-0.386247
18.562061203178,1.5699,18.7288638013415,14.7928,9.0,16.69072,4.0,9.998909,-0.381821
18.5785643025301,6.4586,18.7453679009341,18.4471,10.0,16.68042,3.0,10.21587,-0.285695
18.595185702201,17.6041,18.7622630014084,16.9245,10.0,16.68135,2.0,9.894847,-0.148169
18.6124595026486,15.6057,18.7788206017576,15.5257,10.0,16.68027,1.0,10.14312,0.975963
18.7622630014084,159.7298,18.7961897025816,16.5218,10.0,16.82389,1.0,10.35769,0.072375
