3.028600199,16.8567,3.199846299,15.8698,1,,16.8567,10
3.042307699,16.6498,3.216357698,16.4186,2,,16.75325,10
3.059755199,16.2172,3.232899298,17.2753,3,,16.57457,10
3.076024999,16.3413,3.249566599,16.4347,4,,16.51625,10
3.093651199,17.6073,3.266182599,20.7969,5,,16.73446,10
3.109730099,16.7165,3.28277,14.6939,6,,16.73147,10
3.126995999,16.6137,3.299291699,12.6242,7,,16.71464,10
3.181198799,55.1555,3.315813999,16.6527,8,,21.51975,10
3.183249598,1.1053,3.332368299,16.8339,9,,19.25148,10
3.183449498,1.284,3.348925098,16.4434,10,,17.45473,10
3.183449498,8.7089,3.365472597,16.4551,10,,16.65965,10
3.199846299,17.131,3.382006097,16.6377,11,,16.69893,10
3.216357698,16.1132,3.398535297,16.4554,11,,16.65388,10
3.232899298,17.7242,3.415125997,15.5571,11,,16.73033,10
3.249566599,15.8491,3.432817797,17.6182,11,,16.67158,10
3.266182599,17.5067,3.449415797,17.9253,11,,16.72378,10
3.28277,16.6761,3.465989397,14.9325,11,,16.72097,10
3.299291699,16.263,3.482530196,18.0002,11,,16.69553,10
3.315813999,16.9527,3.499097797,16.408,11,,16.70906,10
3.332368299,16.6943,3.515613397,15.2464,11,,16.70832,10
3.348925098,16.5515,3.532168797,18.4823,11,,16.70086,10
3.365472597,16.4722,3.548680698,14.5143,11,,16.69046,10
3.382006097,16.6944,3.565263997,18.4361,11,,16.69063,10
3.398535297,16.9814,3.581856397,15.1491,11,,16.70275,10
3.415125997,16.333,3.598395397,17.752,11,,16.68796,10
3.432817797,17.3085,3.614966198,15.196,11,,16.71183,10
3.449415797,16.396,3.631484098,17.5905,11,,16.70013,10
3.465989397,16.4574,3.648000998,15.3431,11,,16.69146,10
3.482530196,17.0822,3.665694698,17.6978,11,,16.70493,10
3.499097797,16.6717,3.682208297,17.5489,11,,16.70383,10
3.515613397,16.1055,3.698711797,15.4445,11,,16.68452,10
3.532168797,15.4997,3.715246097,17.844,11,,16.6475,10
3.548680698,18.5716,3.733099698,16.4832,11,,16.70581,10
3.565263997,16.502,3.749696598,17.848,11,,16.69981,10
3.581856397,16.6285,3.766164598,15.2747,11,,16.69777,10
3.598395397,16.0858,3.782702399,17.8641,11,,16.68077,10
3.614966198,16.3559,3.800338599,16.4919,11,,16.67199,10
3.631484098,16.5474,3.816907399,18.2106,11,,16.66871,10
3.648000998,17.6208,3.8334263,14.7938,11,,16.69313,10
3.665694698,16.2291,3.8500043,18.1057,11,,16.68153,10
3.682208297,15.8095,3.8665181,14.9406,11,,16.66026,10
3.698711797,17.9204,3.8830914,17.9404,11,,16.69026,10
3.715246097,15.7629,3.8995983,14.9802,11,,16.6687,10
3.733099698,17.8172,3.9161454,18.369,11,,16.6948,10
3.749696598,14.7823,3.9326649,14.6973,11,,16.6523,10
3.766164598,18.0225,3.949217199,18.1322,11,,16.68208,10
3.782702399,15.2028,3.965765999,14.9456,11,,16.65061,10
3.800338599,18.4374,3.982295699,18.0364,11,,16.68784,10
3.816907399,14.9118,3.998805999,15.0472,11,,16.65159,10
3.8334263,18.589,4.015307798,18.1598,11,,16.69034,10
3.8500043,14.6964,4.031828099,14.9367,11,,16.65124,10
3.8665181,19.1213,4.048338899,18.0986,11,,16.69874,10
3.8830914,14.7861,4.064830898,14.8883,11,,16.66265,10
3.8995983,18.2786,4.081311298,18.0205,11,,16.69258,10
3.9161454,14.7002,4.097794798,14.9911,11,,16.65635,10
3.9326649,18.3998,4.114328998,18.077,11,,16.68749,10
3.949217199,17.3628,4.130798998,14.8729,11,,16.69934,10
3.965765999,15.9693,4.147334998,17.9021,11,,16.68675,10
3.982295699,14.989,4.163880098,15.2466,11,,16.65797,10
3.998805999,18.4417,4.180390098,17.9513,11,,16.6877,10
4.015307798,16.7357,4.196921798,15.1155,11,,16.68849,10
4.031828099,16.8528,4.213459698,18.2254,11,,16.69114,10
4.048338899,17.8535,4.229978998,14.6702,11,,16.70959,10
4.064830898,15.7544,4.246482398,17.9281,11,,16.69466,10
4.081311298,15.4634,4.263000698,15.0929,11,,16.67572,10
4.097794798,17.2452,4.279539199,18.1372,11,,16.68435,10
4.114328998,15.0695,4.296042298,14.9408,11,,16.66025,10
4.130798998,18.052,4.312502897,17.82,11,,16.68071,10
4.147334998,15.1968,4.328997898,15.1517,11,,16.65921,10
4.163880098,18.9792,4.345506498,20.2783,11,,16.69235,10
4.180390098,14.6334,4.361992397,12.7644,11,,16.66335,10
4.196921798,18.1883,4.378507597,17.649,11,,16.68453,10
4.213459698,14.9589,4.394958896,15.2886,11,,16.66089,10
4.229978998,18.4019,4.411516395,17.815,11,,16.68442,10
4.246482398,15.2999,4.428232695,15.5777,11,,16.66596,10
4.263000698,17.9838,4.445838395,18.6081,11,,16.6833,10
4.279539199,15.0174,4.462311396,15.2897,11,,16.66166,10
4.296042298,18.5361,4.478834095,17.8352,11,,16.6857,10
4.312502897,15.8853,4.495339395,15.203,11,,16.67556,10
4.328997898,17.5399,4.511845195,17.9016,11,,16.68637,10
4.345506498,14.5633,4.528328096,15.1545,11,,16.66016,10
4.361992397,18.5737,4.545032096,17.8194,11,,16.68349,10
4.378507597,14.9202,4.561801997,15.6407,11,,16.66225,10
4.394958896,18.3779,4.578514096,18.0295,11,,16.68267,10
4.411516395,15.2246,4.594989996,15.207,11,,16.66552,10
4.428232695,19.1859,4.611677195,17.7493,11,,16.69483,10
4.445838395,14.2265,4.628151395,15.3418,11,,16.66645,10
4.462311396,17.8589,4.644973795,17.929,11,,16.68,10
4.478834095,14.827,4.661455396,15.3742,11,,16.65919,10
4.495339395,18.6904,4.678340296,17.8984,11,,16.68175,10
4.511845195,14.658,4.695448297,16.2676,11,,16.65952,10
4.528328096,18.8476,4.711959797,18.7347,11,,16.6833,10
4.545032096,15.2688,4.728477697,15.5585,11,,16.66809,10
4.561801997,18.1981,4.745234496,15.3116,11,,16.68436,10
4.578514096,14.3469,4.761752096,17.8027,11,,16.65976,10
4.594989996,18.8183,4.778242395,15.1327,11,,16.68225,10
4.611677195,14.5697,4.794779296,18.0852,11,,16.66047,10
4.628151395,18.7426,4.811338295,15.1521,11,,16.68171,10
4.644973795,14.9834,4.828392995,18.2193,11,,16.66456,10
4.661455396,18.3806,4.844901695,15.2255,11,,16.68172,10
4.678340296,15.9182,4.861902495,18.1569,11,,16.67416,10
4.711959797,20.3403,4.878711795,15.6729,11,,16.7101,10
4.711959797,12.5921,4.895236795,18.0128,10,,16.67012,10
4.728477697,17.9776,4.911846395,15.1899,11,,16.68269,10
4.745234496,16.2678,4.928347495,17.3714,11,,16.67874,10
4.761752096,16.5738,4.945382095,16.076,11,,16.67775,10
4.778242395,16.571,4.961971696,18.0986,11,,16.67675,10
4.794779296,16.6955,4.978483996,14.994,11,,16.67693,10
4.828392995,17.2831,4.995026597,17.9457,11,,16.68249,10
4.828392995,16.2975,5.011776998,15.4115,10,,16.67899,10
4.844901695,17.1735,5.028716198,18.1259,11,,16.68344,10
4.861902495,16.6225,5.045702699,15.8302,11,,16.6829,10
4.878711795,16.3045,5.062172298,17.7581,11,,16.67955,10
4.895236795,16.8559,5.078626399,15.1283,11,,16.6811,10
4.911846395,16.1185,5.0950866,17.5296,11,,16.67621,10
4.928347495,17.3909,5.1115793,15.4353,11,,16.68237,10
4.945382095,16.2638,5.1286325,18.1465,11,,16.67879,10
4.961971696,16.4159,5.145644699,15.8524,11,,16.67656,10
4.978483996,17.1671,5.162147599,18.3018,11,,16.68068,10
4.995026597,16.5863,5.1788267,14.9555,11,,16.6799,10
5.028716198,18.3797,5.1953375,17.8657,11,,16.69394,10
5.028716198,15.5738,5.211805499,15.1155,10,,16.68476,10
5.045702699,15.5365,5.2282574,17.7425,11,,16.67543,10
5.062172298,17.1081,5.2451742,15.7784,11,,16.67892,10
5.078626399,16.5853,5.261677,17.4321,11,,16.67817,10
5.0950866,16.6068,5.278918699,16.1328,11,,16.6776,10
5.1115793,17.2329,5.295375799,17.5859,11,,16.68197,10
5.1286325,16.9629,5.311885799,17.0785,11,,16.68417,10
5.145644699,15.6925,5.328848199,15.2394,11,,16.67648,9
5.162147599,17.383,5.345791499,20.2606,11,,16.68192,8
5.1788267,16.3216,5.362307699,14.2273,11,,16.67917,10
5.1953375,16.1794,5.378830698,16.7852,11,,16.67538,10
5.211805499,16.3026,5.395813999,15.6141,11,,16.67258,9
5.2282574,17.5588,5.412790998,18.9524,11,,16.67919,8
5.2451742,16.3565,5.429295798,15.6359,11,,16.6768,9
5.261677,17.3172,5.446243198,15.9251,11,,16.68151,10
5.278918699,16.138,5.462731798,17.9239,11,,16.67754,10
5.345791499,55.844,5.479861499,15.6148,11,,16.96136,10
5.345791499,0.5942,5.496387999,18.4469,8,,16.84361,10
5.345791499,1.4808,5.512883098,14.6582,9,,16.73387,10
5.345791499,8.911,5.529336997,17.5122,10,,16.67839,10
5.412790998,56.695,5.545800398,15.4142,11,,16.9602,10
5.412790998,0.7097,5.562283899,17.624,8,,16.84656,10
5.412790998,1.7987,5.578728198,15.3239,9,,16.74206,10
5.412790998,7.3223,5.595215398,17.5582,10,,16.6771,10
5.429295798,17.8509,5.611722098,15.4643,11,,16.68514,10
5.446243198,16.2685,5.628206997,17.9225,11,,16.6823,10
5.462731798,17.3274,5.645637398,15.9704,11,,16.68666,10
5.479861499,15.0204,5.662126497,17.9463,11,,16.67548,10
5.496387999,17.5994,5.678793297,15.1633,11,,16.68164,10
5.512883098,15.0729,5.696115797,18.279,11,,16.67098,10
5.529336997,17.4752,5.712656996,15.5389,11,,16.67627,10
5.545800398,16.4212,5.729772695,18.0533,11,,16.67461,10
5.562283899,16.5967,5.746287395,16.9115,11,,16.6741,10
5.578728198,16.7098,5.762737095,16.4125,11,,16.67433,10
5.595215398,17.0414,5.779723994,15.9354,11,,16.67668,10
5.628206997,18.055,5.796314293,17.5782,11,,16.68546,9
5.628206997,15.9286,5.812883693,15.4827,10,,16.68067,9
5.645637398,16.0759,5.829438993,17.5096,11,,16.67687,9
5.662126497,16.9931,5.846004193,15.5021,11,,16.67885,9
5.696115797,17.5101,5.862592592,17.6793,11,,16.68401,9
5.696115797,16.4095,5.880208592,16.5263,10,,16.68231,9
5.712656996,17.2241,5.896762791,17.7651,11,,16.68564,9
5.746287395,18.403,5.913351392,15.3848,11,,16.69611,9
5.746287395,14.1136,5.929906291,17.5688,10,,16.68046,9
5.779723994,32.7565,5.946455791,15.5458,11,,16.7773,9
5.796314293,17.0674,5.96302569,17.7922,10,,16.77904,9
5.812883693,16.2183,5.979576389,15.2848,10,,16.7757,9
5.829438993,17.2,5.99612449,17.9972,10,,16.77821,9
5.846004193,16.1822,6.01273849,15.1343,10,,16.77471,9
5.862592592,18.3652,6.029462789,18.0948,10,,16.78401,9
5.880208592,15.6884,6.046055189,15.2371,10,,16.77764,9
5.896762791,16.2431,6.06264929,17.7518,10,,16.77455,9
5.913351392,17.0767,6.079727491,17.0437,10,,16.77628,9
5.929906291,16.2295,6.09677609,15.9144,10,,16.77316,8
5.946455791,16.5416,6.113838091,19.6611,10,,16.77184,7
5.96302569,16.7558,6.13041699,15.0206,10,,16.77175,9
5.979576389,16.2981,6.147489791,15.9759,10,,16.76909,9
5.99612449,17.1813,6.16452919,18.3553,10,,16.77139,8
6.01273849,17.0851,6.18155809,17.648,10,,16.77314,7
6.029462789,16.5711,6.198154091,14.6735,10,,16.77202,8
6.046055189,16.1495,6.214767392,18.0552,10,,16.7686,9
6.113838091,56.139,6.231372993,15.2895,10,,16.98374,9
6.113838091,0.6492,6.247956193,17.6006,7,,16.89496,9
6.113838091,1.6932,6.264539993,15.5218,8,,16.81279,9
6.113838091,8.1645,6.281098993,18.0478,9,,16.7663,9
6.18155809,56.9486,6.297671293,15.0232,10,,16.98118,9
6.18155809,2.0503,6.314255393,17.8101,7,,16.90176,9
6.18155809,1.8606,6.330840993,15.5253,8,,16.82217,9
6.18155809,6.6817,6.347422593,17.9716,9,,16.7688,9
6.198154091,16.9389,6.363964093,15.0243,10,,16.76969,9
6.214767392,16.4936,6.380539092,18.342,10,,16.76826,9
6.231372993,16.5321,6.397167093,15.1417,10,,16.76703,9
6.247956193,16.2202,6.414007894,18.3011,10,,16.76421,9
6.264539993,16.4699,6.430688393,15.1841,10,,16.7627,9
6.281098993,17.3232,6.447449193,18.5664,10,,16.76556,9
6.297671293,16.0246,6.464078593,14.7926,10,,16.7618,9
6.314255393,17.9973,6.480686593,18.3164,10,,16.76804,9
6.330840993,15.8879,6.497357094,14.7677,10,,16.76362,9
6.347422593,16.3835,6.514011295,18.2728,10,,16.76172,9
6.363964093,16.8346,6.530621895,15.0343,10,,16.76208,9
6.380539092,17.3179,6.547265195,18.2222,10,,16.76483,9
6.397167093,16.287,6.563907896,15.114,10,,16.76248,9
6.414007894,16.7595,6.580537896,18.3762,10,,16.76246,9
6.430688393,17.32,6.597185896,15.0266,10,,16.76518,9
6.447449193,15.9767,6.613826496,18.0945,10,,16.76136,9
6.464078593,16.484,6.630576295,15.1896,10,,16.76002,9
6.480686593,17.082,6.647316295,18.518,10,,16.76156,9
6.497357094,16.4027,6.663958495,14.922,10,,16.75985,9
6.514011295,16.7904,6.680666794,18.1988,10,,16.75999,9
6.530621895,16.9986,6.697263894,15.1798,10,,16.76112,9
6.547265195,16.1774,6.715749594,20.4211,10,,16.75837,9
6.563907896,16.3097,6.732875994,14.954,10,,16.75626,8
6.580537896,17.1862,6.750018894,21.8519,10,,16.75827,7
6.597185896,16.5825,6.766631994,11.9388,10,,16.75746,9
6.613826496,17.4064,6.783262993,18.5468,10,,16.76046,9
6.630576295,16.4969,6.799860093,14.6933,10,,16.75924,9
6.647316295,16.4622,6.816491793,18.5184,10,,16.75788,9
6.663958495,17.1193,6.833109393,14.7207,10,,16.75953,9
6.680666794,15.7507,6.849714092,18.6271,10,,16.75495,9
6.750018894,55.8731,6.866316591,14.5324,10,,16.93195,9
6.750018894,3.0294,6.882957592,18.897,7,,16.86933,9
6.750018894,0.7721,6.899577991,14.3291,8,,16.79714,9
6.750018894,5.4598,6.916201192,18.9163,9,,16.74653,9
6.766631994,18.1735,6.932822793,14.7427,10,,16.75287,9
6.783262993,15.1131,6.949429994,17.8955,10,,16.74562,9
6.799860093,18.4353,6.966050194,17.0136,10,,16.75306,9
6.816491793,15.4663,6.982669593,14.5618,10,,16.74742,9
6.833109393,18.2072,6.999279893,18.5187,10,,16.75379,9
6.849714092,14.7648,7.015905493,14.7082,10,,16.74514,9
6.866316591,19.5182,7.032501194,18.4629,10,,16.75715,9
6.882957592,14.4431,7.049110194,14.6838,10,,16.74717,9
6.899577991,18.1838,7.065720295,18.4825,10,,16.75334,9
6.916201192,15.1779,7.082320795,14.8709,10,,16.74661,9
6.932822793,18.2941,7.098940295,18.6166,10,,16.75319,9
6.949429994,14.8448,7.115555395,14.6107,10,,16.74511,9
6.966050194,18.3121,7.132145695,18.8419,10,,16.75172,9
6.982669593,16.0129,7.148732795,14.2304,10,,16.74861,9
6.999279893,17.8735,7.166743695,18.1005,10,,16.75332,9
7.015905493,16.1977,7.183352395,18.1738,10,,16.75101,9
7.032501194,16.9963,7.201544096,16.4569,10,,16.75202,9
7.049110194,16.341,7.218160796,18.447,10,,16.75032,9
7.065720295,16.5446,7.234768096,14.9373,10,,16.74948,9
7.082320795,16.4197,7.251370295,18.4228,10,,16.74813,9
7.098940295,17.1364,7.267961894,14.7779,10,,16.74971,9
7.115555395,15.9784,7.284562695,18.5217,10,,16.74657,9
7.132145695,17.2071,7.301154395,14.632,10,,16.74844,9
7.148732795,15.851,7.317740695,18.3355,10,,16.74482,9
7.166743695,18.5039,7.334325795,16.5918,10,,16.75188,9
7.183352395,13.9931,7.350916595,14.847,10,,16.74085,9
7.201544096,17.6982,7.367577796,18.1571,10,,16.74466,9
7.218160796,15.2907,7.384183397,14.9847,10,,16.7389,9
7.234768096,18.1943,7.400781796,18.1781,10,,16.74465,9
7.251370295,15.558,7.417391096,15.1354,10,,16.73997,9
7.267961894,18.7936,7.434000396,17.718,10,,16.74803,9
7.284562695,14.0524,7.450603397,15.4021,10,,16.7375,9
7.301154395,17.9235,7.467222796,18.6178,10,,16.74211,9
7.317740695,16.0778,7.483806697,14.5692,10,,16.73954,9
7.334325795,17.9221,7.500392296,18.3597,10,,16.7441,9
7.350916595,16.4235,7.516959897,14.8068,10,,16.74287,9
7.367577796,17.2423,7.533549297,19.0965,10,,16.74479,9
7.384183397,16.2357,7.550145597,14.1705,10,,16.74284,9
7.400781796,17.0362,7.566774896,18.197,10,,16.74396,9
7.417391096,19.4169,7.583365196,14.951,10,,16.75408,9
7.434000396,14.7487,7.599957396,18.2905,10,,16.74652,9
7.450603397,16.7472,7.616551197,15.039,10,,16.74652,9
7.467222796,16.0326,7.633191197,18.1411,10,,16.74384,9
7.483806697,16.2505,7.650274397,18.2869,10,,16.742,9
7.500392296,17.2635,7.667347697,14.3365,10,,16.74394,8
7.516959897,15.785,7.684408398,20.9027,10,,16.74039,7
7.533549297,16.8974,7.701022697,14.588,10,,16.74097,9
7.550145597,17.0874,7.717647896,14.8476,10,,16.74224,9
7.566774896,16.4657,7.734269195,18.1765,10,,16.74123,9
7.583365196,16.5452,7.752466596,16.5933,10,,16.74051,9
7.599957396,17.2099,7.769083195,18.9349,10,,16.74222,9
7.616551197,16.5581,7.786289795,15.2447,10,,16.74155,9
7.684408398,57.7677,7.803467996,19.2489,10,,16.88966,8
7.684408398,0.7315,7.822214096,18.663,7,,16.83154,7
7.684408398,1.8231,7.839500896,16.9702,8,,16.77775,9
7.684408398,6.128,7.856082895,14.5827,9,,16.73971,10
7.701022697,17.0212,7.872675295,18.1529,10,,16.74071,9
7.717647896,17.4423,7.889241994,17.0839,10,,16.7432,9
7.734269195,14.41,7.905861295,14.3784,10,,16.73496,9
7.752466596,17.5818,7.922450694,18.9376,10,,16.73794,9
7.803467996,55.786,7.939045395,14.304,10,,16.87495,9
7.803467996,0.7878,7.955671894,18.3452,8,,16.8187,9
7.803467996,2.7448,7.972248894,15.0421,9,,16.76966,9
7.822214096,7.8218,7.988842894,18.0163,10,,16.73859,9
7.839500896,15.1089,8.005442894,15.093,10,,16.73296,9
7.856082895,18.3849,8.022149594,18.2424,10,,16.73865,9
7.872675295,15.4825,8.038808494,15.1129,10,,16.73433,9
7.889241994,17.4604,8.055396994,18.563,10,,16.73682,9
7.905861295,16.9847,8.072108894,14.7075,10,,16.73767,9
7.922450694,16.4856,8.088700394,18.2473,10,,16.73681,9
7.939045395,16.3919,8.105416895,15.1165,10,,16.73564,9
7.955671894,17.4318,8.122141495,18.4658,10,,16.73799,9
7.972248894,16.5861,8.138842194,14.9506,10,,16.73748,9
7.988842894,16.5353,8.156005594,17.1892,10,,16.7368,9
8.005442894,16.9803,8.173153694,19.1249,10,,16.73762,8
8.022149594,17.1954,8.189840294,17.7677,10,,16.73914,7
8.038808494,15.6025,8.207680994,14.8058,10,,16.73537,10
8.055396994,16.9232,8.224245894,18.6585,10,,16.73599,9
8.072108894,16.4106,8.240819293,14.4164,10,,16.73491,10
8.088700394,17.0662,8.257380094,17.9794,10,,16.736,9
8.105416895,16.8678,8.273921094,15.0693,10,,16.73644,9
8.122141495,17.0359,8.291959594,18.228,10,,16.73742,9
8.173153694,54.7191,8.308651094,18.4296,10,,16.86113,9
8.173153694,0.7476,8.327208494,17.2633,8,,16.80882,10
8.173153694,2.3924,8.343871693,18.082,9,,16.76216,10
8.189840294,7.5534,8.362418993,18.0112,10,,16.73246,10
8.207680994,16.9665,8.379400694,16.6945,10,,16.73321,10
8.224245894,16.4374,8.397925994,19.2078,10,,16.73226,10
8.240819293,16.936,8.415054294,15.3279,10,,16.73291,10
8.257380094,16.8603,8.431700395,17.9497,10,,16.73332,10
8.273921094,17.5411,8.448439495,15.4457,10,,16.73588,10
8.291959594,15.6459,8.465101595,17.9187,10,,16.73243,10
8.308651094,15.4681,8.482237195,15.9968,10,,16.72844,10
8.327208494,18.4253,8.498903495,18.0271,10,,16.73378,10
8.343871693,14.9673,8.515594096,15.5377,10,,16.72824,10
8.362418993,20.2621,8.532274996,18.0216,10,,16.73929,10
8.362418993,14.029,8.548926297,16.33,10,,16.73084,10
8.379400694,17.4105,8.565487896,16.7216,11,,16.73295,10
8.397925994,16.8279,8.582025495,15.6842,11,,16.73325,10
8.415054294,15.9025,8.598547495,18.0074,11,,16.73068,10
8.431700395,17.512,8.615112395,14.1907,11,,16.73309,10
8.448439495,16.0638,8.631758395,18.2575,11,,16.73103,10
8.465101595,17.7569,8.648286895,14.9248,11,,16.73417,10
8.482237195,14.9166,8.665196194,18.1329,11,,16.72863,10
8.498903495,16.8043,8.681781695,17.4658,11,,16.72886,10
8.515594096,16.9005,8.698999896,15.3611,11,,16.72938,10
8.548926297,20.3122,8.715549295,17.9154,11,,16.7402,10
8.548926297,13.6757,8.732093894,15.151,10,,16.73097,10
8.565487896,16.6411,8.748771395,18.277,11,,16.7307,10
8.598547495,20.9843,8.765436995,15.0026,11,,16.74344,10
8.598547495,11.8109,8.782107695,18.1082,10,,16.72872,10
8.615112395,17.457,8.798774595,15.3036,11,,16.73088,10
8.631758395,14.5748,8.815465895,18.0414,11,,16.72449,10
8.648286895,18.8152,8.832095594,15.1228,11,,16.73067,10
8.665196194,15.3005,8.848630195,17.971,11,,16.72645,10
8.681781695,18.4952,8.865180495,15.0582,11,,16.73165,10
8.698999896,15.3652,8.881728294,17.6653,11,,16.72765,10
8.715549295,17.6661,8.898884893,16.0939,11,,16.73039,10
8.732093894,15.8977,8.915423893,18.1318,11,,16.72796,10
8.748771395,16.3927,8.932429793,15.507,11,,16.72699,10
8.765436995,17.1305,8.948983693,17.7804,11,,16.72816,10
8.782107695,16.7987,8.965536793,15.2406,11,,16.72836,10
8.798774595,16.6123,8.982042394,18.2576,11,,16.72803,10
8.815465895,16.494,8.998683193,14.9874,11,,16.72735,10
8.832095594,16.5709,9.015354493,17.9374,11,,16.72691,10
8.848630195,16.8008,9.032482893,15.9657,11,,16.72712,10
8.865180495,17.1928,9.049226894,17.8562,11,,16.72845,10
8.881728294,17.0327,9.066952794,17.1436,11,,16.72931,10
8.898884893,15.5036,9.083755293,18.7276,11,,16.72584,10
8.915423893,18.1307,9.100407393,14.0997,11,,16.7298,10
8.932429793,16.406,9.117086292,18.0255,11,,16.72889,10
8.948983693,16.0155,9.135171593,16.6423,11,,16.72689,10
8.965536793,15.8265,9.151727893,18.1282,11,,16.72437,10
8.982042394,17.7351,9.169760193,16.4457,11,,16.72719,10
8.998683193,16.0978,9.186309592,19.4845,11,,16.72544,10
9.015354493,17.8228,9.203104892,13.8508,11,,16.72849,10
9.032482893,15.475,9.219669391,18.3461,11,,16.72501,10
9.049226894,19.1672,9.236668392,15.2326,11,,16.73176,9
9.083755293,20.7665,9.253770991,18.771,11,,16.74287,8
9.083755293,10.2903,9.270885791,16.9278,10,,16.72515,8
9.100407393,16.6257,9.288018691,17.2682,11,,16.72487,8
9.117086292,14.6968,9.305125891,17.4169,11,,16.71933,8
9.135171593,19.1492,9.32223839,16.8753,11,,16.72595,8
9.151727893,14.4913,9.339344491,16.9128,11,,16.71988,8
9.169760193,18.7237,9.356452092,17.5335,11,,16.72531,8
9.186309592,16.8418,9.373560892,17.3053,11,,16.72563,8
9.236668392,53.1822,9.390725191,17.6458,11,,16.82389,8
9.253770991,14.2925,9.407844891,16.618,9,,16.81709,8
9.270885791,16.2419,9.424918992,15.3849,9,,16.81555,8
9.288018691,16.8747,9.441997792,17.4708,9,,16.8157,8
9.305125891,16.1137,9.459066392,16.6425,9,,16.81383,8
9.32223839,17.2905,9.476142093,19.2913,9,,16.8151,8
9.339344491,16.7125,9.493210993,17.1929,9,,16.81483,9
9.356452092,16.137,9.510275793,16.2413,9,,16.81303,9
9.373560892,18.3835,9.527352394,15.5535,9,,16.81718,8
9.390725191,15.5312,9.544403694,18.7299,9,,16.8138,7
9.407844891,16.4522,9.561501593,16.7436,9,,16.81285,6
9.424918992,17.039,9.578568493,20.6148,9,,16.81344,9
9.441997792,17.3365,9.598557794,16.1922,9,,16.8148,9
9.459066392,16.6677,9.615614194,17.4053,9,,16.81442,9
9.476142093,14.5,9.632820794,16.6378,9,,16.80841,9
9.493210993,17.3732,9.649395694,16.4753,9,,16.80987,9
9.544403694,55.9571,9.666451595,17.0891,9,,16.91103,9
9.544403694,3.1599,9.683061895,16.6888,7,,16.87559,9
9.544403694,1.5749,9.700053795,16.9592,8,,16.83625,9
9.561501593,5.2903,9.716640896,17.4219,9,,16.80665,9
9.578568493,18.8518,9.733248196,20.1332,9,,16.81188,9
9.598557794,16.4095,9.752726595,16.6625,10,,16.81085,9
9.598557794,16.3433,9.769439294,16.4575,9,,16.80966,9
9.615614194,15.4978,9.786052694,16.8702,10,,16.80633,9
9.632820794,16.5139,9.802682295,16.5986,10,,16.80559,9
9.649395694,17.5512,9.819324295,16.66,10,,16.80747,9
9.666451595,16.3775,9.835933895,16.5206,10,,16.80639,9
9.683061895,16.9233,9.852978195,15.7381,10,,16.80669,9
9.700053795,16.7301,9.870046496,17.1694,10,,16.80649,8
9.716640896,16.3464,9.887530395,18.7894,10,,16.80534,7
9.733248196,16.5964,9.904643196,15.805,10,,16.80482,8
9.752726595,16.582,9.922306896,18.6182,10,,16.80427,7
9.769439294,16.672,9.938916897,15.7725,10,,16.80394,9
9.786052694,16.0881,9.955519696,16.4949,10,,16.80217,9
9.802682295,16.7756,9.972605896,17.3353,10,,16.8021,9
9.819324295,17.1613,9.989665796,15.5937,10,,16.80299,8
9.870046496,55.42,10.0076918,19.6642,10,,16.89787,7
9.887530395,3.7459,10.0248212,15.5863,8,,16.86563,9
9.904643196,29.3343,10.0414343,17.9606,8,,16.89612,9
9.922306896,3.6286,10.0580469,16.3079,8,,16.86376,9
9.922306896,1.4756,10.0746331,16.7876,8,,16.82632,9
9.922306896,8.3721,10.0913403,16.7906,9,,16.8058,9
9.938916897,15.4016,10.1079606,15.2364,10,,16.8024,9
9.989665796,56.6849,10.1250067,18.444,10,,16.89873,9
9.989665796,2.1081,10.1420562,16.5059,8,,16.86309,8
10.0076918,1.9561,10.1586541,16.4663,9,,16.82726,7
10.0076918,7.9801,10.1752537,16.9995,9,,16.80604,9
10.0248212,15.2983,10.1918501,16.7266,10,,16.80244,9
10.0414343,15.5301,10.2084474,15.4154,10,,16.7994,9
10.0580469,17.3172,10.225061,17.7527,10,,16.80063,9
10.0746331,16.9589,10.2418115,16.5715,10,,16.80101,9
10.0913403,18.2287,10.258528,15.8503,10,,16.80439,9
10.1420562,52.6823,10.2752196,17.8789,10,,16.88921,9
10.1420562,2.7026,10.2919572,15.6157,8,,16.85575,9
10.1420562,1.5046,10.3086834,17.6129,9,,16.81963,9
10.1586541,7.0956,10.3254141,16.953,10,,16.7968,9
10.1752537,16.4069,10.3421886,16.6262,10,,16.79589,9
10.1918501,17.8289,10.3589115,15.7376,10,,16.7983,9
10.2084474,16.5617,10.3756407,16.6728,10,,16.79775,9
10.225061,16.2665,10.3923878,16.7467,10,,16.79652,9
10.2418115,16.3328,10.4091223,16.6683,10,,16.79544,9
10.258528,17.257,10.4257281,18.817,10,,16.79651,9
10.2752196,16.8228,10.4423221,16.0125,10,,16.79657,10
10.2919572,16.493,10.4589219,16.8315,10,,16.79587,9
10.3086834,16.6369,10.4755313,17.6501,10,,16.79551,9
10.3254141,17.0887,10.492285,16.0866,10,,16.79618,10
10.3421886,16.6134,10.5088892,16.9218,10,,16.79576,10
10.3589115,17.1045,10.5254884,16.6099,10,,16.79646,10
10.3756407,15.9313,10.5420812,15.448,10,,16.79449,9
10.3923878,17.6099,10.5586826,16.7368,10,,16.79635,9
10.4091223,16.6291,10.5752806,16.6732,10,,16.79597,9
10.4257281,15.7007,10.5918847,16.5573,10,,16.79349,9
10.4423221,17.4353,10.6084839,15.1044,10,,16.79494,9
10.4589219,16.3344,10.6252068,16.7274,10,,16.7939,9
10.4755313,16.1074,10.6418997,16.5388,10,,16.79236,9
10.492285,16.1684,10.6585039,16.5881,10,,16.79096,9
10.5088892,16.8821,10.6751137,16.8207,10,,16.79116,9
10.5254884,17.2454,10.6917118,17.9241,10,,16.79218,9
10.5420812,16.334,10.7083227,16.7809,10,,16.79116,9
10.5586826,17.0179,10.7249494,16.7528,10,,16.79166,9
10.5752806,16.9373,10.7415497,16.419,10,,16.79198,9
10.5918847,16.7214,10.7581342,15.2695,10,,16.79183,9
10.6084839,17.2345,10.7767909,20.2362,10,,16.7928,9
10.6252068,16.2939,10.7938948,15.841,10,,16.79171,9
10.6418997,16.1081,10.8109727,21.3924,10,,16.7902,8
10.6585039,17.1812,10.8275672,12.8638,10,,16.79106,10
10.6751137,17.2011,10.8441607,16.371,10,,16.79196,10
10.6917118,15.8235,10.8607614,17.1476,10,,16.78984,9
10.7083227,16.8895,10.8773614,16.1225,10,,16.79006,10
10.7249494,15.822,10.8939633,16.4276,10,,16.78796,10
10.7415497,17.3181,10.9105642,16.7096,10,,16.78911,9
10.7767909,30.5272,10.9271586,16.6467,10,,16.81884,9
10.8109727,34.2212,10.9437495,16.5039,9,,16.85643,9
10.8109727,3.183,10.9603469,16.8174,8,,16.82696,9
10.8109727,1.7044,10.9769447,16.1908,9,,16.79444,9
10.8275672,13.7377,10.9956549,20.1746,10,,16.78788,9
10.8441607,17.8925,11.0122508,15.8559,10,,16.79024,10
10.8607614,15.8433,11.0288473,16.5593,10,,16.78822,10
10.8773614,15.7604,11.0454468,16.7796,10,,16.78603,10
10.8939633,17.7352,11.0620311,16.2678,10,,16.78805,10
10.9105642,17.1941,11.0786254,16.6528,10,,16.78891,10
10.9271586,16.6518,11.0952153,17.1638,10,,16.78862,10
10.9437495,16.3851,11.1118068,16.1102,10,,16.78777,10
10.9603469,16.4789,11.1283951,16.6616,10,,16.78712,10
10.9956549,32.154,11.1449805,17.2253,10,,16.81947,10
10.9956549,1.5436,11.1615751,15.9989,9,,16.78737,9
11.0122508,16.913,11.1781608,16.6555,10,,16.78764,10
11.0288473,16.1447,11.1947464,16.783,10,,16.78629,10
11.0454468,17.0937,11.2113548,16.0117,10,,16.78694,10
11.0620311,15.6574,11.2279914,16.3737,10,,16.78458,10
11.0786254,17.0743,11.2446001,15.5928,10,,16.78518,9
11.0952153,17.0296,11.2612168,19.5752,10,,16.78569,9
11.1118068,16.7279,11.2779426,16.4503,10,,16.78557,10
11.1283951,16.4636,11.2945298,16.6586,10,,16.78491,10
11.1449805,19.8561,11.3111138,16.4503,10,,16.79124,10
11.1615751,13.1675,11.3277049,16.8898,10,,16.78378,10
11.1781608,16.8907,11.344293,15.9868,10,,16.784,10
11.1947464,17.1084,11.3608765,17.6191,10,,16.78467,10
11.2113548,15.962,11.3774631,16.3159,10,,16.78298,10
11.2279914,17.5546,11.3940532,15.7854,10,,16.78456,10
11.2446001,21.1284,11.4106374,17.9923,10,,16.79341,10
11.2612168,10.7232,11.4272267,16.7393,10,,16.78107,10
11.2779426,16.7992,11.4438154,15.2509,10,,16.78111,10
11.2945298,17.0389,11.46053,14.301,10,,16.78163,9
11.3111138,16.3783,11.4772269,19.4003,10,,16.78081,9
11.3277049,18.1003,11.49382,16.7105,10,,16.78347,10
11.344293,15.4697,11.5103976,16.2619,10,,16.78083,10
11.3608765,16.5178,11.5269852,17.5752,10,,16.7803,10
11.3774631,17.442,11.5435721,16.2766,10,,16.78163,10
11.3940532,15.5817,11.5601506,17.778,10,,16.77923,10
11.4106374,16.8908,11.5767386,15.5791,10,,16.77945,10
11.4272267,16.7104,11.5933254,16.3884,10,,16.77931,10
11.4438154,18.7342,11.6099039,17.2594,10,,16.7832,10
11.46053,18.3264,11.6264756,14.2159,10,,16.78626,10
11.4772269,13.6478,11.6430479,16.78,10,,16.78005,9
11.49382,15.8125,11.6596363,16.4117,10,,16.77813,9
11.5103976,17.4908,11.676228,17.0073,10,,16.77954,9
11.5269852,16.2337,11.6932853,16.7147,10,,16.77847,9
11.5435721,16.3771,11.7103159,16.9957,10,,16.77768,8
11.5601506,16.6945,11.7279576,17.3817,10,,16.77751,7
11.5767386,16.977,11.7445632,18.2662,10,,16.7779,10
11.5933254,16.0925,11.7611563,14.2272,10,,16.77657,10
11.6099039,17.2042,11.7781798,20.1323,10,,16.7774,9
11.6264756,18.2848,11.7947518,14.8997,10,,16.78033,10
11.6430479,15.6864,11.8113356,16.9858,10,,16.77821,10
11.6596363,16.4363,11.8279162,16.5016,10,,16.77754,10
11.7103159,55.4303,11.844495,16.3554,10,,16.85231,10
11.7103159,2.4121,11.8610837,16.7493,8,,16.82443,10
11.7103159,2.7625,11.8776662,16.5534,9,,16.79734,10
11.7279576,4.952,11.8942428,16.2424,10,,16.77456,10
11.7445632,17.7956,11.9108363,16.372,10,,16.77652,10
11.7781798,32.6219,11.9278663,16.8165,10,,16.80687,9
11.7781798,2.2921,11.9449114,15.4891,9,,16.77912,8
11.7947518,14.4262,11.9614915,18.2622,10,,16.77463,7
11.8113356,16.7173,11.9780664,17.2063,10,,16.77452,10
11.8279162,16.7942,11.9946514,16.8265,10,,16.77456,10
11.844495,16.3179,12.0112459,16.518,10,,16.77369,10
11.8610837,16.8274,12.0278673,16.3256,10,,16.77379,10
11.8776662,17.0614,12.0444456,16.8124,10,,16.77434,10
11.8942428,16.3433,12.0610094,16.5291,10,,16.77352,10
11.9449114,57.1148,12.0775788,17.3801,10,,16.84949,10
11.9449114,2.2298,12.094151,15.6633,8,,16.82201,10
11.9449114,1.7707,12.110731,16.8723,9,,16.79378,10
11.9614915,6.0426,12.1273184,16.437,10,,16.77364,10
11.9780664,16.5595,12.1439972,14.3263,10,,16.77324,9
11.9946514,16.4281,12.1607212,17.6675,10,,16.7726,9
12.0112459,16.9923,12.1774364,15.7551,10,,16.77301,9
12.0278673,16.7921,12.1941554,17.7555,10,,16.77304,9
12.0444456,16.2273,12.2108654,16.5522,10,,16.77203,9
12.0610094,16.7936,12.2274481,15.566,10,,16.77207,9
12.0775788,17.0132,12.2440265,16.6104,10,,16.77252,9
12.094151,16.7704,12.2606159,17.3422,10,,16.77251,9
12.110731,16.6847,12.2772019,15.7976,10,,16.77235,9
12.1273184,18.3491,12.2937936,17.7297,10,,16.77525,9
12.1439972,15.6687,12.3103741,18.8598,10,,16.77322,9
12.1607212,16.3863,12.3271719,14.6475,10,,16.77251,10
12.1774364,17.9265,12.3437981,16.588,10,,16.77462,9
12.1941554,16.1105,12.3603903,15.5307,10,,16.77341,9
12.2108654,16.084,12.3770787,16.4889,10,,16.77215,9
12.2274481,17.4348,12.3936979,18.2194,10,,16.77336,9
12.2440265,16.153,12.4102986,15.1494,10,,16.77223,9
12.2606159,19.7629,12.4268832,17.3089,10,,16.77765,9
12.2772019,13.6724,12.4434392,15.6304,10,,16.77203,9
12.2937936,16.6491,12.4600349,16.7682,10,,16.77181,9
12.3103741,15.8643,12.4767365,16.7166,10,,16.77018,9
12.3271719,18.3087,12.4934252,16.5827,10,,16.77294,9
12.3437981,15.5423,12.510009,16.564,10,,16.77073,9
12.3603903,17.241,12.5265913,16.5711,10,,16.77158,9
12.3770787,16.453,12.5431774,16.587,10,,16.77101,9
12.3936979,17.0079,12.5597595,17.002,10,,16.77143,9
12.4102986,16.5621,12.5767748,20.2123,10,,16.77106,9
12.4268832,23.2317,12.5933675,12.9941,10,,16.78255,10
12.4434392,13.0755,12.60997141,16.6241,10,,16.77597,9
12.4600349,14.5117,12.6265554,16.5387,10,,16.77195,9
12.4767365,17.8112,12.64314121,16.5927,10,,16.77379,9
12.4934252,14.1087,12.659728,16.571,10,,16.76908,9
12.510009,16.8427,12.6763117,16.5878,10,,16.76921,9
12.5265913,16.6248,12.6928912,16.578,10,,16.76896,9
12.5431774,16.6452,12.7094722,16.6078,10,,16.76874,9
12.5767748,29.4255,12.7260868,16.5388,10,,16.79095,9
12.5767748,3.9498,12.7426951,16.6563,9,,16.76846,9
12.5933675,16.3988,12.7593146,16.6251,10,,16.76781,9
12.60997141,19.1298,12.7759461,16.5885,10,,16.77193,9
12.6265554,14.5699,12.7925855,16.7565,10,,16.7681,9
12.64314121,18.2474,12.8092011,16.5646,10,,16.77067,9
12.659728,17.03,12.825793,16.5814,10,,16.77112,9
12.6763117,15.1897,12.8423786,16.5861,10,,16.76838,9
12.6928912,17.5566,12.8589603,16.5975,10,,16.76974,9
12.7094722,16.5438,12.8755443,16.6103,10,,16.76935,9
12.7260868,16.8088,12.8921446,16.5592,10,,16.76942,9
12.7426951,16.6892,12.9087242,16.5743,10,,16.76928,9
12.7593146,16.57,12.9253159,16.9249,10,,16.76894,9
12.7759461,15.818,12.9418809,16.4594,10,,16.76731,9
12.7925855,17.6626,12.9584432,16.3173,10,,16.76884,9
12.8092011,15.3766,12.975039,16.5958,10,,16.76646,9
12.825793,17.247,12.9916266,16.669,10,,16.76728,9
12.8423786,16.9326,13.0082722,16.6694,10,,16.76756,9
12.8589603,16.1192,13.0248971,16.5464,10,,16.76646,9
12.8755443,17.9465,13.0415193,17.0367,10,,16.76847,9
12.8921446,15.6529,13.0599872,23.2124,10,,16.76657,9
12.9087242,16.7328,13.0766412,11.6789,10,,16.76652,10
12.9253159,22.4573,13.0932695,16.7155,10,,16.77613,9
12.9418809,15.8608,13.1098629,17.1817,10,,16.77459,9
12.9584432,12.0334,13.1246653,13.9265,10,,16.76661,9
12.975039,16.4766,13.1412945,18.3068,10,,16.76612,9
12.9916266,17.3315,13.1579669,17.1042,10,,16.76707,9
13.0082722,16.2423,13.1745943,16.8134,10,,16.76619,9
13.0248971,16.6662,13.1912156,16.0477,10,,16.76602,9
13.0599872,28.6616,13.2078526,18.5552,10,,16.78588,9
13.0599872,4.3039,13.2244748,16.4065,9,,16.76508,9
13.0766412,16.9355,13.2410981,16.9031,10,,16.76536,9
13.0932695,16.2421,13.2577096,16.4997,10,,16.76449,9
13.1098629,17.3108,13.2743098,16.629,10,,16.7654,9
13.1246653,16.9178,13.2910609,16.9036,10,,16.76565,9
13.1412945,15.2312,13.3077927,16.5744,10,,16.76311,9
13.1579669,17.0843,13.3243735,15.8827,10,,16.76364,9
13.1745943,15.9778,13.3409948,16.8381,10,,16.76235,9
13.1912156,17.8918,13.3576135,16.7166,10,,16.76421,9
13.2078526,15.1369,13.3741935,16.339,10,,16.76153,9
13.2244748,17.4275,13.3908037,15.3752,10,,16.76262,9
13.2410981,16.6713,13.4074178,17.1406,10,,16.76247,9
13.2577096,16.7692,13.4244644,18.1516,10,,16.76249,9
13.2743098,16.4876,13.4410858,16.3526,10,,16.76204,9
13.2910609,16.8235,13.4581394,15.7159,10,,16.76214,9
13.3077927,16.5689,13.4751982,16.8941,10,,16.76182,8
13.3243735,16.9598,13.4923723,20.9444,10,,16.76214,7
13.3409948,17.6905,13.5089587,12.9912,10,,16.76365,10
13.3576135,15.9648,13.5255978,16.9806,10,,16.76236,9
13.3741935,16.1102,13.5422237,17.6536,10,,16.7613,9
13.3908037,16.5679,13.5593059,15.8734,10,,16.76099,9
13.4244644,26.7143,13.5763832,17.4023,10,,16.77702,8
13.4244644,7.8648,13.5943092,21.8018,9,,16.76269,7
13.4751982,55.5393,13.6109146,12.042,10,,16.82493,10
13.4923723,3.9032,13.6275358,16.9364,8,,16.80423,9
13.4923723,2.9226,13.6441509,17.8298,8,,16.78201,9
13.4923723,3.215,13.6607663,13.6183,9,,16.76034,10
13.5089587,19.2103,13.6774175,18.8589,10,,16.76425,9
13.5255978,14.4604,13.6939679,16.2398,10,,16.76058,9
13.5763832,56.184,13.7105835,14.6268,10,,16.82326,9
13.5943092,5.7719,13.7271952,18.7557,8,,16.80572,9
13.5943092,3.7877,13.7437596,15.9938,8,,16.78508,9
13.5943092,2.1794,13.7603272,15.019,9,,16.76197,9
13.6109146,16.0881,13.7769083,18.4722,10,,16.76091,9
13.6275358,15.5914,13.7934683,16.2987,10,,16.75907,9
13.6441509,16.7027,13.8100288,16.5669,10,,16.75898,9
13.6607663,18.8308,13.8266001,14.9368,10,,16.76223,9
13.6774175,15.6559,13.8431791,18.3808,10,,16.7605,9
13.6939679,17.1029,13.8597488,16.3307,10,,16.76103,9
13.7105835,17.3475,13.8763313,16.5679,10,,16.76195,9
13.7271952,15.6988,13.89290081,14.9786,10,,16.76029,9
13.7437596,17.5702,13.9094736,18.4463,10,,16.76155,9
13.7603272,16.2154,13.9260387,16.3938,10,,16.7607,9
13.7769083,15.4918,13.9426089,16.488,10,,16.75873,9
13.7934683,17.1583,13.9591871,14.9072,10,,16.75935,9
13.8100288,16.6936,13.9757713,18.518,10,,16.75925,9
13.8266001,17.0958,13.9923359,16.9644,10,,16.75977,9
13.8431791,14.7526,14.0094748,16.7597,10,,16.75667,9
13.8597488,17.5952,14.0264841,16.6182,10,,16.75796,8
13.8763313,18.7226,14.0437254,17.1712,10,,16.76099,7
13.89290081,15.5208,14.060316,17.072,10,,16.75908,9
13.9094736,16.6002,14.0768587,16.3542,10,,16.75884,9
13.9260387,16.5876,14.0934294,16.4205,10,,16.75857,9
13.9426089,16.3611,14.1100092,16.5918,10,,16.75797,9
13.9591871,15.9902,14.1265708,15.028,10,,16.75679,9
13.9757713,17.4516,14.1432727,16.837,10,,16.75785,9
14.0264841,54.8651,14.1599409,17.9637,10,,16.81594,9
14.0264841,2.3488,14.1765088,16.5574,8,,16.79392,9
14.0437254,2.7024,14.1930656,16.7538,9,,16.77251,9
14.0437254,6.3827,14.20964,16.7724,9,,16.75674,9
14.060316,15.8895,14.2262006,16.3053,10,,16.75543,9
14.0768587,18.0551,14.2427687,16.556,10,,16.75739,9
14.0934294,17.083,14.2593318,16.7337,10,,16.75788,9
14.1100092,15.4713,14.2759043,16.347,10,,16.75594,9
14.1265708,20.4017,14.2924717,15.0583,10,,16.76143,9
14.1432727,14.9055,14.3090845,16.556,10,,16.75864,9
14.1599409,16.1439,14.3256576,16.4845,10,,16.75772,9
14.1765088,14.9253,14.3422362,18.2704,10,,16.75497,9
14.1930656,18.3706,14.3587988,14.9397,10,,16.75739,9
14.20964,16.4624,14.3753872,16.6047,10,,16.75695,9
14.2262006,16.5202,14.3919736,18.0285,10,,16.7566,9
14.2427687,15.6747,14.4085503,16.5779,10,,16.75499,9
14.2593318,17.4193,14.4251478,16.7046,10,,16.75597,9
14.2759043,16.4034,14.4417519,14.9614,10,,16.75545,9
14.2924717,17.5154,14.4583466,16.6398,10,,16.75658,9
14.3090845,16.4257,14.475398,17.1307,10,,16.75609,9
14.3256576,16.7383,14.4938089,20.2263,10,,16.75606,8
14.3422362,16.1994,14.5110657,18.4175,10,,16.75524,7
14.3587988,17.0279,14.5276934,15.7324,10,,16.75564,9
14.3753872,16.35,14.5447364,14.8318,10,,16.75504,9
14.3919736,15.9593,14.5631795,20.4462,10,,16.75387,8
14.4085503,16.2231,14.5798347,16.819,10,,16.75309,7
14.4251478,17.0072,14.5964197,17.2531,10,,16.75347,10
14.4417519,18.2579,14.6129807,16.3138,10,,16.75567,10
14.4938089,54.8659,14.6295408,16.7171,10,,16.81138,10
14.5110657,4.2603,14.6460883,17.3783,8,,16.79306,10
14.5110657,1.8174,14.6626499,15.5228,8,,16.77123,10
14.5110657,4.7206,14.6792069,16.6907,9,,16.75369,10
14.5631795,56.1797,14.6957636,15.5499,10,,16.811,10
14.5631795,1.9529,14.7127648,17.2869,8,,16.78943,9
14.5631795,1.6311,14.7297683,16.6187,9,,16.76746,8
14.5798347,6.0354,14.7464305,16.122,10,,16.75193,7
14.5964197,16.8055,14.7629908,16.6513,10,,16.75201,9
14.6129807,16.0749,14.7795482,16.5876,10,,16.75103,9
14.6295408,16.9442,14.7961112,15.5551,10,,16.75131,9
14.6460883,17.0203,14.8127133,19.623,10,,16.7517,9
14.6626499,16.4824,14.8293212,16.4116,10,,16.75131,10
14.6792069,16.8109,14.8459161,16.4439,10,,16.7514,10
14.7297683,55.3862,14.8625214,17.975,10,,16.80675,10
14.7297683,2.5547,14.8792521,13.8097,8,,16.78636,10
14.7297683,2.4823,14.8958432,18.7414,9,,16.76592,9
14.7464305,7.092,14.9123929,15.1764,10,,16.75212,10
14.7629908,16.786,14.9289518,16.975,10,,16.75217,9
14.7795482,16.654,14.9455173,15.6844,10,,16.75203,9
14.7961112,17.6244,14.9620769,15.1203,10,,16.75327,9
14.8127133,15.6253,14.97865,19.5755,10,,16.75167,9
14.8293212,16.354,14.9951991,13.5345,10,,16.75111,10
14.8459161,16.43,15.0117855,19.3198,10,,16.75065,9
14.8625214,17.9358,15.0284604,13.9653,10,,16.75233,10
14.8792521,16.9165,15.0451416,18.5438,10,,16.75256,9
14.8958432,15.8269,15.0617532,19.9434,10,,16.75126,9
14.9123929,17.7712,15.0783546,13.2219,10,,16.75269,9
14.9289518,15.0195,15.0949233,15.0468,10,,16.75026,9
14.9455173,18.0879,15.1115494,18.5449,10,,16.75213,9
14.9620769,17.4002,15.1281431,16.1907,10,,16.75304,9
14.97865,13.8461,15.1447235,14.7212,10,,16.74897,9
14.9951991,19.7466,15.1612912,18.6042,10,,16.75316,9
15.0117855,13.9845,15.1778469,16.3503,10,,16.7493,9
15.0284604,17.997,15.1944074,16.5214,10,,16.75104,9
15.0451416,15.807,15.2109638,16.378,10,,16.74972,9
15.0617532,18.8272,15.2275326,16.5312,10,,16.75261,9
15.0783546,15.0717,15.2440915,16.0946,10,,16.75028,9
15.0949233,18.4096,15.2606618,17.0246,10,,16.75258,9
15.1115494,14.2169,15.2772322,16.626,10,,16.74907,9
15.1281431,18.4932,15.2938615,16.5707,10,,16.75148,9
15.1447235,16.4345,15.310467,14.9661,10,,16.75104,9
15.1612912,15.205,15.3270934,18.9067,10,,16.74891,9
15.1778469,17.3972,15.3436921,16.1503,10,,16.7498,9
15.1944074,16.1042,15.3602683,16.5438,10,,16.74892,9
15.2109638,17.5667,15.3768711,14.8918,10,,16.75004,9
15.2275326,16.1226,15.3934831,18.5389,10,,16.74918,9
15.2440915,16.6226,15.4100794,16.4231,10,,16.749,9
15.2606618,17.076,15.4266792,16.6188,10,,16.74945,9
15.2772322,16.8799,15.4432799,14.8409,10,,16.74963,9
15.2938615,16.8123,15.4598551,16.4983,10,,16.74972,9
15.310467,17.2781,15.4764649,18.369,10,,16.75043,9
15.3270934,15.4776,15.4930998,16.4015,10,,16.7487,9
15.3436921,17.7202,15.5097065,15.1034,10,,16.75002,9
15.3602683,16.3626,15.5268011,16.9755,10,,16.7495,9
15.3768711,16.5859,15.5438697,18.9768,10,,16.74928,8
15.3934831,15.793,15.561869,21.7644,10,,16.74798,7
15.4100794,17.1086,15.5785769,13.4796,10,,16.74847,10
15.4266792,16.9504,15.5951846,16.3865,10,,16.74874,9
15.4432799,17.9197,15.61224751,16.621,10,,16.75032,9
15.4598551,16.1601,15.62930871,15.4227,10,,16.74953,8
15.4764649,15.5875,15.6465318,22.061,10,,16.74797,7
15.4930998,16.1081,15.66315881,15.128,10,,16.74711,10
15.5438697,55.7423,15.67975501,16.7693,10,,16.79931,10
15.561869,4.634,15.6963636,16.211,8,,16.78305,10
15.561869,3.8251,15.7129722,17.4354,8,,16.76575,9
15.561869,3.5962,15.7296588,13.0642,9,,16.74819,9
15.5785769,16.0951,15.7462702,19.0766,10,,16.74732,9
15.62930871,56.312,15.7628729,17.4679,10,,16.79993,9
15.62930871,2.2485,15.7796134,14.9536,8,,16.78061,10
15.6465318,3.7224,15.7962377,18.3323,9,,16.76329,9
15.6465318,5.3745,15.8128199,13.0401,9,,16.7482,9
15.66315881,16.2887,15.8294208,18.8293,10,,16.74759,9
15.67975501,16.0775,15.8460888,17.5252,10,,16.74671,9
15.6963636,17.1009,15.8631764,18.5831,10,,16.74718,9
15.7129722,19.1352,15.8797905,15.4206,10,,16.75032,10
15.7296588,16.8382,15.8963879,17.3775,10,,16.75044,10
15.7462702,14.8721,15.9129889,12.6555,10,,16.74797,10
15.7628729,16.0721,15.9295822,16.8071,10,,16.74708,9
15.7796134,19.3862,15.9463207,18.4052,10,,16.75054,9
15.7962377,15.2591,15.9630951,16.5144,10,,16.74859,9
15.8128199,18.0069,15.9796952,14.9379,10,,16.75023,9
15.8294208,13.834,15.9963017,18.5723,10,,16.74643,9
15.8631764,30.3777,16.0128862,16.2957,10,,16.7642,9
15.8631764,2.2646,16.029475,17.5432,9,,16.74532,9
15.8797905,16.4817,16.0456274,13.2067,10,,16.74498,9
15.8963879,17.3871,16.0621988,18.3172,10,,16.74581,9
15.9129889,17.3751,16.0787504,16.4748,10,,16.74663,9
15.9295822,17.4349,16.095753,17.1429,10,,16.74752,9
15.9463207,15.6953,16.1127451,15.169,10,,16.74616,8
15.9630951,16.1584,16.1297861,18.8361,10,,16.7454,7
15.9796952,18.2375,16.1463402,14.8089,10,,16.74732,9
15.9963017,15.2301,16.1629122,18.6663,10,,16.74537,9
16.0128862,16.7238,16.179473,17.0259,10,,16.74534,10
16.029475,16.685,16.19602911,15.5803,10,,16.74526,9
16.0456274,17.7966,16.21258771,15.3197,10,,16.74661,9
16.0621988,15.4367,16.22957181,20.3827,10,,16.74493,9
16.1127451,56.878,16.24613071,14.5303,10,,16.79632,10
16.1127451,1.7322,16.26268241,16.3826,8,,16.77706,9
16.1297861,2.2116,16.27922501,14.9689,9,,16.75846,9
16.1297861,5.2808,16.29579131,18.3945,9,,16.74381,9
16.1463402,19.3218,16.31233691,16.2693,10,,16.7471,9
16.1629122,13.3107,16.32888831,16.718,10,,16.74273,9
16.179473,17.1998,16.34540791,15.041,10,,16.74331,9
16.19602911,16.8496,16.36242231,18.614,10,,16.74344,9
16.22957181,29.4769,16.37941191,16.8238,10,,16.75958,8
16.22957181,3.9184,16.3967133,16.763,9,,16.74333,7
16.24613071,16.554,16.4132682,15.4236,10,,16.74309,9
16.26268241,16.6577,16.4298387,19.0847,10,,16.74298,9
16.27922501,18.7423,16.4463798,15.8029,10,,16.7455,10
16.29579131,14.5166,16.4629397,16.2524,10,,16.74269,9
16.31233691,16.7783,16.4794992,15.1134,10,,16.74274,9
16.32888831,17.0526,16.4960668,18.297,10,,16.74313,9
16.37941191,55.4143,16.5126265,16.3639,10,,16.79165,9
16.37941191,3.6324,16.5291883,16.5667,8,,16.77516,9
16.3967133,2.0698,16.545747,15.6954,9,,16.75675,9
16.3967133,6.228,16.5624414,17.943,9,,16.74359,9
16.4132682,18.2613,16.5789934,16.5125,10,,16.74549,9
16.4298387,13.9274,16.5955486,16.5577,10,,16.74197,9
16.4463798,17.431,16.612113,16.5094,10,,16.74283,9
16.4629397,17.8989,16.6286612,16.4795,10,,16.74427,9
16.4794992,17.1623,16.6452115,16.6469,10,,16.74479,9
16.4960668,14.4172,16.6617583,16.4193,10,,16.7419,9
16.5126265,17.1327,16.6783203,16.5946,10,,16.74239,9
16.5291883,17.8126,16.6948816,16.6107,10,,16.74371,9
16.545747,18.0143,16.711557,16.7376,10,,16.74528,9
16.5624414,15.4181,16.7282211,16.7438,10,,16.74364,9
16.5789934,17.4185,16.7447761,17.3618,10,,16.74447,9
16.5955486,16.9261,16.761326,15.7751,10,,16.7447,9
16.612113,16.5603,16.7779205,16.3762,10,,16.74447,9
16.6286612,16.8368,16.7944837,16.5908,10,,16.74458,9
16.6452115,16.4533,16.8110432,16.4189,10,,16.74423,9
16.6617583,16.9581,16.8275953,16.7139,10,,16.74449,9
16.6783203,16.5799,16.8441394,16.4531,10,,16.74429,9
16.6948816,16.472,16.8607001,16.6564,10,,16.74396,9
16.711557,16.5508,16.8772643,16.7027,10,,16.74372,9
16.7282211,16.215,16.8938437,16.337,10,,16.74307,9
16.7447761,15.5411,16.9104035,16.4464,10,,16.74161,9
16.761326,17.0752,16.9269626,16.7524,10,,16.74202,9
16.7779205,17.2783,16.9435305,16.4296,10,,16.74267,9
16.7944837,16.7389,16.96008561,16.6069,10,,16.74266,9
16.8110432,16.7854,16.9766104,16.4566,10,,16.74272,9
16.8275953,17.0214,16.9931691,16.6355,10,,16.74305,9
16.8441394,15.9006,17.0097294,16.6715,10,,16.74203,9
16.8607001,16.0669,17.0262894,16.514,10,,16.74122,9
16.8772643,17.8327,17.0428098,16.3595,10,,16.74253,9
16.8938437,16.1161,17.0593665,16.7708,10,,16.74178,9
16.9104035,17.1456,17.0759261,16.4124,10,,16.74227,9
16.9269626,16.5485,17.0924806,16.3968,10,,16.74203,9
16.9435305,16.7433,17.1089978,16.17,10,,16.74203,9
16.96008561,18.3447,17.1255806,16.6716,10,,16.74396,9
16.9766104,14.5509,17.14213351,16.4337,10,,16.74133,9
16.9931691,17.0018,17.158674,16.2684,10,,16.74164,9
17.0097294,16.1157,17.1752228,16.9183,10,,16.74089,9
17.0262894,16.8156,17.1917466,16.5132,10,,16.74098,9
17.0428098,17.3075,17.2082711,16.5615,10,,16.74166,9
17.0593665,16.3749,17.2248021,16.486,10,,16.74122,9
17.0759261,16.3632,17.2413288,16.4165,10,,16.74077,9
17.0924806,16.5304,17.2578575,16.4924,10,,16.74052,9
17.1089978,16.3666,17.27437521,16.6427,10,,16.74008,9
17.1255806,17.0308,17.29089481,16.3409,10,,16.74042,9
17.14213351,17.7488,17.30742771,16.6876,10,,16.74162,9
17.158674,15.7699,17.32397691,16.5035,10,,16.74047,9
17.1752228,16.7462,17.340497,16.3638,10,,16.74047,9
17.1917466,16.4787,17.35700931,16.6771,10,,16.74017,9
17.2082711,16.6821,17.37353671,16.9674,10,,16.7401,9
17.2248021,17.219,17.3900651,15.8997,10,,16.74066,9
17.2413288,15.8672,17.40658381,16.7015,10,,16.73963,9
17.2578575,16.6226,17.42311221,16.7283,10,,16.7395,9
17.27437521,16.9473,17.44103641,18.0192,10,,16.73974,9
17.29089481,16.612,17.45757261,15.9986,10,,16.73959,9
17.30742771,16.3831,17.47410191,17.6813,10,,16.73917,9
17.32397691,16.8111,17.49065691,16.8261,10,,16.73926,9
17.340497,16.0123,17.50718231,15.991,10,,16.73841,9
17.35700931,17.0934,17.52417781,16.3188,10,,16.73882,9
17.37353671,17.2251,17.54116411,17.067,10,,16.73939,8
17.3900651,15.885,17.55814441,19.9185,10,,16.7384,7
17.40658381,17.8394,17.57483901,14.691,10,,16.73968,9
17.44103641,19.8649,17.59144691,16.991,10,,16.7433,9
17.44103641,14.0149,17.6080117,15.1668,9,,16.74014,9
17.45757261,16.284,17.6245916,16.7315,10,,16.73961,9
17.47410191,14.8297,17.6411877,16.6347,10,,16.7374,9
17.49065691,17.5327,17.6577364,16.6414,10,,16.73832,9
17.55814441,56.1421,17.6743569,16.4928,10,,16.78377,9
17.55814441,2.3866,17.69091481,16.5303,7,,16.76718,9
17.55814441,2.0868,17.7079839,17.0272,8,,16.75029,9
17.55814441,5.1933,17.7250131,15.7235,9,,16.73701,8
17.57483901,17.6341,17.74330581,22.7696,10,,16.73804,7
17.59144691,17.6215,17.75985231,12.0691,10,,16.73905,9
17.6080117,16.897,17.77636021,18.0886,10,,16.73923,9
17.6245916,15.8178,17.79292391,16.4082,10,,16.73817,9
17.6411877,17.128,17.80943681,15.31,10,,16.73862,9
17.6577364,16.6813,17.82601681,18.0476,10,,16.73856,9
17.6743569,16.6894,17.84259991,16.3042,10,,16.7385,9
17.74330581,56.8323,17.85918781,16.3949,10,,16.78416,9
17.74330581,2.5188,17.87580481,17.0058,7,,16.76793,9
17.74330581,1.7003,17.89244551,17.3626,8,,16.75081,9
17.74330581,5.7456,17.90901081,14.3302,9,,16.73832,9
17.75985231,16.4545,17.92558891,17.6181,10,,16.738,9
17.77636021,15.8154,17.94215631,17.0066,10,,16.73696,9
17.79292391,18.4561,17.95872531,16.5861,10,,16.7389,9
17.80943681,15.4094,17.97536941,15.1689,10,,16.7374,9
17.82601681,15.7746,17.99193711,18.1303,10,,16.73631,9
17.84259991,17.2029,18.00852711,16.763,10,,16.73684,9
17.85918781,17.2529,18.02512901,16.3827,10,,16.73742,9
17.87580481,15.7812,18.04169671,16.5734,10,,16.73634,9
17.89244551,17.9991,18.05826511,14.9909,10,,16.73776,9
17.90901081,16.932,18.07485951,18.2284,10,,16.73798,9
17.92558891,15.5174,18.09143591,16.1232,10,,16.73661,9
17.94215631,17.4246,18.10799661,16.6103,10,,16.73738,9
17.95872531,17.6611,18.12456751,15.3453,10,,16.73841,9
17.97536941,15.4659,18.14113091,17.9707,10,,16.73699,9
17.99193711,16.0606,18.15769101,16.2956,10,,16.73624,9
18.00852711,18.1335,18.17424411,16.5366,10,,16.73779,9
18.02512901,17.21,18.19080921,15.4596,10,,16.73832,9
18.04169671,16.7564,18.20737741,17.644,10,,16.73834,9
18.05826511,16.132,18.22441351,17.2929,10,,16.73767,9
18.07485951,15.4324,18.24144911,15.6674,10,,16.73622,8
18.09143591,17.8172,18.25849981,24.0945,10,,16.73742,7
18.10799661,15.4902,18.27517611,10.9127,10,,16.73604,9
18.12456751,17.4655,18.29173321,16.4094,10,,16.73684,9
18.14113091,15.2934,18.30828141,16.6224,10,,16.73525,9
18.15769101,18.0201,18.32485151,15.4587,10,,16.73667,9
18.17424411,16.4557,18.34136761,17.3982,10,,16.73636,9
18.19080921,17.0795,18.35788451,16.6739,10,,16.73673,9
18.25849981,55.0671,18.37443551,16.4482,10,,16.7789,9
18.25849981,3.0097,18.39094571,15.5288,7,,16.76377,9
18.25849981,2.6124,18.40786591,17.9499,8,,16.74824,9
18.25849981,5.0833,18.42446791,16.5553,9,,16.73545,9
18.27517611,16.3032,18.44100401,16.1968,10,,16.73497,9
18.29173321,18.0744,18.45755591,16.0429,10,,16.73644,9
18.30828141,16.0706,18.47454371,19.2694,10,,16.73571,9
18.32485151,17.4377,18.49105751,14.9276,10,,16.73648,9
18.34136761,15.2943,18.50757471,16.6735,10,,16.7349,9
18.35788451,17.019,18.52408011,15.3903,10,,16.73521,9
18.37443551,17.5639,18.54112771,17.937,10,,16.73611,9
18.39094571,17.1119,18.55763741,16.2954,10,,16.73652,9
18.40786591,15.4806,18.57414851,16.9581,10,,16.73516,9
18.42446791,16.36,18.59066221,15.4436,10,,16.73475,9
18.44100401,17.6933,18.60753161,17.8322,10,,16.73579,9
18.47454371,22.1798,18.62451131,17.0275,10,,16.74168,9
18.47454371,10.176,18.64149751,15.894,9,,16.73459,8
18.49105751,16.852,18.65848681,21.1244,10,,16.73471,7
18.50757471,17.1139,18.67499961,12.4278,10,,16.73512,9
18.52408011,17.5289,18.69155761,18.0438,10,,16.73598,9
18.54112771,15.6318,18.70810371,16.5401,10,,16.73479,9
18.55763741,16.0898,18.72465971,15.9742,10,,16.73409,9
18.57414851,17.2955,18.74124941,15.7094,10,,16.7347,9
18.59066221,17.2831,18.75825031,18.1793,10,,16.73529,9
18.65848681,54.9256,18.77479141,16.8715,10,,16.77622,9
18.65848681,2.935,18.79133531,16.3816,7,,16.7614,9
18.65848681,1.6778,18.80786611,15.1555,8,,16.74527,9
18.65848681,6.5504,18.82437551,17.864,9,,16.73438,9
18.67499961,16.3324,18.84091381,16.6065,10,,16.73395,9
18.69155761,17.0053,18.85743691,16.1707,10,,16.73424,9
18.70810371,16.93,18.87398041,15.5622,10,,16.73444,9
18.72465971,16.6144,18.89092401,18.1464,10,,16.73432,9
18.74124941,17.6599,18.90745811,16.8733,10,,16.7353,9
18.75825031,15.4539,18.92443421,17.7209,10,,16.73394,9
18.77479141,16.4448,18.94207831,16.9682,10,,16.73363,9
18.79133531,16.7195,18.95860571,14.7619,10,,16.73362,9
18.80786611,17.3214,18.97515591,18.142,10,,16.73424,9
18.82437551,16.3883,18.99170711,16.6144,10,,16.73388,9
18.84091381,16.1835,19.00824611,16.4552,10,,16.73329,9
18.85743691,17.11,19.02479791,15.069,10,,16.73369,9
18.87398041,17.1282,19.04132771,17.5577,10,,16.73411,9
18.89092401,15.3297,19.05790161,18.0092,10,,16.73263,9
18.92443421,22.5069,19.07445571,15.3428,10,,16.7387,9
18.92443421,11.2142,19.09201951,17.3557,9,,16.7329,9
18.94207831,17.2275,19.11016291,18.1934,10,,16.73342,9
18.95860571,17.0078,19.12671451,16.9536,10,,16.7337,9
18.97515591,15.0604,19.14323741,16.659,10,,16.73195,9
18.99170711,17.2186,19.15975381,14.8719,10,,16.73246,9
19.00824611,16.4884,19.17627061,18.2634,10,,16.7322,9
19.02479791,17.6842,19.19281321,16.3371,10,,16.7332,9
19.04132771,15.6632,19.20979741,17.3173,10,,16.73208,9
19.05790161,16.9085,19.22679991,15.1068,10,,16.73227,8
19.07445571,16.4862,19.24386201,19.6386,10,,16.73201,7
19.09201951,20.593,19.26040861,15.6692,10,,16.73602,9
19.11016291,13.2862,19.27695871,17.9159,10,,16.73244,9
19.12671451,16.9356,19.29349851,15.2455,10,,16.73265,9
19.14323741,16.1542,19.31002201,14.8637,10,,16.73205,9
19.15975381,16.8051,19.32658231,17.8631,10,,16.73213,9
19.17627061,16.3878,19.34313091,16.591,10,,16.73177,9
19.24386201,57.1891,19.35968591,17.3263,10,,16.77357,9
19.24386201,1.6062,19.37637161,14.5068,7,,16.75792,9
19.24386201,2.0089,19.39289561,18.1757,8,,16.74271,9
19.24386201,4.9193,19.40940501,16.4655,9,,16.73053,9
19.26040861,17.9928,19.42591781,16.5424,10,,16.73183,9
19.27695871,16.3603,19.44243661,16.0098,10,,16.73145,9
19.29349851,16.6442,19.45895541,16.863,10,,16.73136,9
19.31002201,19.7313,19.47546731,16.2176,10,,16.73444,9
19.32658231,13.8366,19.49198021,16.6518,10,,16.73147,9
19.34313091,16.9229,19.50867451,16.5274,10,,16.73166,9
19.35968591,16.4449,19.52530921,16.6109,10,,16.73137,9
19.37637161,17.0596,19.54230111,17.0115,10,,16.73171,9
19.39289561,17.4061,19.55928691,17.0236,10,,16.7324,8
19.40940501,16.2965,19.57626291,19.9021,10,,16.73195,7
19.42591781,17.3447,19.59281061,13.6362,10,,16.73257,9
19.44243661,16.6214,19.60932481,16.7518,10,,16.73246,9
19.45895541,15.8558,19.62587121,16.4734,10,,16.73157,9
19.47546731,16.8936,19.64239251,16.6458,10,,16.73174,9
19.49198021,16.9592,19.65891261,16.0109,10,,16.73197,9
19.50867451,16.0089,19.67543701,16.62,10,,16.73123,9
19.57626291,56.4783,19.69194731,16.0856,10,,16.77146,9
19.57626291,2.5371,19.70908851,17.5199,7,,16.75707,9
19.57626291,2.1173,19.72560882,15.4465,8,,16.74228,9
19.57626291,5.1254,19.74212732,17.1561,9,,16.73056,9
19.59281061,17.6888,19.75863562,16.632,10,,16.73153,9
19.60932481,17.535,19.77513792,16.423,10,,16.73233,9
19.62587121,15.7267,19.79167802,17.2469,10,,16.73132,9
19.64239251,16.9749,19.80822882,16.4307,10,,16.73157,9
19.65891261,16.7112,19.82474542,16.1552,10,,16.73155,9
19.67543701,16.2618,19.84134732,17.0065,10,,16.73108,9
19.69194731,18.0443,19.85908952,16.3807,10,,16.73239,9
19.70908851,15.5227,19.87563831,17.5925,10,,16.73118,9
19.72560882,17.3943,19.89272301,16.1653,10,,16.73185,9
19.74212732,16.3952,19.90974301,18.1888,10,,16.73151,9
19.75863562,15.4577,19.92679411,15.9078,10,,16.73024,8
19.77513792,16.1743,19.94510991,23.3711,10,,16.72968,7
19.79167802,16.9415,19.96166571,12.8506,10,,16.72989,9
19.80822882,17.0561,19.97871141,17.0203,10,,16.73022,9
19.82474542,17.1374,19.99574592,15.6501,10,,16.73062,8
19.84134732,17.9787,20.01326522,22.354,10,,16.73186,7
19.85908952,15.9638,20.02980072,12.7992,10,,16.7311,10
19.87563831,17.4835,20.04646782,16.6599,10,,16.73185,9
19.94510991,54.5392,20.06307232,16.8694,10,,16.76928,9
19.94510991,3.4873,20.07962751,15.2329,7,,16.75614,9
19.94510991,1.6833,20.09614531,17.7235,8,,16.74125,9
19.94510991,5.7481,20.11272461,17.0551,9,,16.7304,9
20.01326522,58.5281,20.12942061,16.234,10,,16.77162,9
20.01326522,1.8907,20.14597672,15.3183,7,,16.75695,9
20.01326522,2.5706,20.16250612,17.7862,8,,16.74299,9
20.01326522,1.9107,20.17904721,16.6529,9,,16.72841,9
20.02980072,17.8785,20.19559291,16.4515,10,,16.72954,9
20.04646782,16.6087,20.21217721,15.4459,10,,16.72942,9
20.06307232,17.9885,20.22875941,17.8609,10,,16.73065,9
20.07962751,16.4896,20.24533471,16.3532,10,,16.73042,9
20.09614531,16.2969,20.26207591,16.7051,10,,16.72999,9
20.11272461,16.0553,20.27871891,15.3693,10,,16.72933,9
20.12942061,16.8759,20.29529941,18.0619,10,,16.72948,9
20.14597672,17.5638,20.31190511,16.4447,10,,16.73029,9
20.16250612,15.8214,20.32850211,16.626,10,,16.7294,9
20.17904721,16.4365,20.34501641,15.5273,10,,16.72912,9
20.19559291,16.3752,20.36161581,17.8656,10,,16.72878,9
20.21217721,18.687,20.37817991,16.252,10,,16.73068,9
20.22875941,15.3904,20.39473851,16.7384,10,,16.72938,9
20.24533471,16.868,20.41128781,15.3545,10,,16.72951,9
20.26207591,16.3754,20.42831871,20.5442,10,,16.72917,9
20.27871891,17.7422,20.44494991,14.5049,10,,16.73015,9
20.29529941,19.2799,20.46153562,16.7183,10,,16.73261,9
20.31190511,13.2001,20.47813512,16.8711,10,,16.7292,9
20.32850211,16.5062,20.49471871,14.5444,10,,16.72899,9
20.34501641,17.5843,20.51131122,18.3082,10,,16.72981,9
20.36161581,15.0332,20.52790052,16.6181,10,,16.72818,9
20.37817991,17.1183,20.54451432,16.7231,10,,16.72855,9
20.39473851,17.7116,20.56117902,14.7285,10,,16.7295,9
20.42831871,23.9547,20.57768732,18.9336,10,,16.73644,9
20.42831871,8.7425,20.59423382,15.6912,9,,16.72877,9
20.44494991,16.9507,20.61075362,15.0111,10,,16.72898,9
20.46153562,16.1349,20.62730442,17.9839,10,,16.72841,9
20.47813512,17.1969,20.64383322,16.3498,10,,16.72886,9
20.49471871,17.4106,20.66037492,16.8584,10,,16.72951,9
20.51131122,14.9827,20.67688922,16.4901,10,,16.72784,9
20.52790052,17.1495,20.69339542,14.9676,10,,16.72824,9
20.54451432,16.7983,20.70996512,17.7328,10,,16.72831,9
20.56117902,17.8141,20.72648802,16.6625,10,,16.72935,9
20.57768732,15.0666,20.74304322,16.6119,10,,16.72776,9
20.59423382,16.4497,20.75958232,16.3314,10,,16.7275,9
20.61075362,17.7276,20.77611882,15.3781,10,,16.72845,9
20.62730442,17.7324,20.79267512,17.6748,10,,16.7294,9
20.64383322,14.2975,20.80921042,16.7167,10,,16.7271,9
20.66037492,17.6105,20.82689162,17.4444,10,,16.72793,9
20.67688922,16.2234,20.84344452,15.9791,10,,16.72746,9
20.69339542,17.5794,20.86015182,17.524,10,,16.72826,9
20.70996512,15.5198,20.87669802,16.8278,10,,16.72712,9
20.72648802,16.8762,20.89321592,16.1909,10,,16.72726,9
20.74304322,16.8217,20.90975652,16.6744,10,,16.72735,9
20.75958232,17.3519,20.92626952,16.4709,10,,16.72794,9
20.77611882,16.6675,20.94281932,16.9711,10,,16.72788,9
20.79267512,15.812,20.95936242,15.854,10,,16.72702,9
20.80921042,19.3043,20.97588852,16.8067,10,,16.72944,9
20.82689162,14.045,20.99251182,16.2656,10,,16.72692,9
20.84344452,18.013,21.00913302,16.5385,10,,16.72813,9
20.86015182,15.1318,21.02567392,16.565,10,,16.72663,9
20.87669802,18.0034,21.04277692,16.9225,10,,16.72783,9
20.89321592,17.273,21.05928972,16.5535,10,,16.72834,9
20.90975652,15.8706,21.07592472,16.7918,10,,16.72754,9
20.92626952,15.8234,21.09243442,16.4472,10,,16.72669,9
20.94281932,17.6579,21.10940262,16.8977,10,,16.72756,9
20.95936242,16.1577,21.12592822,16.6392,10,,16.72703,9
20.97588852,17.0522,21.14273952,16.7755,10,,16.72733,9
20.99251182,16.606,21.15927422,16.5623,10,,16.72722,9
21.00913302,16.578,21.17587272,16.5732,10,,16.72708,9
21.02567392,17.5794,21.19254512,16.858,10,,16.72787,9
21.04277692,16.1646,21.20948872,16.7115,10,,16.72735,9
21.05928972,16.8336,21.22648102,18.1577,10,,16.72745,9
21.07592472,16.36,21.24347012,14.9233,10,,16.72711,8
21.09243442,17.1464,21.26151232,22.0346,10,,16.7275,7
21.10940262,16.4196,21.27802542,13.8001,10,,16.72721,9
21.12592822,16.9107,21.29455262,16.4779,10,,16.72738,9
21.14273952,16.3801,21.31105462,17.3121,10,,16.72706,9
21.15927422,16.7519,21.32755262,15.8373,10,,16.72708,9
21.17587272,16.6478,21.34409882,16.3176,10,,16.72701,9
21.19254512,16.9646,21.36061562,16.5581,10,,16.72723,9
21.26151232,56.1743,21.37712152,16.2286,10,,16.76345,9
21.26151232,2.1107,21.39362562,16.4893,7,,16.75001,9
21.26151232,1.8379,21.41013852,16.4965,8,,16.73634,9
21.26151232,4.8876,21.42664912,16.5739,9,,16.72549,9
21.27802542,17.8413,21.44317772,16.4344,10,,16.72651,9
21.29455262,16.5736,21.45995912,16.7348,10,,16.72637,9
21.31105462,17.0642,21.47648652,16.6483,10,,16.72668,9
21.32755262,16.4874,21.49345122,17.018,10,,16.72646,9
21.34409882,16.8466,21.51043822,17.2702,10,,16.72657,8
21.36061562,17.1189,21.52740872,19.4696,10,,16.72693,7
21.37712152,16.5278,21.54392462,13.5324,10,,16.72675,9
21.39362562,16.7393,21.56043232,16.9428,10,,16.72676,9
21.41013852,16.8982,21.57739102,16.5922,10,,16.72691,9
21.42664912,15.7983,21.59390862,16.5939,10,,16.72607,9
21.44317772,17.5697,21.61040812,16.611,10,,16.72684,9
21.45995912,16.3885,21.62690892,16.2796,10,,16.72653,9
21.52740872,54.9124,21.64347832,16.7969,10,,16.76109,9
21.52740872,2.7109,21.66000002,16.6181,7,,16.74838,9
21.52740872,2.026,21.67650552,16.367,8,,16.73508,9
21.52740872,7.1598,21.69300482,16.387,9,,16.72644,9
21.54392462,15.9509,21.70950632,16.4555,10,,16.72574,9
21.56043232,18.3399,21.72641062,17.0979,10,,16.7272,9
21.57739102,14.8915,21.74292732,16.3615,10,,16.72554,9
21.59390862,17.0244,21.75945852,16.6757,10,,16.72581,9
21.61040812,16.7369,21.77644872,17.079,10,,16.72582,9
21.62690892,16.1379,21.79339062,16.9185,10,,16.72529,8
21.64347832,17.1767,21.81036822,18.8246,10,,16.7257,7
21.66000002,16.4894,21.82736342,15.4589,10,,16.72549,8
21.67650552,16.2434,21.84436212,20.053,10,,16.72506,7
21.69300482,16.8119,21.86086622,13.3678,10,,16.72513,9
21.70950632,17.4545,21.87741022,16.9138,10,,16.72579,9
21.72641062,16.2707,21.89404902,15.9756,10,,16.72538,9
21.74292732,16.5346,21.91055022,15.4231,10,,16.72521,9
21.81036822,54.9827,21.92707212,17.4288,10,,16.75931,9
21.81036822,2.4632,21.94358362,15.6405,7,,16.74658,9
21.84436212,32.4683,21.96057032,19.1009,8,,16.76056,9
21.84436212,2.0213,21.97708472,14.4443,7,,16.74746,9
21.84436212,1.363,21.99365202,17.4479,8,,16.7338,9
21.84436212,6.4614,22.01020352,17.5213,9,,16.72469,9
21.86086622,15.7882,22.02676472,14.7793,10,,16.72385,9
21.87741022,17.4459,22.04338842,18.192,10,,16.72449,9
21.89404902,16.9477,22.06011582,16.2607,10,,16.72469,9
21.91055022,16.8493,22.07720742,17.6795,10,,16.7248,9
21.92707212,17.3567,22.09424112,17.0356,10,,16.72536,8
21.96057032,21.4372,22.11134842,19.7825,10,,16.72952,7
21.96057032,11.7697,22.12792542,13.6276,9,,16.72515,9
21.97708472,16.3481,22.14451142,17.0493,10,,16.72481,9
21.99365202,15.7431,22.16108442,14.5542,10,,16.72395,9
22.01020352,17.5682,22.17762772,17.9076,10,,16.72469,9
22.02676472,17.1423,22.19417352,15.1657,10,,16.72506,9
22.04338842,15.4675,22.21116282,18.7054,10,,16.72395,9
22.11134842,56.6727,22.22819122,17.1165,10,,16.759,8
22.11134842,2.483,22.24525542,20.6393,7,,16.74648,7
22.11134842,1.9284,22.26180582,12.7613,8,,16.73351,9
22.11134842,5.2991,22.27836242,16.6577,9,,16.72351,9
22.12792542,17.0845,22.29494102,16.766,10,,16.72382,9
22.14451142,17.8052,22.31152562,16.6175,10,,16.72477,9
22.16108442,16.4308,22.32810782,14.8784,10,,16.72451,9
22.17762772,14.9235,22.34466952,17.3849,10,,16.72294,9
22.24525542,57.9728,22.36124482,17.4233,10,,16.75887,9
22.24525542,3.2518,22.37778782,16.2455,7,,16.74711,9
22.24525542,1.8472,22.39435572,16.4955,8,,16.73416,9
22.24525542,4.8817,22.41095302,15.3717,9,,16.72386,9
22.26180582,17.4513,22.42798642,20.2721,10,,16.72449,9
22.27836242,15.7896,22.44455952,14.5759,10,,16.72368,9
22.29494102,16.9716,22.46220022,17.9976,10,,16.7239,9
22.31152562,16.7991,22.47877092,15.9664,10,,16.72396,9
22.32810782,17.3529,22.49533502,16.7226,10,,16.72451,9
22.34466952,15.5077,22.51188002,15.1365,10,,16.72345,9
22.36124482,17.145,22.52841002,17.9691,10,,16.72382,9
22.37778782,16.5468,22.54498872,16.388,10,,16.72367,9
22.39435572,16.3315,22.56152552,16.4442,10,,16.72333,9
22.42798642,23.3156,22.57811662,15.5389,10,,16.72901,9
22.42798642,9.8957,22.59470222,16.6002,9,,16.72313,9
22.44455952,19.7822,22.61125692,17.4967,10,,16.72576,9
22.46220022,14.2853,22.62781842,16.9521,10,,16.72366,9
22.47877092,16.4107,22.64440052,15.2234,10,,16.72339,9
22.49533502,15.7733,22.66108372,17.8635,10,,16.72257,9
22.51188002,18.7513,22.67770542,16.879,10,,16.72431,9
22.52841002,15.7171,22.69429122,17.2694,10,,16.72345,9
22.54498872,16.9993,22.71146432,16.741,10,,16.72369,9
22.56152552,16.1476,22.72855002,17.5042,10,,16.72319,8
22.57811662,17.4327,22.74561092,17.8975,10,,16.7238,7
22.59470222,16.3865,22.76269142,23.8077,10,,16.72351,7
22.61125692,16.3643,22.77923012,8.4135,10,,16.72321,10
22.62781842,16.4418,22.79580012,17.7686,10,,16.72297,9
22.64440052,18.0195,22.81235302,15.308,10,,16.72407,9
22.66108372,15.4462,22.82890382,16.3909,10,,16.72298,9
22.67770542,16.7248,22.84553402,17.0639,10,,16.72298,9
22.74561092,59.2772,22.86216212,16.6399,10,,16.75911,9
22.76269142,15.6093,22.87869992,16.1276,7,,16.75813,9
22.76269142,2.2415,22.89521452,16.2145,7,,16.74583,9
22.76269142,3.2019,22.91172692,16.6039,8,,16.73436,9
22.76269142,3.9807,22.92822632,16.0434,9,,16.72357,9
22.77923012,16.4032,22.94473832,16.5712,10,,16.7233,9
22.79580012,16.8517,22.96172092,17.3308,10,,16.72341,9
22.81235302,15.7341,22.97868892,16.8123,10,,16.72258,8
22.82890382,16.8039,22.99565752,20.4761,10,,16.72264,7
22.84553402,15.5917,23.01223152,13.2605,10,,16.72169,9
22.86216212,18.4486,23.02874222,16.4327,10,,16.72315,9
22.87869992,16.698,23.04524522,16.6789,10,,16.72313,9
22.89521452,16.3396,23.06175012,16.3676,10,,16.7228,9
22.91172692,16.5283,23.07825742,16.5314,10,,16.72264,9
22.92822632,16.847,23.09477402,16.4034,10,,16.72274,9
22.99565752,56.2219,23.11127322,16.1637,10,,16.75585,9
22.99565752,3.0547,23.12778803,16.6562,7,,16.74438,9
22.99565752,2.0248,23.14437193,16.8542,8,,16.73206,9
22.99565752,4.7426,23.16163643,16.9096,9,,16.72204,9
23.01223152,17.1299,23.17813403,16.7148,10,,16.72238,9
23.02874222,16.7812,23.19464833,16.3858,10,,16.72243,9
23.04524522,16.8099,23.21114453,16.608,10,,16.7225,9
23.06175012,16.5203,23.22765033,16.5387,10,,16.72233,9
23.07825742,16.5955,23.24415433,16.2449,10,,16.72222,9
23.09477402,17.2105,23.26104043,16.9321,10,,16.72263,9
23.11127322,16.6662,23.27754283,16.5968,10,,16.72258,9
23.12778803,16.8535,23.29406083,16.755,10,,16.72269,9
23.14437193,17.3298,23.31072873,16.5511,10,,16.7232,9
23.16163643,15.0115,23.32724263,16.5378,10,,16.72178,9
23.17813403,17.4663,23.34400953,16.4991,10,,16.72239,9
23.19464833,16.2033,23.36052793,16.5865,10,,16.72196,9
23.21114453,16.4915,23.37703073,16.5786,10,,16.72177,9
23.22765033,17.0695,23.39352583,16.4172,10,,16.72206,9
23.24415433,17.0789,23.41028433,16.871,10,,16.72235,9
23.26104043,15.4789,23.42728263,17.293,10,,16.72133,9
23.27754283,17.1045,23.44425653,16.7774,10,,16.72165,8
23.29406083,16.2005,23.46122523,19.5817,10,,16.72122,7
23.31072873,16.2419,23.47772453,15.3793,10,,16.72082,9
23.32724263,17.3157,23.49426443,14.9037,10,,16.72131,9
23.34400953,15.9408,23.51076813,16.6025,10,,16.72067,9
23.36052793,16.9903,23.52729073,16.4962,10,,16.72089,9
23.37703073,16.0786,23.54381142,17.1249,10,,16.72036,9
23.39352583,17.1047,23.56034772,16.0507,10,,16.72068,9
23.46122523,55.8414,23.57731282,17.7322,10,,16.75272,9
23.46122523,2.4443,23.59381873,15.5492,7,,16.74101,9
23.46122523,1.3352,23.61034603,16.3812,8,,16.72841,9
23.46122523,7.4085,23.62747553,17.3644,9,,16.7208,9
23.47772453,17.1421,23.64446803,17.1912,10,,16.72114,9
23.49426443,16.7715,23.66145293,17.4063,10,,16.72118,8
23.51076813,16.7831,23.67853743,20.1397,10,,16.72123,7
23.52729073,15.596,23.69551243,14.0084,10,,16.72032,9
23.54381142,17.5361,23.71249593,17.0375,10,,16.72098,8
23.56034772,15.981,23.72947353,19.4591,10,,16.72038,7
23.57731282,16.3589,23.74597453,13.5391,10,,16.72009,9
23.59381873,16.9112,23.76248083,16.7215,10,,16.72024,9
23.61034603,17.8889,23.77961333,16.3628,10,,16.72119,9
23.67853743,54.8546,23.79659223,17.3727,10,,16.75209,9
23.67853743,3.3913,23.81353573,15.9034,7,,16.74127,8
23.67853743,1.9458,23.83235223,22.8154,8,,16.7293,7
23.72947353,46.7981,23.84897253,14.1169,9,,16.75361,9
23.72947353,1.7675,23.86551313,16.6855,7,,16.7415,9
23.72947353,1.8273,23.88203793,17.7835,8,,16.72947,9
23.72947353,6.0705,23.89856813,16.2647,9,,16.72087,9
23.74597453,16.1748,23.91510633,16.6352,10,,16.72043,9
23.76248083,18.0049,23.93164643,14.872,10,,16.72147,9
23.83235223,58.3159,23.94820063,15.527,10,,16.75493,9
23.83235223,1.7143,23.96518123,19.6918,7,,16.74284,9
23.83235223,2.1901,23.98170573,14.9097,8,,16.73115,9
23.83235223,2.001,23.99824293,16.6812,9,,16.71933,9
23.84897253,18.6185,24.01477733,16.7385,10,,16.72085,9
23.86551313,15.132,24.03129903,14.8719,10,,16.71958,9
23.88203793,18.0155,24.04783233,18.0069,10,,16.72062,9
23.89856813,15.8893,24.06436743,16.4444,10,,16.71995,9
23.91510633,15.6777,24.08087063,16.7998,10,,16.71912,9
23.93164643,17.9812,24.09737463,16.2657,10,,16.72013,9
23.96518123,26.2339,24.11486533,16.0051,10,,16.72772,9
23.96518123,7.1217,24.13140653,17.8219,9,,16.72006,9
23.98170573,17.0527,24.14794093,16.4994,10,,16.72032,9
23.99824293,15.6954,24.16447713,16.131,10,,16.71951,9
24.01477733,17.1704,24.18102043,15.9105,10,,16.71987,9
24.03129903,18.4144,24.19800573,19.5925,10,,16.72121,9
24.04783233,15.0717,24.21454423,15.3096,10,,16.7199,9
24.06436743,18.2612,24.23108753,16.8194,10,,16.72112,9
24.08087063,15.6853,24.24761473,14.7303,10,,16.7203,9
24.09737463,19.6836,24.26415003,18.131,10,,16.72265,9
24.11486533,14.9543,24.28069503,16.3807,10,,16.72125,9
24.13140653,15.5157,24.29723873,16.5118,10,,16.7203,9
24.14794093,16.6934,24.31377193,15.2991,10,,16.72028,9
24.16447713,16.5059,24.33036013,18.4368,10,,16.72011,9
24.19800573,25.0502,24.34692043,16.3356,10,,16.72668,9
24.19800573,7.7635,24.36347573,16.2993,9,,16.71961,9
24.21454423,16.4573,24.38005653,15.2035,10,,16.71941,9
24.23108753,17.5756,24.39661283,17.9067,10,,16.72008,9
24.24761473,17.2767,24.41318553,16.6182,10,,16.72052,9
24.26415003,16.6415,24.42976093,16.2481,10,,16.72046,9
24.28069503,15.3295,24.44633903,15.2807,10,,16.71936,9
24.29723873,17.5615,24.46289033,18.0366,10,,16.72002,9
24.31377193,18.1269,24.47947433,17.4345,10,,16.72113,9
24.33036013,15.0556,24.49617453,14.6484,10,,16.71982,9
24.34692043,16.9266,24.51274523,16.3647,10,,16.71998,9
24.36347573,17.2348,24.52933153,17.7271,10,,16.72039,9
24.38005653,17.2034,24.54592793,16.7257,10,,16.72077,9
24.39661283,14.9795,24.56247413,15.3357,10,,16.7194,9
24.41318553,16.5496,24.57994573,19.2006,10,,16.71927,9
24.42976093,16.142,24.59649113,16.4434,10,,16.71882,9
24.44633903,18.9041,24.61305853,16.4886,10,,16.72053,9
24.46289033,16.063,24.62964783,15.221,10,,16.72001,9
24.47947433,15.7098,24.64643933,18.0929,10,,16.71923,9
24.49617453,17.4601,24.66310653,16.723,10,,16.7198,9
24.51274523,16.3158,24.67968973,16.3812,10,,16.71949,9
24.52933153,16.7845,24.69626553,16.7154,10,,16.71954,9
24.54592793,16.1442,24.71366733,15.8682,10,,16.71909,9
24.56247413,18.7972,24.73024933,16.8653,10,,16.72071,9
24.57994573,14.155,24.74868943,21.166,10,,16.71872,9
24.59649113,17.0239,24.76528433,13.7789,10,,16.71895,9
24.61305853,16.0318,24.78185873,16.3918,10,,16.71842,9
24.62964783,18.8513,24.79845643,18.0688,10,,16.72007,9
24.64643933,15.2473,24.81506003,16.7993,10,,16.71893,9
24.66310653,17.2467,24.83159993,14.8062,10,,16.71934,9
24.67968973,15.7649,24.84818533,18.2789,10,,16.71861,9
24.69626553,18.4579,24.86475783,16.6114,10,,16.71994,9
24.71366733,16.8373,24.88134453,16.5934,10,,16.72004,9
24.74868943,24.0278,24.89790223,16.6835,10,,16.72566,9
24.74868943,8.8084,24.91449253,16.4076,9,,16.71957,9
24.76528433,16.6142,24.93105883,15.0666,10,,16.71949,9
24.78185873,16.162,24.94760413,16.4953,10,,16.71906,9
24.79845643,15.8642,24.96419033,17.9845,10,,16.71841,9
24.81506003,16.9078,24.98073443,16.6019,10,,16.71855,9
24.83159993,17.1877,24.99731893,16.6264,10,,16.71891,9
24.84818533,15.4699,25.01391053,15.2121,10,,16.71795,9
24.86475783,17.5053,25.03044973,17.9346,10,,16.71856,9
24.88134453,16.3724,25.04698403,17.139,10,,16.71829,9
24.89790223,16.4952,25.06356153,16.386,10,,16.71812,9
24.91449253,16.7746,25.08013673,17.4759,10,,16.71816,9
24.93105883,17.2999,25.09669133,15.3142,10,,16.71861,9
24.94760413,16.9972,25.11322803,16.2694,10,,16.71882,9
24.96419033,15.8349,25.12976413,15.2287,10,,16.71815,9
24.98073443,16.4825,25.14670963,19.2326,10,,16.71797,9
24.99731893,17.2172,25.16322333,15.5788,10,,16.71835,9
25.01391053,18.185,25.17971953,16.5198,10,,16.71946,9
25.03044973,14.633,25.19624883,16.4346,10,,16.71788,9
25.04698403,16.6213,25.21275173,16.773,10,,16.71781,9
25.06356153,16.2821,25.22924723,15.7392,10,,16.71748,9
25.08013673,17.113,25.24577963,15.6394,10,,16.71778,9
25.09669133,16.2117,25.26227083,16.5041,10,,16.71739,9
25.11322803,16.6941,25.27880063,17.3422,10,,16.71737,9
25.14670963,23.3672,25.29531973,16.6904,10,,16.7224,9
25.14670963,11.5318,25.31182093,17.1194,9,,16.71848,9
25.16322333,16.2688,25.32896123,16.1798,10,,16.71814,9
25.17971953,15.9263,25.34572533,16.0264,10,,16.71754,9
25.19624883,16.9523,25.36250423,16.7582,10,,16.71772,9
25.21275173,16.4937,25.37901893,17.3245,10,,16.71755,9
25.22924723,17.0198,25.39552573,17.3551,10,,16.71778,9
25.24577963,17.137,25.41203453,15.7712,10,,16.71809,9
25.26227083,16.1213,25.42854763,17.7463,10,,16.71765,9
25.27880063,16.8044,25.44505443,15.6312,10,,16.71771,9
25.29531973,15.9523,25.46225283,17.0248,10,,16.71714,9
25.32896123,19.1432,25.47942773,17.033,10,,16.71895,9
25.32896123,15.6473,25.49602413,16.6948,9,,16.71815,9
25.34572533,16.7652,25.51253223,16.3302,10,,16.71819,9
25.36250423,16.5459,25.52916403,16.6279,10,,16.71806,9
25.37901893,15.5693,25.54596433,16.8584,10,,16.7172,9
25.39552573,16.9195,25.56250133,17.3769,10,,16.71735,9
25.41203453,15.6995,25.57903423,16.853,10,,16.71659,9
25.42854763,16.8482,25.59552693,15.7545,10,,16.71669,9
25.44505443,17.4599,25.61201663,16.8023,10,,16.71725,9
25.46225283,17.3534,25.62852813,16.8269,10,,16.71772,9
25.47942773,15.4513,25.64539843,16.395,10,,16.71678,9
25.49602413,17.2225,25.66211373,16.4181,10,,16.71715,9
25.51253223,17.5936,25.67869002,16.6504,10,,16.7178,9
25.52916403,16.1488,25.69531822,16.8682,10,,16.71738,9
25.54596433,16.7373,25.71226383,16.9373,10,,16.7174,9
25.56250133,16.8647,25.72878283,16.3671,10,,16.7175,9
25.57903423,16.404,25.74529443,16.6592,10,,16.71727,9
25.59552693,16.2991,25.76205233,16.5768,10,,16.71696,9
25.61201663,16.5432,25.77854733,17.0407,10,,16.71684,9
25.62852813,17.2637,25.79575583,17.0542,10,,16.71724,9
25.64539843,16.6981,25.81274633,17.9825,10,,16.71722,9
25.66211373,16.5607,25.82970213,17.4006,10,,16.71711,9
25.67869002,16.6648,25.84699513,15.2026,10,,16.71707,9
25.69531822,16.951,25.86349283,16.5158,10,,16.71724,9
25.71226383,16.1224,25.87998953,16.5803,10,,16.7168,9
25.72878283,16.736,25.89649273,16.29,10,,16.71682,9
25.74529443,16.9238,25.91299833,16.5983,10,,16.71697,9
25.76205233,16.3846,25.93018773,16.9066,10,,16.71673,9
25.77854733,17.4406,25.94716213,18.2718,10,,16.71726,9
25.81274633,19.4422,25.96413293,14.9621,10,,16.71926,8
25.82970213,18.4195,25.98216923,21.5725,9,,16.7205,7
25.82970213,13.3024,25.99867403,14.1,9,,16.718,9
25.84699513,14.7664,26.01521723,16.6815,10,,16.71657,9
25.86349283,17.6391,26.03172653,16.5409,10,,16.71725,9
25.87998953,16.6683,26.04823963,16.2631,10,,16.71721,9
25.89649273,16.5848,26.06476543,16.636,10,,16.71711,9
25.91299833,17.5772,26.08131203,16.5834,10,,16.71774,9
25.98216923,54.9566,26.09784463,16.436,10,,16.74561,9
25.98216923,2.357,26.11434543,16.3553,7,,16.73513,9
25.98216923,1.8801,26.13084563,16.6893,8,,16.72432,9
25.98216923,5.4713,26.14733863,16.2863,9,,16.71614,9
25.99867403,16.8234,26.16383403,16.3436,10,,16.71622,9
26.01521723,17.0991,26.18034323,16.641,10,,16.71649,9
26.03172653,17.4443,26.19683833,16.6112,10,,16.71702,9
26.04823963,16.2337,26.21337263,16.6567,10,,16.71667,9
26.06476543,16.858,26.22987353,16.1495,10,,16.71677,9
26.08131203,16.3168,26.24669693,16.8784,10,,16.71648,9
26.09784463,17.0668,26.26366433,17.1496,10,,16.71674,9
26.11434543,16.3311,26.28064373,17.6952,10,,16.71646,8
26.13084563,16.7923,26.29774963,19.3087,10,,16.71651,7
26.14733863,16.9823,26.31473693,15.877,10,,16.71671,9
26.16383403,16.5138,26.33126263,15.1564,10,,16.71656,9
26.18034323,16.3795,26.34776133,16.7675,10,,16.71631,9
26.19683833,16.7991,26.36425813,16.5094,10,,16.71638,9
26.21337263,17.0081,26.38078313,16.2325,10,,16.71659,9
26.22987353,17.0996,26.39732543,16.496,10,,16.71686,9
26.29774963,56.0438,26.41383323,16.465,10,,16.74513,9
26.29774963,1.7331,26.43050583,16.5132,7,,16.73435,9
26.29774963,2.193,26.44710663,16.2503,8,,16.72391,9
26.31473693,13.6094,26.46361053,16.7143,9,,16.72168,9
26.31473693,9.412,26.48010663,16.512,9,,16.71643,9
26.33126263,16.2343,26.49659963,16.3084,10,,16.71609,9
26.34776133,15.5113,26.51311673,16.6966,10,,16.71523,9
26.36425813,17.0703,26.52962243,16.1644,10,,16.71548,9
26.38078313,16.9551,26.54612323,16.7572,10,,16.71565,9
26.39732543,17.2315,26.56295983,16.5328,10,,16.71602,9
26.41383323,17.0322,26.57995633,17.2312,10,,16.71625,9
26.43050583,16.3746,26.59645253,16.4706,10,,16.716,9
26.44710663,16.3125,26.61326043,16.7998,10,,16.71572,9
26.46361053,16.8941,26.62985523,16.8017,10,,16.71584,9
26.48010663,16.1116,26.64673063,17.121,10,,16.71541,9
26.49659963,17.2786,26.66366143,16.8547,10,,16.71581,9
26.51311673,16.1192,26.68070713,16.9831,10,,16.71539,9
26.52962243,17.0636,26.69774393,16.9288,10,,16.71564,8
26.54612323,16.5337,26.71475593,21.0296,10,,16.71551,7
26.56295983,16.6852,26.73134263,12.8282,10,,16.71549,9
26.57995633,16.3287,26.74791493,16.7722,10,,16.71521,9
26.59645253,16.8257,26.76449023,16.4854,10,,16.71529,9
26.61326043,17.557,26.78102213,16.2537,10,,16.71589,9
26.62985523,16.8728,26.79755753,15.4249,10,,16.716,9
26.64673063,16.1819,26.81411433,17.4083,10,,16.71562,9
26.71475593,56.1069,26.83113763,17.452,10,,16.74344,9
26.71475593,2.8304,26.84816763,16.7985,7,,16.73362,8
26.71475593,2.8178,26.86512683,20.0161,8,,16.7238,7
26.71475593,5.3374,26.88162523,12.2465,9,,16.71578,9
26.73134263,17.1267,26.89819093,18.3812,10,,16.71607,9
26.74791493,15.3929,26.91473403,16.0755,10,,16.71514,9
26.76449023,16.9715,26.93135043,16.3404,10,,16.71532,9
26.78102213,16.4124,26.94791403,16.5981,10,,16.71511,9
26.79755753,17.8741,26.96444733,16.6114,10,,16.71592,9
26.86512683,54.5674,26.98114293,16.886,10,,16.74248,9
26.86512683,2.1141,26.99769353,16.1745,7,,16.73223,9
26.86512683,2.5011,27.01425473,17.4132,8,,16.72225,9
26.86512683,6.1033,27.03101363,14.9927,9,,16.71482,9
26.88162523,17.643,27.04793793,17.8277,10,,16.71547,9
26.89819093,15.9282,27.06446713,16.7107,10,,16.71491,9
26.91473403,18.196,27.08102323,16.8692,10,,16.71595,9
26.93135043,15.6551,27.09756583,15.0667,10,,16.71521,9
26.94791403,16.7506,27.11416173,17.9241,10,,16.71523,9
26.96444733,17.8344,27.13066663,16.315,10,,16.71601,9
26.98114293,15.571,27.14726083,16.651,10,,16.71522,9
26.99769353,17.1604,27.16433263,16.2381,10,,16.71553,9
27.01425473,16.2515,27.18108553,16.5432,10,,16.7152,9
27.03101363,17.9014,27.19787533,18.4228,10,,16.71603,9
27.04793793,15.8047,27.21443813,16.534,10,,16.71539,9
27.06446713,16.3789,27.23101793,16.2158,10,,16.71516,9
27.08102323,15.6679,27.24755903,15.2563,10,,16.71444,9
27.09756583,18.1951,27.26413513,17.7378,10,,16.71546,9
27.11416173,15.6031,27.28070623,16.2523,10,,16.71469,9
27.13066663,17.3081,27.29724533,16.6169,10,,16.7151,9
27.14726083,16.5568,27.31421453,16.2041,10,,16.71499,9
27.16433263,17.4524,27.33124043,17.0391,10,,16.7155,9
27.18108553,16.9105,27.34957663,20.124,10,,16.71564,8
27.19787533,15.2187,27.36658783,18.2548,10,,16.7146,7
27.21443813,17.2513,27.38358913,15.5693,10,,16.71497,8
27.23101793,15.9102,27.40163883,19.6338,10,,16.71442,7
27.24755903,17.4483,27.41818463,14.1364,10,,16.71492,9
27.26413513,16.4968,27.43468533,15.4132,10,,16.71477,9
27.28070623,17.0936,27.45121823,17.7874,10,,16.71503,9
27.29724533,15.8996,27.46779683,16.414,10,,16.71447,9
27.36658783,57.0661,27.48428833,16.9984,10,,16.74221,9
27.36658783,3.2523,27.50079703,16.0944,7,,16.73294,9
27.40163883,28.4954,27.51729913,15.3176,8,,16.74101,9
27.40163883,4.4939,27.53383443,16.5269,7,,16.73261,9
27.40163883,1.4357,27.55035313,17.7067,8,,16.72213,9
27.40163883,5.3771,27.56687103,16.5044,9,,16.71436,9
27.41818463,17.005,27.58439413,16.3181,10,,16.71456,9
27.43468533,17.0323,27.60093443,17.8672,10,,16.71478,9
27.45121823,16.1087,27.61791803,15.7995,10,,16.71436,9
27.46779683,19.3887,27.63602183,19.0111,10,,16.71619,8
27.48428833,14.2681,27.65374373,19.4178,10,,16.71452,7
27.50079703,16.4695,27.67088043,15.7026,10,,16.71435,9
27.51729913,16.8212,27.68749033,16.6991,10,,16.71442,9
27.53383443,16.691,27.70428563,15.5459,10,,16.71441,9
27.55035313,15.9991,27.72094823,18.0874,10,,16.71392,9
27.56687103,16.3116,27.73757863,17.0496,10,,16.71365,9
27.58439413,18.3615,27.75444153,16.6118,10,,16.71477,9
27.63602183,56.2248,27.77108243,15.0278,10,,16.74161,9
27.65374373,2.5375,27.78774783,18.456,8,,16.73196,9
27.65374373,1.4166,27.80440373,16.5543,8,,16.72157,9
27.65374373,5.8085,27.82100773,16.4611,9,,16.71418,9
27.67088043,16.7138,27.83757543,16.4747,10,,16.71418,9
27.68749033,15.5994,27.85413403,15.2234,10,,16.71342,9
27.70428563,18.905,27.87091173,16.5637,10,,16.7149,9
27.72094823,14.9657,27.88746413,18.4498,10,,16.71372,9
27.73757863,18.7255,27.90401503,16.3255,10,,16.71508,9
27.75444153,15.1972,27.92054693,16.4951,10,,16.71405,9
27.77108243,18.0626,27.93708223,14.9075,10,,16.71497,9
27.78774783,14.1006,27.95363173,16.567,10,,16.7132,9
27.80440373,18.555,27.97021163,18.2017,10,,16.71444,9
27.82100773,14.7477,27.98676023,16.4401,10,,16.71312,9
27.83757543,17.4774,28.00330443,16.6459,10,,16.71363,9
27.85413403,17.9044,28.01983453,14.8485,10,,16.71443,9
27.87091173,16.1748,28.03639273,16.808,10,,16.71407,9
27.88746413,15.4746,28.05482803,21.7391,10,,16.71324,9
27.90401503,16.5872,28.07139023,13.2029,10,,16.71315,10
27.92054693,16.5207,28.08838763,21.0342,10,,16.71302,9
27.93708223,17.4866,28.10492703,12.7537,10,,16.71354,10
27.95363173,17.0515,28.12193694,20.505,10,,16.71377,9
27.97021163,17.0447,28.13847194,12.7542,10,,16.71399,10
27.98676023,16.7934,28.15502494,16.5288,10,,16.71404,9
28.00330443,16.3949,28.17157344,18.2827,10,,16.71383,9
28.01983453,16.5665,28.18811393,16.3617,10,,16.71373,9
28.05482803,28.0353,28.20465843,16.5933,10,,16.72129,9
28.05482803,4.2714,28.22119524,14.8935,9,,16.71298,9
28.08838763,29.3834,28.23775933,19.3887,10,,16.72143,9
28.08838763,5.031,28.25649533,17.9844,9,,16.71364,9
28.12193694,28.9357,28.27369243,15.3149,10,,16.72178,8
28.12193694,3.4575,28.29044883,18.9105,9,,16.71296,7
28.13847194,17.3007,28.30742263,14.9889,10,,16.71335,9
28.15502494,17.3372,28.32397833,19.0109,10,,16.71376,8
28.17157344,17.4858,28.34052033,14.9908,10,,16.71427,10
28.18811393,21.2231,28.35706243,16.7021,10,,16.71727,10
28.20465843,8.4503,28.37405783,15.8323,10,,16.71178,9
28.22119524,18.2784,28.39172883,19.1341,10,,16.71282,8
28.27369243,54.3592,28.40852334,17.9253,10,,16.73775,7
28.27369243,1.8532,28.42570194,15.239,8,,16.7279,10
28.27369243,1.1993,28.44294854,17.4105,9,,16.71763,10
28.30742263,28.1768,28.45986564,17.8028,10,,16.72521,10
28.30742263,1.7288,28.47650244,15.6472,9,,16.7153,10
28.32397833,11.6781,28.49331554,16.9105,10,,16.71198,10
28.34052033,16.5636,28.51023944,17.4375,10,,16.71188,10
28.39172883,56.8131,28.52955054,17.2686,10,,16.73831,10
