Interval,Timer
16.4957,5.001510000007693
16.5564,5.018220000007656
16.6347,5.034890000007581
16.5689,5.051590000007767
16.5849,5.068290000007954
16.7393,5.085000000007916
16.6502,5.10169000000786
16.6579,5.118400000007823
16.8244,5.135070000007748
16.5582,5.151740000007674
16.5343,5.168420000007842
16.801,5.185100000008009
17.1048,5.201800000008196
16.3021,5.218460000008345
16.6825,5.235120000008494
16.6996,5.251760000008624
16.7293,5.268430000008549
16.7257,5.285080000008456
16.5996,5.301770000008401
16.7488,5.318450000008569
16.7516,5.335100000008475
16.57,5.351750000008382
16.6744,5.368420000008308
16.7011,5.385100000008475
16.3498,5.401780000008642
16.817,5.418480000008829
16.7441,5.435160000008997
16.8599,5.451840000009164
16.7216,5.46851000000909
16.629,5.485230000009294
16.6047,5.501910000009462
16.5639,5.518580000009388
16.8571,5.535280000009574
16.6544,5.5519500000095
16.7016,5.568660000009462
16.6407,5.585320000009611
16.6061,5.602020000009798
16.6352,5.618690000009723
16.7501,5.635380000009667
16.5846,5.652020000009798
16.7567,5.668700000009965
16.7233,5.685390000009909
16.6223,5.702060000009835
16.7115,5.718770000009798
16.5862,5.735420000009705
16.3384,5.752130000009667
16.7247,5.768810000009835
16.4664,5.785490000010002
16.6017,5.802160000009928
16.7424,5.818850000009872
16.7302,5.835530000010039
17.3984,5.852230000010226
16.2503,5.868890000010375
17.0698,5.8855600000103
16.2879,5.902240000010468
17.5171,5.918930000010413
16.5571,5.935620000010356
16.0123,5.952310000010301
16.6417,5.9690000000102446
17.3108,5.98567000001017
16.5556,6.002370000010356
16.2626,6.019030000010505
16.4927,6.035710000010673
17.1107,6.052410000010859
16.7419,6.069130000011064
16.3142,6.085770000011195
17.06,6.102450000011362
16.7024,6.119160000011325
16.207,6.13583000001125
16.9807,6.152550000011456
16.2815,6.169240000011399
17.0367,6.185920000011567
16.3651,6.2026300000115295
16.7781,6.219300000011455
16.3812,6.235940000011586
16.8889,6.252610000011512
16.7543,6.269280000011436
16.7321,6.285930000011343
16.1695,6.302610000011511
18.2098,6.319250000011642
15.3237,6.335910000011791
16.7845,6.352580000011716
16.6773,6.369230000011623
16.8669,6.38588000001153
16.525,6.402560000011698
16.7279,6.419250000011641
16.2145,6.43591000001179
17.456,6.452580000011716
16.2148,6.469280000011902
17.1654,6.485950000011828
16.2255,6.502640000011772
17.1451,6.519330000011716
16.6196,6.53602000001166
16.6474,6.552700000011828
17.1075,6.569370000011753
15.7894,6.586040000011679
16.5699,6.602710000011604
16.3286,6.619400000011549
17.2308,6.636060000011698
16.1566,6.652780000011902
16.7057,6.669450000011828
17.5298,6.686120000011753
15.7386,6.702800000011921
17.436,6.719480000012089
16.1415,6.73621000001207
16.4085,6.752890000012237
16.7206,6.769570000012405
16.5894,6.78626000001235
16.7555,6.802960000012535
17.058,6.819600000012666
16.3703,6.83629000001261
16.5512,6.852980000012554
16.7803,6.869680000012741
16.7762,6.886370000012684
16.6635,6.903000000012573
16.5754,6.919720000012778
16.9752,6.936440000012983
16.3167,6.9531100000129085
16.5623,6.969790000013076
17.691,6.986500000013039
15.9739,7.003160000013188
16.6749,7.019830000013113
16.6781,7.03648000001302
16.6342,7.053150000012946
16.9711,7.069860000012908
16.571,7.086510000012815
16.9273,7.103190000012983
16.5399,7.119890000013169
17.0372,7.136560000013095
16.6123,7.153240000013262
16.8089,7.169910000013188
16.7333,7.186630000013392
16.3637,7.203330000013579
16.62,7.220010000013747
16.5533,7.236670000013896
17.1641,7.253340000013821
17.1446,7.269980000013951
16.5645,7.286660000014119
16.4314,7.303320000014268
16.7137,7.319980000014417
16.5846,7.336660000014584
16.7741,7.353300000014715
16.9609,7.369990000014659
16.4285,7.386680000014604
16.8204,7.403350000014528
16.5299,7.420070000014734
16.4269,7.436740000014659
16.8174,7.453430000014603
16.7249,7.470150000014808
16.7508,7.486830000014976
16.6503,7.503540000014938
16.6556,7.520220000015106
16.6882,7.53691000001505
16.4472,7.553590000015218
16.8689,7.5702800000151615
16.714,7.586920000015292
16.5293,7.603630000015255
16.6523,7.62030000001518
16.6772,7.636950000015087
16.4648,7.653620000015013
17.3186,7.670280000015162
16.6866,7.68696000001533
16.8207,7.70360000001546
16.6378,7.720290000015404
16.576,7.73696000001533
16.8612,7.753660000015516
16.6844,7.770320000015665
16.8821,7.786970000015572
16.5098,7.803680000015534
16.5121,7.820370000015479
16.6545,7.837040000015404
16.867,7.853750000015367
16.001,7.870420000015292
15.3439,7.887070000015199
16.9772,7.903780000015162
16.3791,7.920440000015311
17.054,7.937140000015497
16.2989,7.953820000015665
16.7954,7.970500000015832
17.1171,7.987170000015758
16.2246,8.003880000015721
16.617,8.020530000015627
16.7962,8.03724000001559
16.459,8.053920000015758
16.5101,8.070580000015907
16.9718,8.08727000001585
16.7795,8.103940000015777
16.4208,8.120620000015943
16.5249,8.137260000016074
16.9999,8.15396000001626
16.4849,8.170610000016168
16.8889,8.187310000016353
16.4834,8.203970000016502
16.7221,8.22065000001667
16.8196,8.237320000016597
16.8194,8.254020000016782
16.3837,8.27070000001695
16.4392,8.287370000016876
17.1112,8.304080000016839
16.4527,8.320730000016745
16.515,8.337410000016913
17.2173,8.354100000016857
16.5291,8.370800000017043
16.4437,8.387480000017211
16.8829,8.404160000017379
17.1459,8.420840000017547
16.3214,8.437510000017472
16.9556,8.454220000017434
16.6886,8.470910000017378
16.381,8.487600000017322
16.9163,8.504300000017508
16.6512,8.520980000017676
16.6006,8.537640000017825
16.5062,8.554330000017769
16.9555,8.571010000017937
16.6553,8.587680000017862
16.5812,8.60436000001803
17.1764,8.621020000018179
15.7377,8.637670000018087
16.8241,8.654370000018272
16.3646,8.67102000001818
17.126,8.687710000018123
16.8095,8.704390000018291
16.7215,8.721090000018478
16.3604,8.737770000018646
17.0737,8.754450000018812
16.4134,8.77113000001898
16.5522,8.787810000019148
16.9661,8.804510000019334
16.7574,8.821200000019278
16.006,8.837880000019446
16.6376,8.854510000019335
17.1885,8.871220000019298
17.0459,8.887890000019222
16.461,8.904580000019166
17.4489,8.921230000019074
16.2678,8.937910000019242
16.7145,8.954580000019167
16.9433,8.971250000019092
16.0224,8.987900000019
16.1583,9.004610000018962
16.424,9.02129000001913
16.6541,9.037940000019036
17.0127,9.054620000019204
16.8101,9.071330000019168
16.7408,9.088050000019372
16.5669,9.104760000019334
16.3724,9.121440000019502
17.4782,9.138110000019427
16.7812,9.154810000019614
16.6377,9.171470000019765
16.432,9.188150000019933
16.7539,9.204830000020095
17.1309,9.221490000020246
16.3499,9.238130000020377
16.4061,9.254770000020509
17.0781,9.271450000020677
16.4445,9.28814000002062
16.6386,9.304820000020786
16.8409,9.321480000020935
16.6345,9.338160000021103
16.9764,9.354870000021066
16.2419,9.371540000020993
16.5758,9.38822000002116
16.8402,9.404910000021104
16.7664,9.421600000021048
16.4432,9.438240000021178
17.2951,9.454910000021105
17.0618,9.47161000002129
16.4941,9.488300000021232
16.7302,9.50500000002142
17.1132,9.521650000021328
16.0477,9.538330000021494
16.4533,9.555010000021662
16.7474,9.571670000021811
17.0459,9.588380000021774
16.739,9.605090000021738
16.3474,9.621770000021904
16.6088,9.638420000021812
16.9513,9.65510000002198
16.5435,9.671750000021886
16.3193,9.688460000021848
15.7709,9.705140000022016
16.8913,9.721840000022205
16.6276,9.738550000022164
16.9576,9.755200000022072
16.1942,9.77186000002222
17.3844,9.788570000022183
16.6896,9.80527000002237
16.4845,9.821940000022297
16.5648,9.838620000022464
16.8814,9.85530000002263
17.021,9.871990000022576
16.9861,9.88868000002252
15.4576,9.905340000022669
17.2768,9.922050000022631
16.56,9.9387300000228
16.5262,9.955390000022948
17.5119,9.972080000022892
17.0934,9.988800000023096
15.332,10.005500000023282
16.4127,10.022160000023431
16.5956,10.038830000023358
16.7687,10.055480000023264
16.8778,10.072180000023453
16.8224,10.088850000023376
16.5086,10.105520000023304
16.3246,10.122190000023227
16.7813,10.138830000023358
16.7382,10.155470000023488
16.6367,10.172140000023411
16.9817,10.188830000023357
16.7509,10.20554000002332
16.5383,10.222240000023506
16.6315,10.238910000023433
16.5505,10.25556000002334
17.1448,10.272280000023544
16.2353,10.288960000023712
17.0832,10.305680000023916
16.3707,10.322350000023842
16.5486,10.33903000002401
16.7749,10.355690000024158
16.6453,10.372340000024066
16.7929,10.38901000002399
16.7424,10.405680000023915
16.4765,10.422360000024083
17.1899,10.43903000002401
16.3531,10.455710000024178
16.8031,10.472390000024344
17.2415,10.48911000002455
16.3176,10.505780000024474
17.2265,10.52249000002444
16.3333,10.539160000024363
17.108,10.55586000002455
16.4192,10.572530000024477
17.0795,10.589240000024438
16.7029,10.605920000024604
16.6651,10.622630000024568
15.4797,10.639280000024476
16.6766,10.655930000024382
16.629,10.67261000002455
16.8917,10.689290000024718
16.6005,10.705990000024904
16.6137,10.72264000002481
16.4986,10.739320000024978
16.8942,10.755970000024885
16.5214,10.772610000025017
16.9515,10.789290000025185
16.4191,10.80597000002535
17.1213,10.822670000025536
16.2998,10.83936000002548
16.7283,10.856010000025387
17.2421,10.872700000025333
16.2939,10.889370000025258
16.8703,10.906070000025444
16.5719,10.922750000025612
16.9253,10.939470000025816
15.9415,10.956110000025946
16.9268,10.972780000025873
17.7159,10.989470000025817
15.4171,11.00614000002574
17.1042,11.022850000025704
16.2615,11.039510000025851
17.0649,11.056230000026058
16.5278,11.072930000026243
16.7713,11.08963000002643
16.3492,11.106280000026338
16.6037,11.122970000026282
16.8003,11.139660000026224
17.0155,11.156340000026391
16.398,11.17302000002656
16.8379,11.189670000026467
16.3971,11.206340000026394
16.7073,11.222980000026524
16.897,11.239610000026412
16.9049,11.25629000002658
16.479,11.272970000026747
16.6173,11.289650000026915
16.9602,11.30634000002686
16.5494,11.32298000002699
16.8864,11.339690000026952
16.719,11.35637000002712
16.5612,11.373060000027063
16.4771,11.389750000027009
16.9668,11.406460000026971
16.6431,11.42314000002714
16.4782,11.439810000027064
16.5481,11.456490000027232
16.6623,11.47315000002738
17.1813,11.489860000027344
16.57,11.506540000027512
16.5433,11.52322000002768
16.6778,11.539890000027604
16.441,11.55656000002753
16.8132,11.573220000027678
16.7685,11.589900000027846
16.6349,11.60659000002779
17.2997,11.623290000027977
16.4165,11.63998000002792
16.5581,11.656630000027828
17.0246,11.673300000027751
16.5408,11.68998000002792
16.5126,11.706660000028087
16.7773,11.723350000028033
16.7958,11.7400300000282
16.8946,11.756720000028144
16.4593,11.773410000028088
17.1225,11.790070000028235
16.7167,11.806760000028182
16.2839,11.823430000028107
16.7245,11.840110000028275
16.5294,11.85680000002822
16.5612,11.873480000028389
16.9179,11.89017000002833
17.0215,11.906850000028498
16.3381,11.923500000028405
16.6209,11.94019000002835
16.4189,11.956890000028537
16.6526,11.973540000028445
16.1823,11.990260000028648
17.4913,12.006920000028796
15.5126,12.023590000028722
16.9403,12.040310000028926
16.1667,12.056970000029075
16.9376,12.073650000029245
16.6473,12.090330000029413
16.9094,12.10701000002958
16.6658,12.123670000029728
16.5178,12.140360000029672
16.6373,12.157000000029802
16.9481,12.173720000030007
16.5928,12.190410000029951
16.7515,12.20705000003008
16.8461,12.223740000030023
16.2216,12.240410000029952
16.9126,12.257120000029914
16.5057,12.273780000030063
16.8049,12.29048000003025
16.6266,12.307160000030416
16.492,12.323850000030362
16.8441,12.34051000003051
16.4843,12.35717000003066
17.0914,12.373890000030864
16.7816,12.390580000030807
16.7695,12.407300000031013
16.5599,12.423940000031145
16.8174,12.440630000031089
16.7445,12.457290000031236
17.0233,12.473990000031424
16.9159,12.490700000031383
16.3811,12.507360000031534
16.5762,12.524040000031702
17.016,12.540710000031629
16.5434,12.557390000031797
16.3483,12.574030000031923
17.0994,12.59075000003213
16.505,12.6074300000323
16.6566,12.624100000032223
16.2144,12.64080000003241
16.7561,12.657490000032354
16.3474,12.674170000032522
16.8115,12.690880000032484
16.6283,12.707560000032652
16.4482,12.724230000032575
16.6823,12.740910000032745
16.5513,12.757550000032875
16.704,12.774210000033024
16.913,12.790920000032989
16.6412,12.807570000032896
17.6723,12.82424000003282
16.3514,12.840920000032988
16.7556,12.857570000032894
16.9783,12.87424000003282
16.3454,12.890920000032988
16.5326,12.907600000033154
16.8207,12.9242900000331
16.6404,12.940970000033268
17.051,12.957640000033193
16.2758,12.974310000033118
17.1152,12.990960000033024
17.3112,13.00763000003295
16.438,13.024340000032913
14.9998,13.04102000003308
17.1596,13.057720000033267
16.2308,13.074400000033435
16.966,13.09107000003336
16.7883,13.107780000033324
16.238,13.124440000033472
17.0448,13.141160000033675
16.5474,13.15787000003364
16.5069,13.174550000033808
17.0144,13.191230000033976
16.8465,13.207890000034125
16.8018,13.22456000003405
17.1894,13.241240000034216
17.0807,13.25795000003418
16.6447,13.274600000034086
16.7259,13.291300000034273
16.229,13.30793000003416
16.784,13.324570000034292
16.5958,13.341260000034236
17.1813,13.35795000003418
16.2494,13.374630000034347
17.1179,13.391320000034291
16.972,13.408020000034478
16.2168,13.424670000034384
16.4487,13.44134000003431
16.7414,13.45800000003446
16.577,13.474680000034626
17.0904,13.491400000034831
16.8963,13.508110000034794
16.4511,13.524790000034962
16.5679,13.541490000035148
16.5863,13.558140000035054
16.4288,13.574790000034962
17.1234,13.591480000034906
16.6284,13.60817000003485
16.6032,13.624850000035018
16.4139,13.641530000035186
16.664,13.658170000035316
16.7392,13.674800000035203
16.6285,13.691430000035092
17.0229,13.708100000035015
16.6348,13.724800000035204
15.6579,13.741530000035183
16.0983,13.758210000035351
16.8992,13.77491000003554
16.5544,13.791590000035708
16.8931,13.808310000035911
16.6399,13.825000000035857
16.5434,13.8416900000358
16.5541,13.858390000035984
16.5925,13.875060000035912
16.9815,13.891730000035835
16.4862,13.908390000035986
16.9534,13.925060000035913
16.7394,13.94172000003606
16.6937,13.958390000035989
17.0017,13.975060000035912
16.5839,13.99174000003608
17.5672,14.008450000036042
16.162,14.025110000036191
15.953,14.041780000036116
16.8314,14.058440000036263
16.3091,14.075100000036414
16.8188,14.091790000036358
16.5196,14.108470000036526
17.0204,14.125160000036471
16.6932,14.141830000036396
16.5923,14.15852000003634
16.7788,14.175210000036284
16.3107,14.191890000036452
16.9055,14.208600000036414
17.1182,14.2253000000366
16.1134,14.241980000036769
16.7187,14.258650000036694
16.9592,14.2753700000369
16.6474,14.292040000036824
16.9544,14.308720000036992
16.7289,14.3253700000369
16.4578,14.34201000003703
16.6216,14.358700000036974
16.8906,14.375380000037142
16.572,14.392050000037068
16.9258,14.408750000037251
16.6914,14.425460000037216
16.3903,14.442090000037105
16.8822,14.458800000037067
16.4659,14.475460000037216
17.0589,14.49218000003742
16.3423,14.508860000037588
17.0344,14.525560000037776
16.5213,14.542240000037944
16.2498,14.558910000037868
17.0715,14.575610000038054
16.7467,14.592270000038203
17.0486,14.608980000038166
16.5398,14.625630000038072
15.6944,14.64231000003824
16.6838,14.658960000038148
16.8518,14.675640000038314
16.9549,14.69231000003824
16.1747,14.708960000038148
17.1076,14.725660000038332
16.4292,14.742300000038464
16.8274,14.758970000038389
16.5991,14.775620000038296
16.6539,14.79231000003824
16.8439,14.809000000038184
16.4549,14.82567000003811
17.0285,14.842370000038295
16.4608,14.859030000038445
16.4737,14.875710000038612
17.0078,14.892400000038556
17.0319,14.909080000038724
16.5211,14.92578000003891
16.1537,14.942470000038854
17.029,14.959180000038817
16.7617,14.97589000003878
16.7565,14.992580000038725
16.6114,15.00925000003865
17.1883,15.025970000038855
15.7918,15.0426600000388
17.2687,15.059350000038744
16.2524,15.07605000003893
16.6091,15.092700000038835
16.4911,15.109370000038762
16.6106,15.12600000003865
16.9227,15.14263000003854
16.6763,15.1593400000385
16.8151,15.176030000038445
16.4372,15.192670000038577
16.8553,15.209370000038762
16.7278,15.22603000003891
16.502,15.242680000038815
16.6968,15.25939000003878
16.6826,15.276100000038744
16.591,15.292790000038687
16.6102,15.309480000038633
16.7267,15.32612000003876
17.7101,15.342790000038686
16.6549,15.359490000038871
16.5219,15.37614000003878
16.5622,15.392790000038689
16.6443,15.40948000003863
17.0543,15.4261600000388
16.6039,15.442830000038724
16.8114,15.459540000038688
16.2963,15.476220000038854
16.5176,15.492900000039022
16.0232,15.509560000039173
17.1173,15.52622000003932
16.2292,15.542890000039248
16.6337,15.559570000039413
16.6961,15.57624000003934
16.9332,15.592920000039507
16.7937,15.609610000039453
16.5867,15.626260000039355
17.7422,15.642980000039564
16.4395,15.65966000003973
17.8472,15.676340000039898
14.8528,15.693040000040083
16.2235,15.709720000040251
16.9197,15.726420000040438
16.7133,15.743110000040382
16.5855,15.75977000004053
16.7722,15.77642000004044
16.5178,15.793100000040608
17.6501,15.809750000040513
16.954,15.826470000040718
17.1199,15.843190000040922
16.4805,15.859860000040849
16.4955,15.876550000040792
17.0305,15.89325000004098
16.2434,15.909920000040904
17.0886,15.92662000004109
16.2232,15.943310000041034
16.839,15.960020000040997
16.4061,15.976690000040922
16.6593,15.99334000004083
16.6605,16.009980000040958
16.9671,16.026650000040885
15.1151,16.043330000041053
16.9597,16.06000000004098
16.8406,16.076680000041147
16.1951,16.093320000041277
16.9586,16.109980000041425
16.2523,16.12663000004133
16.8392,16.1433100000415
16.6022,16.159980000041426
17.0281,16.176690000041386
16.7066,16.193390000041575
16.7179,16.210070000041743
16.5861,16.22672000004165
17.2608,16.243420000041834
16.2958,16.26014000004204
16.5484,16.276830000041983
16.8618,16.29353000004217
16.3521,16.310200000042094
16.8405,16.326880000042262
16.6335,16.343520000042393
17.0545,16.36020000004256
16.4354,16.37688000004273
17.1766,16.393590000042693
16.5125,16.41025000004284
16.745,16.426920000042767
16.196,16.443600000042935
16.9832,16.460280000043102
16.3445,16.476970000043046
16.8304,16.49369000004325
17.0127,16.510420000043233
15.8092,16.52708000004338
17.0493,16.54378000004357
17.0354,16.56045000004349
16.582,16.577170000043697
16.7441,16.593830000043848
17.193,16.61054000004381
16.3739,16.62720000004396
16.6213,16.643870000043883
16.892,16.660530000044034
16.3949,16.677170000044164
16.7102,16.693850000044332
16.6023,16.710500000044238
17.086,16.72719000004418
16.8468,16.743830000044312
16.6689,16.76051000004448
17.115,16.777180000044407
16.4221,16.79387000004435
16.5706,16.81055000004452
16.9413,16.827240000044462
16.5843,16.84392000004463
16.858,16.860620000044815
16.531,16.877320000045003
16.6912,16.894000000045168
16.4765,16.910700000045356
16.7774,16.927410000045317
16.4037,16.944060000045226
16.6788,16.96073000004515
16.7056,16.977410000045317
16.6719,16.994060000045224
16.7528,17.01074000004539
16.2749,17.027400000045542
15.6255,17.04406000004569
16.9523,17.060730000045616
16.417,17.077390000045764
16.8202,17.094030000045894
16.5027,17.110710000046062
16.9736,17.127400000046006
16.3955,17.144080000046173
16.7656,17.1607500000461
16.7379,17.177430000046268
16.9064,17.194100000046195
16.4633,17.21080000004638
16.8286,17.22746000004653
16.3071,17.244140000046695
16.748,17.260830000046642
16.9022,17.277540000046603
16.6047,17.294200000046754
17.0386,17.310910000046714
16.7412,17.32762000004668
17.2357,17.344300000046847
16.8512,17.361010000046807
16.72,17.377690000046975
16.5492,17.39438000004692
16.6096,17.411060000047087
16.7304,17.427730000047013
17.0547,17.44438000004692
16.1463,17.461060000047087
15.8704,17.477740000047255
16.6932,17.494400000047403
16.4945,17.51107000004733
16.6255,17.527720000047236
17.0342,17.544400000047403
16.3625,17.56107000004733
17.0362,17.577770000047515
16.5358,17.594470000047703
16.4777,17.611140000047627
16.7204,17.62783000004757
16.6348,17.64448000004748
16.9935,17.661180000047665
16.5539,17.67788000004785
16.7072,17.694590000047814
16.8356,17.71126000004774
16.8866,17.7279700000477
17.2512,17.744660000047645
16.3535,17.761330000047572
16.7339,17.778030000047757
16.5192,17.794700000047683
17.0461,17.81142000004789
16.3502,17.828070000047795
16.6877,17.844730000047946
17.2378,17.861410000048114
16.1968,17.878080000048037
16.9204,17.894750000047964
16.8407,17.911390000048094
16.3721,17.928070000048262
16.9482,17.944740000048185
16.9212,17.96145000004815
16.4693,17.978100000048055
16.8977,17.994780000048223
16.5738,18.01146000004839
17.0437,18.028120000048546
15.2622,18.044820000048727
16.5426,18.061490000048654
16.5445,18.0781800000486
16.6879,18.09485000004852
16.7938,18.11153000004869
16.597,18.1281800000486
16.9365,18.14485000004852
16.8806,18.161560000048485
16.5475,18.17826000004867
16.2381,18.1949300000486
16.9483,18.21162000004854
16.6809,18.22830000004871
16.4701,18.244970000048635
16.9488,18.2616800000486
16.8903,18.278380000048784
16.1526,18.29506000004895
16.8244,18.31174000004912
17.143,18.32845000004908
16.1331,18.345100000048987
16.9439,18.361800000049172
16.5893,18.3784700000491
16.4535,18.39513000004925
16.7486,18.411810000049417
17.0596,18.42850000004936
16.8442,18.445200000049542
16.4135,18.461880000049717
17.0434,18.4785800000499
16.5223,18.49523000004981
16.5321,18.511920000049752
16.8844,18.52860000004992
16.5191,18.545260000050067
16.7899,18.56197000005003
16.5483,18.57866000004997
16.5277,18.595300000050106
16.9927,18.611960000050253
16.6307,18.62864000005042
16.0968,18.64530000005057
16.8289,18.66195000005048
16.4159,18.67863000005065
16.9334,18.695290000050797
17.0246,18.71200000005076
16.3099,18.728650000050663
16.784,18.74533000005083
16.6158,18.76200000005076
16.9409,18.77868000005093
16.3909,18.79535000005085
17.2409,18.81205000005104
16.305,18.82874000005098
17.0113,18.845470000050963
16.4379,18.862170000051147
16.7462,18.878850000051315
16.5758,18.895550000051504
16.4635,18.912220000051427
16.6297,18.92891000005137
16.9602,18.945580000051297
16.4962,18.96227000005124
16.6318,18.978930000051392
16.9596,18.995600000051315
16.9105,19.012260000051462
17.0608,19.028920000051613
16.2211,19.045580000051764
16.5304,19.06224000005191
16.8163,19.07893000005185
16.6498,19.095610000052023
16.6941,19.11228000005195
16.7828,19.12896000005212
16.8501,19.145660000052303
16.243,19.16234000005247
17.3754,19.1790100000524
16.648,19.195690000052565
16.8589,19.21239000005275
16.4021,19.22909000005293
16.5962,19.24576000005286
16.7237,19.262460000053046
17.1316,19.279160000053235
16.7591,19.295840000053403
15.1733,19.31250000005355
17.1632,19.32920000005374
16.5885,19.34589000005368
16.3392,19.362560000053605
16.988,19.379200000053736
16.6707,19.395860000053887
17.0983,19.41254000005405
16.6745,19.429220000054222
17.0821,19.44591000005417
16.794,19.462620000054127
16.4003,19.479320000054315
16.5141,19.495980000054463
17.3565,19.51266000005463
16.6566,19.529370000054595
16.1101,19.546050000054763
16.5846,19.56273000005493
16.7591,19.5794100000551
16.9141,19.596090000055263
16.3861,19.61274000005517
16.9468,19.62940000005532
16.6506,19.646070000055246
16.3239,19.66275000005541
16.8215,19.679390000055545
17.7832,19.69604000005545
15.7433,19.71275000005541
16.4155,19.729420000055335
16.6482,19.746100000055502
17.2045,19.76280000005569
16.7859,19.779480000055862
16.4921,19.79614000005601
16.6836,19.81280000005616
16.8806,19.829500000056345
15.8364,19.84622000005655
16.4793,19.86293000005651
16.6445,19.879590000056663
16.7107,19.896290000056847
16.3464,19.912970000057012
17.2586,19.929630000057166
16.4557,19.94633000005735
16.2498,19.96302000005729
17.0707,19.97973000005726
17.145,19.996410000057427
15.572,20.013060000057333
17.3162,20.02971000005724
16.1582,20.04638000005717
16.9931,20.06305000005709
17.0362,20.079760000057053
16.629,20.09643000005698
16.2998,20.11308000005689
16.6506,20.12975000005681
16.7486,20.14640000005672
16.5887,20.163050000056625
17.2016,20.17975000005681
16.6302,20.196450000057
16.2877,20.213130000057166
17.4447,20.22983000005735
16.434,20.2464900000575
16.1681,20.26315000005765
17.0806,20.27987000005785
16.3211,20.296550000058023
16.898,20.31323000005819
16.4512,20.32992000005813
16.2636,20.34657000005804
17.2135,20.363240000057967
16.5959,20.37992000005813
16.7393,20.39658000005828
16.8576,20.413280000058467
16.8195,20.430000000058676
16.367,20.446640000058803
16.4918,20.46332000005897
16.9664,20.480010000058915
16.4918,20.49668000005884
16.6579,20.51336000005901
17.3926,20.530060000059198
16.6817,20.546760000059383
16.7765,20.56344000005955
17.8968,20.58013000005949
14.583,20.59679000005964
17.3482,20.61350000005961
16.3839,20.630180000059774
16.2298,20.64686000005994
17.2143,20.663580000060144
15.9223,20.68026000006031
16.8265,20.696920000060462
16.6209,20.713590000060385
16.8702,20.730270000060557
16.8408,20.746910000060684
17.0591,20.763610000060872
16.7204,20.780300000060816
16.1745,20.796970000060742
16.6851,20.81363000006089
16.9421,20.8302800000608
16.7465,20.84699000006076
16.7214,20.863680000060704
16.325,20.88035000006063
17.0929,20.897050000060812
17.2908,20.913720000060746
16.2023,20.930360000060872
15.9669,20.94701000006078
16.9165,20.963730000060984
16.3251,20.980410000061152
17.0091,20.997120000061116
16.2467,21.01377000006102
16.8633,21.03043000006117
16.4078,21.047110000061338
30.6346,21.06378000006126
8.0443,21.080470000061208
11.964,21.09719000006141
16.5805,21.1138900000616
16.5852,21.13056000006152
16.4872,21.14724000006169
16.9151,21.163920000061857
16.3606,21.180600000062025
17.5758,21.197280000062197
16.9089,21.21398000006238
16.3966,21.230650000062305
17.435,21.247350000062493
16.1986,21.26404000006244
16.3614,21.280700000062584
16.6152,21.29735000006249
17.0838,21.31406000006245
16.8128,21.330740000062622
16.3038,21.34742000006279
16.6013,21.36410000006296
15.9384,21.380760000063106
16.5266,21.397430000063032
16.9288,21.4141100000632
16.5089,21.43074000006309
17.703,21.447440000063278
16.4203,21.46412000006344
16.9738,21.48078000006359
16.4305,21.49742000006372
17.1125,21.514140000063925
16.273,21.530820000064093
16.8045,21.547530000064057
16.7111,21.56423000006424
16.7969,21.580920000064182
16.3207,21.597600000064357
17.4835,21.61427000006428
16.5112,21.630970000064465
16.3076,21.647640000064392
15.7995,21.664350000064356
16.761,21.68102000006428
17.1945,21.697700000064447
16.9717,21.71437000006437
16.3709,21.73103000006452
16.9516,21.747690000064672
16.7218,21.764390000064857
16.3682,21.781040000064763
17.1309,21.79774000006495
16.5346,21.814450000064912
16.7099,21.83113000006508
16.5496,21.847780000064983
16.7519,21.86448000006517
16.6487,21.881160000065343
16.477,21.89784000006551
17.0179,21.91452000006568
16.3828,21.931180000065822
17.0475,21.94790000006603
16.6237,21.964570000065955
16.4558,21.981230000066105
17.0589,21.997910000066277
16.8499,22.01463000006648
15.766,22.031280000066385
16.5595,22.047960000066556
16.5682,22.064660000066738
16.4414,22.081310000066644
16.9566,22.098010000066832
16.3686,22.114650000066963
17.1487,22.131340000066903
16.2504,22.148010000066837
16.6183,22.16466000006674
17.2579,22.18130000006687
16.6795,22.197990000066813
16.4961,22.21465000006696
17.8825,22.23135000006715
16.5084,22.248040000067093
16.7088,22.26470000006724
16.6371,22.28140000006743
16.6697,22.29804000006756
16.9305,22.31475000006752
16.7228,22.331450000067708
16.525,22.34813000006788
16.5132,22.364810000068044
16.6745,22.38149000006821
17.2936,22.398180000068155
16.8716,22.41488000006834
16.0731,22.431550000068267
15.0445,22.44821000006841
16.9328,22.464890000068586
16.7082,22.481540000068488
16.5546,22.49820000006864
16.933,22.514890000068583
16.5819,22.53157000006875
16.5956,22.54825000006892
17.0115,22.56492000006884
16.4618,22.58159000006877
16.9564,22.59831000006897
16.8513,22.61503000006918
16.4287,22.631730000069364
16.3724,22.64841000006953
16.6965,22.66508000006946
17.1332,22.6817700000694
16.1662,22.69844000006933
17.0496,22.715140000069518
16.5954,22.73179000006942
16.8088,22.74849000006961
16.6889,22.765170000069773
16.3408,22.781810000069903
17.1377,22.79851000007009
16.4677,22.81519000007026
16.399,22.831890000070445
17.2029,22.84857000007061
16.6763,22.86525000007078
16.8101,22.881940000070724
16.9108,22.89865000007069
16.1859,22.91529000007082
16.8667,22.93196000007074
16.3225,22.94864000007091
17.3206,22.96531000007084
16.4707,22.98201000007102
16.0587,22.99867000007117
17.526,23.01535000007134
16.0506,23.032030000071508
16.3161,23.04867000007164
16.4439,23.06531000007177
17.0276,23.082010000071957
16.5334,23.09866000007186
16.9605,23.115370000071824
16.6799,23.13203000007197
17.2401,23.14871000007214
16.255,23.165400000072083
16.5616,23.182050000071992
16.9362,23.198740000071936
16.729,23.21544000007212
16.8862,23.23214000007231
16.3199,23.248800000072457
16.621,23.2654900000724
16.7067,23.282140000072307
16.658,23.298810000072237
16.7985,23.31546000007214
16.5313,23.332130000072063
16.8268,23.348810000072238
16.668,23.36548000007216
17.1398,23.382150000072084
16.8051,23.39882000007201
16.606,23.41550000007218
16.432,23.4321700000721
17.4538,23.448890000072307
16.5419,23.465610000072516
15.2213,23.482300000072456
17.1112,23.4989900000724
16.2727,23.515670000072568
17.3561,23.53240000007255
16.5825,23.54907000007248
16.6711,23.5657400000724
16.5222,23.58242000007257
16.673,23.59910000007273
16.7336,23.615740000072865
16.9713,23.63241000007279
16.4732,23.649100000072732
16.5796,23.665770000072666
16.6494,23.68245000007283
16.9412,23.69908000007272
16.7787,23.71575000007264
16.406,23.73242000007257
16.72,23.749110000072516
16.6468,23.76579000007268
17.0532,23.782490000072865
16.3864,23.79914000007277
17.0932,23.81583000007272
16.546,23.832530000072904
16.4694,23.84921000007307
16.8676,23.86592000007304
16.3814,23.88261000007298
17.0291,23.89932000007294
17.0957,23.916000000073108
16.1222,23.93268000007328
16.6412,23.949350000073203
16.74,23.96602000007313
16.9341,23.982710000073077
16.3399,23.99939000007324
16.847,24.016060000073164
16.7642,24.03271000007307
16.2794,24.049420000073034
17.0803,24.066110000072975
16.2942,24.082810000073163
16.5592,24.09949000007333
16.7912,24.11619000007352
16.3714,24.132880000073463
17.0722,24.14956000007363
16.293,24.166230000073558
17.0756,24.18295000007376
16.3594,24.199640000073703
16.4621,24.216280000073837
16.9733,24.232940000073985
16.4791,24.24959000007389
16.6982,24.26627000007406
16.9626,24.282940000073985
16.4389,24.299620000074157
16.9892,24.31629000007408
16.5968,24.332990000074265
16.3677,24.34964000007417
17.0581,24.366330000074115
16.6332,24.3830300000743
16.8056,24.39969000007445
16.947,24.41640000007441
16.6474,24.4331000000746
17.3325,24.449800000074784
16.0721,24.466500000074973
16.504,24.48316000007512
16.6068,24.499810000075023
16.2645,24.51652000007499
16.5315,24.533170000074897
16.3887,24.549840000074823
16.7347,24.566510000074747
16.7943,24.583170000074897
16.6672,24.599830000075045
16.6599,24.616480000074954
16.6684,24.6331400000751
17.0018,24.649850000075062
16.7318,24.66655000007525
16.6796,24.683240000075195
16.3986,24.69993000007514
16.746,24.716630000075327
16.4406,24.73332000007527
17.0537,24.75003000007523
16.6358,24.76673000007542
16.528,24.783400000075343
16.7909,24.80010000007553
16.6079,24.81674000007566
16.5359,24.83340000007581
16.3881,24.85004000007594
17.2135,24.866720000076107
16.4637,24.883380000076254
16.8293,24.900060000076422
16.9362,24.91673000007635
16.6581,24.93341000007652
16.3945,24.950090000076685
16.8608,24.96674000007659
16.5477,24.98342000007676
16.7928,25.000130000076723
16.6127,25.016820000076667
17.5027,25.033490000076597
15.7727,25.05017000007676
16.7443,25.066890000076963
16.3298,25.083540000076876
16.6649,25.10020000007702
16.6653,25.116870000076947
16.8146,25.133550000077115
16.8477,25.15026000007708
16.6511,25.166930000077
17.3249,25.18359000007715
16.5869,25.20027000007732
16.81,25.216940000077244
16.8539,25.23361000007717
17.0778,25.250300000077115
15.9778,25.26698000007728
16.6237,25.283670000077223
17.2052,25.300380000077187
16.2424,25.317030000077096
17.1355,25.33373000007728
16.2732,25.35041000007745
16.8506,25.367110000077638
16.5782,25.383800000077574
17.4819,25.400480000077746
16.0119,25.41717000007769
16.4995,25.433840000077616
17.2045,25.4505400000778
16.0552,25.467200000077952
15.9598,25.48388000007812
16.853,25.500530000078022
16.4714,25.517210000078197
16.9929,25.53389000007836
16.4807,25.55056000007829
16.5756,25.567210000078195
16.7138,25.583870000078345
16.5601,25.60056000007829
17.0163,25.617240000078453
16.769,25.63394000007864
16.5446,25.65062000007881
17.1251,25.667310000078757
16.6051,25.68401000007894
16.4176,25.700680000078865
17.0364,25.71738000007905
16.4479,25.734060000079214
16.7361,25.750760000079403
16.6773,25.76745000007935
16.562,25.784100000079256
17.2811,25.800780000079424
16.6949,25.81748000007961
16.5844,25.83414000007976
16.8775,25.850830000079704
16.6454,25.867540000079664
16.458,25.88420000007981
16.6472,25.90089000007976
17.0403,25.917580000079703
16.7683,25.93426000007987
16.213,25.95094000008004
16.8143,25.967590000079944
16.6692,25.984250000080092
16.5312,26.00093000008026
16.6833,26.01758000008017
16.7462,26.0342200000803
16.8148,26.050900000080468
17.4349,26.06761000008043
16.3455,26.08426000008033
16.6702,26.100920000080485
16.9432,26.11763000008045
16.4107,26.134320000080397
16.681,26.15100000008056
16.9922,26.167690000080505
16.3931,26.184370000080676
17.2924,26.201070000080858
16.2606,26.217770000081043
16.8191,26.23444000008097
16.2218,26.251120000081137
16.0559,26.267830000081094
16.3344,26.28449000008125
16.6616,26.301160000081172
16.7329,26.31786000008136
16.7738,26.334550000081304
16.4166,26.351230000081472
17.459,26.367890000081623
16.6661,26.38454000008153
16.8929,26.401220000081697
16.4032,26.417900000081865
17.1532,26.434580000082036
17.0919,26.45125000008196
16.7987,26.46796000008192
16.2485,26.484620000082067
16.5879,26.501280000082215
16.9045,26.517980000082403
16.7429,26.534680000082588
16.4225,26.55137000008253
16.9851,26.568030000082683
16.6107,26.584720000082623
16.5336,26.60137000008253
15.2926,26.6180500000827
17.3118,26.63470000008261
16.4209,26.651400000082795
16.481,26.668080000082963
16.6984,26.68474000008311
17.0802,26.7014400000833
16.3937,26.71815000008326
16.4434,26.734820000083182
17.0652,26.75152000008337
16.5258,26.768210000083315
17.1197,26.78489000008348
16.349,26.80159000008367
16.3719,26.818250000083815
16.5629,26.834920000083745
16.7297,26.851600000083916
16.7627,26.868240000084043
17.2792,26.88489000008395
16.8373,26.901580000083893
16.3871,26.9182300000838
16.4163,26.93489000008395
16.8219,26.95159000008413
16.6481,26.96824000008404
16.7534,26.98492000008421
16.7955,27.001600000084377
16.4509,27.018280000084545
16.9663,27.034960000084716
16.0255,27.05164000008488
16.7926,27.06832000008505
16.4058,27.08499000008497
17.0466,27.101700000084936
16.7311,27.118380000085104
16.2963,27.13506000008527
17.0393,27.151760000085456
16.7173,27.16847000008542
16.3987,27.185140000085347
16.8164,27.201820000085515
16.6301,27.21849000008544
17.0177,27.235180000085386
16.6774,27.251890000085343
16.1716,27.268550000085494
17.1235,27.28524000008544
16.4892,27.3019500000854
17.4822,27.31862000008533
16.5181,27.335270000085234
16.8969,27.3519800000852
16.4292,27.36865000008512
16.9912,27.38536000008509
16.3615,27.402020000085237
16.9512,27.41869000008516
16.6882,27.435390000085345
16.7803,27.452070000085516
16.4165,27.468720000085423
16.5176,27.485390000085346
16.093,27.502070000085517
17.0198,27.51875000008568
16.718,27.53543000008585
16.8965,27.552120000085797
16.4589,27.568810000085737
16.5363,27.585470000085888
16.719,27.602130000086035
16.9828,27.618810000086203
16.3615,27.635510000086388
16.3083,27.652180000086314
16.7332,27.668870000086255
17.6507,27.685550000086423
16.4748,27.702230000086598
16.9839,27.71891000008676
16.7667,27.735610000086947
16.3633,27.752290000087115
17.0606,27.768990000087303
16.2434,27.78564000008721
16.6944,27.802310000087136
16.7517,27.81900000008708
16.8023,27.835660000087227
16.9147,27.85235000008717
16.794,27.86905000008736
16.6418,27.885740000087303
16.4194,27.90240000008745
16.4636,27.919080000087614
16.9746,27.935760000087782
16.2662,27.952440000087957
17.1844,27.96914000008814
16.2609,27.98580000008829
16.8461,28.002490000088237
16.14,28.019130000088364
16.8935,28.035790000088515
16.3445,28.05246000008844
17.2238,28.06912000008859
16.3356,28.08581000008853
16.7312,28.10246000008844
16.8698,28.119160000088623
16.5648,28.13583000008855
16.8677,28.15256000008853
16.3918,28.169250000088475
17.7897,28.18596000008844
16.5658,28.202640000088607
14.8863,28.219280000088737
17.1417,28.235960000088905
16.0679,28.25263000008883
16.8962,28.26932000008877
16.9444,28.28600000008894
16.2839,28.30266000008909
17.1447,28.31930000008922
16.6665,28.33596000008937
16.9837,28.352640000089536
16.6483,28.3693500000895
17.665,28.38606000008946
16.9525,28.40274000008963
16.3368,28.419440000089818
16.4528,28.436140000090003
16.1317,28.45279000008991
16.2346,28.46948000008985
16.6919,28.48616000009002
16.9754,28.502870000089985
17.2747,28.51952000008989
17.1093,28.536210000089834
16.4865,28.55286000008974
16.5056,28.56954000008991
16.6561,28.58620000009006
16.7042,28.602850000089965
16.9221,28.61956000008993
15.8377,28.63622000009008
16.1104,28.652920000090266
16.6728,28.66960000009043
16.4188,28.6862800000906
16.8008,28.702930000090507
16.6375,28.719610000090675
16.697,28.73629000009084
16.8424,28.752990000091028
16.5627,28.7696700000912
17.0421,28.78636000009114
16.2215,28.803050000091083
16.65,28.81971000009123
17.0904,28.836400000091174
16.3177,28.853080000091342
16.858,28.86975000009127
16.512,28.88643000009144
16.9733,28.9031400000914
16.3067,28.91980000009155
16.816,28.93649000009149
16.4883,28.953130000091623
17.0859,28.96981000009179
16.546,28.986520000091755
16.4431,29.00317000009166
16.7321,29.01985000009183
16.7886,29.036530000092
16.3732,29.053210000092164
17.4368,29.069900000092108
29.8653,29.086570000092035
11.6532,29.1032500000922
10.1286,29.11992000009213
14.4083,29.136590000092053
16.8633,29.15324000009196
16.4956,29.169920000092127
16.7045,29.18660000009229
16.6643,29.20327000009222
17.0001,29.21997000009241
16.5992,29.236620000092312
16.4963,29.25330000009248
17.3629,29.270010000092444
16.337,29.286720000092405
16.4778,29.30341000009235
17.0617,29.320120000092317
16.4629,29.336810000092257
16.8505,29.35352000009222
16.368,29.370210000092165
17.3546,29.386870000092312
16.6101,29.403530000092463
16.7883,29.42021000009263
16.8602,29.43685000009276
17.1899,29.453540000092705
16.1557,29.47024000009289
16.4631,29.48688000009302
16.8864,29.503560000093188
16.4662,29.52021000009309
17.014,29.536890000093265
16.0744,29.553600000093223
16.6379,29.570310000093187
16.3888,29.58700000009313
16.7961,29.60370000009332
16.3856,29.620350000093225
17.033,29.63704000009317
17.261,29.653750000093133
17.0306,29.67045000009332
16.2094,29.687150000093503
16.6115,29.70382000009343
16.7324,29.720470000093336
16.3123,29.737160000093283
16.9395,29.753870000093244
16.1319,29.770530000093395
16.5493,29.78721000009356
17.0297,29.80388000009349
16.3837,29.82054000009364
16.7194,29.837180000093767
16.6205,29.853840000093918
16.8572,29.87055000009388
16.6845,29.887250000094063
16.8846,29.90390000009397
16.5149,29.92056000009412
16.5522,29.937250000094064
16.5584,29.953930000094232
16.8848,29.9706100000944
16.5156,29.987290000094568
17.0005,30.003970000094736
16.3687,30.020650000094903
16.7088,30.03730000009481
16.7141,30.05396000009496
16.5614,30.070630000094884
17.1083,30.087320000094827
16.4145,30.10401000009477
17.0298,30.120730000094976
16.2532,30.137390000095124
17.0066,30.154090000095312
16.3805,30.170790000095497
17.0064,30.18750000009546
16.5184,30.204210000095426
16.3725,30.22088000009535
17.0944,30.237590000095317
16.9206,30.25426000009524
16.4369,30.27095000009518
16.4996,30.28759000009531
16.5637,30.30426000009524
16.8371,30.320910000095143
16.5328,30.33757000009529
17.2391,30.354240000095217
16.6122,30.370890000095127
16.7277,30.38759000009531
16.4508,30.404240000095218
16.7939,30.42090000009537
16.7992,30.43756000009552
16.8757,30.454240000095684
15.9422,30.47092000009585
16.4648,30.487610000095795
16.8357,30.50428000009572
17.1476,30.52096000009589
16.4305,30.53767000009585
16.4738,30.554330000096
17.0859,30.571050000096207
16.4242,30.587750000096392
16.9967,30.604450000096577
16.686,30.621170000096782
16.8268,30.637900000096764
16.2479,30.654590000096707
16.9316,30.671310000096916
16.5964,30.688000000096856
17.0783,30.70465000009677
16.5578,30.721370000096968
16.2758,30.73802000009688
16.6323,30.754680000097025
16.5302,30.771320000097155
16.5741,30.787950000097045
17.0067,30.80459000009717
16.7248,30.82125000009732
16.8686,30.83792000009725
16.4,30.854570000097155
16.8783,30.8712600000971
16.6417,30.88790000009723
16.9691,30.904610000097197
16.4592,30.921320000097158
16.5567,30.9380100000971
16.6077,30.954690000097266
16.7833,30.971350000097416
16.6551,30.98804000009736
16.7901,31.004710000097287
16.5585,31.02138000009721
16.4803,31.038060000097374
17.1701,31.054740000097546
16.1124,31.07138000009768
17.1423,31.088060000097844
16.5867,31.10478000009805
16.7104,31.12150000009825
16.2297,31.1381900000982
16.9372,31.154880000098142
16.4863,31.17155000009807
16.7974,31.188240000098013
16.7519,31.20491000009794
16.6901,31.2216200000979
16.7395,31.23832000009809
17.4087,31.25498000009824
17.0306,31.271650000098163
16.0902,31.288290000098293
17.3038,31.3050100000985
16.1514,31.32167000009865
17.0101,31.33837000009883
16.2501,31.35504000009876
16.9869,31.37175000009872
16.3968,31.38839000009885
17.0123,31.405050000099
16.4237,31.42172000009893
17.0013,31.43839000009885
16.5482,31.455100000098813
16.4659,31.471740000098944
16.8995,31.48844000009913
16.7417,31.50510000009928
16.7265,31.52181000009924
17.0683,31.538490000099408
16.7301,31.555210000099613
16.6496,31.571920000099578
15.1892,31.5885900000995
16.8957,31.605260000099427
16.5461,31.621910000099334
17.0485,31.638620000099294
16.1798,31.655280000099445
16.71,31.67195000009937
16.9172,31.68863000009954
16.5475,31.70528000009945
16.9866,31.72196000009961
16.363,31.73861000009952
16.4568,31.755290000099688
16.9656,31.77198000009963
16.4388,31.78865000009956
16.7045,31.805300000099464
16.7681,31.82197000009939
16.9189,31.8386900000996
16.8661,31.85538000009954
16.2,31.872060000099708
16.9805,31.88874000009988
16.2542,31.9054100000998
16.9082,31.922100000099743
16.5675,31.93875000009965
17.0302,31.955480000099637
16.4051,31.9721600000998
16.537,31.988850000099745
16.9842,32.00550000009965
16.5174,32.02214000009978
16.4993,32.03883000009973
18.4819,32.055480000099635
14.9032,32.0721600000998
17.0743,32.088860000099984
16.578,32.10557000009995
16.4353,32.12220000009984
17.0029,32.1389100000998
16.307,32.155580000099725
17.1985,32.1722600000999
16.8097,32.18894000010006
16.5672,32.20562000010023
16.708,32.2223000001004
16.7847,32.23901000010036
16.3939,32.25569000010053
16.0572,32.27235000010067
16.8511,32.28904000010062
16.7621,32.30571000010055
16.5034,32.32239000010071
16.9459,32.3390900001009
16.4901,32.35578000010084
16.8213,32.37247000010079
16.7281,32.389170000100975
16.7023,32.405860000100915
16.3612,32.42251000010082
16.858,32.43920000010077
16.6288,32.455900000100954
16.5307,32.472560000101105
16.7027,32.48924000010127
16.7185,32.50589000010118
16.5689,32.5225600001011
16.909,32.53924000010127
16.4104,32.555900000101424
16.8509,32.57255000010133
16.6181,32.589230000101495
17.0133,32.605910000101666
16.2834,32.62257000010181
16.8903,32.639240000101736
16.5114,32.655930000101684
16.6471,32.672620000101624
16.6925,32.68929000010155
16.9849,32.70597000010172
16.9603,32.72264000010164
16.3291,32.73931000010157
16.905,32.75601000010175
16.6097,32.772690000101925
16.8539,32.78941000010213
16.4798,32.806110000102315
16.6345,32.82278000010224
16.72,32.83945000010217
16.4527,32.85615000010235
17.2993,32.87280000010226
16.7601,32.88951000010222
17.2603,32.906210000102405
15.9536,32.92287000010256
16.9025,32.93955000010273
16.5217,32.95620000010263
16.5713,32.972860000102784
16.5536,32.98954000010295
16.9159,33.00622000010311
16.5716,33.022880000103264
17.0035,33.039590000103225
16.847,33.05626000010315
16.1012,33.07293000010308
16.6005,33.08961000010325
16.8687,33.10627000010339
16.9698,33.12296000010334
16.5653,33.13965000010328
16.5817,33.15635000010347
17.005,33.17303000010364
16.8662,33.1897400001036
16.4472,33.20640000010375
16.927,33.2230600001039
16.8959,33.23977000010386
16.216,33.25645000010403
17.4252,33.273150000104216
15.8702,33.28981000010437
16.7878,33.30648000010429
16.781,33.323150000104214
16.6469,33.33982000010414
16.8631,33.356500000104305
16.3906,33.37317000010423
16.9999,33.3898800001042
16.6666,33.40655000010412
16.3316,33.423220000104045
16.8051,33.43987000010395
16.8301,33.4565600001039
16.5525,33.473250000103846
16.5557,33.489920000103766
16.9602,33.50663000010373
16.438,33.52329000010388
17.0543,33.540000000103845
15.7975,33.556670000103765
16.538,33.573330000103915
16.6598,33.59001000010409
16.7814,33.60672000010405
16.9426,33.62342000010423
16.3313,33.64009000010416
16.8444,33.656780000104106
16.6688,33.673450000104026
16.5111,33.69012000010395
16.6786,33.70677000010386
16.7781,33.723440000103786
16.696,33.74011000010371
16.7287,33.75680000010366
17.0977,33.77347000010358
16.8472,33.79015000010375
16.3456,33.806830000103915
17.0472,33.8235300001041
16.1574,33.840200000104026
16.2753,33.856910000103994
16.3828,33.87359000010416
16.5539,33.890260000104085
16.8292,33.90693000010401
16.8873,33.9236300001042
16.3959,33.94029000010435
16.9336,33.95695000010449
16.4492,33.97363000010466
16.8977,33.99030000010459
16.436,34.00697000010452
16.6672,34.02362000010442
16.8156,34.04030000010459
16.9455,34.05697000010451
16.5574,34.073660000104454
16.6139,34.090320000104605
16.9629,34.10704000010481
16.8721,34.12372000010498
16.5167,34.140400000105146
16.799,34.15707000010507
16.5337,34.17376000010501
16.7897,34.190460000105205
16.6313,34.20714000010537
16.9208,34.223860000105574
16.7488,34.24056000010576
16.3354,34.25724000010593
16.7364,34.27388000010606
16.6274,34.290540000106205
17.0378,34.3072400001064
16.3661,34.32391000010632
17.2571,34.34061000010651
16.4429,34.35727000010665
16.9208,34.37398000010662
16.7402,34.39065000010655
16.7425,34.40730000010645
16.4299,34.42397000010637
17.01,34.440670000106564
16.2811,34.45735000010673
17.1387,34.474050000106914
17.9271,34.490730000107085
15.3044,34.50738000010699
16.504,34.52409000010695
16.7778,34.5407500001071
15.892,34.55740000010701
16.6486,34.57408000010717
16.9071,34.59079000010714
16.7928,34.60748000010708
16.3955,34.62416000010725
16.5999,34.64080000010738
16.877,34.65752000010759
16.5108,34.67423000010755
16.3843,34.690880000107455
17.6831,34.70755000010738
16.864,34.72427000010759
16.2614,34.74095000010775
16.7496,34.7576100001079
16.8432,34.774270000108054
16.4072,34.79095000010822
17.1043,34.8076500001084
16.576,34.82429000010853
16.519,34.84098000010848
16.1925,34.857680000108665
16.3196,34.87436000010884
16.9701,34.89103000010876
16.5436,34.90773000010895
16.292,34.924400000108875
17.0658,34.94108000010904
16.9066,34.957780000109224
16.3757,34.974440000109375
17.057,34.99114000010956
16.5118,35.00781000010949
16.6393,35.02448000010941
16.9413,35.04120000010962
16.2012,35.057850000109525
17.0602,35.074540000109465
16.9134,35.09124000010966
16.2799,35.10795000010962
16.5016,35.124600000109524
16.1779,35.14127000010945
17.2279,35.15791000010958
16.4145,35.17456000010949
17.2543,35.19125000010943
16.5285,35.207920000109354
16.4681,35.2246100001093
16.9302,35.241290000109466
16.6492,35.25796000010939
17.4919,35.27462000010954
16.5222,35.29131000010948
16.9512,35.308040000109465
16.5889,35.32474000010966
16.3892,35.34142000010982
16.7859,35.35808000010997
17.3655,35.374760000110136
16.2632,35.39143000011006
16.8434,35.40808000010997
15.3996,35.424750000109896
16.6632,35.44141000011005
16.6484,35.45809000011021
16.9185,35.47475000011036
16.6991,35.491430000110526
16.4677,35.5081100001107
16.9213,35.52482000011066
16.4768,35.541470000110564
16.9922,35.55817000011076
16.5939,35.57485000011092
16.6259,35.591530000111085
16.4794,35.60822000011103
16.5629,35.62489000011096
16.7713,35.641540000110865
17.1515,35.65824000011105
16.2615,35.67492000011122
16.6428,35.691580000111365
16.933,35.70828000011156
17.3667,35.7249700001115
16.5124,35.74165000011167
16.9306,35.758350000111854
16.3983,35.775010000112
16.7379,35.79169000011217
16.5476,35.80837000011233
17.1164,35.82506000011228
16.6845,35.84177000011224
16.7842,35.85848000011221
16.1553,35.875130000112115
16.7125,35.89178000011202
17.3566,35.908460000112186
16.405,35.92514000011236
16.462,35.9418300001123
16.2364,35.9585500001125
16.4147,35.97524000011245
16.6763,35.99188000011258
16.3623,36.008530000112486
16.8848,36.02519000011264
16.3736,36.04188000011258
16.9199,36.05858000011276
16.415,36.07526000011293
17.0486,36.091920000113085
17.1635,36.108630000113045
16.3147,36.125270000113176
16.481,36.1419400001131
16.906,36.15864000011329
16.9021,36.17534000011347
16.4582,36.19199000011338
17.0045,36.20869000011356
16.1972,36.225350000113714
16.8674,36.24206000011368
16.3688,36.258740000113846
17.0072,36.27542000011401
16.5254,36.29213000011398
16.8704,36.30881000011414
16.8169,36.32547000011429
16.5852,36.34213000011444
16.6979,36.35881000011461
17.0657,36.37549000011477
16.6432,36.392190000114965
16.4179,36.40884000011487
16.5881,36.42552000011504
17.1282,36.44220000011521
16.421,36.45887000011513
17.3675,36.47559000011533
16.1646,36.49229000011552
16.3825,36.50897000011569
17.1676,36.52570000011567
16.1752,36.542350000115576
17.0053,36.55904000011552
16.269,36.57572000011569
16.9976,36.59242000011587
16.9841,36.60908000011602
16.831,36.62577000011597
16.8173,36.6424400001159
15.1053,36.6590900001158
16.9427,36.67580000011576
16.342,36.69243000011565
17.0101,36.70914000011562
16.7296,36.72581000011554
16.309,36.74249000011571
16.7821,36.75915000011586
16.6215,36.775810000116
17.1108,36.792490000116175
16.2779,36.80913000011631
16.7632,36.825820000116245
16.5243,36.842460000116375
17.1378,36.85918000011658
16.4429,36.87584000011673
16.5282,36.89250000011688
16.9652,36.90920000011707
16.5823,36.925890000117015
16.4584,36.94257000011718
17.1152,36.95925000011734
16.4377,36.975950000117535
16.7748,36.99265000011772
17.379,37.00936000011768
16.1888,37.02602000011783
16.4018,37.04269000011776
17.0189,37.05939000011794
16.4101,37.07604000011785
16.7064,37.092700000118
16.5118,37.10939000011794
16.9787,37.12603000011807
16.4668,37.142700000118
16.9874,37.15936000011815
16.8995,37.17603000011808
16.5599,37.19269000011822
16.6479,37.20937000011839
16.9763,37.22605000011856
16.5261,37.24275000011875
16.8252,37.25947000011895
16.9827,37.27615000011912
15.9991,37.29284000011906
17.0585,37.30954000011925
16.5085,37.32623000011919
16.5983,37.34289000011934
16.704,37.359570000119504
16.7112,37.37625000011968
16.8565,37.39293000011984
17.7904,37.40960000011977
15.2089,37.42628000011994
16.0976,37.442950000119865
17.0212,37.45965000012005
16.8841,37.47630000011996
16.2038,37.49297000011988
17.0296,37.50965000012005
17.0917,37.52637000012025
16.5497,37.54308000012021
16.6841,37.55974000012037
16.9676,37.57643000012031
16.5397,37.59308000012022
16.9046,37.60979000012018
16.5447,37.626460000120105
17.0611,37.643150000120045
17.0421,37.65985000012024
16.2811,37.6765300001204
16.9608,37.69319000012055
16.3742,37.70984000012046
17.1705,37.72654000012064
16.2625,37.7432000001208
16.8365,37.75990000012098
16.9016,37.77658000012114
16.5755,37.793280000121335
16.3055,37.809950000121255
17.0348,37.82662000012118
16.5096,37.84333000012115
15.8661,37.86000000012107
16.6126,37.87668000012124
16.7586,37.893360000121405
16.7762,37.91007000012137
16.713,37.9267100001215
16.2172,37.94338000012142
16.8029,37.96002000012156
17.0452,37.97674000012176
16.3152,37.993410000121685
16.7685,38.01007000012184
16.6978,38.02674000012176
16.1462,38.04342000012193
16.8719,38.06008000012208
16.9502,38.07678000012226
16.8392,38.09350000012247
16.4277,38.11016000012262
16.6718,38.12688000012282
16.7699,38.14356000012299
16.3446,38.16023000012292
16.5834,38.17690000012284
17.1549,38.1936100001228
16.4507,38.21031000012299
16.4526,38.226980000122914
17.0444,38.243640000123065
17.256,38.26032000012323
16.2052,38.2770000001234
16.438,38.29364000012353
16.7479,38.31031000012346
16.4211,38.32699000012362
16.9137,38.34368000012357
16.5847,38.36033000012348
16.6218,38.37699000012363
17.1729,38.39371000012383
16.529,38.41038000012375
16.5025,38.4270400001239
16.4875,38.44372000012408
16.9986,38.46043000012404
16.8064,38.4771100001242
16.7589,38.49379000012437
16.5236,38.5104600001243
17.0763,38.52716000012448
16.2318,38.543840000124646
17.0846,38.56052000012482
16.2889,38.57718000012496
17.1181,38.59387000012491
16.41,38.610560000124856
16.588,38.627220000125
16.8262,38.64389000012493
16.0562,38.6605700001251
16.8514,38.67725000012526
16.5778,38.69391000012541
16.6412,38.71058000012534
17.086,38.72724000012549
16.5394,38.74394000012568
16.5698,38.7606100001256
16.9342,38.77732000012556
16.48,38.79400000012573
16.6861,38.81066000012588
16.8143,38.82734000012604
16.9255,38.84405000012601
16.1463,38.860730000126175
16.9924,38.87743000012636
16.7478,38.89412000012631
17.2165,38.91078000012646
16.2535,38.92745000012638
16.7498,38.94409000012651
16.6244,38.960760000126434
16.5846,38.977440000126606
16.8403,38.99414000012679
16.7852,39.01078000012692
16.8613,39.02748000012711
16.4799,39.04416000012728
16.9418,39.06085000012722
15.7541,39.07753000012739
16.953,39.09421000012755
16.9195,39.110890000127725
16.4701,39.12757000012789
16.9983,39.14427000012808
16.3869,39.16097000012826
16.3218,39.177660000128206
17.4649,39.19432000012836
17.0547,39.21102000012854
16.2691,39.22766000012867
17.0587,39.24436000012886
16.3762,39.261030000128784
16.8455,39.27773000012897
16.4987,39.29441000012914
16.6108,39.31107000012928
16.5914,39.32770000012918
16.7854,39.3443700001291
16.7151,39.36104000012902
17.2003,39.3777200001292
16.3132,39.394410000129135
15.8865,39.411070000129286
17.2234,39.427780000129246
15.9911,39.4444400001294
17.0763,39.46112000012957
17.0873,39.47782000012975
16.4796,39.494530000129714
17.0399,39.51125000012992
16.9984,39.52794000012987
16.9939,39.54458000013
16.3334,39.56124000013014
17.0036,39.57795000013011
16.4353,39.594600000130015
16.7035,39.61127000012994
17.0493,39.62799000013014
16.669,39.64469000013033
16.2284,39.66135000013048
17.1429,39.67803000013065
16.2424,39.694700000130574
16.7327,39.711390000130514
16.7464,39.72808000013046
16.709,39.74473000013037
16.7829,39.76144000013033
16.5652,39.77814000013051
16.7388,39.79479000013042
16.4766,39.81143000013055
17.084,39.82814000013052
16.3075,39.84478000013065
17.0111,39.86149000013061
16.3907,39.878160000130535
16.9018,39.894870000130496
16.6571,39.91156000013044
16.5657,39.92821000013035
16.8007,39.94488000013028
16.5211,39.9615500001302
16.9873,39.97826000013016
16.3333,39.99491000013007
16.4421,40.01159000013024
16.6443,40.02824000013014
16.7699,40.04492000013031
16.8228,40.06157000013022
16.4656,40.078240000130144
16.7844,40.09492000013031
16.6445,40.11160000013048
15.3497,40.12828000013064
16.5601,40.14493000013055
16.6672,40.16161000013072
16.6716,40.178290000130886
17.192,40.19500000013085
16.2053,40.21168000013102
16.9859,40.2283800001312
16.6302,40.24508000013139
16.3371,40.26176000013156
17.0421,40.2784500001315
16.4268,40.29513000013167
17.1348,40.311830000131856
16.2959,40.32850000013178
16.5358,40.34518000013195
17.5318,40.36183000013186
17.0888,40.37854000013182
16.5298,40.39520000013197
17.2384,40.411880000132136
16.2047,40.4285900001321
16.4125,40.44525000013225
16.5886,40.46193000013241
16.832,40.47859000013256
16.6649,40.49528000013251
16.9622,40.51199000013247
16.5553,40.528690000132656
16.4494,40.54533000013279
17.0729,40.562040000132754
16.4257,40.57871000013267
16.4688,40.59536000013258
17.0879,40.61207000013255
16.6884,40.62879000013275
16.5106,40.64547000013292
15.9615,40.6621700001331
16.4434,40.67882000013301
16.6218,40.69547000013292
17.2283,40.71219000013312
16.3361,40.72885000013327
16.4621,40.74551000013342
17.0727,40.76223000013363
16.3331,40.77887000013376
17.0605,40.79554000013368
16.5741,40.812250000133645
16.359,40.82890000013355
17.4704,40.84561000013351
16.6128,40.86232000013348
16.3535,40.878970000133386
17.0593,40.89567000013357
16.382,40.91236000013352
16.9072,40.92903000013344
16.4316,40.94571000013361
17.4373,40.96240000013355
16.6609,40.97908000013372
16.3669,40.99577000013366
16.9305,41.01241000013379
16.3187,41.02907000013394
17.0286,41.04577000013413
16.3976,41.06241000013426
16.8533,41.07911000013445
16.6871,41.09576000013436
16.3451,41.11244000013452
16.168,41.12908000013465
16.6823,41.14572000013478
16.4127,41.16239000013471
17.0937,41.17911000013491
16.2345,41.19578000013484
17.1527,41.212460000135
16.2306,41.22915000013495
17.1626,41.24581000013509
16.8122,41.262510000135286
16.9836,41.27922000013525
16.1682,41.29589000013517
16.6766,41.31258000013512
16.6428,41.329260000135285
16.7475,41.345900000135416
16.9179,41.362610000135376
16.6911,41.3792800001353
16.9048,41.39596000013547
16.9404,41.412630000135394
16.1482,41.42932000013534
16.7977,41.44601000013528
16.3127,41.46270000013523
17.3995,41.47939000013517
15.6598,41.49608000013512
16.6281,41.51277000013506
16.7784,41.52942000013497
17.0113,41.546120000135154
16.6225,41.56281000013509
16.343,41.57949000013527
17.0879,41.59617000013543
16.6184,41.6128500001356
16.3668,41.62952000013553
16.8665,41.64620000013569
16.4354,41.66287000013562
16.9328,41.67957000013581
16.7264,41.69629000013601
16.3917,41.71293000013614
17.1146,41.729630000136325
16.6571,41.74634000013629
16.2166,41.7629900001362
16.9774,41.779660000136126
16.3619,41.79634000013629
17.2388,41.81300000013644
16.5931,41.829680000136605
17.489,41.84637000013655
16.5693,41.86304000013648
16.3728,41.87973000013642
16.9067,41.89639000013657
16.8389,41.91304000013648
15.9175,41.92972000013664
16.8567,41.94639000013657
16.7458,41.963100000136535
16.773,41.97979000013648
17.2209,41.99651000013668
16.4569,42.013190000136845
16.5248,42.02984000013676
16.5349,42.04651000013668
16.9614,42.06319000013685
17.2507,42.07987000013701
15.5869,42.09655000013719
16.3539,42.11323000013735
17.0225,42.1298900001375
16.161,42.14656000013743
16.8945,42.16322000013758
16.687,42.1798900001375
17.007,42.1966100001377
16.0268,42.21330000013765
17.0348,42.22999000013759
16.3318,42.24666000013752
16.8395,42.26333000013744
17.0853,42.28004000013741
16.2401,42.29671000013733
17.4113,42.31338000013726
17.022,42.33006000013743
16.3074,42.346710000137335
17.0485,42.363380000137255
16.7102,42.3800700001372
16.334,42.39672000013711
17.0425,42.41343000013707
16.814,42.43013000013726
16.3083,42.44675000013737
16.9421,42.46345000013756
16.3716,42.4801400001375
16.5287,42.49680000013765
16.3437,42.5134900001376
16.6933,42.5301400001375
16.7551,42.54680000013765
16.2791,42.563480000137815
16.8773,42.58013000013772
16.8749,42.59682000013767
16.4901,42.613520000137854
16.4349,42.63017000013776
17.1496,42.64688000013773
16.508,42.66359000013769
16.4576,42.68027000013785
16.6946,42.69695000013802
16.6668,42.71363000013819
16.9898,42.73034000013815
16.4521,42.74702000013832
16.9002,42.763700000138485
16.5316,42.78039000013843
16.5431,42.79708000013838
16.9321,42.8137500001383
16.5973,42.830400000138205
16.5403,42.84707000013813
16.5943,42.86374000013806
17.3269,42.88045000013802
16.0208,42.89710000013793
16.6598,42.9137800001381
16.811,42.930430000138
17.0571,42.94713000013819
16.5948,42.96384000013816
16.5299,42.9805000001383
16.5193,42.99718000013847
17.234,43.01390000013868
16.6675,43.03063000013866
16.3367,43.0472900001388
16.8179,43.06400000013877
16.6797,43.08071000013873
17.1204,43.097390000138894
16.9112,43.11406000013882
16.6735,43.13071000013873
16.7018,43.1473900001389
16.5953,43.16409000013908
16.3722,43.18074000013899
16.8325,43.19738000013912
16.045,43.214050000139046
16.6965,43.23070000013895
16.9436,43.24737000013888
16.1577,43.26405000013904
17.0618,43.28074000013899
16.8802,43.2974600001392
16.2849,43.31414000013936
16.999,43.33081000013929
16.3112,43.34749000013946
16.6128,43.36417000013962
17.1729,43.38084000013955
16.7582,43.397540000139735
17.0057,43.41421000013966
16.2868,43.43090000013961
16.6268,43.44754000013974
16.9421,43.46421000013966
16.3683,43.48088000013959
16.6174,43.497540000139736
17.0167,43.51421000013966
16.4717,43.53088000013959
16.6732,43.54756000013976
16.5951,43.56421000013966
16.6094,43.58088000013959
17.082,43.597570000139534
16.4308,43.6142500001397
16.9167,43.6309000001396
16.4573,43.64759000013955
16.5841,43.66426000013948
16.7318,43.6809300001394
16.6676,43.69762000013935
16.5675,43.714310000139285
16.9929,43.73101000013948
16.4675,43.74769000013964
16.9751,43.76438000013959
16.3977,43.78106000013975
16.9931,43.797770000139714
16.1694,43.81447000013991
16.4544,43.831160000139846
16.8685,43.84785000013979
16.552,43.86453000013996
16.9941,43.88123000014014
16.6686,43.897930000140335
16.297,43.9146100001405
17.0549,43.93129000014067
16.548,43.94798000014061
16.6401,43.96463000014052
16.8268,43.98130000014044
16.6002,43.9980100001404
16.485,44.01470000014035
17.0375,44.031400000140536
16.576,44.04807000014046
17.216,44.06471000014059
16.8117,44.08140000014053
16.3011,44.09804000014066
17.1733,44.11475000014063
16.6399,44.13142000014056
16.5754,44.14809000014048
17.2199,44.16474000014039
16.464,44.181440000140576
16.5441,44.19813000014052
16.1703,44.21479000014067
16.8334,44.23151000014087
16.405,44.24820000014081
16.5185,44.26488000014098
16.9287,44.281540000141135
16.3225,44.2982200001413
16.8533,44.314890000141226
16.7983,44.33159000014141
16.55,44.34825000014156
17.03,44.36489000014169
17.1306,44.3816100001419
16.249,44.39825000014203
16.9538,44.41493000014219
16.4722,44.43162000014214
17.26,44.44831000014208
16.2329,44.46501000014227
16.9476,44.48170000014221
16.4607,44.49838000014238
16.4379,44.5150500001423
16.7489,44.53173000014248
17.2432,44.5484000001424
16.1938,44.56509000014234
16.5824,44.58175000014249
17.0389,44.59845000014268
16.4368,44.6151200001426
16.4616,44.63179000014253
16.6707,44.64846000014246
16.0572,44.6651500001424
16.4461,44.68183000014257
16.5557,44.69851000014273
16.9756,44.71518000014266
16.3603,44.731850000142586
16.9791,44.74855000014277
16.422,44.76521000014292
16.949,44.78186000014283
16.5998,44.798550000142775
16.8359,44.815270000142974
16.2983,44.831910000143104
17.0421,44.848610000143296
17.0253,44.86529000014346
17.1994,44.881990000143645
16.5161,44.89869000014383
16.8808,44.91534000014374
16.5177,44.93203000014368
16.5839,44.94873000014387
16.5194,44.9654000001438
16.5876,44.98203000014369
17.1117,44.99876000014367
16.9613,45.01545000014361
16.086,45.03214000014356
17.0199,45.04882000014372
16.4651,45.06551000014367
16.4764,45.08220000014361
16.6547,45.098870000143535
16.7509,45.11554000014346
16.6978,45.13221000014339
16.7108,45.14890000014333
17.0249,45.16554000014346
16.42,45.18222000014363
16.4339,45.19889000014356
16.8269,45.2155500001437
16.5161,45.23220000014361
16.981,45.24891000014357
16.3159,45.2655800001435
17.3107,45.282280000143686
16.099,45.29896000014385
16.8855,45.31566000014404
16.8332,45.33236000014423
15.941,45.34902000014437
16.7321,45.36574000014458
16.3878,45.38240000014473
16.9206,45.399070000144654
16.5152,45.415730000144805
17.1857,45.432440000144766
16.3363,45.449080000144896
16.7304,45.46576000014506
16.5535,45.48242000014521
16.9095,45.49907000014512
16.7911,45.51574000014504
15.8743,45.53238000014517
16.8213,45.54906000014534
16.564,45.565750000145286
16.5895,45.58241000014544
16.9857,45.59907000014559
16.7218,45.61578000014555
16.8368,45.63245000014548
16.3958,45.6491200001454
16.9974,45.66583000014536
16.5886,45.6825200001453
16.5185,45.69921000014525
16.7231,45.71589000014541
16.6232,45.73257000014559
16.7181,45.749260000145526
16.5837,45.76593000014545
17.1666,45.78263000014564
16.7743,45.799340000145605
16.4769,45.81602000014577
16.9092,45.83270000014594
16.6968,45.84939000014588
16.4481,45.86606000014581
17.1311,45.88278000014601
16.2952,45.89946000014618
16.5417,45.9161300001461
17.7474,45.93284000014607
16.0509,45.949500000146216
16.2112,45.96616000014637
16.7303,45.98284000014653
16.7348,45.99949000014645
16.3581,46.01614000014635
16.7832,46.03282000014652
16.4729,46.049460000146645
16.6262,46.06614000014682
17.0753,46.08286000014702
16.4401,46.099520000147166
17.2922,46.11621000014711
16.1918,46.13288000014704
16.8809,46.149580000147225
16.724,46.166270000147165
16.763,46.18298000014713
16.1567,46.1996600001473
17.2796,46.21636000014748
16.2214,46.23303000014741
16.7743,46.24969000014756
16.4595,46.26637000014773
16.9167,46.28302000014763
16.5925,46.29972000014782
17.0247,46.31641000014776
16.2645,46.33309000014793
16.6423,46.349730000148064
17.033,46.36643000014825
16.7246,46.383100000148175
16.2907,46.39978000014834
17.8497,46.41644000014849
16.7861,46.43314000014868
16.2781,46.44982000014885
16.535,46.46649000014877
16.6931,46.48314000014868
16.453,46.4998100001486
17.1246,46.51650000014855
16.3601,46.53315000014845
16.748,46.54981000014861
16.8622,46.56652000014856
16.635,46.58320000014873
16.9491,46.59989000014868
16.5392,46.61659000014886
16.8038,46.63330000014883
16.7916,46.65000000014901
15.688,46.66669000014896
16.5293,46.683370000149125
16.9482,46.700080000149086
16.5597,46.71678000014927
16.5065,46.73343000014918
17.0644,46.75015000014938
16.3328,46.76679000014951
16.841,46.78347000014968
16.7061,46.80012000014959
16.8327,46.81681000014953
16.4722,46.83350000014948
16.453,46.85017000014941
16.6656,46.86683000014956
16.5905,46.88350000014948
16.7455,46.900180000149646
17.0041,46.91683000014955
16.5266,46.93351000014972
16.6768,46.95016000014962
17.3413,46.96687000014959
16.0456,46.98353000014974
16.8774,47.00020000014966
17.4002,47.01691000014963
16.7651,47.03360000014957
16.3208,47.050270000149496
17.0856,47.06698000014946
16.2778,47.08364000014961
17.1444,47.10036000014981
16.2294,47.11704000014998
16.84,47.13369000014989
16.6416,47.150370000150055
16.69,47.16704000014998
16.9904,47.18373000014992
17.1989,47.20040000014985
16.958,47.21710000015003
16.4878,47.233750000149946
16.7187,47.25044000014989
16.5884,47.26708000015002
16.7384,47.28377000014997
17.0116,47.300480000149925
16.6394,47.317190000149886
16.4667,47.33388000014983
16.6966,47.35053000014974
16.9795,47.36723000014992
16.3122,47.38390000014985
16.6444,47.400580000150015
17.0809,47.41729000014998
16.0607,47.4339600001499
15.2406,47.45064000015008
16.7802,47.46730000015023
16.5883,47.48395000015013
17.0443,47.50062000015006
16.1796,47.51729000014998
17.1602,47.53397000015015
16.2315,47.55065000015031
16.9956,47.56736000015028
16.433,47.58402000015042
16.6826,47.6007000001506
17.2336,47.61737000015052
16.8934,47.63405000015069
16.4597,47.65073000015086
17.0895,47.66745000015106
16.189,47.68413000015123
16.9833,47.70081000015139
16.4855,47.71747000015154
16.9059,47.73414000015147
16.3177,47.75080000015162
17.0106,47.76751000015158
16.3737,47.78419000015175
17.0432,47.80088000015169
16.4446,47.81755000015162
16.9336,47.83421000015177
16.6344,47.85092000015173
16.954,47.86758000015188
16.9808,47.88428000015207
16.539,47.90093000015197
15.6349,47.91762000015192
16.8382,47.934300000152085
16.7204,47.951010000152046
16.8278,47.9676700001522
16.8418,47.98435000015236
16.8733,48.00101000015251
16.5035,48.01766000015242
17.3199,48.034350000152365
16.6464,48.05102000015229
16.6483,48.06773000015225
16.4486,48.08441000015242
16.4755,48.10107000015257
17.0751,48.11775000015274
16.2064,48.134420000152666
15.8096,48.15112000015285
16.8729,48.167800000153015
16.1746,48.18448000015319
16.9312,48.20116000015335
16.6819,48.21787000015331
16.3784,48.23452000015322
17.0352,48.25119000015314
16.791,48.26787000015332
16.4717,48.28452000015322
17.0619,48.30123000015318
16.5428,48.31790000015311
16.8261,48.334600000153294
16.5663,48.35130000015348
16.6096,48.36796000015363
16.9895,48.38463000015356
16.4851,48.401320000153504
16.8858,48.4180400001537
16.5641,48.43474000015389
16.8231,48.45142000015406
16.963,48.46809000015399
15.9157,48.48477000015415
16.7457,48.5014300001543
16.8292,48.51809000015445
16.7291,48.534770000154616
16.4725,48.55143000015477
16.978,48.56814000015473
16.4511,48.58478000015486
16.5396,48.60143000015477
17.1038,48.61815000015497
16.543,48.634820000154896
16.5572,48.65148000015505
16.1956,48.66816000015521
17.1775,48.68488000015542
16.2643,48.70156000015559
16.6886,48.71825000015553
16.6847,48.73490000015544
16.6972,48.75159000015538
16.578,48.768270000155546
16.9874,48.7849300001557
16.4939,48.80160000015562
16.9042,48.818310000155584
16.3058,48.83498000015551
17.0216,48.85165000015544
17.4076,48.8683600001554
16.987,48.885030000155325
16.8705,48.90173000015551
16.3939,48.91840000015544
17.0611,48.93512000015564
16.3322,48.95178000015579
16.9456,48.96848000015598
16.4658,48.98514000015613
16.8869,49.00185000015609
16.525,49.01851000015624
16.5393,49.03515000015637
16.5647,49.0518200001563
17.1994,49.06850000015646
16.6276,49.08521000015642
16.4344,49.10185000015655
16.9156,49.118550000156745
16.4076,49.13520000015665
16.6042,49.15187000015657
17.5835,49.16852000015648
15.0238,49.18523000015645
16.3048,49.20193000015663
16.4648,49.21862000015658
17.2463,49.23532000015676
16.5358,49.252000000156926
16.328,49.2686800001571
17.4376,49.28536000015726
15.9418,49.30204000015743
16.6377,49.3187200001576
17.0194,49.33542000015778
16.7093,49.35207000015769
17.3203,49.36875000015786
16.4116,49.38542000015779
17.4053,49.40206000015792
16.0845,49.41871000015782
16.9181,49.43541000015801
16.4303,49.452080000157935
16.6261,49.4687600001581
16.6123,49.48544000015827
17.0123,49.50210000015842
15.9798,49.51877000015834
16.4806,49.53544000015827
16.789,49.55212000015844
16.7305,49.56881000015838
16.7295,49.58551000015856
16.4017,49.60217000015872
16.9474,49.61886000015866
16.6164,49.63556000015885
16.4351,49.65224000015901
16.9295,49.6689400001592
16.3566,49.68562000015937
17.1824,49.70232000015955
16.5975,49.7190100001595
16.7114,49.73567000015965
16.8791,49.752350000159815
16.5123,49.76903000015998
16.4693,49.78568000015989
17.1589,49.80234000016004
16.4218,49.81902000016021
17.2718,49.83570000016037
16.5705,49.852380000160544
16.2613,49.86904000016069
16.3279,49.88571000016061
16.8969,49.90242000016058
16.6299,49.91911000016052
16.3513,49.93578000016045
17.0614,49.95249000016041
16.41,49.969190000160594
16.6327,49.98588000016054
16.9619,50.00257000016049
16.2577,50.01924000016041
16.7467,50.035910000160335
16.9001,50.052620000160296
16.7232,50.06930000016047
16.3867,50.0859400001606
16.6769,50.10262000016076
16.6556,50.11927000016068
16.7555,50.13593000016082
17.1019,50.152620000160766
16.5964,50.16928000016092
16.563,50.18597000016086
16.527,50.20265000016103
16.7041,50.219300000160935
17.1191,50.23597000016086
16.6594,50.25267000016105
16.793,50.26939000016125
16.72,50.28611000016146
16.7733,50.302830000161656
16.5058,50.31953000016185
17.4808,50.33623000016203
16.514,50.35290000016196
15.8344,50.36958000016213
16.3734,50.38627000016207
16.7215,50.402940000162
16.8514,50.41960000016214
16.7794,50.43624000016227
16.5215,50.45290000016242
16.5598,50.46954000016255
17.0324,50.48621000016248
16.3423,50.50285000016261
17.7241,50.51956000016257
16.5279,50.53624000016274
15.7884,50.552920000162906
16.6531,50.56959000016283
16.8135,50.58628000016277
16.7522,50.602980000162965
16.5887,50.61964000016311
16.8726,50.63635000016308
16.5902,50.65299000016321
16.8048,50.66970000016317
16.5108,50.686350000163074
16.6463,50.703030000163245
16.9398,50.719700000163165
16.9591,50.73641000016313
16.4844,50.7530900001633
16.8046,50.76976000016322
16.8724,50.78644000016339
16.6669,50.8030900001633
16.9939,50.8198100001635
16.3774,50.83646000016341
16.6603,50.85314000016358
16.954,50.86985000016354
16.6398,50.88656000016351
17.0583,50.90320000016364
16.3498,50.9198800001638
16.3429,50.93655000016373
17.0522,50.95325000016391
16.475,50.96993000016408
16.6204,50.98657000016421
17.3332,51.0032700001644
16.3005,51.01998000016436
16.4225,51.036630000164266
16.7047,51.05328000016417
16.6441,51.06997000016412
16.9202,51.08666000016406
16.4553,51.10334000016423
16.7302,51.12001000016416
16.6368,51.13668000016408
16.0131,51.15337000016402
16.5538,51.17004000016395
16.5354,51.18669000016386
17.6845,51.20339000016404
16.0564,51.22007000016421
16.3914,51.23674000016413
16.8591,51.25343000016408
16.4337,51.27011000016425
17.0066,51.28680000016419
16.3926,51.30348000016436
16.9538,51.32018000016455
16.5244,51.33687000016449
16.5776,51.35355000016466
17.1821,51.3702400001646
16.6622,51.38693000016455
16.3239,51.40361000016471
16.6701,51.42026000016462
16.8932,51.43696000016481
16.652,51.453640000164974
16.4308,51.470320000165145
16.6696,51.48698000016529
16.7206,51.503650000165216
16.7822,51.52033000016539
16.5997,51.53697000016552
16.814,51.55363000016566
16.7313,51.57035000016587
16.5759,51.58705000016605
16.5135,51.603700000165965
17.1087,51.62040000016615
16.4733,51.63712000016636
16.7633,51.65382000016654
16.6696,51.67049000016647
17.105,51.68719000016665
16.6229,51.70390000016661
16.5215,51.720580000166784
16.9435,51.73726000016695
16.1844,51.75391000016685
17.604,51.77063000016706
16.6574,51.78730000016699
16.4353,51.80395000016689
16.5564,51.82061000016704
16.8281,51.83729000016721
16.8304,51.85397000016738
16.5021,51.87063000016752
16.7539,51.88734000016749
16.5848,51.90400000016764
16.6408,51.92069000016758
17.0741,51.93737000016775
16.3591,51.95402000016766
16.5976,51.970700000167824
16.9075,51.98740000016801
16.4673,52.00408000016818
16.6841,52.020730000168086
16.2687,52.03740000016801
17.2327,52.05406000016816
16.5314,52.07073000016808
17.0385,52.08744000016805
16.2718,52.104120000168216
16.5206,52.12081000016816
16.5898,52.13748000016808
16.8679,52.15415000016801
16.3767,52.17083000016818
17.0256,52.18754000016814
16.6991,52.20423000016809
16.4865,52.22092000016803
16.5274,52.23759000016796
16.906,52.25426000016788
16.6413,52.27093000016781
16.4211,52.28759000016795
17.0856,52.30427000016813
16.666,52.32094000016805
16.6987,52.33764000016824
16.3986,52.35431000016816
16.8456,52.37101000016835
16.4667,52.3876700001685
17.4923,52.40437000016868
16.1537,52.42104000016861
16.8008,52.43773000016855
16.4935,52.454430000168735
16.7627,52.4711400001687
16.6262,52.48782000016887
16.9578,52.504510000168814
16.2344,52.52119000016898
16.6975,52.53785000016913
17.1767,52.55456000016909
16.3601,52.57125000016904
16.8892,52.58795000016922
16.6808,52.60463000016939
16.7071,52.62130000016931
17.0032,52.637980000169485
15.0288,52.65465000016941
16.9568,52.67130000016932
16.5335,52.68797000016924
16.6241,52.70465000016941
16.7569,52.72131000016956
16.4471,52.73795000016969
17.0081,52.75461000016983
16.4406,52.77126000016974
16.9666,52.78796000016993
16.4616,52.80461000016984
16.9848,52.8213200001698
16.6119,52.83802000016998
16.4526,52.85470000017016
16.6248,52.87137000017008
17.2337,52.88808000017004
16.4893,52.90480000017025
16.5355,52.921470000170174
16.5343,52.938140000170094
16.5549,52.954800000170245
16.8432,52.971480000170416
16.4952,52.98813000017032
17.1891,53.00482000017026
16.4655,53.02152000017045
16.7462,53.0382100001704
16.6653,53.054850000170525
16.6175,53.07150000017043
17.113,53.088200000170616
16.363,53.10488000017079
16.9343,53.12158000017097
16.4153,53.13826000017114
16.9526,53.15497000017111
16.4242,53.17161000017124
16.756,53.18826000017114
16.6099,53.20493000017107
16.5822,53.22161000017123
17.0576,53.2382900001714
16.9605,53.25497000017157
16.4616,53.27169000017177
16.5508,53.28834000017168
16.6456,53.30504000017186
16.7499,53.32171000017179
16.7774,53.33840000017174
16.2614,53.3550800001719
16.9969,53.37178000017209
16.6639,53.388450000172014
16.8464,53.4051500001722
16.6475,53.421820000172126
17.0878,53.4385000001723
16.6017,53.45518000017246
16.4871,53.47184000017261
16.5475,53.48849000017252
16.9559,53.5051900001727
16.6792,53.52190000017266
16.4463,53.53857000017259
16.9016,53.55525000017276
15.8255,53.571910000172906
16.7976,53.58860000017285
16.5299,53.60525000017276
17.0111,53.62196000017272
16.2515,53.63863000017265
16.7624,53.655320000172594
16.7142,53.671980000172745
16.4745,53.68863000017265
17.4758,53.70532000017259
16.1848,53.72201000017254
16.7682,53.7387200001725
16.7358,53.755410000172446
16.4841,53.772080000172366
16.7014,53.78875000017229
16.4864,53.80544000017224
16.7459,53.82213000017218
16.6807,53.83880000017211
16.5908,53.85549000017205
16.894,53.872150000172205
17.0095,53.88883000017237
18.3039,53.90548000017228
16.6782,53.922120000172406
16.6459,53.938830000172366
16.6255,53.95551000017254
16.8317,53.9722200001725
16.5664,53.98892000017268
16.9018,54.005600000172855
16.5697,54.02230000017304
16.5639,54.039000000173225
16.1012,54.0556800001734
15.0722,54.07236000017356
16.832,54.08906000017375
16.5645,54.10571000017365
17.1882,54.1224000001736
16.5121,54.13904000017373
16.9696,54.15573000017368
16.2061,54.17241000017384
16.8952,54.189090000174005
16.5657,54.20575000017416
16.516,54.22243000017433
17.0039,54.23910000017425
16.3498,54.2557600001744
16.5824,54.27244000017457
17.1236,54.289110000174496
16.4263,54.30580000017444
16.8657,54.32245000017434
16.7438,54.33917000017455
16.4142,54.3558300001747
17.0589,54.37251000017486
16.6629,54.38919000017504
16.532,54.4058700001752
17.084,54.42258000017517
17.1944,54.439250000175086
17.0647,54.45593000017526
16.3689,54.4726200001752
16.6056,54.48928000017535
17.1614,54.50595000017528
16.5425,54.5226200001752
16.4539,54.53929000017513
16.9485,54.55596000017505
16.3749,54.57264000017522
16.5966,54.589290000175126
16.8603,54.60598000017507
16.8252,54.62266000017524
16.8178,54.63934000017541
16.3303,54.65602000017557
16.1852,54.67267000017548
16.3458,54.68938000017544
16.2685,54.70606000017561
16.6234,54.722740000175776
16.689,54.73943000017572
16.8081,54.75612000017566
16.5846,54.77279000017559
16.9017,54.78948000017554
16.6079,54.8061600001757
17.0429,54.82285000017565
16.2961,54.83953000017581
16.5555,54.85617000017594
16.6859,54.87285000017612
16.9584,54.889580000176096
16.5644,54.90626000017626
16.6128,54.92293000017619
16.6128,54.93962000017613
17.2256,54.95628000017628
16.4558,54.97294000017643
16.9889,54.98964000017661
16.5094,55.00633000017656
16.7408,55.02304000017652
16.4479,55.03972000017669
16.9576,55.05638000017684
16.7161,55.07308000017703
16.5437,55.08976000017719
16.5223,55.10644000017736
17.0963,55.12311000017728
16.7224,55.139790000177456
17.3032,55.1564800001774
16.3377,55.17318000017759
16.4641,55.18985000017751
17.2763,55.206540000177455
17.0928,55.223200000177606
16.7448,55.23985000017751
16.8418,55.25654000017745
16.5207,55.2732300001774
16.5746,55.289900000177326
16.9203,55.30660000017751
16.4248,55.32324000017764
17.0698,55.33991000017757
16.5148,55.35659000017773
16.5159,55.37326000017766
16.8036,55.38996000017784
17.2851,55.406640000178015
16.2968,55.42333000017796
16.2596,55.44000000017788
17.2503,55.45672000017809
16.1332,55.47338000017824
16.5969,55.4900600001784
17.2209,55.50675000017835
16.5373,55.523450000178535
16.4304,55.54014000017848
16.8015,55.55679000017839
16.5083,55.57347000017855
16.8827,55.5901300001787
16.5646,55.60681000017887
17.0553,55.6234800001788
16.2351,55.640160000178966
16.7685,55.65684000017913
17.0364,55.67351000017906
16.4387,55.69017000017921
16.3921,55.70684000017913
16.4,55.723550000179095
16.3261,55.74023000017926
15.6268,55.756930000179445
16.8037,55.77362000017939
16.9112,55.79031000017933
16.2277,55.8069900001795
16.6707,55.82367000017967
16.7494,55.84032000017958
17.0361,55.857020000179766
16.5479,55.87373000017973
16.4705,55.89038000017963
16.8582,55.90709000017959
16.5161,55.923750000179744
16.9889,55.94045000017993
16.3663,55.95709000018006
17.0626,55.97380000018003
16.2311,55.99048000018019
16.6861,56.00717000018014
16.6759,56.02381000018027
16.8915,56.04048000018019
16.8562,56.05718000018038
16.8746,56.07386000018055
16.8477,56.090570000180506
16.6437,56.10721000018064
17.5563,56.12389000018081
17.859,56.14057000018097
15.4003,56.15727000018117
15.0869,56.17394000018109
16.8043,56.19065000018105
16.6526,56.207330000181216
16.5511,56.22399000018137
16.7713,56.24066000018129
16.7735,56.25733000018122
16.2533,56.27401000018138
17.0572,56.29071000018157
16.4275,56.30736000018148
16.9809,56.32406000018166
16.3327,56.34075000018161
16.7507,56.357420000181534
16.5969,56.37407000018144
17.037,56.390770000181625
16.3235,56.40742000018153
17.1141,56.4241000001817
16.2392,56.44078000018187
16.714,56.45744000018202
16.6689,56.47412000018218
17.0397,56.49079000018211
16.3641,56.50746000018204
17.8736,56.52416000018222
16.2212,56.54085000018217
17.3611,56.55754000018211
16.2445,56.57425000018208
16.5083,56.59090000018198
16.7821,56.60758000018215
16.7216,56.62428000018233
16.8292,56.6409900001823
16.254,56.65763000018243
16.7363,56.674310000182594
15.8792,56.69095000018272
17.0609,56.70765000018291
16.514,56.72431000018306
16.9278,56.741010000183245
16.2067,56.75770000018319
17.1032,56.77441000018315
16.2247,56.7910700001833
16.3947,56.80772000018321
17.0106,56.824400000183374
17.0678,56.84111000018334
16.4243,56.85781000018353
16.6403,56.87447000018368
16.5275,56.89113000018382
17.2295,56.90779000018397
16.2962,56.924470000184144
16.6358,56.94112000018405
16.5697,56.95780000018421
16.8671,56.97447000018414
16.9814,56.99116000018409
17.0625,57.00784000018425
16.8564,57.02452000018442
16.8874,57.04123000018439
16.3666,57.057920000184325
16.6542,57.07457000018423
16.9272,57.09127000018442
16.6257,57.107980000184384
16.4532,57.12466000018455
16.9225,57.14137000018452
16.4427,57.15805000018468
16.6335,57.174700000184586
16.8898,57.19138000018476
16.5574,57.20803000018466
16.3621,57.22470000018459
16.3001,57.241400000184775
16.4529,57.258040000184906
16.8276,57.27471000018483
16.7868,57.291390000185
16.7477,57.308080000184944
16.6211,57.32474000018509
17.0075,57.34142000018526
16.3517,57.35808000018541
17.0381,57.3747800001856
17.2782,57.391470000185535
17.5199,57.40816000018548
16.6866,57.42485000018543
16.9033,57.44154000018537
16.4465,57.4582100001853
16.4824,57.4748600001852
16.6121,57.49155000018515
17.0349,57.508250000185335
16.3208,57.5249300001855
17.0164,57.54161000018567
17.2844,57.55829000018584
14.4976,57.57494000018574
16.1022,57.59162000018591
16.9259,57.608280000186056
16.3702,57.62496000018623
16.7276,57.64163000018616
17.0487,57.65831000018632
16.408,57.67497000018647
16.5749,57.69165000018664
16.662,57.70830000018655
17.0087,57.72499000018649
16.445,57.74167000018666
16.6212,57.75835000018682
16.777,57.77502000018675
16.6431,57.79171000018669
17.0272,57.808430000186895
16.5701,57.82513000018709
16.5912,57.84181000018725
16.6642,57.85851000018744
16.5234,57.87520000018738
17.2595,57.89190000018757
16.1023,57.90859000018752
16.6943,57.92527000018768
17.0019,57.94198000018764
16.5517,57.95867000018759
16.6852,57.97531000018772
16.7362,57.99200000018766
16.5895,58.008690000187606
16.81,58.02536000018753
16.3986,58.04203000018746
16.5921,58.05867000018759
16.7366,58.07533000018773
16.8524,58.09201000018791
16.5302,58.10865000018804
17.0161,58.125340000187975
16.5156,58.14203000018792
16.5971,58.15869000018808
16.7347,58.175360000188
16.8844,58.19205000018794
16.6111,58.20873000018811
16.5324,58.22542000018805
16.7329,58.242110000188
16.553,58.25878000018792
16.7099,58.27549000018789
16.6247,58.29214000018779
16.9245,58.30883000018773
16.5652,58.325530000187925
16.8334,58.34223000018811
16.628,58.358910000188274
16.385,58.375590000188446
17.0728,58.39228000018839
16.7868,58.40897000018833
17.0929,58.42569000018854
16.3879,58.442340000188445
16.8217,58.45904000018863
16.4383,58.47570000018878
16.7718,58.49235000018869
16.8009,58.50901000018884
16.8874,58.525690000189
16.3365,58.54237000018917
16.9038,58.55905000018934
16.2291,58.575720000189264
16.8437,58.59239000018919
16.331,58.60907000018936
16.7389,58.62574000018928
16.4836,58.642420000189446
16.6396,58.65910000018962
16.813,58.67578000018978
16.5999,58.692430000189695
17.013,58.70913000018988
16.5452,58.72580000018981
16.4379,58.74248000018997
16.6468,58.75914000019012
16.9668,58.77584000019031
16.6124,58.79251000019024
17.1378,58.80918000019016
17.1769,58.82589000019012
16.4972,58.84256000019005
16.8517,58.85927000019001
16.3864,58.87593000019016
17.1663,58.8926200001901
15.5344,58.90930000019027
16.615,58.9259700001902
16.6802,58.94263000019034
16.6861,58.95931000019051
17.3002,58.97600000019045
16.3502,58.99264000019058
16.8189,59.00932000019076
17.201,59.02597000019066
16.6607,59.042650000190825
16.2395,59.05930000019073
16.9211,59.0759800001909
16.9349,59.09269000019086
16.3723,59.10937000019104
16.7286,59.1260500001912
17.0792,59.14275000019138
16.4789,59.15944000019133
16.7192,59.17615000019129
16.5316,59.19284000019124
17.1135,59.2095500001912
16.3764,59.22623000019137
15.7039,59.242910000191536
16.7118,59.25957000019169
16.4572,59.27625000019185
17.0608,59.29296000019181
16.4777,59.30962000019196
16.7626,59.32629000019189
16.8518,59.34297000019206
16.7604,59.359660000192
16.2378,59.37631000019191
17.0303,59.39302000019187
16.7765,59.40972000019206
16.4051,59.42639000019198
16.9444,59.44310000019195
16.5273,59.4597600001921
16.7868,59.47644000019226
16.7604,59.49312000019243
16.8356,59.50978000019258
16.5292,59.52644000019273
17.0609,59.54315000019269
17.679,59.559820000192616
16.2381,59.57648000019277
16.7349,59.59316000019293
16.7308,59.60982000019308
16.5345,59.62649000019301
16.6593,59.643160000192935
16.6302,59.6598400001931
16.7558,59.67651000019303
16.7113,59.69319000019319
16.9928,59.70987000019336
16.5337,59.72655000019353
16.4443,59.74322000019345
16.8822,59.7599100001934
16.7249,59.77658000019333
16.5454,59.79326000019349
16.6819,59.80995000019344
16.7879,59.8266300001936
16.4562,59.84332000019355
15.7895,59.860020000193735
16.4145,59.87667000019364
17.1157,59.89337000019383
16.4831,59.910050000194
17.2826,59.92672000019392
16.0174,59.94340000019409
16.9972,59.960100000194274
16.5126,59.97679000019422
17.1117,59.99347000019439
17.1221,60.01017000019457
16.5381,60.02685000019474
15.9118,60.043530000194906
16.937,60.06020000019483
16.6641,60.07691000019479
16.3076,60.093590000194965
16.9749,60.11029000019515
16.4623,60.126940000195056
17.4642,60.14361000019498
16.7767,60.16029000019515
16.8804,60.17697000019532
16.539,60.19362000019522
16.9739,60.21032000019541
17.1784,60.22698000019556
15.5787,60.24364000019571
16.4523,60.26033000019565
16.7291,60.27698000019556
16.6099,60.29367000019551
16.6969,60.31034000019543
17.0385,60.32705000019539
15.5786,60.3437000001953
17.0682,60.360420000195504
16.3298,60.37708000019565
16.7774,60.39375000019558
16.6132,60.4104200001955
16.6892,60.42709000019543
16.989,60.44381000019563
17.197,60.4605200001956
16.3811,60.4772400001958
16.2355,60.49390000019595
16.9248,60.510600000196135
16.3433,60.527240000196265
17.0902,60.54393000019621
16.5751,60.56064000019617
16.3832,60.5773100001961
17.5127,60.594010000196285
16.2311,60.610690000196456
16.7042,60.6273800001964
16.4721,60.64404000019655
16.8899,60.66071000019648
17.056,60.677400000196414
15.5287,60.694080000196585
16.7672,60.71074000019673
17.0244,60.72744000019692
16.5213,60.74415000019688
16.4277,60.76081000019703
16.5629,60.77745000019716
16.8003,60.79408000019705
16.6938,60.8107400001972
17.0426,60.82745000019716
16.6131,60.84413000019733
16.4268,60.86082000019727
16.7105,60.87751000019722
16.9588,60.89417000019736
16.4272,60.91084000019729
17.0022,60.92755000019726
16.3816,60.94425000019744
16.4913,60.96093000019761
16.9896,60.97763000019779
16.5251,60.99429000019794
16.8197,61.01096000019787
16.6708,61.02766000019805
16.5205,61.04433000019798
16.9859,61.06101000019815
16.393,61.07768000019807
16.6368,61.0943200001982
16.598,61.11099000019813
17.2324,61.127710000198334
16.3407,61.14438000019826
17.1162,61.161060000198425
16.377,61.17771000019833
17.0409,61.1943900001985
16.7718,61.21110000019846
16.4883,61.22775000019837
16.4696,61.244420000198296
17.0387,61.26115000019828
16.2084,61.27782000019821
17.2634,61.29449000019813
16.1337,61.31116000019806
16.9954,61.327850000198
16.4236,61.344540000197945
16.6107,61.36119000019785
16.9945,61.37786000019778
16.8947,61.39454000019794
16.4069,61.411220000198114
16.4627,61.42788000019826
16.3943,61.444570000198205
16.7452,61.46123000019836
16.7741,61.47791000019852
16.5039,61.49457000019867
16.7496,61.51125000019884
16.6266,61.52794000019878
16.6647,61.54460000019893
16.8897,61.56130000019912
16.4833,61.57798000019928
17.3862,61.59463000019919
16.2655,61.61130000019912
17.0741,61.6280000001993
16.27,61.64468000019947
16.9426,61.66137000019941
16.6227,61.67806000019936
17.2933,61.69472000019951
16.8283,61.71141000019945
17.0507,61.7280700001996
16.4931,61.74478000019956
16.4543,61.76146000019973
17.0057,61.778170000199694
16.4277,61.7948200001996
16.683,61.81150000019977
16.6599,61.82817000019969
16.528,61.84483000019984
16.7856,61.86153000020003
16.4949,61.87820000019995
16.098,61.89490000020014
16.1865,61.91156000020029
16.5887,61.92824000020046
17.022,61.94489000020037
16.8553,61.96161000020057
16.5991,61.97832000020053
16.6888,61.9950000002007
16.9083,62.011710000200665
16.5712,62.02841000020085
16.4276,62.045130000201056
16.4986,62.061790000201206
16.5323,62.078460000201126
17.0746,62.09518000020133
16.2638,62.11185000020126
17.0991,62.12851000020141
16.2845,62.14516000020132
16.7721,62.16184000020148
16.7919,62.178510000201406
16.5023,62.19515000020154
16.9392,62.21181000020169
16.6465,62.22850000020164
16.6307,62.2451800002018
16.545,62.26182000020193
17.5258,62.27851000020188
16.8697,62.29519000020204
16.4662,62.311870000202205
17.2114,62.32858000020217
16.406,62.34524000020232
16.4236,62.36193000020226
16.8962,62.37861000020244
16.3822,62.39527000020258
16.9647,62.41198000020255
16.5344,62.42866000020271
16.9349,62.44537000020267
16.9145,62.46206000020262
16.3668,62.478740000202784
16.5216,62.495380000202914
16.8279,62.51209000020288
16.6362,62.52879000020307
16.5513,62.54544000020297
16.959,62.56215000020293
16.4304,62.57880000020284
17.0605,62.59548000020301
16.6792,62.61217000020295
16.418,62.62882000020286
16.6359,62.645490000202784
16.5541,62.66217000020296
17.2131,62.6788300002031
15.429,62.69550000020303
16.8822,62.71219000020297
16.5969,62.72885000020312
16.6728,62.74553000020329
16.5407,62.76221000020346
16.7128,62.77884000020335
17.2164,62.79554000020353
16.7556,62.81224000020372
16.4294,62.82892000020389
16.692,62.84558000020404
16.886,62.86227000020398
16.7643,62.87898000020394
16.5188,62.89566000020411
17.261,62.91238000020432
16.0856,62.92906000020448
16.832,62.94577000020444
16.6227,62.96244000020437
16.4478,62.97910000020452
17.0538,62.99582000020472
